e_digits_Birthday (MMDDYYYY),e_digits_Birthday (MM/DD/YYYY),"e_digits_Birthday (Month Day, Year)",e_digits_FirstIdx,e_digits_TotalCount,e_digits_Odds (by position),e_digits_HasPadding,e_digits_TopPatterns,e_digits_NoPadding,e_digits_Left1,e_digits_Right1,e_digits_Both1,e_digits_Left2,e_digits_Right2,e_digits_Both2,e_digits_Left3,e_digits_Right3,e_digits_Both3,e_digits_Left4,e_digits_Right4,e_digits_Both4,e_digits_Odds (on this list out of all days from 1900 to 2024)
01081900,01/08/1900,"January 08, 1900",4923956,1,0.048046890845,False,01081900: 1,1,0,0,0,0,0,0,0,0,0,0,0,0,0.000021902926
01151900,01/15/1900,"January 15, 1900",3074912,1,0.030281116496,True,01151900: 1; 011519000: 1,1,0,1,0,0,0,0,0,0,0,0,0,0,0.000021902926
01181900,01/18/1900,"January 18, 1900",1346904,1,0.013378679297,False,01181900: 1,1,0,0,0,0,0,0,0,0,0,0,0,0,0.000021902926
01231900,01/23/1900,"January 23, 1900",109890,1,0.001098236507,False,01231900: 1,1,0,0,0,0,0,0,0,0,0,0,0,0,0.000021902926
01261900,01/26/1900,"January 26, 1900",4925335,2,0.048060018188,True,01261900: 2,2,1,0,0,0,0,0,0,0,0,0,0,0,0.000021902926
02011900,02/01/1900,"February 01, 1900",5675115,1,0.055170782997,False,02011900: 1,1,0,0,0,0,0,0,0,0,0,0,0,0,0.000021902926
03051900,03/05/1900,"March 05, 1900",7409823,1,0.071419470074,False,03051900: 1,1,0,0,0,0,0,0,0,0,0,0,0,0,0.000021902926
03211900,03/21/1900,"March 21, 1900",2038305,1,0.020176661304,False,03211900: 1,1,0,0,0,0,0,0,0,0,0,0,0,0,0.000021902926
04131900,04/13/1900,"April 13, 1900",8376188,1,0.080349728459,False,04131900: 1,1,0,0,0,0,0,0,0,0,0,0,0,0,0.000021902926
04171900,04/17/1900,"April 17, 1900",9453719,1,0.090206047513,False,04171900: 1,1,0,0,0,0,0,0,0,0,0,0,0,0,0.000021902926
05121900,05/12/1900,"May 12, 1900",9940308,1,0.094622251757,False,05121900: 1,1,0,0,0,0,0,0,0,0,0,0,0,0,0.000021902926
05261900,05/26/1900,"May 26, 1900",8436408,1,0.080903375138,False,05261900: 1,1,0,0,0,0,0,0,0,0,0,0,0,0,0.000021902926
05271900,05/27/1900,"May 27, 1900",6293034,1,0.060991061482,False,05271900: 1,1,0,0,0,0,0,0,0,0,0,0,0,0,0.000021902926
06181900,06/18/1900,"June 18, 1900",7975958,1,0.076661636638,False,06181900: 1,1,0,0,0,0,0,0,0,0,0,0,0,0,0.000021902926
06191900,06/19/1900,"June 19, 1900",5785059,1,0.056208995211,False,06191900: 1,1,0,0,0,0,0,0,0,0,0,0,0,0,0.000021902926
07081900,07/08/1900,"July 08, 1900",7187830,1,0.069355796519,True,07081900: 1; 070819000: 1,1,0,1,0,0,0,0,0,0,0,0,0,0,0.000021902926
07291900,07/29/1900,"July 29, 1900",1440331,1,0.014300019550,False,07291900: 1,1,0,0,0,0,0,0,0,0,0,0,0,0,0.000021902926
08071900,08/07/1900,"August 07, 1900",5542829,1,0.053920079136,False,08071900: 1,1,0,0,0,0,0,0,0,0,0,0,0,0,0.000021902926
08311900,08/31/1900,"August 31, 1900",1896213,1,0.018783421105,False,08311900: 1,1,0,0,0,0,0,0,0,0,0,0,0,0,0.000021902926
10061900,10/06/1900,"October 06, 1900",3968560,1,0.038908383874,False,10061900: 1,1,0,0,0,0,0,0,0,0,0,0,0,0,0.000021902926
10071900,10/07/1900,"October 07, 1900",2419502,1,0.023904608588,False,10071900: 1,1,0,0,0,0,0,0,0,0,0,0,0,0,0.000021902926
10081900,10/08/1900,"October 08, 1900",5980468,1,0.058051447050,False,10081900: 1,1,0,0,0,0,0,0,0,0,0,0,0,0,0.000021902926
10161900,10/16/1900,"October 16, 1900",7422509,1,0.071537262329,False,10161900: 1,1,0,0,0,0,0,0,0,0,0,0,0,0,0.000021902926
10261900,10/26/1900,"October 26, 1900",8619848,1,0.082587820558,False,10261900: 1,1,0,0,0,0,0,0,0,0,0,0,0,0,0.000021902926
10281900,10/28/1900,"October 28, 1900",2165266,1,0.021419865466,False,10281900: 1,1,0,0,0,0,0,0,0,0,0,0,0,0,0.000021902926
11181900,11/18/1900,"November 18, 1900",842511,1,0.008389658811,False,11181900: 1,1,0,0,0,0,0,0,0,0,0,0,0,0,0.000021902926
11211900,11/21/1900,"November 21, 1900",5172898,1,0.050413754697,False,11211900: 1,1,0,0,0,0,0,0,0,0,0,0,0,0,0.000021902926
12111900,12/11/1900,"December 11, 1900",861034,1,0.008573317786,False,12111900: 1,1,0,0,0,0,0,0,0,0,0,0,0,0,0.000021902926
12121900,12/12/1900,"December 12, 1900",3782868,1,0.037122055591,False,12121900: 1,1,0,0,0,0,0,0,0,0,0,0,0,0,0.000021902926
12141900,12/14/1900,"December 14, 1900",172124,1,0.001719699636,False,12141900: 1,1,0,0,0,0,0,0,0,0,0,0,0,0,0.000021902926
12231900,12/23/1900,"December 23, 1900",6940259,1,0.067048936956,True,12231900: 1,1,1,0,0,0,0,0,0,0,0,0,0,0,0.000021902926
01061901,01/06/1901,"January 06, 1901",3725369,1,0.036568251196,False,01061901: 1,1,0,0,0,0,0,0,0,0,0,0,0,0,0.000021902926
01091901,01/09/1901,"January 09, 1901",4417318,1,0.043211696480,False,01091901: 1,1,0,0,0,0,0,0,0,0,0,0,0,0,0.000021902926
02051901,02/05/1901,"February 05, 1901",7142574,1,0.068934528857,True,02051901: 1,1,1,0,0,0,0,0,0,0,0,0,0,0,0.000021902926
02061901,02/06/1901,"February 06, 1901",3074967,1,0.030281649841,False,02061901: 1,1,0,0,0,0,0,0,0,0,0,0,0,0,0.000021902926
02081901,02/08/1901,"February 08, 1901",388621,1,0.003878608730,False,02081901: 1,1,0,0,0,0,0,0,0,0,0,0,0,0,0.000021902926
02181901,02/18/1901,"February 18, 1901",3290017,1,0.032364788476,False,02181901: 1,1,0,0,0,0,0,0,0,0,0,0,0,0,0.000021902926
02261901,02/26/1901,"February 26, 1901",5392345,1,0.052495308456,True,02261901: 1,1,1,0,0,0,0,0,0,0,0,0,0,0,0.000021902926
03031901,03/03/1901,"March 03, 1901",5445106,1,0.052995089555,False,03031901: 1,1,0,0,0,0,0,0,0,0,0,0,0,0,0.000021902926
03301901,03/30/1901,"March 30, 1901",2985777,1,0.029416372223,False,03301901: 1,1,0,0,0,0,0,0,0,0,0,0,0,0,0.000021902926
04131901,04/13/1901,"April 13, 1901",1780602,1,0.017648370799,False,04131901: 1,1,0,0,0,0,0,0,0,0,0,0,0,0,0.000021902926
04241901,04/24/1901,"April 24, 1901",175399,1,0.001752392781,False,04241901: 1,1,0,0,0,0,0,0,0,0,0,0,0,0,0.000021902926
06051901,06/05/1901,"June 05, 1901",7901703,1,0.075975757111,False,06051901: 1,1,0,0,0,0,0,0,0,0,0,0,0,0,0.000021902926
06101901,06/10/1901,"June 10, 1901",6946970,1,0.067111545202,False,06101901: 1,1,0,0,0,0,0,0,0,0,0,0,0,0,0.000021902926
06211901,06/21/1901,"June 21, 1901",1412244,1,0.014023127110,True,06211901: 1,1,1,0,0,0,0,0,0,0,0,0,0,0,0.000021902926
06251901,06/25/1901,"June 25, 1901",1103721,1,0.010976464241,False,06251901: 1,1,0,0,0,0,0,0,0,0,0,0,0,0,0.000021902926
06271901,06/27/1901,"June 27, 1901",2267122,2,0.022416100609,False,06271901: 2,2,0,0,0,0,0,0,0,0,0,0,0,0,0.000021902926
07121901,07/12/1901,"July 12, 1901",7577662,1,0.072976683194,True,07121901: 1; 071219010: 1,1,0,1,0,0,0,0,0,0,0,0,0,0,0.000021902926
07171901,07/17/1901,"July 17, 1901",2963438,1,0.029199529324,False,07171901: 1,1,0,0,0,0,0,0,0,0,0,0,0,0,0.000021902926
07291901,07/29/1901,"July 29, 1901",3947175,1,0.038702832452,False,07291901: 1,1,0,0,0,0,0,0,0,0,0,0,0,0,0.000021902926
08051901,08/05/1901,"August 05, 1901",2238343,1,0.022134721249,False,08051901: 1,1,0,0,0,0,0,0,0,0,0,0,0,0,0.000021902926
08191901,08/19/1901,"August 19, 1901",8439058,1,0.080927730876,True,08191901: 1,1,1,0,0,0,0,0,0,0,0,0,0,0,0.000021902926
08201901,08/20/1901,"August 20, 1901",9294071,1,0.088752419614,False,08201901: 1,1,0,0,0,0,0,0,0,0,0,0,0,0,0.000021902926
08271901,08/27/1901,"August 27, 1901",5672537,1,0.055146424986,False,08271901: 1,1,0,0,0,0,0,0,0,0,0,0,0,0,0.000021902926
09221901,09/22/1901,"September 22, 1901",2952745,1,0.029095716079,False,09221901: 1,1,0,0,0,0,0,0,0,0,0,0,0,0,0.000021902926
09231901,09/23/1901,"September 23, 1901",4838828,1,0.047236167167,False,09231901: 1,1,0,0,0,0,0,0,0,0,0,0,0,0,0.000021902926
09291901,09/29/1901,"September 29, 1901",3784348,1,0.037136306080,False,09291901: 1,1,0,0,0,0,0,0,0,0,0,0,0,0,0.000021902926
10061901,10/06/1901,"October 06, 1901",6382635,1,0.061832046068,False,10061901: 1,1,0,0,0,0,0,0,0,0,0,0,0,0,0.000021902926
10181901,10/18/1901,"October 18, 1901",9572114,1,0.091282560679,False,10181901: 1,1,0,0,0,0,0,0,0,0,0,0,0,0,0.000021902926
10251901,10/25/1901,"October 25, 1901",9567039,1,0.091236442098,False,10251901: 1,1,0,0,0,0,0,0,0,0,0,0,0,0,0.000021902926
10301901,10/30/1901,"October 30, 1901",75253,1,0.000752186973,False,10301901: 1,1,0,0,0,0,0,0,0,0,0,0,0,0,0.000021902926
12131901,12/13/1901,"December 13, 1901",8325901,1,0.079887147623,False,12131901: 1,1,0,0,0,0,0,0,0,0,0,0,0,0,0.000021902926
12211901,12/21/1901,"December 21, 1901",2536469,1,0.025045650644,False,12211901: 1,1,0,0,0,0,0,0,0,0,0,0,0,0,0.000021902926
02051902,02/05/1902,"February 05, 1902",5285454,1,0.051481969719,False,02051902: 1,1,0,0,0,0,0,0,0,0,0,0,0,0,0.000021902926
02111902,02/11/1902,"February 11, 1902",5135693,1,0.050060395401,False,02111902: 1,1,0,0,0,0,0,0,0,0,0,0,0,0,0.000021902926
02131902,02/13/1902,"February 13, 1902",4069751,1,0.039880430207,False,02131902: 1,1,0,0,0,0,0,0,0,0,0,0,0,0,0.000021902926
02281902,02/28/1902,"February 28, 1902",2783734,1,0.027453393561,False,02281902: 1,1,0,0,0,0,0,0,0,0,0,0,0,0,0.000021902926
03051902,03/05/1902,"March 05, 1902",3505808,2,0.034450606883,False,03051902: 2,2,0,0,0,0,0,0,0,0,0,0,0,0,0.000021902926
03091902,03/09/1902,"March 09, 1902",1429412,1,0.014192385092,True,03091902: 1,1,1,0,0,1,0,0,0,0,0,0,0,0,0.000021902926
03221902,03/22/1902,"March 22, 1902",4986475,1,0.048641856413,False,03221902: 1,1,0,0,0,0,0,0,0,0,0,0,0,0,0.000021902926
04241902,04/24/1902,"April 24, 1902",2386341,1,0.023580871918,False,04241902: 1,1,0,0,0,0,0,0,0,0,0,0,0,0,0.000021902926
05011902,05/01/1902,"May 01, 1902",7682079,2,0.073944147954,True,05011902: 2; 050119020: 1,2,0,1,0,0,0,0,0,0,0,0,0,0,0.000021902926
05041902,05/04/1902,"May 04, 1902",6348796,1,0.061514525691,True,05041902: 1,1,1,0,0,0,0,0,0,0,0,0,0,0,0.000021902926
05111902,05/11/1902,"May 11, 1902",2989599,1,0.029453467220,False,05111902: 1,1,0,0,0,0,0,0,0,0,0,0,0,0,0.000021902926
05141902,05/14/1902,"May 14, 1902",983366,1,0.009785408349,False,05141902: 1,1,0,0,0,0,0,0,0,0,0,0,0,0,0.000021902926
06071902,06/07/1902,"June 07, 1902",2500326,1,0.024693209203,True,06071902: 1; 0060719020: 1; 060719020: 1,1,1,1,1,0,0,0,0,0,0,0,0,0,0.000021902926
06231902,06/23/1902,"June 23, 1902",577606,1,0.005759351040,False,06231902: 1,1,0,0,0,0,0,0,0,0,0,0,0,0,0.000021902926
06251902,06/25/1902,"June 25, 1902",3584583,2,0.035210918918,True,06251902: 2,2,1,0,0,1,0,0,1,0,0,0,0,0,0.000021902926
06291902,06/29/1902,"June 29, 1902",9834839,1,0.093666855155,False,06291902: 1,1,0,0,0,0,0,0,0,0,0,0,0,0,0.000021902926
07051902,07/05/1902,"July 05, 1902",1199028,2,0.011918623868,False,07051902: 2,2,0,0,0,0,0,0,0,0,0,0,0,0,0.000021902926
07091902,07/09/1902,"July 09, 1902",693639,1,0.006912329257,False,07091902: 1,1,0,0,0,0,0,0,0,0,0,0,0,0,0.000021902926
07121902,07/12/1902,"July 12, 1902",1443048,1,0.014326800655,False,07121902: 1,1,0,0,0,0,0,0,0,0,0,0,0,0,0.000021902926
07211902,07/21/1902,"July 21, 1902",6501459,1,0.062946152725,False,07211902: 1,1,0,0,0,0,0,0,0,0,0,0,0,0,0.000021902926
08061902,08/06/1902,"August 06, 1902",4276845,2,0.041866722792,True,08061902: 2,2,1,0,0,0,0,0,0,0,0,0,0,0,0.000021902926
08081902,08/08/1902,"August 08, 1902",8732650,1,0.083622096404,False,08081902: 1,1,0,0,0,0,0,0,0,0,0,0,0,0,0.000021902926
08141902,08/14/1902,"August 14, 1902",4540251,1,0.044387182379,False,08141902: 1,1,0,0,0,0,0,0,0,0,0,0,0,0,0.000021902926
08161902,08/16/1902,"August 16, 1902",342411,1,0.003418194660,False,08161902: 1,1,0,0,0,0,0,0,0,0,0,0,0,0,0.000021902926
08191902,08/19/1902,"August 19, 1902",9578714,1,0.091342534051,False,08191902: 1,1,0,0,0,0,0,0,0,0,0,0,0,0,0.000021902926
08231902,08/23/1902,"August 23, 1902",1611907,1,0.015989794127,False,08231902: 1,1,0,0,0,0,0,0,0,0,0,0,0,0,0.000021902926
08311902,08/31/1902,"August 31, 1902",8101353,1,0.077818731170,False,08311902: 1,1,0,0,0,0,0,0,0,0,0,0,0,0,0.000021902926
09201902,09/20/1902,"September 20, 1902",4652717,1,0.045461317770,False,09201902: 1,1,0,0,0,0,0,0,0,0,0,0,0,0,0.000021902926
09211902,09/21/1902,"September 21, 1902",6030323,1,0.058520938463,False,09211902: 1,1,0,0,0,0,0,0,0,0,0,0,0,0,0.000021902926
09291902,09/29/1902,"September 29, 1902",6060175,1,0.058801946850,False,09291902: 1,1,0,0,0,0,0,0,0,0,0,0,0,0,0.000021902926
10041902,10/04/1902,"October 04, 1902",541690,1,0.005402195431,True,10041902: 1; 100419020: 1,1,0,1,0,0,0,0,0,0,0,0,0,0,0.000021902926
10231902,10/23/1902,"October 23, 1902",5535364,1,0.053849451633,False,10231902: 1,1,0,0,0,0,0,0,0,0,0,0,0,0,0.000021902926
11091902,11/09/1902,"November 09, 1902",2818467,1,0.027791129521,True,11091902: 1; 110919020: 1,1,0,1,0,0,0,0,0,0,0,0,0,0,0.000021902926
12021902,12/02/1902,"December 02, 1902",4137128,1,0.040527112094,False,12021902: 1,1,0,0,0,0,0,0,0,0,0,0,0,0,0.000021902926
01131903,01/13/1903,"January 13, 1903",728752,1,0.007260970921,False,01131903: 1,1,0,0,0,0,0,0,0,0,0,0,0,0,0.000021902926
01171903,01/17/1903,"January 17, 1903",4698933,1,0.045902365446,False,01171903: 1,1,0,0,0,0,0,0,0,0,0,0,0,0,0.000021902926
01241903,01/24/1903,"January 24, 1903",5749640,1,0.055874654665,False,01241903: 1,1,0,0,0,0,0,0,0,0,0,0,0,0,0.000021902926
01281903,01/28/1903,"January 28, 1903",9175154,1,0.087668146753,True,01281903: 1,1,1,0,0,0,0,0,0,0,0,0,0,0,0.000021902926
01291903,01/29/1903,"January 29, 1903",1048488,1,0.010430045978,False,01291903: 1,1,0,0,0,0,0,0,0,0,0,0,0,0,0.000021902926
02041903,02/04/1903,"February 04, 1903",8644247,1,0.082811632653,False,02041903: 1,1,0,0,0,0,0,0,0,0,0,0,0,0,0.000021902926
02061903,02/06/1903,"February 06, 1903",8366928,1,0.080264564900,False,02061903: 1,1,0,0,0,0,0,0,0,0,0,0,0,0,0.000021902926
02071903,02/07/1903,"February 07, 1903",7312278,1,0.070513244270,False,02071903: 1,1,0,0,0,0,0,0,0,0,0,0,0,0,0.000021902926
02171903,02/17/1903,"February 17, 1903",8862,1,0.000088556080,True,02171903: 1,1,1,0,0,1,0,0,0,0,0,0,0,0,0.000021902926
02211903,02/21/1903,"February 21, 1903",2785604,1,0.027471580013,False,02211903: 1,1,0,0,0,0,0,0,0,0,0,0,0,0,0.000021902926
02221903,02/22/1903,"February 22, 1903",3284487,1,0.032311276769,False,02221903: 1,1,0,0,0,0,0,0,0,0,0,0,0,0,0.000021902926
04011903,04/01/1903,"April 01, 1903",7261811,1,0.070044041798,False,04011903: 1,1,0,0,0,0,0,0,0,0,0,0,0,0,0.000021902926
04241903,04/24/1903,"April 24, 1903",2137764,1,0.021150699344,False,04241903: 1,1,0,0,0,0,0,0,0,0,0,0,0,0,0.000021902926
05141903,05/14/1903,"May 14, 1903",2362511,1,0.023348163511,False,05141903: 1,1,0,0,0,0,0,0,0,0,0,0,0,0,0.000021902926
05171903,05/17/1903,"May 17, 1903",8559462,1,0.082033664734,False,05171903: 1,1,0,0,0,0,0,0,0,0,0,0,0,0,0.000021902926
06081903,06/08/1903,"June 08, 1903",9090301,1,0.086893677264,False,06081903: 1,1,0,0,0,0,0,0,0,0,0,0,0,0,0.000021902926
06301903,06/30/1903,"June 30, 1903",4385460,1,0.042906834301,False,06301903: 1,1,0,0,0,0,0,0,0,0,0,0,0,0,0.000021902926
07171903,07/17/1903,"July 17, 1903",8571540,1,0.082144530014,True,07171903: 1; 071719030: 1,1,0,1,0,0,0,0,0,0,0,0,0,0,0.000021902926
07201903,07/20/1903,"July 20, 1903",6658699,1,0.064418418410,True,07201903: 1,1,1,0,0,0,0,0,0,0,0,0,0,0,0.000021902926
07221903,07/22/1903,"July 22, 1903",7276034,1,0.070176300029,False,07221903: 1,1,0,0,0,0,0,0,0,0,0,0,0,0,0.000021902926
07261903,07/26/1903,"July 26, 1903",6521297,1,0.063132027031,False,07261903: 1,1,0,0,0,0,0,0,0,0,0,0,0,0,0.000021902926
08101903,08/10/1903,"August 10, 1903",7446843,1,0.071763166967,False,08101903: 1,1,0,0,0,0,0,0,0,0,0,0,0,0,0.000021902926
08141903,08/14/1903,"August 14, 1903",6775263,1,0.065508334388,False,08141903: 1,1,0,0,0,0,0,0,0,0,0,0,0,0,0.000021902926
08151903,08/15/1903,"August 15, 1903",8620105,1,0.082590178304,False,08151903: 1,1,0,0,0,0,0,0,0,0,0,0,0,0,0.000021902926
09071903,09/07/1903,"September 07, 1903",6236005,1,0.060455401343,False,09071903: 1,1,0,0,0,0,0,0,0,0,0,0,0,0,0.000021902926
09081903,09/08/1903,"September 08, 1903",5616118,1,0.054613197635,False,09081903: 1,1,0,0,0,0,0,0,0,0,0,0,0,0,0.000021902926
09201903,09/20/1903,"September 20, 1903",773420,1,0.007704308573,False,09201903: 1,1,0,0,0,0,0,0,0,0,0,0,0,0,0.000021902926
09221903,09/22/1903,"September 22, 1903",7336871,1,0.070741804844,False,09221903: 1,1,0,0,0,0,0,0,0,0,0,0,0,0,0.000021902926
10021903,10/02/1903,"October 02, 1903",933707,1,0.009293555565,False,10021903: 1,1,0,0,0,0,0,0,0,0,0,0,0,0,0.000021902926
10041903,10/04/1903,"October 04, 1903",3566060,1,0.035032194482,False,10041903: 1,1,0,0,0,0,0,0,0,0,0,0,0,0,0.000021902926
10091903,10/09/1903,"October 09, 1903",8460771,1,0.081127267377,False,10091903: 1,1,0,0,0,0,0,0,0,0,0,0,0,0,0.000021902926
10241903,10/24/1903,"October 24, 1903",8574464,1,0.082171367716,True,10241903: 1; 102419030: 1,1,0,1,0,0,0,0,0,0,0,0,0,0,0.000021902926
11051903,11/05/1903,"November 05, 1903",6439261,1,0.062363142675,False,11051903: 1,1,0,0,0,0,0,0,0,0,0,0,0,0,0.000021902926
11091903,11/09/1903,"November 09, 1903",6244606,1,0.060536208100,False,11091903: 1,1,0,0,0,0,0,0,0,0,0,0,0,0,0.000021902926
11211903,11/21/1903,"November 21, 1903",1156505,2,0.011498372675,False,11211903: 2,2,0,0,0,0,0,0,0,0,0,0,0,0,0.000021902926
11231903,11/23/1903,"November 23, 1903",440792,1,0.004398159687,False,11231903: 1,1,0,0,0,0,0,0,0,0,0,0,0,0,0.000021902926
12141903,12/14/1903,"December 14, 1903",7633428,1,0.073493502904,False,12141903: 1,1,0,0,0,0,0,0,0,0,0,0,0,0,0.000021902926
01161904,01/16/1904,"January 16, 1904",8874004,1,0.084916518164,False,01161904: 1,1,0,0,0,0,0,0,0,0,0,0,0,0,0.000021902926
01241904,01/24/1904,"January 24, 1904",2063618,2,0.020424652600,False,01241904: 2,2,0,0,0,0,0,0,0,0,0,0,0,0,0.000021902926
01301904,01/30/1904,"January 30, 1904",2498507,1,0.024675468211,False,01301904: 1,1,0,0,0,0,0,0,0,0,0,0,0,0,0.000021902926
02151904,02/15/1904,"February 15, 1904",8047025,1,0.077317592408,False,02151904: 1,1,0,0,0,0,0,0,0,0,0,0,0,0,0.000021902926
02221904,02/22/1904,"February 22, 1904",2890533,1,0.028491509174,False,02221904: 1,1,0,0,0,0,0,0,0,0,0,0,0,0,0.000021902926
02261904,02/26/1904,"February 26, 1904",3673878,1,0.036072042809,False,02261904: 1,1,0,0,0,0,0,0,0,0,0,0,0,0,0.000021902926
02271904,02/27/1904,"February 27, 1904",4851780,1,0.047359561149,False,02271904: 1,1,0,0,0,0,0,0,0,0,0,0,0,0,0.000021902926
03071904,03/07/1904,"March 07, 1904",6123502,1,0.059397790662,False,03071904: 1,1,0,0,0,0,0,0,0,0,0,0,0,0,0.000021902926
03101904,03/10/1904,"March 10, 1904",7248676,1,0.069921884059,False,03101904: 1,1,0,0,0,0,0,0,0,0,0,0,0,0,0.000021902926
03231904,03/23/1904,"March 23, 1904",3880889,1,0.038065415770,False,03231904: 1,1,0,0,0,0,0,0,0,0,0,0,0,0,0.000021902926
03241904,03/24/1904,"March 24, 1904",2812254,1,0.027730724307,False,03241904: 1,1,0,0,0,0,0,0,0,0,0,0,0,0,0.000021902926
03281904,03/28/1904,"March 28, 1904",7679267,1,0.073918106897,False,03281904: 1,1,0,0,0,0,0,0,0,0,0,0,0,0,0.000021902926
04031904,04/03/1904,"April 03, 1904",1546664,1,0.015347586867,False,04031904: 1,1,0,0,0,0,0,0,0,0,0,0,0,0,0.000021902926
04221904,04/22/1904,"April 22, 1904",3447136,1,0.033883933514,False,04221904: 1,1,0,0,0,0,0,0,0,0,0,0,0,0,0.000021902926
04261904,04/26/1904,"April 26, 1904",1577322,1,0.015649415337,False,04261904: 1,1,0,0,0,0,0,0,0,0,0,0,0,0,0.000021902926
05081904,05/08/1904,"May 08, 1904",7730013,1,0.074387937199,False,05081904: 1,1,0,0,0,0,0,0,0,0,0,0,0,0,0.000021902926
05271904,05/27/1904,"May 27, 1904",1487414,1,0.014764007438,True,05271904: 1,1,1,0,0,0,0,0,0,0,0,0,0,0,0.000021902926
05301904,05/30/1904,"May 30, 1904",6225062,1,0.060352581351,False,05301904: 1,1,0,0,0,0,0,0,0,0,0,0,0,0,0.000021902926
06041904,06/04/1904,"June 04, 1904",1488069,1,0.014770460713,False,06041904: 1,1,0,0,0,0,0,0,0,0,0,0,0,0,0.000021902926
06181904,06/18/1904,"June 18, 1904",677391,1,0.006750959261,False,06181904: 1,1,0,0,0,0,0,0,0,0,0,0,0,0,0.000021902926
06201904,06/20/1904,"June 20, 1904",4568787,1,0.044659837151,False,06201904: 1,1,0,0,0,0,0,0,0,0,0,0,0,0,0.000021902926
06241904,06/24/1904,"June 24, 1904",3229541,1,0.031779424415,False,06241904: 1,1,0,0,0,0,0,0,0,0,0,0,0,0,0.000021902926
06271904,06/27/1904,"June 27, 1904",8265190,1,0.079328368300,False,06271904: 1,1,0,0,0,0,0,0,0,0,0,0,0,0,0.000021902926
07011904,07/01/1904,"July 01, 1904",2025886,1,0.020054969486,False,07011904: 1,1,0,0,0,0,0,0,0,0,0,0,0,0,0.000021902926
07071904,07/07/1904,"July 07, 1904",3669241,1,0.036027344433,False,07071904: 1,1,0,0,0,0,0,0,0,0,0,0,0,0,0.000021902926
08101904,08/10/1904,"August 10, 1904",1272700,1,0.012646295109,True,08101904: 1; 081019040: 1,1,0,1,0,0,0,0,0,0,0,0,0,0,0.000021902926
08211904,08/21/1904,"August 21, 1904",9988026,1,0.095054176854,False,08211904: 1,1,0,0,0,0,0,0,0,0,0,0,0,0,0.000021902926
08241904,08/24/1904,"August 24, 1904",5171735,1,0.050402710944,False,08241904: 1,1,0,0,0,0,0,0,0,0,0,0,0,0,0.000021902926
08291904,08/29/1904,"August 29, 1904",5907582,1,0.057364648161,False,08291904: 1,1,0,0,0,0,0,0,0,0,0,0,0,0,0.000021902926
08301904,08/30/1904,"August 30, 1904",733284,1,0.007305960835,False,08301904: 1,1,0,0,0,0,0,0,0,0,0,0,0,0,0.000021902926
09111904,09/11/1904,"September 11, 1904",3511368,1,0.034504289937,False,09111904: 1,1,0,0,0,0,0,0,0,0,0,0,0,0,0.000021902926
09241904,09/24/1904,"September 24, 1904",9596204,1,0.091501444347,False,09241904: 1,1,0,0,0,0,0,0,0,0,0,0,0,0,0.000021902926
10171904,10/17/1904,"October 17, 1904",4148386,1,0.040635123472,False,10171904: 1,1,0,0,0,0,0,0,0,0,0,0,0,0,0.000021902926
10251904,10/25/1904,"October 25, 1904",2105441,1,0.020834254742,False,10251904: 1,1,0,0,0,0,0,0,0,0,0,0,0,0,0.000021902926
10281904,10/28/1904,"October 28, 1904",4377040,1,0.042826243662,False,10281904: 1,1,0,0,0,0,0,0,0,0,0,0,0,0,0.000021902926
10301904,10/30/1904,"October 30, 1904",3094941,1,0.030475322043,False,10301904: 1,1,0,0,0,0,0,0,0,0,0,0,0,0,0.000021902926
11091904,11/09/1904,"November 09, 1904",8538404,1,0.081840339027,False,11091904: 1,1,0,0,0,0,0,0,0,0,0,0,0,0,0.000021902926
01041905,01/04/1905,"January 04, 1905",3404563,1,0.033472541352,False,01041905: 1,1,0,0,0,0,0,0,0,0,0,0,0,0,0.000021902926
01141905,01/14/1905,"January 14, 1905",6714318,1,0.064938634852,True,01141905: 1,1,1,0,0,1,0,0,0,0,0,0,0,0,0.000021902926
02031905,02/03/1905,"February 03, 1905",9436131,1,0.090046018878,False,02031905: 1,1,0,0,0,0,0,0,0,0,0,0,0,0,0.000021902926
02061905,02/06/1905,"February 06, 1905",138350,1,0.001382483502,False,02061905: 1,1,0,0,0,0,0,0,0,0,0,0,0,0,0.000021902926
03091905,03/09/1905,"March 09, 1905",6420023,1,0.062182742743,False,03091905: 1,1,0,0,0,0,0,0,0,0,0,0,0,0,0.000021902926
04051905,04/05/1905,"April 05, 1905",751625,1,0.007488014155,False,04051905: 1,1,0,0,0,0,0,0,0,0,0,0,0,0,0.000021902926
04101905,04/10/1905,"April 10, 1905",1311212,1,0.013026471560,True,04101905: 1; 0041019050: 1; 041019050: 1,1,1,1,1,0,0,0,0,0,0,0,0,0,0.000021902926
04241905,04/24/1905,"April 24, 1905",6497369,1,0.062907826438,False,04241905: 1,1,0,0,0,0,0,0,0,0,0,0,0,0,0.000021902926
04251905,04/25/1905,"April 25, 1905",169218,1,0.001690689189,False,04251905: 1,1,0,0,0,0,0,0,0,0,0,0,0,0,0.000021902926
05021905,05/02/1905,"May 02, 1905",8571922,1,0.082148036215,True,05021905: 1,1,1,0,0,1,0,0,0,0,0,0,0,0,0.000021902926
05061905,05/06/1905,"May 06, 1905",9559276,1,0.091165892044,False,05061905: 1,1,0,0,0,0,0,0,0,0,0,0,0,0,0.000021902926
05111905,05/11/1905,"May 11, 1905",4895503,1,0.047775993087,False,05111905: 1,1,0,0,0,0,0,0,0,0,0,0,0,0,0.000021902926
05151905,05/15/1905,"May 15, 1905",1449413,1,0.014389536758,False,05151905: 1,1,0,0,0,0,0,0,0,0,0,0,0,0,0.000021902926
05211905,05/21/1905,"May 21, 1905",3854401,1,0.037810584786,False,05211905: 1,1,0,0,0,0,0,0,0,0,0,0,0,0,0.000021902926
05261905,05/26/1905,"May 26, 1905",7915375,1,0.076102081071,True,05261905: 1,1,1,0,0,0,0,0,0,0,0,0,0,0,0.000021902926
06071905,06/07/1905,"June 07, 1905",7100509,1,0.068542793777,False,06071905: 1,1,0,0,0,0,0,0,0,0,0,0,0,0,0.000021902926
06141905,06/14/1905,"June 14, 1905",2810747,1,0.027716072098,False,06141905: 1,1,0,0,0,0,0,0,0,0,0,0,0,0,0.000021902926
06201905,06/20/1905,"June 20, 1905",9617758,1,0.091697241026,True,06201905: 1; 062019050: 1,1,0,1,0,0,0,0,0,0,0,0,0,0,0.000021902926
06221905,06/22/1905,"June 22, 1905",3138032,1,0.030893009927,False,06221905: 1,1,0,0,0,0,0,0,0,0,0,0,0,0,0.000021902926
06271905,06/27/1905,"June 27, 1905",3963027,1,0.038855205203,False,06271905: 1,1,0,0,0,0,0,0,0,0,0,0,0,0,0.000021902926
06301905,06/30/1905,"June 30, 1905",5747492,1,0.055854374635,False,06301905: 1,1,0,0,0,0,0,0,0,0,0,0,0,0,0.000021902926
07061905,07/06/1905,"July 06, 1905",7497487,1,0.072233144216,False,07061905: 1,1,0,0,0,0,0,0,0,0,0,0,0,0,0.000021902926
07211905,07/21/1905,"July 21, 1905",7751307,1,0.074585016050,False,07211905: 1,1,0,0,0,0,0,0,0,0,0,0,0,0,0.000021902926
09281905,09/28/1905,"September 28, 1905",3584936,1,0.035214324617,False,09281905: 1,1,0,0,0,0,0,0,0,0,0,0,0,0,0.000021902926
11041905,11/04/1905,"November 04, 1905",2684400,1,0.026486844129,False,11041905: 1,1,0,0,0,0,0,0,0,0,0,0,0,0,0.000021902926
12061905,12/06/1905,"December 06, 1905",645365,2,0.006432810378,True,12061905: 2,2,1,0,0,0,0,0,0,0,0,0,0,0,0.000021902926
12081905,12/08/1905,"December 08, 1905",1704205,1,0.016897596870,False,12081905: 1,1,0,0,0,0,0,0,0,0,0,0,0,0,0.000021902926
01011906,01/01/1906,"January 01, 1906",9498798,1,0.090616081106,False,01011906: 1,1,0,0,0,0,0,0,0,0,0,0,0,0,0.000021902926
01041906,01/04/1906,"January 04, 1906",8754657,1,0.083823741502,False,01041906: 1,1,0,0,0,0,0,0,0,0,0,0,0,0,0.000021902926
01261906,01/26/1906,"January 26, 1906",8851915,1,0.084714363046,False,01261906: 1,1,0,0,0,0,0,0,0,0,0,0,0,0,0.000021902926
01291906,01/29/1906,"January 29, 1906",5063110,1,0.049370650442,False,01291906: 1,1,0,0,0,0,0,0,0,0,0,0,0,0,0.000021902926
02071906,02/07/1906,"February 07, 1906",4570248,1,0.044673794569,False,02071906: 1,1,0,0,0,0,0,0,0,0,0,0,0,0,0.000021902926
02131906,02/13/1906,"February 13, 1906",9366140,1,0.089408910048,False,02131906: 1,1,0,0,0,0,0,0,0,0,0,0,0,0,0.000021902926
02201906,02/20/1906,"February 20, 1906",8636121,1,0.082737098897,False,02201906: 1,1,0,0,0,0,0,0,0,0,0,0,0,0,0.000021902926
03101906,03/10/1906,"March 10, 1906",9751777,1,0.092913723971,True,03101906: 1; 031019060: 1,1,0,1,0,0,0,0,0,0,0,0,0,0,0.000021902926
03121906,03/12/1906,"March 12, 1906",736259,2,0.007335493044,False,03121906: 2,2,0,0,0,0,0,0,0,0,0,0,0,0,0.000021902926
03221906,03/22/1906,"March 22, 1906",584003,1,0.005822950581,True,03221906: 1; 032219060: 1; 0322190600: 1,1,0,1,0,0,1,0,0,0,0,0,0,0,0.000021902926
03231906,03/23/1906,"March 23, 1906",682136,1,0.006798087810,False,03231906: 1,1,0,0,0,0,0,0,0,0,0,0,0,0,0.000021902926
03311906,03/31/1906,"March 31, 1906",1276008,1,0.012678956230,False,03311906: 1,1,0,0,0,0,0,0,0,0,0,0,0,0,0.000021902926
04181906,04/18/1906,"April 18, 1906",5834353,1,0.056674112907,False,04181906: 1,1,0,0,0,0,0,0,0,0,0,0,0,0,0.000021902926
04241906,04/24/1906,"April 24, 1906",5745558,1,0.055836114682,False,04241906: 1,1,0,0,0,0,0,0,0,0,0,0,0,0,0.000021902926
05131906,05/13/1906,"May 13, 1906",3187313,1,0.031370477888,False,05131906: 1,1,0,0,0,0,0,0,0,0,0,0,0,0,0.000021902926
05141906,05/14/1906,"May 14, 1906",8846733,1,0.084666931715,True,05141906: 1; 051419060: 1,1,0,1,0,0,0,0,0,0,0,0,0,0,0.000021902926
05231906,05/23/1906,"May 23, 1906",9633062,1,0.091836237045,True,05231906: 1; 052319060: 1,1,0,1,0,0,0,0,0,0,0,0,0,0,0.000021902926
05301906,05/30/1906,"May 30, 1906",3899377,1,0.038243241799,False,05301906: 1,1,0,0,0,0,0,0,0,0,0,0,0,0,0.000021902926
06011906,06/01/1906,"June 01, 1906",7099044,1,0.068529147829,False,06011906: 1,1,0,0,0,0,0,0,0,0,0,0,0,0,0.000021902926
06031906,06/03/1906,"June 03, 1906",4917160,1,0.047982193913,True,06031906: 1,1,1,0,0,0,0,0,0,0,0,0,0,0,0.000021902926
06121906,06/12/1906,"June 12, 1906",1328097,1,0.013193107973,False,06121906: 1,1,0,0,0,0,0,0,0,0,0,0,0,0,0.000021902926
06191906,06/19/1906,"June 19, 1906",974837,1,0.009700949344,False,06191906: 1,1,0,0,0,0,0,0,0,0,0,0,0,0,0.000021902926
08241906,08/24/1906,"August 24, 1906",990915,1,0.009860156827,False,08241906: 1,1,0,0,0,0,0,0,0,0,0,0,0,0,0.000021902926
08291906,08/29/1906,"August 29, 1906",7476298,1,0.072036538866,False,08291906: 1,1,0,0,0,0,0,0,0,0,0,0,0,0,0.000021902926
09241906,09/24/1906,"September 24, 1906",8134550,1,0.078124816880,False,09241906: 1,1,0,0,0,0,0,0,0,0,0,0,0,0,0.000021902926
10161906,10/16/1906,"October 16, 1906",4002905,1,0.039238414115,False,10161906: 1,1,0,0,0,0,0,0,0,0,0,0,0,0,0.000021902926
11021906,11/02/1906,"November 02, 1906",1453638,1,0.014431177921,False,11021906: 1,1,0,0,0,0,0,0,0,0,0,0,0,0,0.000021902926
11051906,11/05/1906,"November 05, 1906",6694093,1,0.064749499564,False,11051906: 1,1,0,0,0,0,0,0,0,0,0,0,0,0,0.000021902926
11141906,11/14/1906,"November 14, 1906",3617327,1,0.035526777742,False,11141906: 1,1,0,0,0,0,0,0,0,0,0,0,0,0,0.000021902926
11251906,11/25/1906,"November 25, 1906",6808941,1,0.065822999505,True,11251906: 1,1,1,0,0,0,0,0,0,0,0,0,0,0,0.000021902926
12011906,12/01/1906,"December 01, 1906",3904806,1,0.038295454156,False,12011906: 1,1,0,0,0,0,0,0,0,0,0,0,0,0,0.000021902926
02091907,02/09/1907,"February 09, 1907",7388425,1,0.071220751150,False,02091907: 1,1,0,0,0,0,0,0,0,0,0,0,0,0,0.000021902926
02151907,02/15/1907,"February 15, 1907",5612978,1,0.054583512023,False,02151907: 1,1,0,0,0,0,0,0,0,0,0,0,0,0,0.000021902926
03171907,03/17/1907,"March 17, 1907",7237992,1,0.069822509203,False,03171907: 1,1,0,0,0,0,0,0,0,0,0,0,0,0,0.000021902926
03221907,03/22/1907,"March 22, 1907",2512826,2,0.024815114934,True,03221907: 2; 032219070: 1,2,0,1,0,0,0,0,0,0,0,0,0,0,0.000021902926
04061907,04/06/1907,"April 06, 1907",1955284,1,0.019362864397,True,04061907: 1; 040619070: 1; 0406190700: 1,1,0,1,0,0,1,0,0,0,0,0,0,0,0.000021902926
04111907,04/11/1907,"April 11, 1907",8403604,1,0.080601825221,False,04111907: 1,1,0,0,0,0,0,0,0,0,0,0,0,0,0.000021902926
04271907,04/27/1907,"April 27, 1907",9228550,1,0.088155165439,False,04271907: 1,1,0,0,0,0,0,0,0,0,0,0,0,0,0.000021902926
04281907,04/28/1907,"April 28, 1907",9126680,1,0.087225795802,False,04281907: 1,1,0,0,0,0,0,0,0,0,0,0,0,0,0.000021902926
05021907,05/02/1907,"May 02, 1907",8075388,1,0.077579255712,False,05021907: 1,1,0,0,0,0,0,0,0,0,0,0,0,0,0.000021902926
05111907,05/11/1907,"May 11, 1907",3626277,2,0.035613094234,False,05111907: 2,2,0,0,0,0,0,0,0,0,0,0,0,0,0.000021902926
05131907,05/13/1907,"May 13, 1907",9151749,1,0.087454590490,False,05131907: 1,1,0,0,0,0,0,0,0,0,0,0,0,0,0.000021902926
05161907,05/16/1907,"May 16, 1907",5448749,1,0.053029588316,False,05161907: 1,1,0,0,0,0,0,0,0,0,0,0,0,0,0.000021902926
05251907,05/25/1907,"May 25, 1907",8810941,1,0.084339257062,True,05251907: 1,1,1,0,0,0,0,0,0,0,0,0,0,0,0.000021902926
06021907,06/02/1907,"June 02, 1907",4219910,1,0.041321054282,False,06021907: 1,1,0,0,0,0,0,0,0,0,0,0,0,0,0.000021902926
06031907,06/03/1907,"June 03, 1907",3080819,1,0.030338396099,False,06031907: 1,1,0,0,0,0,0,0,0,0,0,0,0,0,0.000021902926
06111907,06/11/1907,"June 11, 1907",1263937,1,0.012559769512,False,06111907: 1,1,0,0,0,0,0,0,0,0,0,0,0,0,0.000021902926
06121907,06/12/1907,"June 12, 1907",1154639,1,0.011479927062,False,06121907: 1,1,0,0,0,0,0,0,0,0,0,0,0,0,0.000021902926
06291907,06/29/1907,"June 29, 1907",6003587,1,0.058269190967,False,06291907: 1,1,0,0,0,0,0,0,0,0,0,0,0,0,0.000021902926
07121907,07/12/1907,"July 12, 1907",2139185,1,0.021164608694,False,07121907: 1,1,0,0,0,0,0,0,0,0,0,0,0,0,0.000021902926
08071907,08/07/1907,"August 07, 1907",4391873,1,0.042968210718,True,08071907: 1; 080719070: 1,1,0,1,0,0,0,0,0,0,0,0,0,0,0.000021902926
09051907,09/05/1907,"September 05, 1907",5201725,1,0.050687452475,False,09051907: 1,1,0,0,0,0,0,0,0,0,0,0,0,0,0.000021902926
09131907,09/13/1907,"September 13, 1907",2169349,1,0.021459820078,False,09131907: 1,1,0,0,0,0,0,0,0,0,0,0,0,0,0.000021902926
09241907,09/24/1907,"September 24, 1907",8894596,1,0.085104932757,True,09241907: 1,1,1,0,0,0,0,0,0,0,0,0,0,0,0.000021902926
10011907,10/01/1907,"October 01, 1907",8219357,1,0.078906300151,False,10011907: 1,1,0,0,0,0,0,0,0,0,0,0,0,0,0.000021902926
10031907,10/03/1907,"October 03, 1907",1400878,1,0.013911054609,False,10031907: 1,1,0,0,0,0,0,0,0,0,0,0,0,0,0.000021902926
10191907,10/19/1907,"October 19, 1907",4008188,1,0.039289169810,False,10191907: 1,1,0,0,0,0,0,0,0,0,0,0,0,0,0.000021902926
11071907,11/07/1907,"November 07, 1907",3930938,1,0.038546733957,True,11071907: 1; 110719070: 1,1,0,1,0,0,0,0,0,0,0,0,0,0,0.000021902926
11091907,11/09/1907,"November 09, 1907",357105,1,0.003564621634,True,11091907: 1,1,1,0,0,0,0,0,0,0,0,0,0,0,0.000021902926
11151907,11/15/1907,"November 15, 1907",9543705,1,0.091024366466,False,11151907: 1,1,0,0,0,0,0,0,0,0,0,0,0,0,0.000021902926
11181907,11/18/1907,"November 18, 1907",4606837,1,0.045023274939,False,11181907: 1,1,0,0,0,0,0,0,0,0,0,0,0,0,0.000021902926
11241907,11/24/1907,"November 24, 1907",2246960,1,0.000224669977,True,11241907: 1; 0112419070: 1; 00112419070: 1; 112419070: 1,1,1,1,2,1,0,0,0,0,0,0,0,0,0.000021902926
12261907,12/26/1907,"December 26, 1907",8657175,1,0.082930199102,False,12261907: 1,1,0,0,0,0,0,0,0,0,0,0,0,0,0.000021902926
01021908,01/02/1908,"January 02, 1908",3221235,1,0.031699000673,True,01021908: 1; 010219080: 1,1,0,1,0,0,0,0,0,0,0,0,0,0,0.000021902926
01201908,01/20/1908,"January 20, 1908",78685,1,0.000786480570,False,01201908: 1,1,0,0,0,0,0,0,0,0,0,0,0,0,0.000021902926
01301908,01/30/1908,"January 30, 1908",2272802,1,0.022471625799,False,01301908: 1,1,0,0,0,0,0,0,0,0,0,0,0,0,0.000021902926
02291908,02/29/1908,"February 29, 1908",8778036,1,0.084037909315,False,02291908: 1,1,0,0,0,0,0,0,0,0,0,0,0,0,0.000021902926
03051908,03/05/1908,"March 05, 1908",4795908,1,0.046827153158,False,03051908: 1,1,0,0,0,0,0,0,0,0,0,0,0,0,0.000021902926
03241908,03/24/1908,"March 24, 1908",9915240,1,0.094395263211,False,03241908: 1,1,0,0,0,0,0,0,0,0,0,0,0,0,0.000021902926
03301908,03/30/1908,"March 30, 1908",3109840,1,0.030619760766,False,03301908: 1,1,0,0,0,0,0,0,0,0,0,0,0,0,0.000021902926
04021908,04/02/1908,"April 02, 1908",207296,1,0.002070753047,True,04021908: 1; 040219080: 1,1,0,1,0,0,0,0,0,0,0,0,0,0,0.000021902926
04131908,04/13/1908,"April 13, 1908",4452478,1,0.043548044118,False,04131908: 1,1,0,0,0,0,0,0,0,0,0,0,0,0,0.000021902926
04151908,04/15/1908,"April 15, 1908",1797553,1,0.017814875113,False,04151908: 1,1,0,0,0,0,0,0,0,0,0,0,0,0,0.000021902926
04271908,04/27/1908,"April 27, 1908",3695149,1,0.036277058121,False,04271908: 1,1,0,0,0,0,0,0,0,0,0,0,0,0,0.000021902926
05281908,05/28/1908,"May 28, 1908",7182482,1,0.069306024336,False,05281908: 1,1,0,0,0,0,0,0,0,0,0,0,0,0,0.000021902926
05301908,05/30/1908,"May 30, 1908",5432866,1,0.052879169059,False,05301908: 1,1,0,0,0,0,0,0,0,0,0,0,0,0,0.000021902926
05311908,05/31/1908,"May 31, 1908",6059665,1,0.058797146728,False,05311908: 1,1,0,0,0,0,0,0,0,0,0,0,0,0,0.000021902926
06031908,06/03/1908,"June 03, 1908",847202,1,0.008436174161,False,06031908: 1,1,0,0,0,0,0,0,0,0,0,0,0,0,0.000021902926
06071908,06/07/1908,"June 07, 1908",6859769,1,0.066297702344,False,06071908: 1,1,0,0,0,0,0,0,0,0,0,0,0,0,0.000021902926
06161908,06/16/1908,"June 16, 1908",2259862,1,0.022345125441,True,06161908: 1,1,1,0,0,0,0,0,0,0,0,0,0,0,0.000021902926
06181908,06/18/1908,"June 18, 1908",4970746,1,0.048492205520,False,06181908: 1,1,0,0,0,0,0,0,0,0,0,0,0,0,0.000021902926
07081908,07/08/1908,"July 08, 1908",5821950,1,0.056557104940,False,07081908: 1,1,0,0,0,0,0,0,0,0,0,0,0,0,0.000021902926
07151908,07/15/1908,"July 15, 1908",4014364,1,0.039348501479,False,07151908: 1,1,0,0,0,0,0,0,0,0,0,0,0,0,0.000021902926
07181908,07/18/1908,"July 18, 1908",2160135,1,0.021369653231,True,07181908: 1; 071819080: 1,1,0,1,0,0,0,0,0,0,0,0,0,0,0.000021902926
07261908,07/26/1908,"July 26, 1908",6670040,2,0.064524516702,False,07261908: 2,2,0,0,0,0,0,0,0,0,0,0,0,0,0.000021902926
08071908,08/07/1908,"August 07, 1908",1616304,1,0.016033060105,True,08071908: 1; 080719080: 1,1,0,1,0,0,0,0,0,0,0,0,0,0,0.000021902926
08141908,08/14/1908,"August 14, 1908",7958016,1,0.076495956405,False,08141908: 1,1,0,0,0,0,0,0,0,0,0,0,0,0,0.000021902926
09291908,09/29/1908,"September 29, 1908",3961392,1,0.038839490357,True,09291908: 1,1,1,0,0,0,0,0,0,0,0,0,0,0,0.000021902926
10061908,10/06/1908,"October 06, 1908",4192789,1,0.041061015701,False,10061908: 1,1,0,0,0,0,0,0,0,0,0,0,0,0,0.000021902926
10091908,10/09/1908,"October 09, 1908",2818536,1,0.027791800345,False,10091908: 1,1,0,0,0,0,0,0,0,0,0,0,0,0,0.000021902926
10151908,10/15/1908,"October 15, 1908",6377807,1,0.061786750225,False,10151908: 1,1,0,0,0,0,0,0,0,0,0,0,0,0,0.000021902926
10171908,10/17/1908,"October 17, 1908",9522504,1,0.090831634110,False,10171908: 1,1,0,0,0,0,0,0,0,0,0,0,0,0,0.000021902926
10181908,10/18/1908,"October 18, 1908",3656016,1,0.035899850617,True,10181908: 1,1,1,0,0,0,0,0,0,0,0,0,0,0,0.000021902926
10261908,10/26/1908,"October 26, 1908",5654209,1,0.054973236350,True,10261908: 1,1,1,0,0,0,0,0,0,0,0,0,0,0,0.000021902926
11241908,11/24/1908,"November 24, 1908",7171952,2,0.069208017099,False,11241908: 2,2,0,0,0,0,0,0,0,0,0,0,0,0,0.000021902926
12041908,12/04/1908,"December 04, 1908",6504440,1,0.062974085884,True,12041908: 1; 120419080: 1,1,0,1,0,0,0,0,0,0,0,0,0,0,0.000021902926
12131908,12/13/1908,"December 13, 1908",6310613,1,0.061156115357,False,12131908: 1,1,0,0,0,0,0,0,0,0,0,0,0,0,0.000021902926
12221908,12/22/1908,"December 22, 1908",6800317,1,0.065742432605,False,12221908: 1,1,0,0,0,0,0,0,0,0,0,0,0,0,0.000021902926
12251908,12/25/1908,"December 25, 1908",322265,1,0.003217403062,False,12251908: 1,1,0,0,0,0,0,0,0,0,0,0,0,0,0.000021902926
12261908,12/26/1908,"December 26, 1908",2469631,1,0.024393792830,False,12261908: 1,1,0,0,0,0,0,0,0,0,0,0,0,0,0.000021902926
01061909,01/06/1909,"January 06, 1909",5881378,1,0.057117607625,True,01061909: 1; 010619090: 1; 0106190900: 1,1,0,1,0,0,1,0,0,0,0,0,0,0,0.000021902926
01151909,01/15/1909,"January 15, 1909",4150097,1,0.040651538065,False,01151909: 1,1,0,0,0,0,0,0,0,0,0,0,0,0,0.000021902926
01161909,01/16/1909,"January 16, 1909",3582201,1,0.035187937368,False,01161909: 1,1,0,0,0,0,0,0,0,0,0,0,0,0,0.000021902926
01211909,01/21/1909,"January 21, 1909",515185,1,0.005138542341,False,01211909: 1,1,0,0,0,0,0,0,0,0,0,0,0,0,0.000021902926
01221909,01/22/1909,"January 22, 1909",2107973,1,0.020859046905,True,01221909: 1; 012219090: 1,1,0,1,0,0,0,0,0,0,0,0,0,0,0.000021902926
01251909,01/25/1909,"January 25, 1909",759667,1,0.007567828760,True,01251909: 1,1,1,0,0,0,0,0,0,0,0,0,0,0,0.000021902926
02081909,02/08/1909,"February 08, 1909",3425009,1,0.033670137357,False,02081909: 1,1,0,0,0,0,0,0,0,0,0,0,0,0,0.000021902926
02231909,02/23/1909,"February 23, 1909",8688709,1,0.083219342304,False,02231909: 1,1,0,0,0,0,0,0,0,0,0,0,0,0,0.000021902926
03191909,03/19/1909,"March 19, 1909",1755862,1,0.017405306938,False,03191909: 1,1,0,0,0,0,0,0,0,0,0,0,0,0,0.000021902926
04051909,04/05/1909,"April 05, 1909",350642,1,0.003500219933,False,04051909: 1,1,0,0,0,0,0,0,0,0,0,0,0,0,0.000021902926
04081909,04/08/1909,"April 08, 1909",8291467,1,0.079570261405,False,04081909: 1,1,0,0,0,0,0,0,0,0,0,0,0,0,0.000021902926
04091909,04/09/1909,"April 09, 1909",6033810,1,0.058553767266,False,04091909: 1,1,0,0,0,0,0,0,0,0,0,0,0,0,0.000021902926
04121909,04/12/1909,"April 12, 1909",8508545,1,0.081566144797,True,04121909: 1; 0041219090: 1; 041219090: 1,1,1,1,1,0,0,0,0,0,0,0,0,0,0.000021902926
04221909,04/22/1909,"April 22, 1909",311456,1,0.003109655007,False,04221909: 1,1,0,0,0,0,0,0,0,0,0,0,0,0,0.000021902926
05111909,05/11/1909,"May 11, 1909",1509013,1,0.014976785583,False,05111909: 1,1,0,0,0,0,0,0,0,0,0,0,0,0,0.000021902926
05161909,05/16/1909,"May 16, 1909",5245325,1,0.051101262533,False,05161909: 1,1,0,0,0,0,0,0,0,0,0,0,0,0,0.000021902926
06051909,06/05/1909,"June 05, 1909",133237,1,0.001331422882,False,06051909: 1,1,0,0,0,0,0,0,0,0,0,0,0,0,0.000021902926
07011909,07/01/1909,"July 01, 1909",7491265,1,0.072175416766,False,07011909: 1,1,0,0,0,0,0,0,0,0,0,0,0,0,0.000021902926
07031909,07/03/1909,"July 03, 1909",252813,1,0.002524877147,True,07031909: 1,1,1,0,0,1,0,0,0,0,0,0,0,0,0.000021902926
07151909,07/15/1909,"July 15, 1909",1520408,1,0.015089022584,False,07151909: 1,1,0,0,0,0,0,0,0,0,0,0,0,0,0.000021902926
08041909,08/04/1909,"August 04, 1909",9298420,1,0.088792048910,True,08041909: 1,1,1,0,0,0,0,0,0,0,0,0,0,0,0.000021902926
08121909,08/12/1909,"August 12, 1909",1149275,1,0.011426901423,False,08121909: 1,1,0,0,0,0,0,0,0,0,0,0,0,0,0.000021902926
08131909,08/13/1909,"August 13, 1909",9537340,1,0.090966508325,False,08131909: 1,1,0,0,0,0,0,0,0,0,0,0,0,0,0.000021902926
08151909,08/15/1909,"August 15, 1909",8563429,1,0.082070079737,False,08151909: 1,1,0,0,0,0,0,0,0,0,0,0,0,0,0.000021902926
08201909,08/20/1909,"August 20, 1909",2787036,1,0.027485506520,False,08201909: 1,1,0,0,0,0,0,0,0,0,0,0,0,0,0.000021902926
09181909,09/18/1909,"September 18, 1909",4465774,1,0.043675205517,False,09181909: 1,1,0,0,0,0,0,0,0,0,0,0,0,0,0.000021902926
10221909,10/22/1909,"October 22, 1909",87197,1,0.000871530006,False,10221909: 1,1,0,0,0,0,0,0,0,0,0,0,0,0,0.000021902926
10231909,10/23/1909,"October 23, 1909",561010,1,0.005594333167,False,10231909: 1,1,0,0,0,0,0,0,0,0,0,0,0,0,0.000021902926
10271909,10/27/1909,"October 27, 1909",3330175,1,0.032753293415,False,10271909: 1,1,0,0,0,0,0,0,0,0,0,0,0,0,0.000021902926
10281909,10/28/1909,"October 28, 1909",8142394,1,0.078197125934,True,10281909: 1,1,1,0,0,1,0,0,0,0,0,0,0,0,0.000021902926
11021909,11/02/1909,"November 02, 1909",810762,1,0.008074782458,False,11021909: 1,1,0,0,0,0,0,0,0,0,0,0,0,0,0.000021902926
11101909,11/10/1909,"November 10, 1909",8686162,1,0.083195991603,True,11101909: 1; 111019090: 1,1,0,1,0,0,0,0,0,0,0,0,0,0,0.000021902926
11191909,11/19/1909,"November 19, 1909",3173386,1,0.031235567458,True,11191909: 1; 111919090: 1,1,0,1,0,0,0,0,0,0,0,0,0,0,0.000021902926
12021909,12/02/1909,"December 02, 1909",6759219,1,0.065358392515,False,12021909: 1,1,0,0,0,0,0,0,0,0,0,0,0,0,0.000021902926
12281909,12/28/1909,"December 28, 1909",8251626,1,0.079203479929,False,12281909: 1,1,0,0,0,0,0,0,0,0,0,0,0,0,0.000021902926
01051910,01/05/1910,"January 05, 1910",6107431,1,0.059246614332,False,01051910: 1,1,0,0,0,0,0,0,0,0,0,0,0,0,0.000021902926
01081910,01/08/1910,"January 08, 1910",3743962,1,0.036747365411,False,01081910: 1,1,0,0,0,0,0,0,0,0,0,0,0,0,0.000021902926
01091910,01/09/1910,"January 09, 1910",2405882,2,0.023771655340,True,01091910: 2,2,1,0,0,0,0,0,0,0,0,0,0,0,0.000021902926
01141910,01/14/1910,"January 14, 1910",8447109,1,0.081001722407,True,01141910: 1; 011419100: 1,1,0,1,0,0,0,0,0,0,0,0,0,0,0.000021902926
01181910,01/18/1910,"January 18, 1910",5782759,1,0.056187287768,False,01181910: 1,1,0,0,0,0,0,0,0,0,0,0,0,0,0.000021902926
01211910,01/21/1910,"January 21, 1910",5024288,2,0.049001525466,False,01211910: 2,2,0,0,0,0,0,0,0,0,0,0,0,0,0.000021902926
01221910,01/22/1910,"January 22, 1910",5629325,1,0.054738046627,False,01221910: 1,1,0,0,0,0,0,0,0,0,0,0,0,0,0.000021902926
01241910,01/24/1910,"January 24, 1910",9868933,1,0.093975807710,False,01241910: 1,1,0,0,0,0,0,0,0,0,0,0,0,0,0.000021902926
02071910,02/07/1910,"February 07, 1910",1161181,1,0.011544593931,False,02071910: 1,1,0,0,0,0,0,0,0,0,0,0,0,0,0.000021902926
02101910,02/10/1910,"February 10, 1910",1089900,2,0.010839761850,True,02101910: 2,2,1,0,0,1,0,0,0,0,0,0,0,0,0.000021902926
02171910,02/17/1910,"February 17, 1910",6950082,1,0.067140576239,False,02171910: 1,1,0,0,0,0,0,0,0,0,0,0,0,0,0.000021902926
02191910,02/19/1910,"February 19, 1910",9674777,1,0.092214998557,False,02191910: 1,1,0,0,0,0,0,0,0,0,0,0,0,0,0.000021902926
03141910,03/14/1910,"March 14, 1910",6291724,1,0.060978760384,False,03141910: 1,1,0,0,0,0,0,0,0,0,0,0,0,0,0.000021902926
04241910,04/24/1910,"April 24, 1910",2230860,1,0.022061544852,True,04241910: 1; 042419100: 1,1,0,1,0,0,0,0,0,0,0,0,0,0,0.000021902926
04251910,04/25/1910,"April 25, 1910",1181585,1,0.011746257800,False,04251910: 1,1,0,0,0,0,0,0,0,0,0,0,0,0,0.000021902926
04281910,04/28/1910,"April 28, 1910",3038847,2,0.029931324304,False,04281910: 2,2,0,0,0,0,0,0,0,0,0,0,0,0,0.000021902926
05051910,05/05/1910,"May 05, 1910",7514493,1,0.072390906834,False,05051910: 1,1,0,0,0,0,0,0,0,0,0,0,0,0,0.000021902926
05061910,05/06/1910,"May 06, 1910",1564481,1,0.015523006762,False,05061910: 1,1,0,0,0,0,0,0,0,0,0,0,0,0,0.000021902926
05201910,05/20/1910,"May 20, 1910",5480425,1,0.053329503164,False,05201910: 1,1,0,0,0,0,0,0,0,0,0,0,0,0,0.000021902926
06011910,06/01/1910,"June 01, 1910",2387471,1,0.023591905392,False,06011910: 1,1,0,0,0,0,0,0,0,0,0,0,0,0,0.000021902926
06021910,06/02/1910,"June 02, 1910",6713285,1,0.064928975618,False,06021910: 1,1,0,0,0,0,0,0,0,0,0,0,0,0,0.000021902926
06091910,06/09/1910,"June 09, 1910",4506613,1,0.044065679266,True,06091910: 1,1,1,0,0,0,0,0,0,0,0,0,0,0,0.000021902926
06241910,06/24/1910,"June 24, 1910",5077580,1,0.049508196559,True,06241910: 1; 062419100: 1; 0624191000: 1,1,0,1,0,0,1,0,0,0,0,0,0,0,0.000021902926
07151910,07/15/1910,"July 15, 1910",5388931,1,0.052462960094,True,07151910: 1,1,1,0,0,0,0,0,0,0,0,0,0,0,0.000021902926
07271910,07/27/1910,"July 27, 1910",9037651,1,0.086412800201,True,07271910: 1; 072719100: 1,1,0,1,0,0,0,0,0,0,0,0,0,0,0.000021902926
07311910,07/31/1910,"July 31, 1910",6391339,1,0.061913700654,False,07311910: 1,1,0,0,0,0,0,0,0,0,0,0,0,0,0.000021902926
08041910,08/04/1910,"August 04, 1910",1315953,1,0.013073262866,False,08041910: 1,1,0,0,0,0,0,0,0,0,0,0,0,0,0.000021902926
09021910,09/02/1910,"September 02, 1910",5838668,1,0.056714816541,False,09021910: 1,1,0,0,0,0,0,0,0,0,0,0,0,0,0.000021902926
10201910,10/20/1910,"October 20, 1910",3135719,1,0.030870594223,False,10201910: 1,1,0,0,0,0,0,0,0,0,0,0,0,0,0.000021902926
10241910,10/24/1910,"October 24, 1910",2809341,1,0.027702401690,False,10241910: 1,1,0,0,0,0,0,0,0,0,0,0,0,0,0.000021902926
10311910,10/31/1910,"October 31, 1910",1410325,1,0.014004206032,False,10311910: 1,1,0,0,0,0,0,0,0,0,0,0,0,0,0.000021902926
12111910,12/11/1910,"December 11, 1910",9570232,1,0.091265458456,False,12111910: 1,1,0,0,0,0,0,0,0,0,0,0,0,0,0.000021902926
12191910,12/19/1910,"December 19, 1910",8540146,1,0.081856333229,False,12191910: 1,1,0,0,0,0,0,0,0,0,0,0,0,0,0.000021902926
12241910,12/24/1910,"December 24, 1910",7777918,1,0.074831245470,True,12241910: 1,1,1,0,0,0,0,0,0,0,0,0,0,0,0.000021902926
12271910,12/27/1910,"December 27, 1910",3168878,1,0.031191894573,False,12271910: 1,1,0,0,0,0,0,0,0,0,0,0,0,0,0.000021902926
01021911,01/02/1911,"January 02, 1911",2783339,1,0.027449551994,False,01021911: 1,1,0,0,0,0,0,0,0,0,0,0,0,0,0.000021902926
01031911,01/03/1911,"January 03, 1911",2680653,1,0.026450365907,False,01031911: 1,1,0,0,0,0,0,0,0,0,0,0,0,0,0.000021902926
02041911,02/04/1911,"February 04, 1911",1811723,1,0.017954040887,False,02041911: 1,1,0,0,0,0,0,0,0,0,0,0,0,0,0.000021902926
02111911,02/11/1911,"February 11, 1911",2976018,1,0.029321648343,False,02111911: 1,1,0,0,0,0,0,0,0,0,0,0,0,0,0.000021902926
02261911,02/26/1911,"February 26, 1911",2139093,1,0.021163708165,True,02261911: 1; 022619110: 1,1,0,1,0,0,0,0,0,0,0,0,0,0,0.000021902926
03091911,03/09/1911,"March 09, 1911",1335681,1,0.013267944571,False,03091911: 1,1,0,0,0,0,0,0,0,0,0,0,0,0,0.000021902926
03101911,03/10/1911,"March 10, 1911",658490,1,0.006563207515,True,03101911: 1,1,1,0,0,0,0,0,0,0,0,0,0,0,0.000021902926
04081911,04/08/1911,"April 08, 1911",483347,1,0.004821747919,False,04081911: 1,1,0,0,0,0,0,0,0,0,0,0,0,0,0.000021902926
04131911,04/13/1911,"April 13, 1911",2490793,1,0.024600228774,True,04131911: 1; 041319110: 1; 0413191100: 1,1,0,1,0,0,1,0,0,0,0,0,0,0,0.000021902926
04201911,04/20/1911,"April 20, 1911",1315659,1,0.013070361298,False,04201911: 1,1,0,0,0,0,0,0,0,0,0,0,0,0,0.000021902926
04261911,04/26/1911,"April 26, 1911",4919370,1,0.048003233274,False,04261911: 1,1,0,0,0,0,0,0,0,0,0,0,0,0,0.000021902926
05071911,05/07/1911,"May 07, 1911",8177730,1,0.078522796658,False,05071911: 1,1,0,0,0,0,0,0,0,0,0,0,0,0,0.000021902926
05181911,05/18/1911,"May 18, 1911",5600578,1,0.054466273109,False,05181911: 1,1,0,0,0,0,0,0,0,0,0,0,0,0,0.000021902926
05221911,05/22/1911,"May 22, 1911",9658258,1,0.092065029165,False,05221911: 1,1,0,0,0,0,0,0,0,0,0,0,0,0,0.000021902926
06011911,06/01/1911,"June 01, 1911",6317950,1,0.061224995807,False,06011911: 1,1,0,0,0,0,0,0,0,0,0,0,0,0,0.000021902926
06071911,06/07/1911,"June 07, 1911",7494722,1,0.072207491108,False,06071911: 1,1,0,0,0,0,0,0,0,0,0,0,0,0,0.000021902926
07091911,07/09/1911,"July 09, 1911",2864450,1,0.028238077562,False,07091911: 1,1,0,0,0,0,0,0,0,0,0,0,0,0,0.000021902926
08141911,08/14/1911,"August 14, 1911",2337346,1,0.023102358147,False,08141911: 1,1,0,0,0,0,0,0,0,0,0,0,0,0,0.000021902926
08171911,08/17/1911,"August 17, 1911",742038,1,0.007392857468,False,08171911: 1,1,0,0,0,0,0,0,0,0,0,0,0,0,0.000021902926
09041911,09/04/1911,"September 04, 1911",1980851,1,0.019613551848,False,09041911: 1,1,0,0,0,0,0,0,0,0,0,0,0,0,0.000021902926
09151911,09/15/1911,"September 15, 1911",3826215,1,0.037539343851,False,09151911: 1,1,0,0,0,0,0,0,0,0,0,0,0,0,0.000021902926
09211911,09/21/1911,"September 21, 1911",157343,1,0.001572132918,False,09211911: 1,1,0,0,0,0,0,0,0,0,0,0,0,0,0.000021902926
10031911,10/03/1911,"October 03, 1911",8015975,1,0.077031055035,False,10031911: 1,1,0,0,0,0,0,0,0,0,0,0,0,0,0.000021902926
10131911,10/13/1911,"October 13, 1911",7843979,1,0.075442219377,False,10131911: 1,1,0,0,0,0,0,0,0,0,0,0,0,0,0.000021902926
10191911,10/19/1911,"October 19, 1911",2369841,1,0.023419749468,False,10191911: 1,1,0,0,0,0,0,0,0,0,0,0,0,0,0.000021902926
10211911,10/21/1911,"October 21, 1911",8611135,1,0.082507882952,False,10211911: 1,1,0,0,0,0,0,0,0,0,0,0,0,0,0.000021902926
10221911,10/22/1911,"October 22, 1911",7306944,1,0.070463664123,False,10221911: 1,1,0,0,0,0,0,0,0,0,0,0,0,0,0.000021902926
10251911,10/25/1911,"October 25, 1911",3445347,1,0.033866649543,False,10251911: 1,1,0,0,0,0,0,0,0,0,0,0,0,0,0.000021902926
11021911,11/02/1911,"November 02, 1911",2823690,1,0.027841906665,False,11021911: 1,1,0,0,0,0,0,0,0,0,0,0,0,0,0.000021902926
11091911,11/09/1911,"November 09, 1911",650051,1,0.006479367846,False,11091911: 1,1,0,0,0,0,0,0,0,0,0,0,0,0,0.000021902926
11211911,11/21/1911,"November 21, 1911",1550333,1,0.015383713102,False,11211911: 1,1,0,0,0,0,0,0,0,0,0,0,0,0,0.000021902926
11301911,11/30/1911,"November 30, 1911",4528558,1,0.044275436038,False,11301911: 1,1,0,0,0,0,0,0,0,0,0,0,0,0,0.000021902926
12031911,12/03/1911,"December 03, 1911",2829332,1,0.027896754278,False,12031911: 1,1,0,0,0,0,0,0,0,0,0,0,0,0,0.000021902926
12081911,12/08/1911,"December 08, 1911",103370,1,0.001033105989,False,12081911: 1,1,0,0,0,0,0,0,0,0,0,0,0,0,0.000021902926
12161911,12/16/1911,"December 16, 1911",8881858,1,0.084988385999,False,12161911: 1,1,0,0,0,0,0,0,0,0,0,0,0,0,0.000021902926
12311911,12/31/1911,"December 31, 1911",7729770,1,0.074385687959,True,12311911: 1; 123119110: 1,1,0,1,0,0,0,0,0,0,0,0,0,0,0.000021902926
02041912,02/04/1912,"February 04, 1912",6668311,1,0.064508342191,True,02041912: 1,1,1,0,0,0,0,0,0,0,0,0,0,0,0.000021902926
02051912,02/05/1912,"February 05, 1912",4152639,1,0.040675924393,False,02051912: 1,1,0,0,0,0,0,0,0,0,0,0,0,0,0.000021902926
02071912,02/07/1912,"February 07, 1912",5636664,1,0.054807416857,False,02071912: 1,1,0,0,0,0,0,0,0,0,0,0,0,0,0.000021902926
02091912,02/09/1912,"February 09, 1912",4627191,1,0.045217631123,True,02091912: 1; 020919120: 1,1,0,1,0,0,0,0,0,0,0,0,0,0,0.000021902926
02101912,02/10/1912,"February 10, 1912",8238831,1,0.079085656476,True,02101912: 1,1,1,0,0,0,0,0,0,0,0,0,0,0,0.000021902926
03121912,03/12/1912,"March 12, 1912",8563287,1,0.082068776276,False,03121912: 1,1,0,0,0,0,0,0,0,0,0,0,0,0,0.000021902926
03191912,03/19/1912,"March 19, 1912",1773430,1,0.017577914013,False,03191912: 1,1,0,0,0,0,0,0,0,0,0,0,0,0,0.000021902926
03271912,03/27/1912,"March 27, 1912",456892,1,0.004558438682,False,03271912: 1,1,0,0,0,0,0,0,0,0,0,0,0,0,0.000021902926
03291912,03/29/1912,"March 29, 1912",1301677,1,0.012932359147,False,03291912: 1,1,0,0,0,0,0,0,0,0,0,0,0,0,0.000021902926
04101912,04/10/1912,"April 10, 1912",4002611,1,0.039235589472,False,04101912: 1,1,0,0,0,0,0,0,0,0,0,0,0,0,0.000021902926
04141912,04/14/1912,"April 14, 1912",2408669,1,0.023798862446,False,04141912: 1,1,0,0,0,0,0,0,0,0,0,0,0,0,0.000021902926
04161912,04/16/1912,"April 16, 1912",386892,1,0.003861385642,True,04161912: 1,1,1,0,0,0,0,0,0,0,0,0,0,0,0.000021902926
04201912,04/20/1912,"April 20, 1912",8802639,1,0.084263235751,False,04201912: 1,1,0,0,0,0,0,0,0,0,0,0,0,0,0.000021902926
05151912,05/15/1912,"May 15, 1912",6215247,1,0.060260350430,False,05151912: 1,1,0,0,0,0,0,0,0,0,0,0,0,0,0.000021902926
05201912,05/20/1912,"May 20, 1912",3429855,1,0.033716964568,False,05201912: 1,1,0,0,0,0,0,0,0,0,0,0,0,0,0.000021902926
05301912,05/30/1912,"May 30, 1912",3667717,1,0.036012653377,False,05301912: 1,1,0,0,0,0,0,0,0,0,0,0,0,0,0.000021902926
06021912,06/02/1912,"June 02, 1912",3251506,1,0.031992070712,False,06021912: 1,1,0,0,0,0,0,0,0,0,0,0,0,0,0.000021902926
06031912,06/03/1912,"June 03, 1912",3042030,1,0.029962201099,True,06031912: 1,1,1,0,0,1,0,0,0,0,0,0,0,0,0.000021902926
06071912,06/07/1912,"June 07, 1912",7375463,1,0.071100354980,False,06071912: 1,1,0,0,0,0,0,0,0,0,0,0,0,0,0.000021902926
06171912,06/17/1912,"June 17, 1912",7260444,1,0.070031329213,False,06171912: 1,1,0,0,0,0,0,0,0,0,0,0,0,0,0.000021902926
06211912,06/21/1912,"June 21, 1912",5426375,2,0.052817689450,False,06211912: 2,2,0,0,0,0,0,0,0,0,0,0,0,0,0.000021902926
06291912,06/29/1912,"June 29, 1912",5211991,1,0.050784903900,True,06291912: 1; 062919120: 1,1,0,1,0,0,0,0,0,0,0,0,0,0,0.000021902926
07061912,07/06/1912,"July 06, 1912",8491928,1,0.081413515961,False,07061912: 1,1,0,0,0,0,0,0,0,0,0,0,0,0,0.000021902926
07091912,07/09/1912,"July 09, 1912",306389,1,0.003059141293,True,07091912: 1; 070919120: 1,1,0,1,0,0,0,0,0,0,0,0,0,0,0.000021902926
07241912,07/24/1912,"July 24, 1912",7970136,1,0.076607878313,False,07241912: 1,1,0,0,0,0,0,0,0,0,0,0,0,0,0.000021902926
08181912,08/18/1912,"August 18, 1912",4173767,1,0.040878588976,False,08181912: 1,1,0,0,0,0,0,0,0,0,0,0,0,0,0.000021902926
09011912,09/01/1912,"September 01, 1912",7507304,1,0.072324218619,False,09011912: 1,1,0,0,0,0,0,0,0,0,0,0,0,0,0.000021902926
09041912,09/04/1912,"September 04, 1912",5174307,1,0.050427134273,False,09041912: 1,1,0,0,0,0,0,0,0,0,0,0,0,0,0.000021902926
09061912,09/06/1912,"September 06, 1912",1712802,1,0.016982110551,True,09061912: 1; 090619120: 1,1,0,1,0,0,0,0,0,0,0,0,0,0,0.000021902926
09291912,09/29/1912,"September 29, 1912",5845017,1,0.056774703817,False,09291912: 1,1,0,0,0,0,0,0,0,0,0,0,0,0,0.000021902926
10201912,10/20/1912,"October 20, 1912",1558022,1,0.015459417338,False,10201912: 1,1,0,0,0,0,0,0,0,0,0,0,0,0,0.000021902926
11061912,11/06/1912,"November 06, 1912",8223467,1,0.078944156325,True,11061912: 1,1,1,0,0,0,0,0,0,0,0,0,0,0,0.000021902926
11081912,11/08/1912,"November 08, 1912",5274069,1,0.051373974793,True,11081912: 1; 110819120: 1,1,0,1,0,0,0,0,0,0,0,0,0,0,0.000021902926
11201912,11/20/1912,"November 20, 1912",8614417,2,0.082537994549,False,11201912: 2,2,0,0,0,0,0,0,0,0,0,0,0,0,0.000021902926
11211912,11/21/1912,"November 21, 1912",4030140,1,0.039500041907,False,11211912: 1,1,0,0,0,0,0,0,0,0,0,0,0,0,0.000021902926
12181912,12/18/1912,"December 18, 1912",4280853,1,0.041905124005,False,12181912: 1,1,0,0,0,0,0,0,0,0,0,0,0,0,0.000021902926
12191912,12/19/1912,"December 19, 1912",9841700,1,0.093729036540,True,12191912: 1,1,1,0,0,0,0,0,0,0,0,0,0,0,0.000021902926
12291912,12/29/1912,"December 29, 1912",4735105,1,0.046247419236,False,12291912: 1,1,0,0,0,0,0,0,0,0,0,0,0,0,0.000021902926
01141913,01/14/1913,"January 14, 1913",992128,1,0.009872167151,False,01141913: 1,1,0,0,0,0,0,0,0,0,0,0,0,0,0.000021902926
01191913,01/19/1913,"January 19, 1913",5710405,1,0.055504154404,False,01191913: 1,1,0,0,0,0,0,0,0,0,0,0,0,0,0.000021902926
01251913,01/25/1913,"January 25, 1913",7366682,1,0.071018784720,False,01251913: 1,1,0,0,0,0,0,0,0,0,0,0,0,0,0.000021902926
02081913,02/08/1913,"February 08, 1913",2338155,1,0.023110261217,False,02081913: 1,1,0,0,0,0,0,0,0,0,0,0,0,0,0.000021902926
02111913,02/11/1913,"February 11, 1913",7538175,1,0.072610557212,False,02111913: 1,1,0,0,0,0,0,0,0,0,0,0,0,0,0.000021902926
02181913,02/18/1913,"February 18, 1913",7226421,1,0.069714872138,False,02181913: 1,1,0,0,0,0,0,0,0,0,0,0,0,0,0.000021902926
02261913,02/26/1913,"February 26, 1913",5372865,1,0.052310716562,False,02261913: 1,1,0,0,0,0,0,0,0,0,0,0,0,0,0.000021902926
03101913,03/10/1913,"March 10, 1913",6377052,1,0.061779666688,False,03101913: 1,1,0,0,0,0,0,0,0,0,0,0,0,0,0.000021902926
03131913,03/13/1913,"March 13, 1913",1381615,1,0.013721085997,False,03131913: 1,1,0,0,0,0,0,0,0,0,0,0,0,0,0.000021902926
03141913,03/14/1913,"March 14, 1913",1692036,1,0.016777955858,False,03141913: 1,1,0,0,0,0,0,0,0,0,0,0,0,0,0.000021902926
03151913,03/15/1913,"March 15, 1913",6591321,1,0.063787829831,True,03151913: 1; 031519130: 1,1,0,1,0,0,0,0,0,0,0,0,0,0,0.000021902926
03211913,03/21/1913,"March 21, 1913",5887861,1,0.057178732709,False,03211913: 1,1,0,0,0,0,0,0,0,0,0,0,0,0,0.000021902926
03291913,03/29/1913,"March 29, 1913",4637108,1,0.045312312196,False,03291913: 1,1,0,0,0,0,0,0,0,0,0,0,0,0,0.000021902926
03301913,03/30/1913,"March 30, 1913",5156805,1,0.050260925484,False,03301913: 1,1,0,0,0,0,0,0,0,0,0,0,0,0,0.000021902926
05231913,05/23/1913,"May 23, 1913",4504690,1,0.044047296472,False,05231913: 1,1,0,0,0,0,0,0,0,0,0,0,0,0,0.000021902926
06051913,06/05/1913,"June 05, 1913",1556712,1,0.015446519772,True,06051913: 1,1,1,0,0,0,0,0,0,0,0,0,0,0,0.000021902926
06271913,06/27/1913,"June 27, 1913",5284723,1,0.051475036027,False,06271913: 1,1,0,0,0,0,0,0,0,0,0,0,0,0,0.000021902926
07031913,07/03/1913,"July 03, 1913",8083402,1,0.077653175549,False,07031913: 1,1,0,0,0,0,0,0,0,0,0,0,0,0,0.000021902926
07051913,07/05/1913,"July 05, 1913",7336386,1,0.070737297931,False,07051913: 1,1,0,0,0,0,0,0,0,0,0,0,0,0,0.000021902926
07151913,07/15/1913,"July 15, 1913",9187253,1,0.087778523108,False,07151913: 1,1,0,0,0,0,0,0,0,0,0,0,0,0,0.000021902926
07311913,07/31/1913,"July 31, 1913",457607,1,0.004565556064,False,07311913: 1,1,0,0,0,0,0,0,0,0,0,0,0,0,0.000021902926
08061913,08/06/1913,"August 06, 1913",5473606,1,0.053264947501,False,08061913: 1,1,0,0,0,0,0,0,0,0,0,0,0,0,0.000021902926
08241913,08/24/1913,"August 24, 1913",1892904,3,0.018750952111,False,08241913: 3,3,0,0,0,0,0,0,0,0,0,0,0,0,0.000021902926
09041913,09/04/1913,"September 04, 1913",1767498,1,0.017519635006,False,09041913: 1,1,0,0,0,0,0,0,0,0,0,0,0,0,0.000021902926
09111913,09/11/1913,"September 11, 1913",8173747,1,0.078486093490,False,09111913: 1,1,0,0,0,0,0,0,0,0,0,0,0,0,0.000021902926
09281913,09/28/1913,"September 28, 1913",5197243,1,0.050644903333,False,09281913: 1,1,0,0,0,0,0,0,0,0,0,0,0,0,0.000021902926
10011913,10/01/1913,"October 01, 1913",545229,1,0.005437393624,True,10011913: 1; 100119130: 1,1,0,1,0,0,0,0,0,0,0,0,0,0,0.000021902926
10061913,10/06/1913,"October 06, 1913",9720133,1,0.092626640167,False,10061913: 1,1,0,0,0,0,0,0,0,0,0,0,0,0,0.000021902926
10271913,10/27/1913,"October 27, 1913",886199,2,0.008822778923,False,10271913: 2,2,0,0,0,0,0,0,0,0,0,0,0,0,0.000021902926
11071913,11/07/1913,"November 07, 1913",3727561,1,0.036589369389,False,11071913: 1,1,0,0,0,0,0,0,0,0,0,0,0,0,0.000021902926
11151913,11/15/1913,"November 15, 1913",6730627,1,0.065091121577,False,11151913: 1,1,0,0,0,0,0,0,0,0,0,0,0,0,0.000021902926
11211913,11/21/1913,"November 21, 1913",9444747,1,0.090124417137,False,11211913: 1,1,0,0,0,0,0,0,0,0,0,0,0,0,0.000021902926
12031913,12/03/1913,"December 03, 1913",2536810,1,0.025048975233,True,12031913: 1,1,1,0,0,0,0,0,0,0,0,0,0,0,0.000021902926
12061913,12/06/1913,"December 06, 1913",3149742,1,0.031006485713,False,12061913: 1,1,0,0,0,0,0,0,0,0,0,0,0,0,0.000021902926
12071913,12/07/1913,"December 07, 1913",8385255,1,0.080433109370,True,12071913: 1; 120719130: 1,1,0,1,0,0,0,0,0,0,0,0,0,0,0.000021902926
12101913,12/10/1913,"December 10, 1913",1700385,1,0.016860041640,False,12101913: 1,1,0,0,0,0,0,0,0,0,0,0,0,0,0.000021902926
01031914,01/03/1914,"January 03, 1914",6874839,1,0.066438400680,False,01031914: 1,1,0,0,0,0,0,0,0,0,0,0,0,0,0.000021902926
01121914,01/12/1914,"January 12, 1914",6318809,1,0.061233059850,True,01121914: 1; 0011219140: 1; 011219140: 1,1,1,1,1,0,0,0,0,0,0,0,0,0,0.000021902926
01161914,01/16/1914,"January 16, 1914",8222054,1,0.078931141714,False,01161914: 1,1,0,0,0,0,0,0,0,0,0,0,0,0,0.000021902926
01171914,01/17/1914,"January 17, 1914",1230624,1,0.012230768748,False,01171914: 1,1,0,0,0,0,0,0,0,0,0,0,0,0,0.000021902926
01231914,01/23/1914,"January 23, 1914",8537494,1,0.081831983736,False,01231914: 1,1,0,0,0,0,0,0,0,0,0,0,0,0,0.000021902926
02191914,02/19/1914,"February 19, 1914",5919909,1,0.057480839660,False,02191914: 1,1,0,0,0,0,0,0,0,0,0,0,0,0,0.000021902926
02241914,02/24/1914,"February 24, 1914",5500673,1,0.053521165603,False,02241914: 1,1,0,0,0,0,0,0,0,0,0,0,0,0,0.000021902926
02281914,02/28/1914,"February 28, 1914",1871510,1,0.018541001230,False,02281914: 1,1,0,0,0,0,0,0,0,0,0,0,0,0,0.000021902926
03091914,03/09/1914,"March 09, 1914",1227466,1,0.012199574503,False,03091914: 1,1,0,0,0,0,0,0,0,0,0,0,0,0,0.000021902926
03121914,03/12/1914,"March 12, 1914",5517961,1,0.053684778723,True,03121914: 1; 031219140: 1,1,0,1,0,0,0,0,0,0,0,0,0,0,0.000021902926
03221914,03/22/1914,"March 22, 1914",6621948,1,0.064074519630,False,03221914: 1,1,0,0,0,0,0,0,0,0,0,0,0,0,0.000021902926
03291914,03/29/1914,"March 29, 1914",7757054,1,0.074638198121,True,03291914: 1,1,1,0,0,0,0,0,0,0,0,0,0,0,0.000021902926
04041914,04/04/1914,"April 04, 1914",6369285,2,0.061706792284,False,04041914: 2,2,0,0,0,0,0,0,0,0,0,0,0,0,0.000021902926
04071914,04/07/1914,"April 07, 1914",1996739,1,0.019769303276,True,04071914: 1,1,1,0,0,0,0,0,0,0,0,0,0,0,0.000021902926
04111914,04/11/1914,"April 11, 1914",8294189,1,0.079595315162,False,04111914: 1,1,0,0,0,0,0,0,0,0,0,0,0,0,0.000021902926
04151914,04/15/1914,"April 15, 1914",3161445,1,0.031119880389,True,04151914: 1; 041519140: 1,1,0,1,0,0,0,0,0,0,0,0,0,0,0.000021902926
04191914,04/19/1914,"April 19, 1914",8526255,1,0.081728785033,False,04191914: 1,1,0,0,0,0,0,0,0,0,0,0,0,0,0.000021902926
05031914,05/03/1914,"May 03, 1914",6693972,2,0.064748367910,False,05031914: 2,2,0,0,0,0,0,0,0,0,0,0,0,0,0.000021902926
05181914,05/18/1914,"May 18, 1914",9689309,1,0.092346908290,False,05181914: 1,1,0,0,0,0,0,0,0,0,0,0,0,0,0.000021902926
05251914,05/25/1914,"May 25, 1914",7951813,1,0.076438669672,False,05251914: 1,1,0,0,0,0,0,0,0,0,0,0,0,0,0.000021902926
06181914,06/18/1914,"June 18, 1914",1171840,1,0.011649947779,False,06181914: 1,1,0,0,0,0,0,0,0,0,0,0,0,0,0.000021902926
06201914,06/20/1914,"June 20, 1914",9005250,1,0.086116740849,False,06201914: 1,1,0,0,0,0,0,0,0,0,0,0,0,0,0.000021902926
06251914,06/25/1914,"June 25, 1914",2686683,1,0.026509069181,False,06251914: 1,1,0,0,0,0,0,0,0,0,0,0,0,0,0.000021902926
07021914,07/02/1914,"July 02, 1914",4467870,1,0.043695249875,False,07021914: 1,1,0,0,0,0,0,0,0,0,0,0,0,0,0.000021902926
07111914,07/11/1914,"July 11, 1914",142267,1,0.001421598584,False,07111914: 1,1,0,0,0,0,0,0,0,0,0,0,0,0,0.000021902926
07311914,07/31/1914,"July 31, 1914",3419606,1,0.033617925144,False,07311914: 1,1,0,0,0,0,0,0,0,0,0,0,0,0,0.000021902926
08111914,08/11/1914,"August 11, 1914",6569099,1,0.063579761643,False,08111914: 1,1,0,0,0,0,0,0,0,0,0,0,0,0,0.000021902926
08231914,08/23/1914,"August 23, 1914",9525606,1,0.090859836075,False,08231914: 1,1,0,0,0,0,0,0,0,0,0,0,0,0,0.000021902926
08261914,08/26/1914,"August 26, 1914",2546413,1,0.025142595286,False,08261914: 1,1,0,0,0,0,0,0,0,0,0,0,0,0,0.000021902926
09191914,09/19/1914,"September 19, 1914",4210020,1,0.041226236244,False,09191914: 1,1,0,0,0,0,0,0,0,0,0,0,0,0,0.000021902926
10081914,10/08/1914,"October 08, 1914",2325572,1,0.022987331446,True,10081914: 1; 100819140: 1; 1008191400: 1,1,0,1,0,0,1,0,0,0,0,0,0,0,0.000021902926
10161914,10/16/1914,"October 16, 1914",8517628,1,0.081649562357,False,10161914: 1,1,0,0,0,0,0,0,0,0,0,0,0,0,0.000021902926
11011914,11/01/1914,"November 01, 1914",8413835,1,0.080695884037,False,11011914: 1,1,0,0,0,0,0,0,0,0,0,0,0,0,0.000021902926
11021914,11/02/1914,"November 02, 1914",2315813,2,0.022891980126,False,11021914: 2,2,0,0,0,0,0,0,0,0,0,0,0,0,0.000021902926
11051914,11/05/1914,"November 05, 1914",1263575,1,0.012556194972,False,11051914: 1,1,0,0,0,0,0,0,0,0,0,0,0,0,0.000021902926
11191914,11/19/1914,"November 19, 1914",6520755,1,0.063126949193,False,11191914: 1,1,0,0,0,0,0,0,0,0,0,0,0,0,0.000021902926
11201914,11/20/1914,"November 20, 1914",1944706,1,0.019259127114,False,11201914: 1,1,0,0,0,0,0,0,0,0,0,0,0,0,0.000021902926
11241914,11/24/1914,"November 24, 1914",337663,1,0.003370875832,True,11241914: 1; 112419140: 1,1,0,1,0,0,0,0,0,0,0,0,0,0,0.000021902926
12031914,12/03/1914,"December 03, 1914",8107443,1,0.077874890299,True,12031914: 1; 120319140: 1,1,0,1,0,0,0,0,0,0,0,0,0,0,0.000021902926
12181914,12/18/1914,"December 18, 1914",3150872,1,0.031017435278,False,12181914: 1,1,0,0,0,0,0,0,0,0,0,0,0,0,0.000021902926
01191915,01/19/1915,"January 19, 1915",4368206,1,0.042741683197,False,01191915: 1,1,0,0,0,0,0,0,0,0,0,0,0,0,0.000021902926
02221915,02/22/1915,"February 22, 1915",7141572,1,0.068925199534,False,02221915: 1,1,0,0,0,0,0,0,0,0,0,0,0,0,0.000021902926
02271915,02/27/1915,"February 27, 1915",1371602,1,0.013622324944,True,02271915: 1,1,1,0,0,0,0,0,0,0,0,0,0,0,0.000021902926
03061915,03/06/1915,"March 06, 1915",8985973,1,0.085940554590,False,03061915: 1,1,0,0,0,0,0,0,0,0,0,0,0,0,0.000021902926
03151915,03/15/1915,"March 15, 1915",4600138,1,0.044959298904,False,03151915: 1,1,0,0,0,0,0,0,0,0,0,0,0,0,0.000021902926
04151915,04/15/1915,"April 15, 1915",4401215,1,0.043057612453,True,04151915: 1; 041519150: 1,1,0,1,0,0,0,0,0,0,0,0,0,0,0.000021902926
04161915,04/16/1915,"April 16, 1915",3113974,1,0.030659834118,True,04161915: 1,1,1,0,0,1,0,0,0,0,0,0,0,0,0.000021902926
04261915,04/26/1915,"April 26, 1915",861412,1,0.008577065372,True,04261915: 1,1,1,0,0,0,0,0,0,0,0,0,0,0,0.000021902926
04281915,04/28/1915,"April 28, 1915",3196179,1,0.031456352775,False,04281915: 1,1,0,0,0,0,0,0,0,0,0,0,0,0,0.000021902926
05051915,05/05/1915,"May 05, 1915",5231895,1,0.050973816873,False,05051915: 1,1,0,0,0,0,0,0,0,0,0,0,0,0,0.000021902926
05081915,05/08/1915,"May 08, 1915",5998760,1,0.058223732523,False,05081915: 1,1,0,0,0,0,0,0,0,0,0,0,0,0,0.000021902926
05141915,05/14/1915,"May 14, 1915",4161310,1,0.040759103778,False,05141915: 1,1,0,0,0,0,0,0,0,0,0,0,0,0,0.000021902926
05251915,05/25/1915,"May 25, 1915",557258,1,0.005557022366,False,05251915: 1,1,0,0,0,0,0,0,0,0,0,0,0,0,0.000021902926
05291915,05/29/1915,"May 29, 1915",8882548,1,0.084994699558,False,05291915: 1,1,0,0,0,0,0,0,0,0,0,0,0,0,0.000021902926
06031915,06/03/1915,"June 03, 1915",4770925,1,0.046588992234,False,06031915: 1,1,0,0,0,0,0,0,0,0,0,0,0,0,0.000021902926
07061915,07/06/1915,"July 06, 1915",8746898,1,0.083752652627,True,07061915: 1,1,1,0,0,0,0,0,0,0,0,0,0,0,0.000021902926
07091915,07/09/1915,"July 09, 1915",1610794,1,0.015978842032,False,07091915: 1,1,0,0,0,0,0,0,0,0,0,0,0,0,0.000021902926
07101915,07/10/1915,"July 10, 1915",6134145,1,0.059497893629,True,07101915: 1; 071019150: 1,1,0,1,0,0,0,0,0,0,0,0,0,0,0.000021902926
07301915,07/30/1915,"July 30, 1915",8465356,1,0.081169396726,True,07301915: 1; 073019150: 1,1,0,1,0,0,0,0,0,0,0,0,0,0,0.000021902926
08031915,08/03/1915,"August 03, 1915",8789960,1,0.084147122125,False,08031915: 1,1,0,0,0,0,0,0,0,0,0,0,0,0,0.000021902926
08041915,08/04/1915,"August 04, 1915",4313237,1,0.042215343219,False,08041915: 1,1,0,0,0,0,0,0,0,0,0,0,0,0,0.000021902926
08121915,08/12/1915,"August 12, 1915",7698520,1,0.074096388283,False,08121915: 1,1,0,0,0,0,0,0,0,0,0,0,0,0,0.000021902926
08181915,08/18/1915,"August 18, 1915",8646790,1,0.082834956457,False,08181915: 1,1,0,0,0,0,0,0,0,0,0,0,0,0,0.000021902926
08271915,08/27/1915,"August 27, 1915",5492067,1,0.053439708129,False,08271915: 1,1,0,0,0,0,0,0,0,0,0,0,0,0,0.000021902926
08281915,08/28/1915,"August 28, 1915",2548005,1,0.025158114892,False,08281915: 1,1,0,0,0,0,0,0,0,0,0,0,0,0,0.000021902926
08291915,08/29/1915,"August 29, 1915",9042519,1,0.086457272543,True,08291915: 1,1,1,0,0,0,0,0,0,0,0,0,0,0,0.000021902926
09121915,09/12/1915,"September 12, 1915",1392693,1,0.013830339925,True,09121915: 1; 0091219150: 1; 091219150: 1,1,1,1,1,0,0,0,0,0,0,0,0,0,0.000021902926
09201915,09/20/1915,"September 20, 1915",9308282,1,0.088881907808,True,09201915: 1,1,1,0,0,0,0,0,0,0,0,0,0,0,0.000021902926
09251915,09/25/1915,"September 25, 1915",6572197,1,0.063608771493,False,09251915: 1,1,0,0,0,0,0,0,0,0,0,0,0,0,0.000021902926
10031915,10/03/1915,"October 03, 1915",6288812,1,0.060951415687,False,10031915: 1,1,0,0,0,0,0,0,0,0,0,0,0,0,0.000021902926
11131915,11/13/1915,"November 13, 1915",9307540,1,0.088875147286,False,11131915: 1,1,0,0,0,0,0,0,0,0,0,0,0,0,0.000021902926
11211915,11/21/1915,"November 21, 1915",8743734,1,0.083723662102,False,11211915: 1,1,0,0,0,0,0,0,0,0,0,0,0,0,0.000021902926
11241915,11/24/1915,"November 24, 1915",1218345,2,0.012109473116,False,11241915: 2,2,0,0,0,0,0,0,0,0,0,0,0,0,0.000021902926
11251915,11/25/1915,"November 25, 1915",5519332,1,0.053697752616,False,11251915: 1,1,0,0,0,0,0,0,0,0,0,0,0,0,0.000021902926
11261915,11/26/1915,"November 26, 1915",1422556,2,0.014124795804,False,11261915: 2,2,0,0,0,0,0,0,0,0,0,0,0,0,0.000021902926
12131915,12/13/1915,"December 13, 1915",7827921,1,0.075293741966,False,12131915: 1,1,0,0,0,0,0,0,0,0,0,0,0,0,0.000021902926
12291915,12/29/1915,"December 29, 1915",762912,1,0.007600032662,False,12291915: 1,1,0,0,0,0,0,0,0,0,0,0,0,0,0.000021902926
01081916,01/08/1916,"January 08, 1916",6735511,1,0.065136781412,False,01081916: 1,1,0,0,0,0,0,0,0,0,0,0,0,0,0.000021902926
01271916,01/27/1916,"January 27, 1916",8391906,1,0.080494267730,False,01271916: 1,1,0,0,0,0,0,0,0,0,0,0,0,0,0.000021902926
02181916,02/18/1916,"February 18, 1916",2804403,1,0.027654388449,False,02181916: 1,1,0,0,0,0,0,0,0,0,0,0,0,0,0.000021902926
02201916,02/20/1916,"February 20, 1916",9316808,1,0.088959586426,True,02201916: 1; 022019160: 1,1,0,1,0,0,0,0,0,0,0,0,0,0,0.000021902926
02221916,02/22/1916,"February 22, 1916",8941936,1,0.085537941585,False,02221916: 1,1,0,0,0,0,0,0,0,0,0,0,0,0,0.000021902926
03061916,03/06/1916,"March 06, 1916",7227495,1,0.069724863346,False,03061916: 1,1,0,0,0,0,0,0,0,0,0,0,0,0,0.000021902926
03221916,03/22/1916,"March 22, 1916",5739091,1,0.055775053628,True,03221916: 1; 032219160: 1; 0322191600: 1,1,0,1,0,0,1,0,0,0,0,0,0,0,0.000021902926
03241916,03/24/1916,"March 24, 1916",6267267,1,0.060749075872,False,03241916: 1,1,0,0,0,0,0,0,0,0,0,0,0,0,0.000021902926
03251916,03/25/1916,"March 25, 1916",4644465,1,0.045382545987,False,03251916: 1,1,0,0,0,0,0,0,0,0,0,0,0,0,0.000021902926
04041916,04/04/1916,"April 04, 1916",4327403,1,0.042351013385,False,04041916: 1,1,0,0,0,0,0,0,0,0,0,0,0,0,0.000021902926
04101916,04/10/1916,"April 10, 1916",6921664,1,0.066875438573,True,04101916: 1; 041019160: 1,1,0,1,0,0,0,0,0,0,0,0,0,0,0.000021902926
04141916,04/14/1916,"April 14, 1916",3321319,1,0.032667630253,True,04141916: 1; 041419160: 1,1,0,1,0,0,0,0,0,0,0,0,0,0,0.000021902926
04161916,04/16/1916,"April 16, 1916",9850294,1,0.093806918120,False,04161916: 1,1,0,0,0,0,0,0,0,0,0,0,0,0,0.000021902926
04171916,04/17/1916,"April 17, 1916",5782320,1,0.056183144421,False,04171916: 1,1,0,0,0,0,0,0,0,0,0,0,0,0,0.000021902926
04251916,04/25/1916,"April 25, 1916",2753383,1,0.027158171138,False,04251916: 1,1,0,0,0,0,0,0,0,0,0,0,0,0,0.000021902926
05211916,05/21/1916,"May 21, 1916",7900584,1,0.075965417222,False,05211916: 1,1,0,0,0,0,0,0,0,0,0,0,0,0,0.000021902926
05301916,05/30/1916,"May 30, 1916",2261073,1,0.022356964770,True,05301916: 1; 053019160: 1,1,0,1,0,0,0,0,0,0,0,0,0,0,0.000021902926
06131916,06/13/1916,"June 13, 1916",6218937,1,0.060295026183,False,06131916: 1,1,0,0,0,0,0,0,0,0,0,0,0,0,0.000021902926
06211916,06/21/1916,"June 21, 1916",967733,1,0.009630595999,False,06211916: 1,1,0,0,0,0,0,0,0,0,0,0,0,0,0.000021902926
06231916,06/23/1916,"June 23, 1916",9975838,1,0.094943875334,False,06231916: 1,1,0,0,0,0,0,0,0,0,0,0,0,0,0.000021902926
06271916,06/27/1916,"June 27, 1916",2611349,1,0.025775423208,False,06271916: 1,1,0,0,0,0,0,0,0,0,0,0,0,0,0.000021902926
08161916,08/16/1916,"August 16, 1916",7027744,1,0.067864772283,True,08161916: 1; 081619160: 1,1,0,1,0,0,0,0,0,0,0,0,0,0,0.000021902926
08261916,08/26/1916,"August 26, 1916",6372782,1,0.061739603825,False,08261916: 1,1,0,0,0,0,0,0,0,0,0,0,0,0,0.000021902926
09041916,09/04/1916,"September 04, 1916",2691916,1,0.026560010629,False,09041916: 1,1,0,0,0,0,0,0,0,0,0,0,0,0,0.000021902926
09111916,09/11/1916,"September 11, 1916",1753579,2,0.017382874045,True,09111916: 2,2,1,0,0,0,0,0,0,0,0,0,0,0,0.000021902926
09181916,09/18/1916,"September 18, 1916",5722820,1,0.055621406286,False,09181916: 1,1,0,0,0,0,0,0,0,0,0,0,0,0,0.000021902926
09281916,09/28/1916,"September 28, 1916",4116982,1,0.040333797212,False,09281916: 1,1,0,0,0,0,0,0,0,0,0,0,0,0,0.000021902926
10141916,10/14/1916,"October 14, 1916",5300278,1,0.051622567612,False,10141916: 1,1,0,0,0,0,0,0,0,0,0,0,0,0,0.000021902926
10161916,10/16/1916,"October 16, 1916",4771973,1,0.046598983930,False,10161916: 1,1,0,0,0,0,0,0,0,0,0,0,0,0,0.000021902926
10281916,10/28/1916,"October 28, 1916",1625875,1,0.016127231075,False,10281916: 1,1,0,0,0,0,0,0,0,0,0,0,0,0,0.000021902926
11021916,11/02/1916,"November 02, 1916",8346555,1,0.080077168109,False,11021916: 1,1,0,0,0,0,0,0,0,0,0,0,0,0,0.000021902926
11111916,11/11/1916,"November 11, 1916",5798507,1,0.056335907693,False,11111916: 1,1,0,0,0,0,0,0,0,0,0,0,0,0,0.000021902926
11151916,11/15/1916,"November 15, 1916",389179,1,0.003884167072,False,11151916: 1,1,0,0,0,0,0,0,0,0,0,0,0,0,0.000021902926
11221916,11/22/1916,"November 22, 1916",3435700,1,0.033773442162,True,11221916: 1,1,1,0,0,0,0,0,0,0,0,0,0,0,0.000021902926
12091916,12/09/1916,"December 09, 1916",5977147,1,0.058020164418,True,12091916: 1,1,1,0,0,0,0,0,0,0,0,0,0,0,0.000021902926
01031917,01/03/1917,"January 03, 1917",8985997,1,0.085940773964,False,01031917: 1,1,0,0,0,0,0,0,0,0,0,0,0,0,0.000021902926
01041917,01/04/1917,"January 04, 1917",2059630,1,0.020385586356,False,01041917: 1,1,0,0,0,0,0,0,0,0,0,0,0,0,0.000021902926
01221917,01/22/1917,"January 22, 1917",9685873,1,0.092315720793,False,01221917: 1,1,0,0,0,0,0,0,0,0,0,0,0,0,0.000021902926
01281917,01/28/1917,"January 28, 1917",2225528,1,0.022009399783,False,01281917: 1,1,0,0,0,0,0,0,0,0,0,0,0,0,0.000021902926
02071917,02/07/1917,"February 07, 1917",2924676,1,0.028823154702,True,02071917: 1,1,1,0,0,0,0,0,0,0,0,0,0,0,0.000021902926
02181917,02/18/1917,"February 18, 1917",6123953,1,0.059402032769,False,02181917: 1,1,0,0,0,0,0,0,0,0,0,0,0,0,0.000021902926
03231917,03/23/1917,"March 23, 1917",1178372,1,0.011714504696,False,03231917: 1,1,0,0,0,0,0,0,0,0,0,0,0,0,0.000021902926
04021917,04/02/1917,"April 02, 1917",666942,2,0.006647169245,False,04021917: 2,2,0,0,0,0,0,0,0,0,0,0,0,0,0.000021902926
04121917,04/12/1917,"April 12, 1917",5277555,1,0.051407043320,True,04121917: 1,1,1,0,0,0,0,0,0,0,0,0,0,0,0.000021902926
04221917,04/22/1917,"April 22, 1917",943174,1,0.009387341306,False,04221917: 1,1,0,0,0,0,0,0,0,0,0,0,0,0,0.000021902926
05031917,05/03/1917,"May 03, 1917",4907801,1,0.047893090396,True,05031917: 1,1,1,0,0,0,0,0,0,0,0,0,0,0,0.000021902926
05061917,05/06/1917,"May 06, 1917",4564257,1,0.044616559261,True,05061917: 1,1,1,0,0,0,0,0,0,0,0,0,0,0,0.000021902926
05151917,05/15/1917,"May 15, 1917",1098452,1,0.010924351217,False,05151917: 1,1,0,0,0,0,0,0,0,0,0,0,0,0,0.000021902926
05231917,05/23/1917,"May 23, 1917",7990318,1,0.076794218509,False,05231917: 1,1,0,0,0,0,0,0,0,0,0,0,0,0,0.000021902926
06081917,06/08/1917,"June 08, 1917",7111629,1,0.068646366061,False,06081917: 1,1,0,0,0,0,0,0,0,0,0,0,0,0,0.000021902926
06291917,06/29/1917,"June 29, 1917",4114050,1,0.040305659386,False,06291917: 1,1,0,0,0,0,0,0,0,0,0,0,0,0,0.000021902926
07041917,07/04/1917,"July 04, 1917",4377783,1,0.042833355437,False,07041917: 1,1,0,0,0,0,0,0,0,0,0,0,0,0,0.000021902926
07071917,07/07/1917,"July 07, 1917",6579421,1,0.063676413952,False,07071917: 1,1,0,0,0,0,0,0,0,0,0,0,0,0,0.000021902926
08131917,08/13/1917,"August 13, 1917",1832646,1,0.018159492871,False,08131917: 1,1,0,0,0,0,0,0,0,0,0,0,0,0,0.000021902926
09041917,09/04/1917,"September 04, 1917",2325951,1,0.022991034317,True,09041917: 1,1,1,0,0,0,0,0,0,0,0,0,0,0,0.000021902926
09191917,09/19/1917,"September 19, 1917",1313015,1,0.013044266533,False,09191917: 1,1,0,0,0,0,0,0,0,0,0,0,0,0,0.000021902926
09221917,09/22/1917,"September 22, 1917",8462258,1,0.081140930913,True,09221917: 1; 092219170: 1,1,0,1,0,0,0,0,0,0,0,0,0,0,0.000021902926
09301917,09/30/1917,"September 30, 1917",2090300,1,0.020685988030,False,09301917: 1,1,0,0,0,0,0,0,0,0,0,0,0,0,0.000021902926
10061917,10/06/1917,"October 06, 1917",5822548,1,0.056562746711,False,10061917: 1,1,0,0,0,0,0,0,0,0,0,0,0,0,0.000021902926
10101917,10/10/1917,"October 10, 1917",5409274,1,0.052655697951,True,10101917: 1; 0101019170: 1; 101019170: 1,1,1,1,1,0,0,0,0,0,0,0,0,0,0.000021902926
10121917,10/12/1917,"October 12, 1917",5111070,1,0.049826462970,False,10121917: 1,1,0,0,0,0,0,0,0,0,0,0,0,0,0.000021902926
10181917,10/18/1917,"October 18, 1917",141244,1,0.001411383075,False,10181917: 1,1,0,0,0,0,0,0,0,0,0,0,0,0,0.000021902926
10211917,10/21/1917,"October 21, 1917",9038886,1,0.086424082933,True,10211917: 1; 102119170: 1,1,0,1,0,0,0,0,0,0,0,0,0,0,0.000021902926
10241917,10/24/1917,"October 24, 1917",8067376,1,0.077505348401,True,10241917: 1,1,1,0,0,0,0,0,0,0,0,0,0,0,0.000021902926
11211917,11/21/1917,"November 21, 1917",3320556,1,0.032660249479,False,11211917: 1,1,0,0,0,0,0,0,0,0,0,0,0,0,0.000021902926
12051917,12/05/1917,"December 05, 1917",5379210,1,0.052370845540,False,12051917: 1,1,0,0,0,0,0,0,0,0,0,0,0,0,0.000021902926
12301917,12/30/1917,"December 30, 1917",6023498,1,0.058456680324,False,12301917: 1,1,0,0,0,0,0,0,0,0,0,0,0,0,0.000021902926
01081918,01/08/1918,"January 08, 1918",6217961,1,0.060285854618,True,01081918: 1; 010819180: 1,1,0,1,0,0,0,0,0,0,0,0,0,0,0.000021902926
01101918,01/10/1918,"January 10, 1918",9103606,1,0.087015157980,False,01101918: 1,1,0,0,0,0,0,0,0,0,0,0,0,0,0.000021902926
01191918,01/19/1918,"January 19, 1918",3021546,1,0.029763478202,False,01191918: 1,1,0,0,0,0,0,0,0,0,0,0,0,0,0.000021902926
01271918,01/27/1918,"January 27, 1918",7144325,1,0.068950831671,False,01271918: 1,1,0,0,0,0,0,0,0,0,0,0,0,0,0.000021902926
02071918,02/07/1918,"February 07, 1918",7287376,1,0.070281754654,False,02071918: 1,1,0,0,0,0,0,0,0,0,0,0,0,0,0.000021902926
02081918,02/08/1918,"February 08, 1918",5843671,1,0.056762007919,True,02081918: 1; 020819180: 1,1,0,1,0,0,0,0,0,0,0,0,0,0,0.000021902926
02111918,02/11/1918,"February 11, 1918",2198831,1,0.021748270774,False,02111918: 1,1,0,0,0,0,0,0,0,0,0,0,0,0,0.000021902926
03111918,03/11/1918,"March 11, 1918",4607948,1,0.045033884671,False,03111918: 1,1,0,0,0,0,0,0,0,0,0,0,0,0,0.000021902926
03161918,03/16/1918,"March 16, 1918",4197648,1,0.041107609415,False,03161918: 1,1,0,0,0,0,0,0,0,0,0,0,0,0,0.000021902926
03191918,03/19/1918,"March 19, 1918",6633967,1,0.064187001755,False,03191918: 1,1,0,0,0,0,0,0,0,0,0,0,0,0,0.000021902926
03281918,03/28/1918,"March 28, 1918",6606910,1,0.063933764572,False,03281918: 1,1,0,0,0,0,0,0,0,0,0,0,0,0,0.000021902926
03301918,03/30/1918,"March 30, 1918",4817295,1,0.047030986439,False,03301918: 1,1,0,0,0,0,0,0,0,0,0,0,0,0,0.000021902926
04171918,04/17/1918,"April 17, 1918",1315297,1,0.013066788606,False,04171918: 1,1,0,0,0,0,0,0,0,0,0,0,0,0,0.000021902926
05031918,05/03/1918,"May 03, 1918",7501940,1,0.072274456755,False,05031918: 1,1,0,0,0,0,0,0,0,0,0,0,0,0,0.000021902926
05051918,05/05/1918,"May 05, 1918",9945378,1,0.094668153246,False,05051918: 1,1,0,0,0,0,0,0,0,0,0,0,0,0,0.000021902926
05111918,05/11/1918,"May 11, 1918",1691605,1,0.016773718161,False,05111918: 1,1,0,0,0,0,0,0,0,0,0,0,0,0,0.000021902926
06061918,06/06/1918,"June 06, 1918",7056128,1,0.068129312003,False,06061918: 1,1,0,0,0,0,0,0,0,0,0,0,0,0,0.000021902926
06301918,06/30/1918,"June 30, 1918",5438202,1,0.052929706079,False,06301918: 1,1,0,0,0,0,0,0,0,0,0,0,0,0,0.000021902926
07081918,07/08/1918,"July 08, 1918",2121342,1,0.020989939510,False,07081918: 1,1,0,0,0,0,0,0,0,0,0,0,0,0,0.000021902926
07261918,07/26/1918,"July 26, 1918",7443749,1,0.071734446875,True,07261918: 1,1,1,0,0,0,0,0,0,0,0,0,0,0,0.000021902926
07291918,07/29/1918,"July 29, 1918",1902054,1,0.018840732292,False,07291918: 1,1,0,0,0,0,0,0,0,0,0,0,0,0,0.000021902926
08011918,08/01/1918,"August 01, 1918",994130,1,0.009891989312,False,08011918: 1,1,0,0,0,0,0,0,0,0,0,0,0,0,0.000021902926
08021918,08/02/1918,"August 02, 1918",2005634,1,0.019856490919,True,08021918: 1; 080219180: 1,1,0,1,0,0,0,0,0,0,0,0,0,0,0.000021902926
08061918,08/06/1918,"August 06, 1918",6791146,1,0.065656747914,True,08061918: 1; 080619180: 1; 0806191800: 1,1,0,1,0,0,1,0,0,0,0,0,0,0,0.000021902926
08101918,08/10/1918,"August 10, 1918",4447039,1,0.043496021281,False,08101918: 1,1,0,0,0,0,0,0,0,0,0,0,0,0,0.000021902926
08161918,08/16/1918,"August 16, 1918",3232269,1,0.031805837113,False,08161918: 1,1,0,0,0,0,0,0,0,0,0,0,0,0,0.000021902926
08201918,08/20/1918,"August 20, 1918",3873109,1,0.037990574347,True,08201918: 1,1,1,0,0,0,0,0,0,0,0,0,0,0,0.000021902926
08261918,08/26/1918,"August 26, 1918",572449,1,0.005708076727,True,08261918: 1,1,1,0,0,0,0,0,0,0,0,0,0,0,0.000021902926
08311918,08/31/1918,"August 31, 1918",169981,1,0.001698306260,False,08311918: 1,1,0,0,0,0,0,0,0,0,0,0,0,0,0.000021902926
09141918,09/14/1918,"September 14, 1918",3557786,1,0.034952349742,False,09141918: 1,1,0,0,0,0,0,0,0,0,0,0,0,0,0.000021902926
09191918,09/19/1918,"September 19, 1918",2604013,1,0.025703951470,False,09191918: 1,1,0,0,0,0,0,0,0,0,0,0,0,0,0.000021902926
09221918,09/22/1918,"September 22, 1918",5979288,1,0.058040331991,False,09221918: 1,1,0,0,0,0,0,0,0,0,0,0,0,0,0.000021902926
10031918,10/03/1918,"October 03, 1918",5661587,1,0.055042957853,True,10031918: 1,1,1,0,0,1,0,0,0,0,0,0,0,0,0.000021902926
10041918,10/04/1918,"October 04, 1918",4711806,1,0.046025178531,False,10041918: 1,1,0,0,0,0,0,0,0,0,0,0,0,0,0.000021902926
10071918,10/07/1918,"October 07, 1918",9968871,1,0.094880817877,False,10071918: 1,1,0,0,0,0,0,0,0,0,0,0,0,0,0.000021902926
10191918,10/19/1918,"October 19, 1918",6984023,1,0.067457144333,False,10191918: 1,1,0,0,0,0,0,0,0,0,0,0,0,0,0.000021902926
10211918,10/21/1918,"October 21, 1918",2073063,1,0.020517169123,False,10211918: 1,1,0,0,0,0,0,0,0,0,0,0,0,0,0.000021902926
10251918,10/25/1918,"October 25, 1918",3193245,1,0.031427935287,True,10251918: 1,1,1,0,0,0,0,0,0,0,0,0,0,0,0.000021902926
11011918,11/01/1918,"November 01, 1918",7685582,1,0.073976587122,False,11011918: 1,1,0,0,0,0,0,0,0,0,0,0,0,0,0.000021902926
11191918,11/19/1918,"November 19, 1918",6300549,1,0.061061625353,False,11191918: 1,1,0,0,0,0,0,0,0,0,0,0,0,0,0.000021902926
12101918,12/10/1918,"December 10, 1918",3295448,1,0.032417339318,False,12101918: 1,1,0,0,0,0,0,0,0,0,0,0,0,0,0.000021902926
12191918,12/19/1918,"December 19, 1918",5382335,1,0.052400458489,False,12191918: 1,1,0,0,0,0,0,0,0,0,0,0,0,0,0.000021902926
12201918,12/20/1918,"December 20, 1918",3365079,1,0.033090842297,False,12201918: 1,1,0,0,0,0,0,0,0,0,0,0,0,0,0.000021902926
12211918,12/21/1918,"December 21, 1918",5817341,1,0.056513620654,True,12211918: 1; 122119180: 1,1,0,1,0,0,0,0,0,0,0,0,0,0,0.000021902926
12251918,12/25/1918,"December 25, 1918",8485826,1,0.081357462103,False,12251918: 1,1,0,0,0,0,0,0,0,0,0,0,0,0,0.000021902926
01021919,01/02/1919,"January 02, 1919",2769241,1,0.027312432165,True,01021919: 1,1,1,0,0,0,0,0,0,0,0,0,0,0,0.000021902926
01071919,01/07/1919,"January 07, 1919",3487156,1,0.034270495812,False,01071919: 1,1,0,0,0,0,0,0,0,0,0,0,0,0,0.000021902926
01151919,01/15/1919,"January 15, 1919",1636574,2,0.016232489993,True,01151919: 2,2,1,0,0,0,0,0,0,0,0,0,0,0,0.000021902926
01191919,01/19/1919,"January 19, 1919",6198007,1,0.060098325346,False,01191919: 1,1,0,0,0,0,0,0,0,0,0,0,0,0,0.000021902926
02151919,02/15/1919,"February 15, 1919",2201921,1,0.021778498286,False,02151919: 1,1,0,0,0,0,0,0,0,0,0,0,0,0,0.000021902926
04041919,04/04/1919,"April 04, 1919",18725,1,0.000187172483,False,04041919: 1,1,0,0,0,0,0,0,0,0,0,0,0,0,0.000021902926
05211919,05/21/1919,"May 21, 1919",4409471,1,0.043136614356,False,05211919: 1,1,0,0,0,0,0,0,0,0,0,0,0,0,0.000021902926
05261919,05/26/1919,"May 26, 1919",4170784,1,0.040849977957,False,05261919: 1,1,0,0,0,0,0,0,0,0,0,0,0,0,0.000021902926
06031919,06/03/1919,"June 03, 1919",365881,1,0.003652064966,False,06031919: 1,1,0,0,0,0,0,0,0,0,0,0,0,0,0.000021902926
06041919,06/04/1919,"June 04, 1919",5426514,1,0.052819006032,False,06041919: 1,1,0,0,0,0,0,0,0,0,0,0,0,0,0.000021902926
06061919,06/06/1919,"June 06, 1919",4674832,1,0.045672390661,False,06061919: 1,1,0,0,0,0,0,0,0,0,0,0,0,0,0.000021902926
06141919,06/14/1919,"June 14, 1919",6348680,1,0.061513437047,False,06141919: 1,1,0,0,0,0,0,0,0,0,0,0,0,0,0.000021902926
06301919,06/30/1919,"June 30, 1919",3901610,1,0.038264717587,False,06301919: 1,1,0,0,0,0,0,0,0,0,0,0,0,0,0.000021902926
07031919,07/03/1919,"July 03, 1919",1755860,1,0.017405287286,True,07031919: 1; 070319190: 1,1,0,1,0,0,0,0,0,0,0,0,0,0,0.000021902926
07101919,07/10/1919,"July 10, 1919",207466,1,0.002072449526,False,07101919: 1,1,0,0,0,0,0,0,0,0,0,0,0,0,0.000021902926
07151919,07/15/1919,"July 15, 1919",1784991,1,0.017691485266,False,07151919: 1,1,0,0,0,0,0,0,0,0,0,0,0,0,0.000021902926
07191919,07/19/1919,"July 19, 1919",4880003,1,0.047628386925,False,07191919: 1,1,0,0,0,0,0,0,0,0,0,0,0,0,0.000021902926
07261919,07/26/1919,"July 26, 1919",4214598,1,0.041270127903,False,07261919: 1,1,0,0,0,0,0,0,0,0,0,0,0,0,0.000021902926
08311919,08/31/1919,"August 31, 1919",3731649,1,0.036628752810,False,08311919: 1,1,0,0,0,0,0,0,0,0,0,0,0,0,0.000021902926
09111919,09/11/1919,"September 11, 1919",691309,1,0.006889190044,False,09111919: 1,1,0,0,0,0,0,0,0,0,0,0,0,0,0.000021902926
09151919,09/15/1919,"September 15, 1919",5696891,1,0.055376506609,False,09151919: 1,1,0,0,0,0,0,0,0,0,0,0,0,0,0.000021902926
09241919,09/24/1919,"September 24, 1919",685332,1,0.006829830037,False,09241919: 1,1,0,0,0,0,0,0,0,0,0,0,0,0,0.000021902926
09281919,09/28/1919,"September 28, 1919",4861695,1,0.047454010767,False,09281919: 1,1,0,0,0,0,0,0,0,0,0,0,0,0,0.000021902926
10011919,10/01/1919,"October 01, 1919",5661860,1,0.055045537583,False,10011919: 1,1,0,0,0,0,0,0,0,0,0,0,0,0,0.000021902926
10171919,10/17/1919,"October 17, 1919",6333403,1,0.061370053502,False,10171919: 1,1,0,0,0,0,0,0,0,0,0,0,0,0,0.000021902926
10201919,10/20/1919,"October 20, 1919",8055866,1,0.077399163155,False,10201919: 1,1,0,0,0,0,0,0,0,0,0,0,0,0,0.000021902926
10251919,10/25/1919,"October 25, 1919",7199020,1,0.069459929780,False,10251919: 1,1,0,0,0,0,0,0,0,0,0,0,0,0,0.000021902926
10311919,10/31/1919,"October 31, 1919",3467725,1,0.034082826677,True,10311919: 1; 103119190: 1,1,0,1,0,0,0,0,0,0,0,0,0,0,0.000021902926
11071919,11/07/1919,"November 07, 1919",646101,1,0.006440123005,True,11071919: 1,1,1,0,0,0,0,0,0,0,0,0,0,0,0.000021902926
11141919,11/14/1919,"November 14, 1919",8145224,1,0.078223212587,False,11141919: 1,1,0,0,0,0,0,0,0,0,0,0,0,0,0.000021902926
12081919,12/08/1919,"December 08, 1919",9058915,1,0.086607044732,True,12081919: 1,1,1,0,0,0,0,0,0,0,0,0,0,0,0.000021902926
12121919,12/12/1919,"December 12, 1919",5382333,1,0.052400439537,False,12121919: 1,1,0,0,0,0,0,0,0,0,0,0,0,0,0.000021902926
12141919,12/14/1919,"December 14, 1919",5775608,1,0.056119793307,False,12141919: 1,1,0,0,0,0,0,0,0,0,0,0,0,0,0.000021902926
01201920,01/20/1920,"January 20, 1920",1781496,1,0.017657152984,False,01201920: 1,1,0,0,0,0,0,0,0,0,0,0,0,0,0.000021902926
01271920,01/27/1920,"January 27, 1920",4139261,1,0.040547577432,False,01271920: 1,1,0,0,0,0,0,0,0,0,0,0,0,0,0.000021902926
02111920,02/11/1920,"February 11, 1920",8006493,1,0.076943534969,False,02111920: 1,1,0,0,0,0,0,0,0,0,0,0,0,0,0.000021902926
03091920,03/09/1920,"March 09, 1920",8261093,1,0.079290647611,True,03091920: 1,1,1,0,0,0,0,0,0,0,0,0,0,0,0.000021902926
03161920,03/16/1920,"March 16, 1920",9618503,1,0.091704007856,True,03161920: 1,1,1,0,0,0,0,0,0,0,0,0,0,0,0.000021902926
03291920,03/29/1920,"March 29, 1920",2272786,1,0.022471469394,True,03291920: 1,1,1,0,0,0,0,0,0,0,0,0,0,0,0.000021902926
04041920,04/04/1920,"April 04, 1920",5221807,1,0.050878074282,False,04041920: 1,1,0,0,0,0,0,0,0,0,0,0,0,0,0.000021902926
04201920,04/20/1920,"April 20, 1920",6602770,1,0.063895010628,False,04201920: 1,1,0,0,0,0,0,0,0,0,0,0,0,0,0.000021902926
04291920,04/29/1920,"April 29, 1920",2256986,1,0.022317007682,False,04291920: 1,1,0,0,0,0,0,0,0,0,0,0,0,0,0.000021902926
05111920,05/11/1920,"May 11, 1920",746261,1,0.007434774383,False,05111920: 1,1,0,0,0,0,0,0,0,0,0,0,0,0,0.000021902926
05141920,05/14/1920,"May 14, 1920",2476315,1,0.024459000170,False,05141920: 1,1,0,0,0,0,0,0,0,0,0,0,0,0,0.000021902926
05161920,05/16/1920,"May 16, 1920",4897437,1,0.047794408922,False,05161920: 1,1,0,0,0,0,0,0,0,0,0,0,0,0,0.000021902926
06021920,06/02/1920,"June 02, 1920",890030,1,0.008860750196,False,06021920: 1,1,0,0,0,0,0,0,0,0,0,0,0,0,0.000021902926
06031920,06/03/1920,"June 03, 1920",7896820,1,0.075930635905,False,06031920: 1,1,0,0,0,0,0,0,0,0,0,0,0,0,0.000021902926
06041920,06/04/1920,"June 04, 1920",4499769,1,0.044000252881,False,06041920: 1,1,0,0,0,0,0,0,0,0,0,0,0,0,0.000021902926
06091920,06/09/1920,"June 09, 1920",9924145,1,0.094475903723,False,06091920: 1,1,0,0,0,0,0,0,0,0,0,0,0,0,0.000021902926
08191920,08/19/1920,"August 19, 1920",9058917,1,0.086607063000,False,08191920: 1,1,0,0,0,0,0,0,0,0,0,0,0,0,0.000021902926
08261920,08/26/1920,"August 26, 1920",8699615,1,0.083319320952,False,08261920: 1,1,0,0,0,0,0,0,0,0,0,0,0,0,0.000021902926
09021920,09/02/1920,"September 02, 1920",9785382,1,0.093218499105,False,09021920: 1,1,0,0,0,0,0,0,0,0,0,0,0,0,0.000021902926
09181920,09/18/1920,"September 18, 1920",7800624,1,0.075041290442,False,09181920: 1,1,0,0,0,0,0,0,0,0,0,0,0,0,0.000021902926
09201920,09/20/1920,"September 20, 1920",2279402,1,0.022536140543,False,09201920: 1,1,0,0,0,0,0,0,0,0,0,0,0,0,0.000021902926
10011920,10/01/1920,"October 01, 1920",5390729,1,0.052479996657,False,10011920: 1,1,0,0,0,0,0,0,0,0,0,0,0,0,0.000021902926
10071920,10/07/1920,"October 07, 1920",920717,1,0.009164854438,False,10071920: 1,1,0,0,0,0,0,0,0,0,0,0,0,0,0.000021902926
10111920,10/11/1920,"October 11, 1920",6996200,1,0.067570693164,False,10111920: 1,1,0,0,0,0,0,0,0,0,0,0,0,0,0.000021902926
10281920,10/28/1920,"October 28, 1920",150349,1,0.001502300430,False,10281920: 1,1,0,0,0,0,0,0,0,0,0,0,0,0,0.000021902926
11091920,11/09/1920,"November 09, 1920",1377767,1,0.013683133254,False,11091920: 1,1,0,0,0,0,0,0,0,0,0,0,0,0,0.000021902926
11101920,11/10/1920,"November 10, 1920",6753867,1,0.065308369157,False,11101920: 1,1,0,0,0,0,0,0,0,0,0,0,0,0,0.000021902926
11111920,11/11/1920,"November 11, 1920",1079077,1,0.010732699243,False,11111920: 1,1,0,0,0,0,0,0,0,0,0,0,0,0,0.000021902926
11201920,11/20/1920,"November 20, 1920",9131496,1,0.087269753950,True,11201920: 1,1,1,0,0,0,0,0,0,0,0,0,0,0,0.000021902926
12091920,12/09/1920,"December 09, 1920",1870560,1,0.018531677325,False,12091920: 1,1,0,0,0,0,0,0,0,0,0,0,0,0,0.000021902926
12111920,12/11/1920,"December 11, 1920",4645901,1,0.045396254195,True,12111920: 1; 121119200: 1,1,0,1,0,0,0,0,0,0,0,0,0,0,0.000021902926
12171920,12/17/1920,"December 17, 1920",722651,1,0.007200402065,False,12171920: 1,1,0,0,0,0,0,0,0,0,0,0,0,0,0.000021902926
12211920,12/21/1920,"December 21, 1920",5908349,1,0.057371878146,True,12211920: 1; 122119200: 1; 1221192000: 1,1,0,1,0,0,1,0,0,0,0,0,0,0,0.000021902926
01031921,01/03/1921,"January 03, 1921",2347489,1,0.023201439851,False,01031921: 1,1,0,0,0,0,0,0,0,0,0,0,0,0,0.000021902926
01091921,01/09/1921,"January 09, 1921",2894464,1,0.028529698423,False,01091921: 1,1,0,0,0,0,0,0,0,0,0,0,0,0,0.000021902926
02091921,02/09/1921,"February 09, 1921",8128699,1,0.078070876385,False,02091921: 1,1,0,0,0,0,0,0,0,0,0,0,0,0,0.000021902926
02131921,02/13/1921,"February 13, 1921",6248009,1,0.060568177509,False,02131921: 1,1,0,0,0,0,0,0,0,0,0,0,0,0,0.000021902926
02191921,02/19/1921,"February 19, 1921",4159729,1,0.040743938060,True,02191921: 1,1,1,0,0,0,0,0,0,0,0,0,0,0,0.000021902926
02251921,02/25/1921,"February 25, 1921",6323172,1,0.061274017358,True,02251921: 1; 022519210: 1,1,0,1,0,0,0,0,0,0,0,0,0,0,0.000021902926
03181921,03/18/1921,"March 18, 1921",1464646,2,0.014539663367,False,03181921: 2,2,0,0,0,0,0,0,0,0,0,0,0,0,0.000021902926
03221921,03/22/1921,"March 22, 1921",7618459,1,0.073354803764,False,03221921: 1,1,0,0,0,0,0,0,0,0,0,0,0,0,0.000021902926
03231921,03/23/1921,"March 23, 1921",7968253,1,0.076590490676,True,03231921: 1; 032319210: 1,1,0,1,0,0,0,0,0,0,0,0,0,0,0.000021902926
03281921,03/28/1921,"March 28, 1921",4549973,1,0.044480082542,False,03281921: 1,1,0,0,0,0,0,0,0,0,0,0,0,0,0.000021902926
04161921,04/16/1921,"April 16, 1921",2023554,1,0.020032116901,True,04161921: 1,1,1,0,0,0,0,0,0,0,0,0,0,0,0.000021902926
05281921,05/28/1921,"May 28, 1921",8533836,1,0.081798396535,False,05281921: 1,1,0,0,0,0,0,0,0,0,0,0,0,0,0.000021902926
06011921,06/01/1921,"June 01, 1921",5832504,1,0.056656670650,False,06011921: 1,1,0,0,0,0,0,0,0,0,0,0,0,0,0.000021902926
06021921,06/02/1921,"June 02, 1921",1900327,1,0.018823787525,True,06021921: 1,1,1,0,0,0,0,0,0,0,0,0,0,0,0.000021902926
06071921,06/07/1921,"June 07, 1921",7136878,1,0.068881493857,False,06071921: 1,1,0,0,0,0,0,0,0,0,0,0,0,0,0.000021902926
06171921,06/17/1921,"June 17, 1921",6823241,1,0.065956577266,False,06171921: 1,1,0,0,0,0,0,0,0,0,0,0,0,0,0.000021902926
06211921,06/21/1921,"June 21, 1921",5665172,1,0.055076833956,True,06211921: 1,1,1,0,0,0,0,0,0,0,0,0,0,0,0.000021902926
06241921,06/24/1921,"June 24, 1921",7015416,1,0.067749851567,False,06241921: 1,1,0,0,0,0,0,0,0,0,0,0,0,0,0.000021902926
07031921,07/03/1921,"July 03, 1921",5855927,1,0.056877604084,False,07031921: 1,1,0,0,0,0,0,0,0,0,0,0,0,0,0.000021902926
07141921,07/14/1921,"July 14, 1921",3316812,1,0.032624031600,False,07141921: 1,1,0,0,0,0,0,0,0,0,0,0,0,0,0.000021902926
07291921,07/29/1921,"July 29, 1921",2911830,1,0.028698389309,False,07291921: 1,1,0,0,0,0,0,0,0,0,0,0,0,0,0.000021902926
08021921,08/02/1921,"August 02, 1921",3955096,1,0.038778973786,False,08021921: 1,1,0,0,0,0,0,0,0,0,0,0,0,0,0.000021902926
08061921,08/06/1921,"August 06, 1921",6639325,1,0.064237141273,False,08061921: 1,1,0,0,0,0,0,0,0,0,0,0,0,0,0.000021902926
08251921,08/25/1921,"August 25, 1921",3921564,1,0.038456603103,False,08251921: 1,1,0,0,0,0,0,0,0,0,0,0,0,0,0.000021902926
09051921,09/05/1921,"September 05, 1921",5683012,1,0.055245393215,False,09051921: 1,1,0,0,0,0,0,0,0,0,0,0,0,0,0.000021902926
09261921,09/26/1921,"September 26, 1921",8447048,1,0.081001161818,True,09261921: 1,1,1,0,0,0,0,0,0,0,0,0,0,0,0.000021902926
10201921,10/20/1921,"October 20, 1921",5864430,1,0.056957794373,True,10201921: 1,1,1,0,0,0,0,0,0,0,0,0,0,0,0.000021902926
11011921,11/01/1921,"November 01, 1921",6840463,1,0.066117424375,True,11011921: 1; 110119210: 1,1,0,1,0,0,0,0,0,0,0,0,0,0,0.000021902926
11021921,11/02/1921,"November 02, 1921",7374319,1,0.071089728307,True,11021921: 1; 110219210: 1,1,0,1,0,0,0,0,0,0,0,0,0,0,0.000021902926
11091921,11/09/1921,"November 09, 1921",2963211,1,0.029197325605,False,11091921: 1,1,0,0,0,0,0,0,0,0,0,0,0,0,0.000021902926
11251921,11/25/1921,"November 25, 1921",783848,2,0.007807779773,False,11251921: 2,2,0,0,0,0,0,0,0,0,0,0,0,0,0.000021902926
12071921,12/07/1921,"December 07, 1921",5189438,1,0.050570803275,False,12071921: 1,1,0,0,0,0,0,0,0,0,0,0,0,0,0.000021902926
01051922,01/05/1922,"January 05, 1922",3780086,1,0.037095267954,False,01051922: 1,1,0,0,0,0,0,0,0,0,0,0,0,0,0.000021902926
01071922,01/07/1922,"January 07, 1922",945856,1,0.009413909181,False,01071922: 1,1,0,0,0,0,0,0,0,0,0,0,0,0,0.000021902926
01151922,01/15/1922,"January 15, 1922",3747780,1,0.036784141695,False,01151922: 1,1,0,0,0,0,0,0,0,0,0,0,0,0,0.000021902926
02031922,02/03/1922,"February 03, 1922",6306877,1,0.061121039494,False,02031922: 1,1,0,0,0,0,0,0,0,0,0,0,0,0,0.000021902926
02061922,02/06/1922,"February 06, 1922",3322649,1,0.032680495688,True,02061922: 1,1,1,0,0,1,0,0,0,0,0,0,0,0,0.000021902926
02201922,02/20/1922,"February 20, 1922",8519730,1,0.081668865880,True,02201922: 1,1,1,0,0,1,0,0,1,0,0,0,0,0,0.000021902926
02241922,02/24/1922,"February 24, 1922",3940284,1,0.038636587181,False,02241922: 1,1,0,0,0,0,0,0,0,0,0,0,0,0,0.000021902926
02261922,02/26/1922,"February 26, 1922",5404394,1,0.052609466420,True,02261922: 1,1,1,0,0,0,0,0,0,0,0,0,0,0,0.000021902926
02281922,02/28/1922,"February 28, 1922",8565635,1,0.082090329048,False,02281922: 1,1,0,0,0,0,0,0,0,0,0,0,0,0,0.000021902926
03011922,03/01/1922,"March 01, 1922",4097516,1,0.040146970404,False,03011922: 1,1,0,0,0,0,0,0,0,0,0,0,0,0,0.000021902926
03041922,03/04/1922,"March 04, 1922",4628279,1,0.045228019099,False,03041922: 1,1,0,0,0,0,0,0,0,0,0,0,0,0,0.000021902926
03311922,03/31/1922,"March 31, 1922",2357185,1,0.023296145649,False,03311922: 1,1,0,0,0,0,0,0,0,0,0,0,0,0,0.000021902926
04191922,04/19/1922,"April 19, 1922",5426516,1,0.052819024976,False,04191922: 1,1,0,0,0,0,0,0,0,0,0,0,0,0,0.000021902926
04211922,04/21/1922,"April 21, 1922",8946819,1,0.085582593677,False,04211922: 1,1,0,0,0,0,0,0,0,0,0,0,0,0,0.000021902926
04231922,04/23/1922,"April 23, 1922",1394062,1,0.013843840495,False,04231922: 1,1,0,0,0,0,0,0,0,0,0,0,0,0,0.000021902926
05041922,05/04/1922,"May 04, 1922",3170512,1,0.031207724768,False,05041922: 1,1,0,0,0,0,0,0,0,0,0,0,0,0,0.000021902926
05051922,05/05/1922,"May 05, 1922",2189630,1,0.021658257691,False,05051922: 1,1,0,0,0,0,0,0,0,0,0,0,0,0,0.000021902926
05121922,05/12/1922,"May 12, 1922",9954820,1,0.094753630644,False,05121922: 1,1,0,0,0,0,0,0,0,0,0,0,0,0,0.000021902926
05131922,05/13/1922,"May 13, 1922",5624054,1,0.054688220556,False,05131922: 1,1,0,0,0,0,0,0,0,0,0,0,0,0,0.000021902926
05241922,05/24/1922,"May 24, 1922",2294772,1,0.022686365195,False,05241922: 1,1,0,0,0,0,0,0,0,0,0,0,0,0,0.000021902926
05251922,05/25/1922,"May 25, 1922",8664044,1,0.082993190464,False,05251922: 1,1,0,0,0,0,0,0,0,0,0,0,0,0,0.000021902926
06151922,06/15/1922,"June 15, 1922",3552468,1,0.034901027143,False,06151922: 1,1,0,0,0,0,0,0,0,0,0,0,0,0,0.000021902926
06231922,06/23/1922,"June 23, 1922",7282551,1,0.070236894666,False,06231922: 1,1,0,0,0,0,0,0,0,0,0,0,0,0,0.000021902926
07021922,07/02/1922,"July 02, 1922",2702205,1,0.026660162718,False,07021922: 1,1,0,0,0,0,0,0,0,0,0,0,0,0,0.000021902926
07061922,07/06/1922,"July 06, 1922",286547,1,0.002861308660,False,07061922: 1,1,0,0,0,0,0,0,0,0,0,0,0,0,0.000021902926
07091922,07/09/1922,"July 09, 1922",6381051,1,0.061817185370,False,07091922: 1,1,0,0,0,0,0,0,0,0,0,0,0,0,0.000021902926
07251922,07/25/1922,"July 25, 1922",541233,1,0.005397650108,False,07251922: 1,1,0,0,0,0,0,0,0,0,0,0,0,0,0.000021902926
07271922,07/27/1922,"July 27, 1922",4390390,1,0.042954017831,False,07271922: 1,1,0,0,0,0,0,0,0,0,0,0,0,0,0.000021902926
08031922,08/03/1922,"August 03, 1922",2601466,1,0.025679135834,False,08031922: 1,1,0,0,0,0,0,0,0,0,0,0,0,0,0.000021902926
08141922,08/14/1922,"August 14, 1922",5404183,1,0.052607467424,True,08141922: 1,1,1,0,0,1,0,0,0,0,0,0,0,0,0.000021902926
08201922,08/20/1922,"August 20, 1922",6147437,1,0.059622896863,False,08201922: 1,1,0,0,0,0,0,0,0,0,0,0,0,0,0.000021902926
08211922,08/21/1922,"August 21, 1922",386043,1,0.003852928389,False,08211922: 1,1,0,0,0,0,0,0,0,0,0,0,0,0,0.000021902926
08251922,08/25/1922,"August 25, 1922",6256575,1,0.060648645793,False,08251922: 1,1,0,0,0,0,0,0,0,0,0,0,0,0,0.000021902926
08291922,08/29/1922,"August 29, 1922",2061796,1,0.020406804574,True,08291922: 1; 082919220: 1,1,0,1,0,0,0,0,0,0,0,0,0,0,0.000021902926
09091922,09/09/1922,"September 09, 1922",335597,1,0.003350285261,False,09091922: 1,1,0,0,0,0,0,0,0,0,0,0,0,0,0.000021902926
09181922,09/18/1922,"September 18, 1922",9913210,1,0.094376879248,False,09181922: 1,1,0,0,0,0,0,0,0,0,0,0,0,0,0.000021902926
09221922,09/22/1922,"September 22, 1922",3618480,1,0.035537898055,False,09221922: 1,1,0,0,0,0,0,0,0,0,0,0,0,0,0.000021902926
09231922,09/23/1922,"September 23, 1922",8311883,1,0.079758157161,False,09231922: 1,1,0,0,0,0,0,0,0,0,0,0,0,0,0.000021902926
09271922,09/27/1922,"September 27, 1922",4962946,1,0.048417985017,False,09271922: 1,1,0,0,0,0,0,0,0,0,0,0,0,0,0.000021902926
10031922,10/03/1922,"October 03, 1922",3282679,1,0.032293780798,False,10031922: 1,1,0,0,0,0,0,0,0,0,0,0,0,0,0.000021902926
11131922,11/13/1922,"November 13, 1922",5309279,1,0.051707927224,False,11131922: 1,1,0,0,0,0,0,0,0,0,0,0,0,0,0.000021902926
11191922,11/19/1922,"November 19, 1922",7346212,1,0.070828602799,False,11191922: 1,1,0,0,0,0,0,0,0,0,0,0,0,0,0.000021902926
11281922,11/28/1922,"November 28, 1922",3312562,1,0.032582917247,False,11281922: 1,1,0,0,0,0,0,0,0,0,0,0,0,0,0.000021902926
11301922,11/30/1922,"November 30, 1922",583439,1,0.005817343406,False,11301922: 1,1,0,0,0,0,0,0,0,0,0,0,0,0,0.000021902926
12101922,12/10/1922,"December 10, 1922",7482094,1,0.072090322070,True,12101922: 1; 121019220: 1,1,0,1,0,0,0,0,0,0,0,0,0,0,0.000021902926
01161923,01/16/1923,"January 16, 1923",173175,1,0.001730191507,False,01161923: 1,1,0,0,0,0,0,0,0,0,0,0,0,0,0.000021902926
01201923,01/20/1923,"January 20, 1923",4602628,1,0.044983079122,False,01201923: 1,1,0,0,0,0,0,0,0,0,0,0,0,0,0.000021902926
01241923,01/24/1923,"January 24, 1923",8020312,1,0.077071083330,False,01241923: 1,1,0,0,0,0,0,0,0,0,0,0,0,0,0.000021902926
02111923,02/11/1923,"February 11, 1923",505616,1,0.005043339492,False,02111923: 1,1,0,0,0,0,0,0,0,0,0,0,0,0,0.000021902926
02161923,02/16/1923,"February 16, 1923",1052085,1,0.010465640170,False,02161923: 1,1,0,0,0,0,0,0,0,0,0,0,0,0,0.000021902926
03301923,03/30/1923,"March 30, 1923",1032511,2,0.010271929754,False,03301923: 2,2,0,0,0,0,0,0,0,0,0,0,0,0,0.000021902926
04091923,04/09/1923,"April 09, 1923",5657570,1,0.055004998166,False,04091923: 1,1,0,0,0,0,0,0,0,0,0,0,0,0,0.000021902926
04231923,04/23/1923,"April 23, 1923",8502577,1,0.081511331029,False,04231923: 1,1,0,0,0,0,0,0,0,0,0,0,0,0,0.000021902926
05081923,05/08/1923,"May 08, 1923",2082832,1,0.020612850128,False,05081923: 1,1,0,0,0,0,0,0,0,0,0,0,0,0,0.000021902926
06071923,06/07/1923,"June 07, 1923",1494030,1,0.014829188496,False,06071923: 1,1,0,0,0,0,0,0,0,0,0,0,0,0,0.000021902926
06171923,06/17/1923,"June 17, 1923",1999254,1,0.019793955768,False,06171923: 1,1,0,0,0,0,0,0,0,0,0,0,0,0,0.000021902926
07091923,07/09/1923,"July 09, 1923",8628434,1,0.082666586187,False,07091923: 1,1,0,0,0,0,0,0,0,0,0,0,0,0,0.000021902926
07101923,07/10/1923,"July 10, 1923",2614252,1,0.025803704537,False,07101923: 1,1,0,0,0,0,0,0,0,0,0,0,0,0,0.000021902926
07121923,07/12/1923,"July 12, 1923",2288466,1,0.022624733853,False,07121923: 1,1,0,0,0,0,0,0,0,0,0,0,0,0,0.000021902926
07301923,07/30/1923,"July 30, 1923",4380778,1,0.042862022149,True,07301923: 1; 073019230: 1,1,0,1,0,0,0,0,0,0,0,0,0,0,0.000021902926
08111923,08/11/1923,"August 11, 1923",1012222,1,0.010071103452,False,08111923: 1,1,0,0,0,0,0,0,0,0,0,0,0,0,0.000021902926
08151923,08/15/1923,"August 15, 1923",9658062,1,0.092063249610,False,08151923: 1,1,0,0,0,0,0,0,0,0,0,0,0,0,0.000021902926
09031923,09/03/1923,"September 03, 1923",5974514,1,0.057995361763,False,09031923: 1,1,0,0,0,0,0,0,0,0,0,0,0,0,0.000021902926
09301923,09/30/1923,"September 30, 1923",1207992,1,0.012007191514,False,09301923: 1,1,0,0,0,0,0,0,0,0,0,0,0,0,0.000021902926
10071923,10/07/1923,"October 07, 1923",235641,1,0.002353576010,True,10071923: 1; 100719230: 1,1,0,1,0,0,0,0,0,0,0,0,0,0,0.000021902926
10111923,10/11/1923,"October 11, 1923",8819856,1,0.084420884580,False,10111923: 1,1,0,0,0,0,0,0,0,0,0,0,0,0,0.000021902926
10161923,10/16/1923,"October 16, 1923",1765365,1,0.017498678476,False,10161923: 1,1,0,0,0,0,0,0,0,0,0,0,0,0,0.000021902926
10201923,10/20/1923,"October 20, 1923",4293909,1,0.042030204707,True,10201923: 1; 102019230: 1,1,0,1,0,0,0,0,0,0,0,0,0,0,0.000021902926
10221923,10/22/1923,"October 22, 1923",7096622,1,0.068506587331,True,10221923: 1; 102219230: 1,1,0,1,0,0,0,0,0,0,0,0,0,0,0.000021902926
11081923,11/08/1923,"November 08, 1923",8998881,1,0.086058533770,False,11081923: 1,1,0,0,0,0,0,0,0,0,0,0,0,0,0.000021902926
11091923,11/09/1923,"November 09, 1923",9188371,1,0.087788721687,False,11091923: 1,1,0,0,0,0,0,0,0,0,0,0,0,0,0.000021902926
11151923,11/15/1923,"November 15, 1923",4736569,1,0.046261382072,True,11151923: 1,1,1,0,0,0,0,0,0,0,0,0,0,0,0.000021902926
11291923,11/29/1923,"November 29, 1923",2232661,3,0.022079157365,False,11291923: 3,3,0,0,0,0,0,0,0,0,0,0,0,0,0.000021902926
12021923,12/02/1923,"December 02, 1923",9476243,1,0.090410946428,False,12021923: 1,1,0,0,0,0,0,0,0,0,0,0,0,0,0.000021902926
12031923,12/03/1923,"December 03, 1923",5750345,2,0.055881310726,False,12031923: 2,2,0,0,0,0,0,0,0,0,0,0,0,0,0.000021902926
12241923,12/24/1923,"December 24, 1923",3189130,1,0.031388077726,False,12241923: 1,1,0,0,0,0,0,0,0,0,0,0,0,0,0.000021902926
01191924,01/19/1924,"January 19, 1924",7123012,1,0.068752376012,False,01191924: 1,1,0,0,0,0,0,0,0,0,0,0,0,0,0.000021902926
02011924,02/01/1924,"February 01, 1924",6764031,1,0.065403366388,True,02011924: 1; 020119240: 1,1,0,1,0,0,0,0,0,0,0,0,0,0,0.000021902926
02121924,02/12/1924,"February 12, 1924",1426614,2,0.014164801809,True,02121924: 2; 0021219240: 1; 021219240: 1,2,1,1,1,0,0,0,0,0,0,0,0,0,0.000021902926
02271924,02/27/1924,"February 27, 1924",4227556,1,0.041394352072,True,02271924: 1; 022719240: 1,1,0,1,0,0,0,0,0,0,0,0,0,0,0.000021902926
03021924,03/02/1924,"March 02, 1924",2808343,1,0.027692698111,False,03021924: 1,1,0,0,0,0,0,0,0,0,0,0,0,0,0.000021902926
03111924,03/11/1924,"March 11, 1924",105217,1,0.001051556737,False,03111924: 1,1,0,0,0,0,0,0,0,0,0,0,0,0,0.000021902926
03141924,03/14/1924,"March 14, 1924",3366669,1,0.033106216030,False,03141924: 1,1,0,0,0,0,0,0,0,0,0,0,0,0,0.000021902926
03201924,03/20/1924,"March 20, 1924",4240530,1,0.041518713503,False,03201924: 1,1,0,0,0,0,0,0,0,0,0,0,0,0,0.000021902926
03261924,03/26/1924,"March 26, 1924",3810,1,0.000038039277,False,03261924: 1,1,0,0,0,0,0,0,0,0,0,0,0,0,0.000021902926
04111924,04/11/1924,"April 11, 1924",7770922,1,0.074766518399,True,04111924: 1; 0041119240: 1; 041119240: 1,1,1,1,1,0,0,0,0,0,0,0,0,0,0.000021902926
04151924,04/15/1924,"April 15, 1924",2610908,1,0.025771126868,False,04151924: 1,1,0,0,0,0,0,0,0,0,0,0,0,0,0.000021902926
04161924,04/16/1924,"April 16, 1924",2638672,1,0.026041574230,False,04161924: 1,1,0,0,0,0,0,0,0,0,0,0,0,0,0.000021902926
04191924,04/19/1924,"April 19, 1924",7198426,1,0.069454402356,False,04191924: 1,1,0,0,0,0,0,0,0,0,0,0,0,0,0.000021902926
04221924,04/22/1924,"April 22, 1924",2279674,2,0.022538799241,False,04221924: 2,2,0,0,0,0,0,0,0,0,0,0,0,0,0.000021902926
05201924,05/20/1924,"May 20, 1924",9414605,1,0.089850121099,False,05201924: 1,1,0,0,0,0,0,0,0,0,0,0,0,0,0.000021902926
06031924,06/03/1924,"June 03, 1924",624589,1,0.006226365411,False,06031924: 1,1,0,0,0,0,0,0,0,0,0,0,0,0,0.000021902926
07101924,07/10/1924,"July 10, 1924",7391032,1,0.071244964110,False,07101924: 1,1,0,0,0,0,0,0,0,0,0,0,0,0,0.000021902926
07221924,07/22/1924,"July 22, 1924",5872720,1,0.057035969332,False,07221924: 1,1,0,0,0,0,0,0,0,0,0,0,0,0,0.000021902926
07301924,07/30/1924,"July 30, 1924",4682179,1,0.045742502536,False,07301924: 1,1,0,0,0,0,0,0,0,0,0,0,0,0,0.000021902926
08111924,08/11/1924,"August 11, 1924",1484800,1,0.014738253032,False,08111924: 1,1,0,0,0,0,0,0,0,0,0,0,0,0,0.000021902926
08201924,08/20/1924,"August 20, 1924",5057217,1,0.049314628204,False,08201924: 1,1,0,0,0,0,0,0,0,0,0,0,0,0,0.000021902926
08231924,08/23/1924,"August 23, 1924",4082093,1,0.039998920853,False,08231924: 1,1,0,0,0,0,0,0,0,0,0,0,0,0,0.000021902926
08301924,08/30/1924,"August 30, 1924",203286,2,0.002030735282,False,08301924: 2,2,0,0,0,0,0,0,0,0,0,0,0,0,0.000021902926
09061924,09/06/1924,"September 06, 1924",6102184,1,0.059197251707,False,09061924: 1,1,0,0,0,0,0,0,0,0,0,0,0,0,0.000021902926
09081924,09/08/1924,"September 08, 1924",8541464,1,0.081868434283,False,09081924: 1,1,0,0,0,0,0,0,0,0,0,0,0,0,0.000021902926
09121924,09/12/1924,"September 12, 1924",2555645,2,0.025232589968,False,09121924: 2,2,0,0,0,0,0,0,0,0,0,0,0,0,0.000021902926
09251924,09/25/1924,"September 25, 1924",4660354,1,0.045534213106,False,09251924: 1,1,0,0,0,0,0,0,0,0,0,0,0,0,0.000021902926
09301924,09/30/1924,"September 30, 1924",2758309,1,0.027206092147,False,09301924: 1,1,0,0,0,0,0,0,0,0,0,0,0,0,0.000021902926
10081924,10/08/1924,"October 08, 1924",8384060,1,0.080422120480,False,10081924: 1,1,0,0,0,0,0,0,0,0,0,0,0,0,0.000021902926
10101924,10/10/1924,"October 10, 1924",6439131,1,0.062361923747,False,10101924: 1,1,0,0,0,0,0,0,0,0,0,0,0,0,0.000021902926
10231924,10/23/1924,"October 23, 1924",2783257,1,0.027448754503,True,10231924: 1; 102319240: 1,1,0,1,0,0,0,0,0,0,0,0,0,0,0.000021902926
10251924,10/25/1924,"October 25, 1924",3657849,1,0.035917522411,False,10251924: 1,1,0,0,0,0,0,0,0,0,0,0,0,0,0.000021902926
11061924,11/06/1924,"November 06, 1924",5383643,1,0.052412853010,False,11061924: 1,1,0,0,0,0,0,0,0,0,0,0,0,0,0.000021902926
11081924,11/08/1924,"November 08, 1924",8263451,1,0.079312357681,False,11081924: 1,1,0,0,0,0,0,0,0,0,0,0,0,0,0.000021902926
11181924,11/18/1924,"November 18, 1924",6668067,1,0.064506059589,True,11181924: 1; 111819240: 1,1,0,1,0,0,0,0,0,0,0,0,0,0,0.000021902926
12181924,12/18/1924,"December 18, 1924",7154046,1,0.069041334563,False,12181924: 1,1,0,0,0,0,0,0,0,0,0,0,0,0,0.000021902926
12191924,12/19/1924,"December 19, 1924",9913531,1,0.094379786294,False,12191924: 1,1,0,0,0,0,0,0,0,0,0,0,0,0,0.000021902926
01011925,01/01/1925,"January 01, 1925",2301261,1,0.022749781019,False,01011925: 1,1,0,0,0,0,0,0,0,0,0,0,0,0,0.000021902926
01031925,01/03/1925,"January 03, 1925",2471764,1,0.024414602289,False,01031925: 1,1,0,0,0,0,0,0,0,0,0,0,0,0,0.000021902926
01121925,01/12/1925,"January 12, 1925",6222025,1,0.060324043825,False,01121925: 1,1,0,0,0,0,0,0,0,0,0,0,0,0,0.000021902926
02111925,02/11/1925,"February 11, 1925",3741597,1,0.036724584216,False,02111925: 1,1,0,0,0,0,0,0,0,0,0,0,0,0,0.000021902926
02171925,02/17/1925,"February 17, 1925",4210356,1,0.041229457719,False,02171925: 1,1,0,0,0,0,0,0,0,0,0,0,0,0,0.000021902926
03061925,03/06/1925,"March 06, 1925",1302855,1,0.012943986735,True,03061925: 1; 030619250: 1; 0306192500: 1,1,0,1,0,0,1,0,0,0,0,0,0,0,0.000021902926
03261925,03/26/1925,"March 26, 1925",4986433,1,0.048641456843,True,03261925: 1; 032619250: 1,1,0,1,0,0,0,0,0,0,0,0,0,0,0.000021902926
04131925,04/13/1925,"April 13, 1925",3757158,1,0.036874467843,False,04131925: 1,1,0,0,0,0,0,0,0,0,0,0,0,0,0.000021902926
04271925,04/27/1925,"April 27, 1925",5959509,1,0.057854003360,False,04271925: 1,1,0,0,0,0,0,0,0,0,0,0,0,0,0.000021902926
05141925,05/14/1925,"May 14, 1925",383347,1,0.003826071902,False,05141925: 1,1,0,0,0,0,0,0,0,0,0,0,0,0,0.000021902926
05181925,05/18/1925,"May 18, 1925",1590136,1,0.015775541941,False,05181925: 1,1,0,0,0,0,0,0,0,0,0,0,0,0,0.000021902926
05221925,05/22/1925,"May 22, 1925",4323486,1,0.042313501539,False,05221925: 1,1,0,0,0,0,0,0,0,0,0,0,0,0,0.000021902926
05271925,05/27/1925,"May 27, 1925",7072086,1,0.068278008064,False,05271925: 1,1,0,0,0,0,0,0,0,0,0,0,0,0,0.000021902926
05301925,05/30/1925,"May 30, 1925",2876834,1,0.028358413109,False,05301925: 1,1,0,0,0,0,0,0,0,0,0,0,0,0,0.000021902926
06011925,06/01/1925,"June 01, 1925",1276473,1,0.012683547262,False,06011925: 1,1,0,0,0,0,0,0,0,0,0,0,0,0,0.000021902926
06021925,06/02/1925,"June 02, 1925",6036202,1,0.058576286391,False,06021925: 1,1,0,0,0,0,0,0,0,0,0,0,0,0,0.000021902926
06071925,06/07/1925,"June 07, 1925",3075346,1,0.030285325067,False,06071925: 1,1,0,0,0,0,0,0,0,0,0,0,0,0,0.000021902926
09061925,09/06/1925,"September 06, 1925",699568,1,0.006971207680,False,09061925: 1,1,0,0,0,0,0,0,0,0,0,0,0,0,0.000021902926
09181925,09/18/1925,"September 18, 1925",8786116,1,0.084111916063,False,09181925: 1,1,0,0,0,0,0,0,0,0,0,0,0,0,0.000021902926
10221925,10/22/1925,"October 22, 1925",350360,1,0.003497409800,False,10221925: 1,1,0,0,0,0,0,0,0,0,0,0,0,0,0.000021902926
10251925,10/25/1925,"October 25, 1925",7525173,1,0.072489970196,False,10251925: 1,1,0,0,0,0,0,0,0,0,0,0,0,0,0.000021902926
11291925,11/29/1925,"November 29, 1925",7133263,1,0.068847833314,False,11291925: 1,1,0,0,0,0,0,0,0,0,0,0,0,0,0.000021902926
12021925,12/02/1925,"December 02, 1925",2947957,2,0.029049228068,False,12021925: 2,2,0,0,0,0,0,0,0,0,0,0,0,0,0.000021902926
12271925,12/27/1925,"December 27, 1925",1043171,1,0.010377429144,False,12271925: 1,1,0,0,0,0,0,0,0,0,0,0,0,0,0.000021902926
12291925,12/29/1925,"December 29, 1925",761199,1,0.007583032705,False,12291925: 1,1,0,0,0,0,0,0,0,0,0,0,0,0,0.000021902926
01011926,01/01/1926,"January 01, 1926",5461714,1,0.053152355073,False,01011926: 1,1,0,0,0,0,0,0,0,0,0,0,0,0,0.000021902926
01031926,01/03/1926,"January 03, 1926",5362092,1,0.052208616495,False,01031926: 1,1,0,0,0,0,0,0,0,0,0,0,0,0,0.000021902926
01041926,01/04/1926,"January 04, 1926",1306955,1,0.012984455202,False,01041926: 1,1,0,0,0,0,0,0,0,0,0,0,0,0,0.000021902926
01071926,01/07/1926,"January 07, 1926",9862699,1,0.093919324401,False,01071926: 1,1,0,0,0,0,0,0,0,0,0,0,0,0,0.000021902926
01311926,01/31/1926,"January 31, 1926",4746657,1,0.046357590372,True,01311926: 1; 013119260: 1,1,0,1,0,0,0,0,0,0,0,0,0,0,0.000021902926
02241926,02/24/1926,"February 24, 1926",458193,1,0.004571389293,False,02241926: 1,1,0,0,0,0,0,0,0,0,0,0,0,0,0.000021902926
02261926,02/26/1926,"February 26, 1926",2145935,1,0.021230677853,False,02261926: 1,1,0,0,0,0,0,0,0,0,0,0,0,0,0.000021902926
03051926,03/05/1926,"March 05, 1926",1036424,1,0.010310657056,False,03051926: 1,1,0,0,0,0,0,0,0,0,0,0,0,0,0.000021902926
03071926,03/07/1926,"March 07, 1926",4376582,1,0.042821859797,False,03071926: 1,1,0,0,0,0,0,0,0,0,0,0,0,0,0.000021902926
03171926,03/17/1926,"March 17, 1926",8365465,1,0.080251109072,False,03171926: 1,1,0,0,0,0,0,0,0,0,0,0,0,0,0.000021902926
03191926,03/19/1926,"March 19, 1926",8218141,1,0.078895099584,False,03191926: 1,1,0,0,0,0,0,0,0,0,0,0,0,0,0.000021902926
05061926,05/06/1926,"May 06, 1926",5606972,1,0.054526728603,False,05061926: 1,1,0,0,0,0,0,0,0,0,0,0,0,0,0.000021902926
05071926,05/07/1926,"May 07, 1926",7468749,1,0.071966484260,False,05071926: 1,1,0,0,0,0,0,0,0,0,0,0,0,0,0.000021902926
05111926,05/11/1926,"May 11, 1926",1172849,1,0.011659920181,False,05111926: 1,1,0,0,0,0,0,0,0,0,0,0,0,0,0.000021902926
06011926,06/01/1926,"June 01, 1926",3054014,1,0.030078443465,False,06011926: 1,1,0,0,0,0,0,0,0,0,0,0,0,0,0.000021902926
06091926,06/09/1926,"June 09, 1926",7748814,1,0.074561945166,False,06091926: 1,1,0,0,0,0,0,0,0,0,0,0,0,0,0.000021902926
07171926,07/17/1926,"July 17, 1926",5567025,1,0.054148964944,False,07171926: 1,1,0,0,0,0,0,0,0,0,0,0,0,0,0.000021902926
07201926,07/20/1926,"July 20, 1926",1944721,1,0.019259274225,False,07201926: 1,1,0,0,0,0,0,0,0,0,0,0,0,0,0.000021902926
07261926,07/26/1926,"July 26, 1926",5883385,1,0.057136531085,False,07261926: 1,1,0,0,0,0,0,0,0,0,0,0,0,0,0.000021902926
07301926,07/30/1926,"July 30, 1926",6570145,1,0.063589556547,False,07301926: 1,1,0,0,0,0,0,0,0,0,0,0,0,0,0.000021902926
08191926,08/19/1926,"August 19, 1926",259735,1,0.002593919987,False,08191926: 1,1,0,0,0,0,0,0,0,0,0,0,0,0,0.000021902926
08251926,08/25/1926,"August 25, 1926",7033190,1,0.067915534986,False,08251926: 1,1,0,0,0,0,0,0,0,0,0,0,0,0,0.000021902926
08311926,08/31/1926,"August 31, 1926",9002928,1,0.086095520233,False,08311926: 1,1,0,0,0,0,0,0,0,0,0,0,0,0,0.000021902926
09041926,09/04/1926,"September 04, 1926",4712129,1,0.046028259865,True,09041926: 1,1,1,0,0,0,0,0,0,0,0,0,0,0,0.000021902926
09161926,09/16/1926,"September 16, 1926",4361051,2,0.042673188913,False,09161926: 2,2,0,0,0,0,0,0,0,0,0,0,0,0,0.000021902926
09251926,09/25/1926,"September 25, 1926",7245704,1,0.069894241726,False,09251926: 1,1,0,0,0,0,0,0,0,0,0,0,0,0,0.000021902926
09301926,09/30/1926,"September 30, 1926",4659195,1,0.045523150783,False,09301926: 1,1,0,0,0,0,0,0,0,0,0,0,0,0,0.000021902926
10011926,10/01/1926,"October 01, 1926",2168997,1,0.021456375610,False,10011926: 1,1,0,0,0,0,0,0,0,0,0,0,0,0,0.000021902926
10101926,10/10/1926,"October 10, 1926",1720941,1,0.017062115122,False,10101926: 1,1,0,0,0,0,0,0,0,0,0,0,0,0,0.000021902926
10191926,10/19/1926,"October 19, 1926",8340038,1,0.080017214784,False,10191926: 1,1,0,0,0,0,0,0,0,0,0,0,0,0,0.000021902926
10251926,10/25/1926,"October 25, 1926",8357638,1,0.080179117508,False,10251926: 1,1,0,0,0,0,0,0,0,0,0,0,0,0,0.000021902926
10281926,10/28/1926,"October 28, 1926",9981390,1,0.094994122656,True,10281926: 1,1,1,0,0,0,0,0,0,0,0,0,0,0,0.000021902926
11231926,11/23/1926,"November 23, 1926",2913902,1,0.028718514470,False,11231926: 1,1,0,0,0,0,0,0,0,0,0,0,0,0,0.000021902926
12071926,12/07/1926,"December 07, 1926",1235468,1,0.012278615131,False,12071926: 1,1,0,0,0,0,0,0,0,0,0,0,0,0,0.000021902926
12101926,12/10/1926,"December 10, 1926",2120977,1,0.020986366117,True,12101926: 1; 121019260: 1,1,0,1,0,0,0,0,0,0,0,0,0,0,0.000021902926
12151926,12/15/1926,"December 15, 1926",7255303,1,0.069983518294,False,12151926: 1,1,0,0,0,0,0,0,0,0,0,0,0,0,0.000021902926
12181926,12/18/1926,"December 18, 1926",1850047,1,0.018330328075,False,12181926: 1,1,0,0,0,0,0,0,0,0,0,0,0,0,0.000021902926
12291926,12/29/1926,"December 29, 1926",6690245,1,0.064713510432,False,12291926: 1,1,0,0,0,0,0,0,0,0,0,0,0,0,0.000021902926
01151927,01/15/1927,"January 15, 1927",556824,1,0.005552706474,False,01151927: 1,1,0,0,0,0,0,0,0,0,0,0,0,0,0.000021902926
01261927,01/26/1927,"January 26, 1927",817903,1,0.008145613309,False,01261927: 1,1,0,0,0,0,0,0,0,0,0,0,0,0,0.000021902926
02151927,02/15/1927,"February 15, 1927",2778967,1,0.027407031159,True,02151927: 1,1,1,0,0,0,0,0,0,0,0,0,0,0,0.000021902926
03071927,03/07/1927,"March 07, 1927",6057727,1,0.058778906039,False,03071927: 1,1,0,0,0,0,0,0,0,0,0,0,0,0,0.000021902926
03191927,03/19/1927,"March 19, 1927",3107186,1,0.030594033073,False,03191927: 1,1,0,0,0,0,0,0,0,0,0,0,0,0,0.000021902926
05061927,05/06/1927,"May 06, 1927",859022,1,0.008553370080,False,05061927: 1,1,0,0,0,0,0,0,0,0,0,0,0,0,0.000021902926
05081927,05/08/1927,"May 08, 1927",7916533,1,0.076112779747,False,05081927: 1,1,0,0,0,0,0,0,0,0,0,0,0,0,0.000021902926
05251927,05/25/1927,"May 25, 1927",1484975,1,0.014739977239,False,05251927: 1,1,0,0,0,0,0,0,0,0,0,0,0,0,0.000021902926
06101927,06/10/1927,"June 10, 1927",4674633,1,0.045670491547,False,06101927: 1,1,0,0,0,0,0,0,0,0,0,0,0,0,0.000021902926
07141927,07/14/1927,"July 14, 1927",1636890,2,0.016235598693,False,07141927: 2,2,0,0,0,0,0,0,0,0,0,0,0,0,0.000021902926
07161927,07/16/1927,"July 16, 1927",9858490,1,0.093881186663,False,07161927: 1,1,0,0,0,0,0,0,0,0,0,0,0,0,0.000021902926
08031927,08/03/1927,"August 03, 1927",5152811,1,0.050222992147,False,08031927: 1,1,0,0,0,0,0,0,0,0,0,0,0,0,0.000021902926
08071927,08/07/1927,"August 07, 1927",6731166,1,0.065096160722,True,08071927: 1; 080719270: 1,1,0,1,0,0,0,0,0,0,0,0,0,0,0.000021902926
08101927,08/10/1927,"August 10, 1927",6478803,1,0.062733829752,True,08101927: 1,1,1,0,0,0,0,0,0,0,0,0,0,0,0.000021902926
08111927,08/11/1927,"August 11, 1927",6811116,1,0.065843317634,False,08111927: 1,1,0,0,0,0,0,0,0,0,0,0,0,0,0.000021902926
08311927,08/31/1927,"August 31, 1927",7333661,1,0.070711975177,False,08311927: 1,1,0,0,0,0,0,0,0,0,0,0,0,0,0.000021902926
09051927,09/05/1927,"September 05, 1927",6215066,1,0.060258649499,False,09051927: 1,1,0,0,0,0,0,0,0,0,0,0,0,0,0.000021902926
09301927,09/30/1927,"September 30, 1927",1308569,1,0.013000385505,True,09301927: 1,1,1,0,0,0,0,0,0,0,0,0,0,0,0.000021902926
10011927,10/01/1927,"October 01, 1927",987308,1,0.009824441839,False,10011927: 1,1,0,0,0,0,0,0,0,0,0,0,0,0,0.000021902926
10101927,10/10/1927,"October 10, 1927",8839529,1,0.084600988745,False,10101927: 1,1,0,0,0,0,0,0,0,0,0,0,0,0,0.000021902926
10111927,10/11/1927,"October 11, 1927",1421772,1,0.014117066512,False,10111927: 1,1,0,0,0,0,0,0,0,0,0,0,0,0,0.000021902926
10131927,10/13/1927,"October 13, 1927",1832691,2,0.018159934699,True,10131927: 2,2,1,0,0,0,0,0,0,0,0,0,0,0,0.000021902926
10201927,10/20/1927,"October 20, 1927",3606423,1,0.035421605847,True,10201927: 1; 102019270: 1,1,0,1,0,0,0,0,0,0,0,0,0,0,0.000021902926
10271927,10/27/1927,"October 27, 1927",270527,1,0.002701554244,False,10271927: 1,1,0,0,0,0,0,0,0,0,0,0,0,0,0.000021902926
12051927,12/05/1927,"December 05, 1927",6132660,1,0.059483927069,False,12051927: 1,1,0,0,0,0,0,0,0,0,0,0,0,0,0.000021902926
01161928,01/16/1928,"January 16, 1928",5368,1,0.000053618563,False,01161928: 1,1,0,0,0,0,0,0,0,0,0,0,0,0,0.000021902926
01311928,01/31/1928,"January 31, 1928",4081266,1,0.039990981611,True,01311928: 1,1,1,0,0,1,0,0,0,0,0,0,0,0,0.000021902926
02021928,02/02/1928,"February 02, 1928",6824814,2,0.065971269654,False,02021928: 2,2,0,0,0,0,0,0,0,0,0,0,0,0,0.000021902926
02211928,02/21/1928,"February 21, 1928",524234,1,0.005228563282,False,02211928: 1,1,0,0,0,0,0,0,0,0,0,0,0,0,0.000021902926
02291928,02/29/1928,"February 29, 1928",969147,1,0.009644599724,False,02291928: 1,1,0,0,0,0,0,0,0,0,0,0,0,0,0.000021902926
04051928,04/05/1928,"April 05, 1928",708571,1,0.007060606039,True,04051928: 1,1,1,0,0,1,0,0,0,0,0,0,0,0,0.000021902926
04081928,04/08/1928,"April 08, 1928",5642708,1,0.054864542571,True,04081928: 1,1,1,0,0,0,0,0,0,0,0,0,0,0,0.000021902926
04101928,04/10/1928,"April 10, 1928",3982601,1,0.039043321276,True,04101928: 1,1,1,0,0,0,0,0,0,0,0,0,0,0,0.000021902926
04141928,04/14/1928,"April 14, 1928",2648991,1,0.026142071815,False,04141928: 1,1,0,0,0,0,0,0,0,0,0,0,0,0,0.000021902926
04231928,04/23/1928,"April 23, 1928",2400623,1,0.023720314141,False,04231928: 1,1,0,0,0,0,0,0,0,0,0,0,0,0,0.000021902926
04241928,04/24/1928,"April 24, 1928",734299,1,0.007316036628,True,04241928: 1,1,1,0,0,0,0,0,0,0,0,0,0,0,0.000021902926
04291928,04/29/1928,"April 29, 1928",7816858,1,0.075191436053,False,04291928: 1,1,0,0,0,0,0,0,0,0,0,0,0,0,0.000021902926
05221928,05/22/1928,"May 22, 1928",6299015,1,0.061047221928,False,05221928: 1,1,0,0,0,0,0,0,0,0,0,0,0,0,0.000021902926
05231928,05/23/1928,"May 23, 1928",8676409,1,0.083106571347,True,05231928: 1,1,1,0,0,0,0,0,0,0,0,0,0,0,0.000021902926
05261928,05/26/1928,"May 26, 1928",8938605,1,0.085507480346,True,05261928: 1,1,1,0,0,0,0,0,0,0,0,0,0,0,0.000021902926
06071928,06/07/1928,"June 07, 1928",5596380,1,0.054426578769,True,06071928: 1,1,1,0,0,1,0,0,0,0,0,0,0,0,0.000021902926
06091928,06/09/1928,"June 09, 1928",259568,2,0.002592254317,False,06091928: 2,2,0,0,0,0,0,0,0,0,0,0,0,0,0.000021902926
06111928,06/11/1928,"June 11, 1928",2483376,1,0.024527880689,False,06111928: 1,1,0,0,0,0,0,0,0,0,0,0,0,0,0.000021902926
07051928,07/05/1928,"July 05, 1928",1579859,1,0.015674387995,False,07051928: 1,1,0,0,0,0,0,0,0,0,0,0,0,0,0.000021902926
07081928,07/08/1928,"July 08, 1928",7601003,1,0.073193034458,False,07081928: 1,1,0,0,0,0,0,0,0,0,0,0,0,0,0.000021902926
07251928,07/25/1928,"July 25, 1928",5211526,1,0.050780490039,False,07251928: 1,1,0,0,0,0,0,0,0,0,0,0,0,0,0.000021902926
08081928,08/08/1928,"August 08, 1928",3550602,2,0.034883018228,True,08081928: 2; 080819280: 1,2,1,1,0,0,0,0,0,0,0,0,0,0,0.000021902926
08241928,08/24/1928,"August 24, 1928",9551314,1,0.091093527791,False,08241928: 1,1,0,0,0,0,0,0,0,0,0,0,0,0,0.000021902926
09061928,09/06/1928,"September 06, 1928",5074603,1,0.049479899997,False,09061928: 1,1,0,0,0,0,0,0,0,0,0,0,0,0,0.000021902926
09111928,09/11/1928,"September 11, 1928",3824385,1,0.037521730659,False,09111928: 1,1,0,0,0,0,0,0,0,0,0,0,0,0,0.000021902926
09161928,09/16/1928,"September 16, 1928",5280351,1,0.051433565608,False,09161928: 1,1,0,0,0,0,0,0,0,0,0,0,0,0,0.000021902926
10171928,10/17/1928,"October 17, 1928",9081857,1,0.086816571310,False,10171928: 1,1,0,0,0,0,0,0,0,0,0,0,0,0,0.000021902926
10221928,10/22/1928,"October 22, 1928",4383314,1,0.042886294861,False,10221928: 1,1,0,0,0,0,0,0,0,0,0,0,0,0,0.000021902926
10281928,10/28/1928,"October 28, 1928",1470120,1,0.014593605990,True,10281928: 1; 102819280: 1,1,0,1,0,0,0,0,0,0,0,0,0,0,0.000021902926
11101928,11/10/1928,"November 10, 1928",3667192,1,0.036007592430,False,11101928: 1,1,0,0,0,0,0,0,0,0,0,0,0,0,0.000021902926
11141928,11/14/1928,"November 14, 1928",9522244,1,0.090829270269,False,11141928: 1,1,0,0,0,0,0,0,0,0,0,0,0,0,0.000021902926
12031928,12/03/1928,"December 03, 1928",4755640,1,0.046443252223,False,12031928: 1,1,0,0,0,0,0,0,0,0,0,0,0,0,0.000021902926
12251928,12/25/1928,"December 25, 1928",5947504,1,0.057740891943,False,12251928: 1,1,0,0,0,0,0,0,0,0,0,0,0,0,0.000021902926
01091929,01/09/1929,"January 09, 1929",8986402,1,0.085944475896,False,01091929: 1,1,0,0,0,0,0,0,0,0,0,0,0,0,0.000021902926
01121929,01/12/1929,"January 12, 1929",2866729,2,0.028260223764,True,01121929: 2; 0011219290: 1; 011219290: 1,2,1,1,1,0,0,0,0,0,0,0,0,0,0.000021902926
01191929,01/19/1929,"January 19, 1929",5661862,1,0.055045556482,True,01191929: 1,1,1,0,0,0,0,0,0,0,0,0,0,0,0.000021902926
01241929,01/24/1929,"January 24, 1929",6905285,1,0.066722589583,False,01241929: 1,1,0,0,0,0,0,0,0,0,0,0,0,0,0.000021902926
02121929,02/12/1929,"February 12, 1929",8455573,1,0.081079503130,True,02121929: 1; 021219290: 1; 0212192900: 1,1,0,1,0,0,1,0,0,0,0,0,0,0,0.000021902926
02261929,02/26/1929,"February 26, 1929",8592543,1,0.082337286957,False,02261929: 1,1,0,0,0,0,0,0,0,0,0,0,0,0,0.000021902926
03031929,03/03/1929,"March 03, 1929",7547167,1,0.072693944322,False,03031929: 1,1,0,0,0,0,0,0,0,0,0,0,0,0,0.000021902926
03091929,03/09/1929,"March 09, 1929",1343265,1,0.013342775493,False,03091929: 1,1,0,0,0,0,0,0,0,0,0,0,0,0,0.000021902926
04081929,04/08/1929,"April 08, 1929",3420501,1,0.033626574225,False,04081929: 1,1,0,0,0,0,0,0,0,0,0,0,0,0,0.000021902926
04261929,04/26/1929,"April 26, 1929",9667290,1,0.092147030149,False,04261929: 1,1,0,0,0,0,0,0,0,0,0,0,0,0,0.000021902926
04281929,04/28/1929,"April 28, 1929",8757365,1,0.083848551219,True,04281929: 1,1,1,0,0,0,0,0,0,0,0,0,0,0,0.000021902926
06131929,06/13/1929,"June 13, 1929",5692684,1,0.055336765463,True,06131929: 1; 061319290: 1,1,0,1,0,0,0,0,0,0,0,0,0,0,0.000021902926
07061929,07/06/1929,"July 06, 1929",2958636,1,0.029152910366,False,07061929: 1,1,0,0,0,0,0,0,0,0,0,0,0,0,0.000021902926
07251929,07/25/1929,"July 25, 1929",8781713,1,0.084071588623,False,07251929: 1,1,0,0,0,0,0,0,0,0,0,0,0,0,0.000021902926
08011929,08/01/1929,"August 01, 1929",5162000,1,0.050310263148,True,08011929: 1; 080119290: 1,1,0,1,0,0,0,0,0,0,0,0,0,0,0.000021902926
08131929,08/13/1929,"August 13, 1929",8032455,1,0.077183147786,True,08131929: 1; 081319290: 1,1,0,1,0,0,0,0,0,0,0,0,0,0,0.000021902926
08221929,08/22/1929,"August 22, 1929",5766485,1,0.056033679187,False,08221929: 1,1,0,0,0,0,0,0,0,0,0,0,0,0,0.000021902926
08311929,08/31/1929,"August 31, 1929",7676036,1,0.073888184707,False,08311929: 1,1,0,0,0,0,0,0,0,0,0,0,0,0,0.000021902926
09121929,09/12/1929,"September 12, 1929",842241,2,0.008386981459,False,09121929: 2,2,0,0,0,0,0,0,0,0,0,0,0,0,0.000021902926
09171929,09/17/1929,"September 17, 1929",8448917,1,0.081018337746,False,09171929: 1,1,0,0,0,0,0,0,0,0,0,0,0,0,0.000021902926
09241929,09/24/1929,"September 24, 1929",6375624,1,0.061766268806,False,09241929: 1,1,0,0,0,0,0,0,0,0,0,0,0,0,0.000021902926
10231929,10/23/1929,"October 23, 1929",6821888,1,0.065943939573,True,10231929: 1,1,1,0,0,0,0,0,0,0,0,0,0,0,0.000021902926
11011929,11/01/1929,"November 01, 1929",2924396,1,0.028820435403,False,11011929: 1,1,0,0,0,0,0,0,0,0,0,0,0,0,0.000021902926
11121929,11/12/1929,"November 12, 1929",2236407,1,0.022115789594,False,11121929: 1,1,0,0,0,0,0,0,0,0,0,0,0,0,0.000021902926
11161929,11/16/1929,"November 16, 1929",2827349,1,0.027877477279,False,11161929: 1,1,0,0,0,0,0,0,0,0,0,0,0,0,0.000021902926
12121929,12/12/1929,"December 12, 1929",8978366,1,0.085871019442,True,12121929: 1; 121219290: 1,1,0,1,0,0,0,0,0,0,0,0,0,0,0.000021902926
12181929,12/18/1929,"December 18, 1929",2550961,1,0.025186930793,False,12181929: 1,1,0,0,0,0,0,0,0,0,0,0,0,0,0.000021902926
12211929,12/21/1929,"December 21, 1929",1850723,1,0.018336964140,True,12211929: 1; 122119290: 1,1,0,1,0,0,0,0,0,0,0,0,0,0,0.000021902926
12221929,12/22/1929,"December 22, 1929",116935,1,0.001168606659,True,12221929: 1,1,1,0,0,0,0,0,0,0,0,0,0,0,0.000021902926
01011930,01/01/1930,"January 01, 1930",3216357,1,0.031651765798,False,01011930: 1,1,0,0,0,0,0,0,0,0,0,0,0,0,0.000021902926
01031930,01/03/1930,"January 03, 1930",3887030,1,0.038124486359,False,01031930: 1,1,0,0,0,0,0,0,0,0,0,0,0,0,0.000021902926
01081930,01/08/1930,"January 08, 1930",728193,1,0.007255421494,False,01081930: 1,1,0,0,0,0,0,0,0,0,0,0,0,0,0.000021902926
01181930,01/18/1930,"January 18, 1930",53947,1,0.000539264550,False,01181930: 1,1,0,0,0,0,0,0,0,0,0,0,0,0,0.000021902926
02011930,02/01/1930,"February 01, 1930",731264,1,0.007285908213,False,02011930: 1,1,0,0,0,0,0,0,0,0,0,0,0,0,0.000021902926
02051930,02/05/1930,"February 05, 1930",1295222,1,0.012868641873,False,02051930: 1,1,0,0,0,0,0,0,0,0,0,0,0,0,0.000021902926
02141930,02/14/1930,"February 14, 1930",5534986,1,0.053845875177,False,02141930: 1,1,0,0,0,0,0,0,0,0,0,0,0,0,0.000021902926
02261930,02/26/1930,"February 26, 1930",7996409,1,0.076850449261,False,02261930: 1,1,0,0,0,0,0,0,0,0,0,0,0,0,0.000021902926
02281930,02/28/1930,"February 28, 1930",3741326,2,0.036721973736,False,02281930: 2,2,0,0,0,0,0,0,0,0,0,0,0,0,0.000021902926
03161930,03/16/1930,"March 16, 1930",4607105,2,0.045025834273,False,03161930: 2,2,0,0,0,0,0,0,0,0,0,0,0,0,0.000021902926
03221930,03/22/1930,"March 22, 1930",8336729,1,0.079986772050,True,03221930: 1; 032219300: 1,1,0,1,0,0,0,0,0,0,0,0,0,0,0.000021902926
03231930,03/23/1930,"March 23, 1930",3523585,1,0.034622237344,False,03231930: 1,1,0,0,0,0,0,0,0,0,0,0,0,0,0.000021902926
04141930,04/14/1930,"April 14, 1930",3876132,1,0.038019655453,True,04141930: 1,1,1,0,0,1,0,0,0,0,0,0,0,0,0.000021902926
04161930,04/16/1930,"April 16, 1930",2295622,1,0.022694672325,False,04161930: 1,1,0,0,0,0,0,0,0,0,0,0,0,0,0.000021902926
04211930,04/21/1930,"April 21, 1930",8617262,1,0.082564095972,False,04211930: 1,1,0,0,0,0,0,0,0,0,0,0,0,0,0.000021902926
04251930,04/25/1930,"April 25, 1930",4165276,1,0.040797146518,False,04251930: 1,1,0,0,0,0,0,0,0,0,0,0,0,0,0.000021902926
05011930,05/01/1930,"May 01, 1930",8302213,1,0.079669165472,False,05011930: 1,1,0,0,0,0,0,0,0,0,0,0,0,0,0.000021902926
05161930,05/16/1930,"May 16, 1930",4210213,1,0.041228086676,False,05161930: 1,1,0,0,0,0,0,0,0,0,0,0,0,0,0.000021902926
06081930,06/08/1930,"June 08, 1930",9305684,1,0.088858236652,False,06081930: 1,1,0,0,0,0,0,0,0,0,0,0,0,0,0.000021902926
06101930,06/10/1930,"June 10, 1930",41363,2,0.000413484496,False,06101930: 2,2,0,0,0,0,0,0,0,0,0,0,0,0,0.000021902926
06211930,06/21/1930,"June 21, 1930",5913534,1,0.057420752148,False,06211930: 1,1,0,0,0,0,0,0,0,0,0,0,0,0,0.000021902926
07031930,07/03/1930,"July 03, 1930",2324898,1,0.022980746358,False,07031930: 1,1,0,0,0,0,0,0,0,0,0,0,0,0,0.000021902926
07071930,07/07/1930,"July 07, 1930",3052309,1,0.030061906161,False,07071930: 1,1,0,0,0,0,0,0,0,0,0,0,0,0,0.000021902926
07221930,07/22/1930,"July 22, 1930",4806839,1,0.046931338788,False,07221930: 1,1,0,0,0,0,0,0,0,0,0,0,0,0,0.000021902926
07251930,07/25/1930,"July 25, 1930",4788093,1,0.046752659788,False,07251930: 1,1,0,0,0,0,0,0,0,0,0,0,0,0,0.000021902926
08071930,08/07/1930,"August 07, 1930",6435169,2,0.062324773790,False,08071930: 2,2,0,0,0,0,0,0,0,0,0,0,0,0,0.000021902926
08101930,08/10/1930,"August 10, 1930",2735925,1,0.026988317584,False,08101930: 1,1,0,0,0,0,0,0,0,0,0,0,0,0,0.000021902926
08131930,08/13/1930,"August 13, 1930",5990716,1,0.058147972992,True,08131930: 1,1,1,0,0,0,0,0,0,0,0,0,0,0,0.000021902926
09181930,09/18/1930,"September 18, 1930",7817006,1,0.075192804769,False,09181930: 1,1,0,0,0,0,0,0,0,0,0,0,0,0,0.000021902926
09231930,09/23/1930,"September 23, 1930",4562118,1,0.044596123391,False,09231930: 1,1,0,0,0,0,0,0,0,0,0,0,0,0,0.000021902926
09251930,09/25/1930,"September 25, 1930",2713815,1,0.026773160914,False,09251930: 1,1,0,0,0,0,0,0,0,0,0,0,0,0,0.000021902926
10071930,10/07/1930,"October 07, 1930",518832,1,0.005174824277,False,10071930: 1,1,0,0,0,0,0,0,0,0,0,0,0,0,0.000021902926
10241930,10/24/1930,"October 24, 1930",3585686,1,0.035221560483,False,10241930: 1,1,0,0,0,0,0,0,0,0,0,0,0,0,0.000021902926
10251930,10/25/1930,"October 25, 1930",2596495,1,0.025630701139,False,10251930: 1,1,0,0,0,0,0,0,0,0,0,0,0,0,0.000021902926
10271930,10/27/1930,"October 27, 1930",4930243,1,0.048106738257,False,10271930: 1,1,0,0,0,0,0,0,0,0,0,0,0,0,0.000021902926
11141930,11/14/1930,"November 14, 1930",8367985,1,0.080274286452,False,11141930: 1,1,0,0,0,0,0,0,0,0,0,0,0,0,0.000021902926
11201930,11/20/1930,"November 20, 1930",797476,1,0.007942986517,False,11201930: 1,1,0,0,0,0,0,0,0,0,0,0,0,0,0.000021902926
11271930,11/27/1930,"November 27, 1930",1517434,3,0.015059730896,True,11271930: 3; 112719300: 1,3,0,1,0,0,0,0,0,0,0,0,0,0,0.000021902926
11281930,11/28/1930,"November 28, 1930",2319877,1,0.022931688989,False,11281930: 1,1,0,0,0,0,0,0,0,0,0,0,0,0,0.000021902926
11301930,11/30/1930,"November 30, 1930",4742809,1,0.046320893505,True,11301930: 1,1,1,0,0,0,0,0,0,0,0,0,0,0,0.000021902926
12041930,12/04/1930,"December 04, 1930",9531239,1,0.090911046499,False,12041930: 1,1,0,0,0,0,0,0,0,0,0,0,0,0,0.000021902926
12171930,12/17/1930,"December 17, 1930",8552257,1,0.081967522877,True,12171930: 1,1,1,0,0,0,0,0,0,0,0,0,0,0,0.000021902926
12191930,12/19/1930,"December 19, 1930",5702761,1,0.055431954382,True,12191930: 1,1,1,0,0,0,0,0,0,0,0,0,0,0,0.000021902926
01311931,01/31/1931,"January 31, 1931",5616523,1,0.054617026444,False,01311931: 1,1,0,0,0,0,0,0,0,0,0,0,0,0,0.000021902926
02061931,02/06/1931,"February 06, 1931",6086771,1,0.059052234602,False,02061931: 1,1,0,0,0,0,0,0,0,0,0,0,0,0,0.000021902926
02071931,02/07/1931,"February 07, 1931",8587379,1,0.082289897631,False,02071931: 1,1,0,0,0,0,0,0,0,0,0,0,0,0,0.000021902926
02121931,02/12/1931,"February 12, 1931",8483353,1,0.081334743792,False,02121931: 1,1,0,0,0,0,0,0,0,0,0,0,0,0,0.000021902926
02201931,02/20/1931,"February 20, 1931",9645997,1,0.091953700432,False,02201931: 1,1,0,0,0,0,0,0,0,0,0,0,0,0,0.000021902926
02281931,02/28/1931,"February 28, 1931",9204867,1,0.087939187650,False,02281931: 1,1,0,0,0,0,0,0,0,0,0,0,0,0,0.000021902926
03031931,03/03/1931,"March 03, 1931",2636578,1,0.026021179326,False,03031931: 1,1,0,0,0,0,0,0,0,0,0,0,0,0,0.000021902926
03111931,03/11/1931,"March 11, 1931",3002494,2,0.029578611128,False,03111931: 2,2,0,0,0,0,0,0,0,0,0,0,0,0,0.000021902926
03171931,03/17/1931,"March 17, 1931",8495128,1,0.081442910259,False,03171931: 1,1,0,0,0,0,0,0,0,0,0,0,0,0,0.000021902926
04091931,04/09/1931,"April 09, 1931",4663596,1,0.045565156386,False,04091931: 1,1,0,0,0,0,0,0,0,0,0,0,0,0,0.000021902926
04181931,04/18/1931,"April 18, 1931",830417,2,0.008269726203,False,04181931: 2,2,0,0,0,0,0,0,0,0,0,0,0,0,0.000021902926
05151931,05/15/1931,"May 15, 1931",7883246,1,0.075805194215,False,05151931: 1,1,0,0,0,0,0,0,0,0,0,0,0,0,0.000021902926
05261931,05/26/1931,"May 26, 1931",9105083,1,0.087028642667,False,05261931: 1,1,0,0,0,0,0,0,0,0,0,0,0,0,0.000021902926
06011931,06/01/1931,"June 01, 1931",6456698,1,0.062526624162,False,06011931: 1,1,0,0,0,0,0,0,0,0,0,0,0,0,0.000021902926
06041931,06/04/1931,"June 04, 1931",1056193,1,0.010506289407,False,06041931: 1,1,0,0,0,0,0,0,0,0,0,0,0,0,0.000021902926
06261931,06/26/1931,"June 26, 1931",4035925,1,0.039555605223,False,06261931: 1,1,0,0,0,0,0,0,0,0,0,0,0,0,0.000021902926
06271931,06/27/1931,"June 27, 1931",6269568,1,0.060770687787,False,06271931: 1,1,0,0,0,0,0,0,0,0,0,0,0,0,0.000021902926
07021931,07/02/1931,"July 02, 1931",5314404,1,0.051756525947,False,07021931: 1,1,0,0,0,0,0,0,0,0,0,0,0,0,0.000021902926
07111931,07/11/1931,"July 11, 1931",7513075,1,0.072377753244,False,07111931: 1,1,0,0,0,0,0,0,0,0,0,0,0,0,0.000021902926
07141931,07/14/1931,"July 14, 1931",5583984,1,0.054309358222,False,07141931: 1,1,0,0,0,0,0,0,0,0,0,0,0,0,0.000021902926
07301931,07/30/1931,"July 30, 1931",1326379,1,0.013176154485,False,07301931: 1,1,0,0,0,0,0,0,0,0,0,0,0,0,0.000021902926
08011931,08/01/1931,"August 01, 1931",3568727,1,0.035057929831,False,08011931: 1,1,0,0,0,0,0,0,0,0,0,0,0,0,0.000021902926
08071931,08/07/1931,"August 07, 1931",1566062,1,0.015538571220,False,08071931: 1,1,0,0,0,0,0,0,0,0,0,0,0,0,0.000021902926
09171931,09/17/1931,"September 17, 1931",704648,1,0.007021652262,False,09171931: 1,1,0,0,0,0,0,0,0,0,0,0,0,0,0.000021902926
09201931,09/20/1931,"September 20, 1931",4978645,1,0.048567362153,False,09201931: 1,1,0,0,0,0,0,0,0,0,0,0,0,0,0.000021902926
10041931,10/04/1931,"October 04, 1931",9135286,1,0.087304345771,False,10041931: 1,1,0,0,0,0,0,0,0,0,0,0,0,0,0.000021902926
10191931,10/19/1931,"October 19, 1931",5979946,1,0.058046530065,False,10191931: 1,1,0,0,0,0,0,0,0,0,0,0,0,0,0.000021902926
11041931,11/04/1931,"November 04, 1931",553296,1,0.005517621755,False,11041931: 1,1,0,0,0,0,0,0,0,0,0,0,0,0,0.000021902926
11191931,11/19/1931,"November 19, 1931",9078899,2,0.086789558944,False,11191931: 2,2,0,0,0,0,0,0,0,0,0,0,0,0,0.000021902926
11241931,11/24/1931,"November 24, 1931",4886404,1,0.047689346282,False,11241931: 1,1,0,0,0,0,0,0,0,0,0,0,0,0,0.000021902926
12211931,12/21/1931,"December 21, 1931",3301880,1,0.032479572234,False,12211931: 1,1,0,0,0,0,0,0,0,0,0,0,0,0,0.000021902926
01111932,01/11/1932,"January 11, 1932",7791892,1,0.074960519521,False,01111932: 1,1,0,0,0,0,0,0,0,0,0,0,0,0,0.000021902926
01271932,01/27/1932,"January 27, 1932",3415094,1,0.033574321001,False,01271932: 1,1,0,0,0,0,0,0,0,0,0,0,0,0,0.000021902926
01291932,01/29/1932,"January 29, 1932",9355333,1,0.089310497150,True,01291932: 1; 012919320: 1,1,0,1,0,0,0,0,0,0,0,0,0,0,0.000021902926
01311932,01/31/1932,"January 31, 1932",4865203,1,0.047487425494,False,01311932: 1,1,0,0,0,0,0,0,0,0,0,0,0,0,0.000021902926
02031932,02/03/1932,"February 03, 1932",7356600,1,0.070925120111,True,02031932: 1,1,1,0,0,0,0,0,0,0,0,0,0,0,0.000021902926
02041932,02/04/1932,"February 04, 1932",8186053,1,0.078599488015,False,02041932: 1,1,0,0,0,0,0,0,0,0,0,0,0,0,0.000021902926
02051932,02/05/1932,"February 05, 1932",8201060,1,0.078737752216,False,02051932: 1,1,0,0,0,0,0,0,0,0,0,0,0,0,0.000021902926
02071932,02/07/1932,"February 07, 1932",912610,1,0.009084524176,False,02071932: 1,1,0,0,0,0,0,0,0,0,0,0,0,0,0.000021902926
02281932,02/28/1932,"February 28, 1932",1680550,1,0.016665016487,False,02281932: 1,1,0,0,0,0,0,0,0,0,0,0,0,0,0.000021902926
03281932,03/28/1932,"March 28, 1932",6752792,1,0.065298321168,True,03281932: 1,1,1,0,0,0,0,0,0,0,0,0,0,0,0.000021902926
04211932,04/21/1932,"April 21, 1932",1279322,1,0.012711675507,False,04211932: 1,1,0,0,0,0,0,0,0,0,0,0,0,0,0.000021902926
04281932,04/28/1932,"April 28, 1932",5623718,1,0.054685044303,False,04281932: 1,1,0,0,0,0,0,0,0,0,0,0,0,0,0.000021902926
05051932,05/05/1932,"May 05, 1932",982968,1,0.009781467287,False,05051932: 1,1,0,0,0,0,0,0,0,0,0,0,0,0,0.000021902926
05111932,05/11/1932,"May 11, 1932",5374859,1,0.052329613298,False,05111932: 1,1,0,0,0,0,0,0,0,0,0,0,0,0,0.000021902926
05131932,05/13/1932,"May 13, 1932",8609037,1,0.082488633765,False,05131932: 1,1,0,0,0,0,0,0,0,0,0,0,0,0,0.000021902926
05141932,05/14/1932,"May 14, 1932",2233383,1,0.022086217928,False,05141932: 1,1,0,0,0,0,0,0,0,0,0,0,0,0,0.000021902926
05281932,05/28/1932,"May 28, 1932",3038137,1,0.029924436792,True,05281932: 1; 052819320: 1,1,0,1,0,0,0,0,0,0,0,0,0,0,0.000021902926
06081932,06/08/1932,"June 08, 1932",6052191,1,0.058726798597,False,06081932: 1,1,0,0,0,0,0,0,0,0,0,0,0,0,0.000021902926
06141932,06/14/1932,"June 14, 1932",5953601,1,0.057798339730,False,06141932: 1,1,0,0,0,0,0,0,0,0,0,0,0,0,0.000021902926
06251932,06/25/1932,"June 25, 1932",1414759,1,0.014047924117,False,06251932: 1,1,0,0,0,0,0,0,0,0,0,0,0,0,0.000021902926
07011932,07/01/1932,"July 01, 1932",3607366,1,0.035430701779,False,07011932: 1,1,0,0,0,0,0,0,0,0,0,0,0,0,0.000021902926
07041932,07/04/1932,"July 04, 1932",9208272,1,0.087970242792,True,07041932: 1,1,1,0,0,0,0,0,0,0,0,0,0,0,0.000021902926
07131932,07/13/1932,"July 13, 1932",9270429,1,0.088536956990,False,07131932: 1,1,0,0,0,0,0,0,0,0,0,0,0,0,0.000021902926
08061932,08/06/1932,"August 06, 1932",3217703,1,0.031664799678,False,08061932: 1,1,0,0,0,0,0,0,0,0,0,0,0,0,0.000021902926
08261932,08/26/1932,"August 26, 1932",6760713,1,0.065372355957,True,08261932: 1,1,1,0,0,0,0,0,0,0,0,0,0,0,0.000021902926
09041932,09/04/1932,"September 04, 1932",6629882,1,0.064148773013,False,09041932: 1,1,0,0,0,0,0,0,0,0,0,0,0,0,0.000021902926
09081932,09/08/1932,"September 08, 1932",4957248,1,0.048363762328,False,09081932: 1,1,0,0,0,0,0,0,0,0,0,0,0,0,0.000021902926
09171932,09/17/1932,"September 17, 1932",1415886,1,0.014059035734,False,09171932: 1,1,0,0,0,0,0,0,0,0,0,0,0,0,0.000021902926
10131932,10/13/1932,"October 13, 1932",5667975,1,0.055103319782,False,10131932: 1,1,0,0,0,0,0,0,0,0,0,0,0,0,0.000021902926
10151932,10/15/1932,"October 15, 1932",60880,1,0.000608554761,False,10151932: 1,1,0,0,0,0,0,0,0,0,0,0,0,0,0.000021902926
10221932,10/22/1932,"October 22, 1932",9296999,1,0.088779100553,True,10221932: 1; 102219320: 1,1,0,1,0,0,0,0,0,0,0,0,0,0,0.000021902926
11061932,11/06/1932,"November 06, 1932",2342703,1,0.023154689152,False,11061932: 1,1,0,0,0,0,0,0,0,0,0,0,0,0,0.000021902926
11151932,11/15/1932,"November 15, 1932",4903160,1,0.047848902089,False,11151932: 1,1,0,0,0,0,0,0,0,0,0,0,0,0,0.000021902926
11221932,11/22/1932,"November 22, 1932",355266,1,0.003546297018,False,11221932: 1,1,0,0,0,0,0,0,0,0,0,0,0,0,0.000021902926
11231932,11/23/1932,"November 23, 1932",1077120,1,0.010713339092,False,11231932: 1,1,0,0,0,0,0,0,0,0,0,0,0,0,0.000021902926
12011932,12/01/1932,"December 01, 1932",554980,1,0.005534368697,True,12011932: 1,1,1,0,0,1,0,0,0,0,0,0,0,0,0.000021902926
12161932,12/16/1932,"December 16, 1932",942489,1,0.009380555586,True,12161932: 1,1,1,0,0,0,0,0,0,0,0,0,0,0,0.000021902926
12251932,12/25/1932,"December 25, 1932",1969933,1,0.019506507412,True,12251932: 1; 122519320: 1,1,0,1,0,0,0,0,0,0,0,0,0,0,0.000021902926
01081933,01/08/1933,"January 08, 1933",5838054,1,0.056709024752,False,01081933: 1,1,0,0,0,0,0,0,0,0,0,0,0,0,0.000021902926
01151933,01/15/1933,"January 15, 1933",6664891,1,0.064476347829,False,01151933: 1,1,0,0,0,0,0,0,0,0,0,0,0,0,0.000021902926
01181933,01/18/1933,"January 18, 1933",1942935,2,0.019241758039,False,01181933: 2,2,0,0,0,0,0,0,0,0,0,0,0,0,0.000021902926
02051933,02/05/1933,"February 05, 1933",437468,1,0.004365065331,False,02051933: 1,1,0,0,0,0,0,0,0,0,0,0,0,0,0.000021902926
02071933,02/07/1933,"February 07, 1933",8942789,1,0.085545741913,False,02071933: 1,1,0,0,0,0,0,0,0,0,0,0,0,0,0.000021902926
03251933,03/25/1933,"March 25, 1933",3101163,1,0.030535643993,False,03251933: 1,1,0,0,0,0,0,0,0,0,0,0,0,0,0.000021902926
03261933,03/26/1933,"March 26, 1933",294544,1,0.002941046653,True,03261933: 1; 032619330: 1,1,0,1,0,0,0,0,0,0,0,0,0,0,0.000021902926
03271933,03/27/1933,"March 27, 1933",6121250,1,0.059376608062,False,03271933: 1,1,0,0,0,0,0,0,0,0,0,0,0,0,0.000021902926
03281933,03/28/1933,"March 28, 1933",3520676,1,0.034594154096,False,03281933: 1,1,0,0,0,0,0,0,0,0,0,0,0,0,0.000021902926
04071933,04/07/1933,"April 07, 1933",6771074,2,0.065469187712,False,04071933: 2,2,0,0,0,0,0,0,0,0,0,0,0,0,0.000021902926
04091933,04/09/1933,"April 09, 1933",1576092,1,0.015637307751,True,04091933: 1,1,1,0,0,0,0,0,0,0,0,0,0,0,0.000021902926
04241933,04/24/1933,"April 24, 1933",6279313,1,0.060862211225,False,04241933: 1,1,0,0,0,0,0,0,0,0,0,0,0,0,0.000021902926
04251933,04/25/1933,"April 25, 1933",5650493,1,0.054938118503,True,04251933: 1; 042519330: 1,1,0,1,0,0,0,0,0,0,0,0,0,0,0.000021902926
04271933,04/27/1933,"April 27, 1933",8854874,1,0.084741445947,False,04271933: 1,1,0,0,0,0,0,0,0,0,0,0,0,0,0.000021902926
04281933,04/28/1933,"April 28, 1933",792482,1,0.007893441952,True,04281933: 1,1,1,0,0,0,0,0,0,0,0,0,0,0,0.000021902926
05021933,05/02/1933,"May 02, 1933",2019300,1,0.019990428180,False,05021933: 1,1,0,0,0,0,0,0,0,0,0,0,0,0,0.000021902926
05091933,05/09/1933,"May 09, 1933",2103530,1,0.020815542705,True,05091933: 1; 050919330: 1,1,0,1,0,0,0,0,0,0,0,0,0,0,0.000021902926
05171933,05/17/1933,"May 17, 1933",3833345,1,0.037607964850,False,05171933: 1,1,0,0,0,0,0,0,0,0,0,0,0,0,0.000021902926
05311933,05/31/1933,"May 31, 1933",4106521,1,0.040233401278,False,05311933: 1,1,0,0,0,0,0,0,0,0,0,0,0,0,0.000021902926
06101933,06/10/1933,"June 10, 1933",2927032,1,0.028846035359,False,06101933: 1,1,0,0,0,0,0,0,0,0,0,0,0,0,0.000021902926
07031933,07/03/1933,"July 03, 1933",3496513,1,0.034360854895,False,07031933: 1,1,0,0,0,0,0,0,0,0,0,0,0,0,0.000021902926
07061933,07/06/1933,"July 06, 1933",2852691,1,0.028123801358,True,07061933: 1; 070619330: 1,1,0,1,0,0,0,0,0,0,0,0,0,0,0.000021902926
07071933,07/07/1933,"July 07, 1933",1433488,2,0.014232565792,False,07071933: 2,2,0,0,0,0,0,0,0,0,0,0,0,0,0.000021902926
07131933,07/13/1933,"July 13, 1933",9099452,1,0.086977231801,True,07131933: 1,1,1,0,0,0,0,0,0,0,0,0,0,0,0.000021902926
07291933,07/29/1933,"July 29, 1933",9894152,1,0.094204269145,False,07291933: 1,1,0,0,0,0,0,0,0,0,0,0,0,0,0.000021902926
08201933,08/20/1933,"August 20, 1933",2238068,1,0.022132032116,False,08201933: 1,1,0,0,0,0,0,0,0,0,0,0,0,0,0.000021902926
08211933,08/21/1933,"August 21, 1933",6379770,1,0.061805167171,False,08211933: 1,1,0,0,0,0,0,0,0,0,0,0,0,0,0.000021902926
08271933,08/27/1933,"August 27, 1933",6281679,1,0.060884430962,False,08271933: 1,1,0,0,0,0,0,0,0,0,0,0,0,0,0.000021902926
08281933,08/28/1933,"August 28, 1933",7481515,2,0.072084949458,True,08281933: 2; 082819330: 1; 0828193300: 1,2,0,1,0,0,1,0,0,0,0,0,0,0,0.000021902926
09051933,09/05/1933,"September 05, 1933",3660758,1,0.035945567163,True,09051933: 1; 090519330: 1,1,0,1,0,0,0,0,0,0,0,0,0,0,0.000021902926
09121933,09/12/1933,"September 12, 1933",4519931,1,0.044192982123,False,09121933: 1,1,0,0,0,0,0,0,0,0,0,0,0,0,0.000021902926
09141933,09/14/1933,"September 14, 1933",519504,1,0.005181509480,True,09141933: 1,1,1,0,0,0,0,0,0,0,0,0,0,0,0.000021902926
09171933,09/17/1933,"September 17, 1933",4517939,2,0.044173942257,False,09171933: 2,2,0,0,0,0,0,0,0,0,0,0,0,0,0.000021902926
09181933,09/18/1933,"September 18, 1933",5985036,1,0.058094474277,False,09181933: 1,1,0,0,0,0,0,0,0,0,0,0,0,0,0.000021902926
09201933,09/20/1933,"September 20, 1933",6317939,1,0.061224892542,True,09201933: 1,1,1,0,0,0,0,0,0,0,0,0,0,0,0.000021902926
09261933,09/26/1933,"September 26, 1933",9063505,1,0.086648968507,False,09261933: 1,1,0,0,0,0,0,0,0,0,0,0,0,0,0.000021902926
09271933,09/27/1933,"September 27, 1933",1501068,1,0.014898522378,False,09271933: 1,1,0,0,0,0,0,0,0,0,0,0,0,0,0.000021902926
10051933,10/05/1933,"October 05, 1933",5390390,1,0.052476784558,False,10051933: 1,1,0,0,0,0,0,0,0,0,0,0,0,0,0.000021902926
10171933,10/17/1933,"October 17, 1933",6293767,1,0.060997944393,False,10171933: 1,1,0,0,0,0,0,0,0,0,0,0,0,0,0.000021902926
11061933,11/06/1933,"November 06, 1933",3131932,1,0.030833892597,False,11061933: 1,1,0,0,0,0,0,0,0,0,0,0,0,0,0.000021902926
11201933,11/20/1933,"November 20, 1933",7087459,1,0.068421230679,True,11201933: 1,1,1,0,0,1,0,0,0,0,0,0,0,0,0.000021902926
12021933,12/02/1933,"December 02, 1933",366146,1,0.003654705285,False,12021933: 1,1,0,0,0,0,0,0,0,0,0,0,0,0,0.000021902926
12191933,12/19/1933,"December 19, 1933",2689711,1,0.026538546040,True,12191933: 1,1,1,0,0,0,0,0,0,0,0,0,0,0,0.000021902926
12201933,12/20/1933,"December 20, 1933",4759791,1,0.046482833542,False,12201933: 1,1,0,0,0,0,0,0,0,0,0,0,0,0,0.000021902926
12221933,12/22/1933,"December 22, 1933",2610183,1,0.025764063683,False,12221933: 1,1,0,0,0,0,0,0,0,0,0,0,0,0,0.000021902926
01201934,01/20/1934,"January 20, 1934",4241348,1,0.041526553848,False,01201934: 1,1,0,0,0,0,0,0,0,0,0,0,0,0,0.000021902926
02051934,02/05/1934,"February 05, 1934",5629374,1,0.054738509805,False,02051934: 1,1,0,0,0,0,0,0,0,0,0,0,0,0,0.000021902926
02071934,02/07/1934,"February 07, 1934",1274898,1,0.012667996905,True,02071934: 1; 020719340: 1,1,0,1,0,0,0,0,0,0,0,0,0,0,0.000021902926
02161934,02/16/1934,"February 16, 1934",2248562,1,0.022234644197,False,02161934: 1,1,0,0,0,0,0,0,0,0,0,0,0,0,0.000021902926
02181934,02/18/1934,"February 18, 1934",3652292,1,0.035863946859,False,02181934: 1,1,0,0,0,0,0,0,0,0,0,0,0,0,0.000021902926
03111934,03/11/1934,"March 11, 1934",8207116,1,0.078793542169,True,03111934: 1,1,1,0,0,0,0,0,0,0,0,0,0,0,0.000021902926
03141934,03/14/1934,"March 14, 1934",9270973,1,0.088541915335,False,03141934: 1,1,0,0,0,0,0,0,0,0,0,0,0,0,0.000021902926
03201934,03/20/1934,"March 20, 1934",2063330,1,0.020421831419,False,03201934: 1,1,0,0,0,0,0,0,0,0,0,0,0,0,0.000021902926
03241934,03/24/1934,"March 24, 1934",3727530,1,0.036589070731,False,03241934: 1,1,0,0,0,0,0,0,0,0,0,0,0,0,0.000021902926
03271934,03/27/1934,"March 27, 1934",4814671,1,0.047005980204,True,03271934: 1; 032719340: 1,1,0,1,0,0,0,0,0,0,0,0,0,0,0.000021902926
03301934,03/30/1934,"March 30, 1934",913670,1,0.009095027824,False,03301934: 1,1,0,0,0,0,0,0,0,0,0,0,0,0,0.000021902926
04131934,04/13/1934,"April 13, 1934",7071907,1,0.068276340280,True,04131934: 1,1,1,0,0,0,0,0,0,0,0,0,0,0,0.000021902926
04151934,04/15/1934,"April 15, 1934",5775553,1,0.056119274173,False,04151934: 1,1,0,0,0,0,0,0,0,0,0,0,0,0,0.000021902926
04241934,04/24/1934,"April 24, 1934",9665939,1,0.092134764972,False,04241934: 1,1,0,0,0,0,0,0,0,0,0,0,0,0,0.000021902926
04301934,04/30/1934,"April 30, 1934",2065553,1,0.020443607200,False,04301934: 1,1,0,0,0,0,0,0,0,0,0,0,0,0,0.000021902926
05071934,05/07/1934,"May 07, 1934",6512896,1,0.063053317446,False,05071934: 1,1,0,0,0,0,0,0,0,0,0,0,0,0,0.000021902926
05141934,05/14/1934,"May 14, 1934",3804427,1,0.037329620074,True,05141934: 1; 051419340: 1,1,0,1,0,0,0,0,0,0,0,0,0,0,0.000021902926
05161934,05/16/1934,"May 16, 1934",2313872,1,0.022873014275,False,05161934: 1,1,0,0,0,0,0,0,0,0,0,0,0,0,0.000021902926
05261934,05/26/1934,"May 26, 1934",5806673,1,0.056412964157,True,05261934: 1; 052619340: 1,1,0,1,0,0,0,0,0,0,0,0,0,0,0.000021902926
06151934,06/15/1934,"June 15, 1934",5086959,1,0.049597339006,False,06151934: 1,1,0,0,0,0,0,0,0,0,0,0,0,0,0.000021902926
06161934,06/16/1934,"June 16, 1934",9834381,1,0.093662704140,False,06161934: 1,1,0,0,0,0,0,0,0,0,0,0,0,0,0.000021902926
07051934,07/05/1934,"July 05, 1934",810865,1,0.008075804140,False,07051934: 1,1,0,0,0,0,0,0,0,0,0,0,0,0,0.000021902926
07131934,07/13/1934,"July 13, 1934",4887889,1,0.047703487990,True,07131934: 1; 071319340: 1,1,0,1,0,0,0,0,0,0,0,0,0,0,0.000021902926
07161934,07/16/1934,"July 16, 1934",8481366,1,0.081316489732,False,07161934: 1,1,0,0,0,0,0,0,0,0,0,0,0,0,0.000021902926
07171934,07/17/1934,"July 17, 1934",255685,1,0.002553524222,False,07171934: 1,1,0,0,0,0,0,0,0,0,0,0,0,0,0.000021902926
07241934,07/24/1934,"July 24, 1934",3211687,1,0.031606542879,True,07241934: 1; 072419340: 1,1,0,1,0,0,0,0,0,0,0,0,0,0,0.000021902926
08211934,08/21/1934,"August 21, 1934",1453199,1,0.014426851264,False,08211934: 1,1,0,0,0,0,0,0,0,0,0,0,0,0,0.000021902926
08221934,08/22/1934,"August 22, 1934",5346984,1,0.052065413354,False,08221934: 1,1,0,0,0,0,0,0,0,0,0,0,0,0,0.000021902926
08291934,08/29/1934,"August 29, 1934",3384072,1,0.033274469916,False,08291934: 1,1,0,0,0,0,0,0,0,0,0,0,0,0,0.000021902926
09181934,09/18/1934,"September 18, 1934",32797,1,0.000327856247,False,09181934: 1,1,0,0,0,0,0,0,0,0,0,0,0,0,0.000021902926
10091934,10/09/1934,"October 09, 1934",3383921,1,0.033273010159,False,10091934: 1,1,0,0,0,0,0,0,0,0,0,0,0,0,0.000021902926
11031934,11/03/1934,"November 03, 1934",1445020,1,0.014346237939,False,11031934: 1,1,0,0,0,0,0,0,0,0,0,0,0,0,0.000021902926
11051934,11/05/1934,"November 05, 1934",7187120,1,0.069349188922,True,11051934: 1; 110519340: 1,1,0,1,0,0,0,0,0,0,0,0,0,0,0.000021902926
11181934,11/18/1934,"November 18, 1934",1769360,1,0.017537928620,False,11181934: 1,1,0,0,0,0,0,0,0,0,0,0,0,0,0.000021902926
11251934,11/25/1934,"November 25, 1934",8318401,1,0.079818136570,False,11251934: 1,1,0,0,0,0,0,0,0,0,0,0,0,0,0.000021902926
12051934,12/05/1934,"December 05, 1934",7893792,1,0.075902654661,False,12051934: 1,1,0,0,0,0,0,0,0,0,0,0,0,0,0.000021902926
01161935,01/16/1935,"January 16, 1935",266205,1,0.002658450073,True,01161935: 1,1,1,0,0,0,0,0,0,0,0,0,0,0,0.000021902926
02031935,02/03/1935,"February 03, 1935",5329759,1,0.051902117556,False,02031935: 1,1,0,0,0,0,0,0,0,0,0,0,0,0,0.000021902926
02161935,02/16/1935,"February 16, 1935",7225545,1,0.069706722804,True,02161935: 1,1,1,0,0,0,0,0,0,0,0,0,0,0,0.000021902926
03021935,03/02/1935,"March 02, 1935",6060165,1,0.058801852730,False,03021935: 1,1,0,0,0,0,0,0,0,0,0,0,0,0,0.000021902926
03121935,03/12/1935,"March 12, 1935",8630594,1,0.082686400375,False,03121935: 1,1,0,0,0,0,0,0,0,0,0,0,0,0,0.000021902926
03291935,03/29/1935,"March 29, 1935",4145572,2,0.040608126565,True,03291935: 2,2,1,0,0,0,0,0,0,0,0,0,0,0,0.000021902926
04021935,04/02/1935,"April 02, 1935",154699,1,0.001545734136,False,04021935: 1,1,0,0,0,0,0,0,0,0,0,0,0,0,0.000021902926
04051935,04/05/1935,"April 05, 1935",8877136,1,0.084945178130,False,04051935: 1,1,0,0,0,0,0,0,0,0,0,0,0,0,0.000021902926
04261935,04/26/1935,"April 26, 1935",6133594,1,0.059492711448,False,04261935: 1,1,0,0,0,0,0,0,0,0,0,0,0,0,0.000021902926
05061935,05/06/1935,"May 06, 1935",9773238,1,0.093108372871,False,05061935: 1,1,0,0,0,0,0,0,0,0,0,0,0,0,0.000021902926
05111935,05/11/1935,"May 11, 1935",1735934,1,0.017209475954,True,05111935: 1,1,1,0,0,0,0,0,0,0,0,0,0,0,0.000021902926
05121935,05/12/1935,"May 12, 1935",4898379,1,0.047803378656,False,05121935: 1,1,0,0,0,0,0,0,0,0,0,0,0,0,0.000021902926
05201935,05/20/1935,"May 20, 1935",7672970,1,0.073859789683,False,05201935: 1,1,0,0,0,0,0,0,0,0,0,0,0,0,0.000021902926
05271935,05/27/1935,"May 27, 1935",4429203,1,0.043325404014,False,05271935: 1,1,0,0,0,0,0,0,0,0,0,0,0,0,0.000021902926
05291935,05/29/1935,"May 29, 1935",4270974,1,0.041810469135,False,05291935: 1,1,0,0,0,0,0,0,0,0,0,0,0,0,0.000021902926
06041935,06/04/1935,"June 04, 1935",9825344,1,0.093580794736,False,06041935: 1,1,0,0,0,0,0,0,0,0,0,0,0,0,0.000021902926
06111935,06/11/1935,"June 11, 1935",2243442,1,0.022184581329,False,06111935: 1,1,0,0,0,0,0,0,0,0,0,0,0,0,0.000021902926
06241935,06/24/1935,"June 24, 1935",3995103,1,0.039163452571,False,06241935: 1,1,0,0,0,0,0,0,0,0,0,0,0,0,0.000021902926
06281935,06/28/1935,"June 28, 1935",5205722,1,0.050725395740,True,06281935: 1; 062819350: 1,1,0,1,0,0,0,0,0,0,0,0,0,0,0.000021902926
07051935,07/05/1935,"July 05, 1935",2366566,1,0.023387765941,False,07051935: 1,1,0,0,0,0,0,0,0,0,0,0,0,0,0.000021902926
07111935,07/11/1935,"July 11, 1935",7979228,1,0.076691829309,False,07111935: 1,1,0,0,0,0,0,0,0,0,0,0,0,0,0.000021902926
07171935,07/17/1935,"July 17, 1935",5613405,1,0.054587548943,False,07171935: 1,1,0,0,0,0,0,0,0,0,0,0,0,0,0.000021902926
07221935,07/22/1935,"July 22, 1935",5060949,1,0.049350107120,False,07221935: 1,1,0,0,0,0,0,0,0,0,0,0,0,0,0.000021902926
08011935,08/01/1935,"August 01, 1935",4132331,1,0.040481085075,False,08011935: 1,1,0,0,0,0,0,0,0,0,0,0,0,0,0.000021902926
08141935,08/14/1935,"August 14, 1935",9633370,1,0.091839034185,False,08141935: 1,1,0,0,0,0,0,0,0,0,0,0,0,0,0.000021902926
08151935,08/15/1935,"August 15, 1935",1425738,1,0.014156165854,False,08151935: 1,1,0,0,0,0,0,0,0,0,0,0,0,0,0.000021902926
08261935,08/26/1935,"August 26, 1935",5009834,1,0.048864058211,False,08261935: 1,1,0,0,0,0,0,0,0,0,0,0,0,0,0.000021902926
08291935,08/29/1935,"August 29, 1935",8460059,1,0.081120724979,False,08291935: 1,1,0,0,0,0,0,0,0,0,0,0,0,0,0.000021902926
10091935,10/09/1935,"October 09, 1935",2166012,1,0.021427165647,False,10091935: 1,1,0,0,0,0,0,0,0,0,0,0,0,0,0.000021902926
10231935,10/23/1935,"October 23, 1935",9771546,1,0.093093028135,False,10231935: 1,1,0,0,0,0,0,0,0,0,0,0,0,0,0.000021902926
11031935,11/03/1935,"November 03, 1935",6570573,1,0.063593564375,True,11031935: 1; 110319350: 1; 1103193500: 1,1,0,1,0,0,1,0,0,0,0,0,0,0,0.000021902926
11051935,11/05/1935,"November 05, 1935",7819469,1,0.075215582490,False,11051935: 1,1,0,0,0,0,0,0,0,0,0,0,0,0,0.000021902926
11091935,11/09/1935,"November 09, 1935",757433,2,0.007545657578,False,11091935: 2,2,0,0,0,0,0,0,0,0,0,0,0,0,0.000021902926
11281935,11/28/1935,"November 28, 1935",7183827,1,0.069318542086,False,11281935: 1,1,0,0,0,0,0,0,0,0,0,0,0,0,0.000021902926
12011935,12/01/1935,"December 01, 1935",2462018,1,0.024319517101,False,12011935: 1,1,0,0,0,0,0,0,0,0,0,0,0,0,0.000021902926
12021935,12/02/1935,"December 02, 1935",6689552,1,0.064707028874,False,12021935: 1,1,0,0,0,0,0,0,0,0,0,0,0,0,0.000021902926
12051935,12/05/1935,"December 05, 1935",9837275,1,0.093688933162,True,12051935: 1,1,1,0,0,0,0,0,0,0,0,0,0,0,0.000021902926
12181935,12/18/1935,"December 18, 1935",3857629,1,0.037841643759,False,12181935: 1,1,0,0,0,0,0,0,0,0,0,0,0,0,0.000021902926
12211935,12/21/1935,"December 21, 1935",6146091,1,0.059610239301,False,12211935: 1,1,0,0,0,0,0,0,0,0,0,0,0,0,0.000021902926
12261935,12/26/1935,"December 26, 1935",7822008,1,0.075239062468,False,12261935: 1,1,0,0,0,0,0,0,0,0,0,0,0,0,0.000021902926
01061936,01/06/1936,"January 06, 1936",3491570,1,0.034313122172,False,01061936: 1,1,0,0,0,0,0,0,0,0,0,0,0,0,0.000021902926
01171936,01/17/1936,"January 17, 1936",8756775,1,0.083843145910,False,01171936: 1,1,0,0,0,0,0,0,0,0,0,0,0,0,0.000021902926
01221936,01/22/1936,"January 22, 1936",6553493,1,0.063433612495,False,01221936: 1,1,0,0,0,0,0,0,0,0,0,0,0,0,0.000021902926
01231936,01/23/1936,"January 23, 1936",8400861,1,0.080576605783,False,01231936: 1,1,0,0,0,0,0,0,0,0,0,0,0,0,0.000021902926
01241936,01/24/1936,"January 24, 1936",823897,2,0.008205063280,False,01241936: 2,2,0,0,0,0,0,0,0,0,0,0,0,0,0.000021902926
02051936,02/05/1936,"February 05, 1936",4037674,1,0.039572403249,False,02051936: 1,1,0,0,0,0,0,0,0,0,0,0,0,0,0.000021902926
02171936,02/17/1936,"February 17, 1936",3521728,1,0.034604310113,False,02171936: 1,1,0,0,0,0,0,0,0,0,0,0,0,0,0.000021902926
02211936,02/21/1936,"February 21, 1936",308371,1,0.003078900465,True,02211936: 1; 022119360: 1,1,0,1,0,0,0,0,0,0,0,0,0,0,0.000021902926
03121936,03/12/1936,"March 12, 1936",1941551,1,0.019228184251,False,03121936: 1,1,0,0,0,0,0,0,0,0,0,0,0,0,0.000021902926
03181936,03/18/1936,"March 18, 1936",4217432,1,0.041297297923,False,03181936: 1,1,0,0,0,0,0,0,0,0,0,0,0,0,0.000021902926
03191936,03/19/1936,"March 19, 1936",3439476,1,0.033809926188,False,03191936: 1,1,0,0,0,0,0,0,0,0,0,0,0,0,0.000021902926
03211936,03/21/1936,"March 21, 1936",7061692,1,0.068181159846,False,03211936: 1,1,0,0,0,0,0,0,0,0,0,0,0,0,0.000021902926
03291936,03/29/1936,"March 29, 1936",3010971,1,0.029660870263,True,03291936: 1,1,1,0,0,0,0,0,0,0,0,0,0,0,0.000021902926
04031936,04/03/1936,"April 03, 1936",6926024,1,0.066916121918,False,04031936: 1,1,0,0,0,0,0,0,0,0,0,0,0,0,0.000021902926
04101936,04/10/1936,"April 10, 1936",4512682,1,0.044123693160,False,04101936: 1,1,0,0,0,0,0,0,0,0,0,0,0,0,0.000021902926
04171936,04/17/1936,"April 17, 1936",5485002,1,0.053372831281,True,04171936: 1,1,1,0,0,0,0,0,0,0,0,0,0,0,0.000021902926
04191936,04/19/1936,"April 19, 1936",4402747,1,0.043072272698,True,04191936: 1; 041919360: 1,1,0,1,0,0,0,0,0,0,0,0,0,0,0.000021902926
04241936,04/24/1936,"April 24, 1936",3856045,1,0.037826403050,False,04241936: 1,1,0,0,0,0,0,0,0,0,0,0,0,0,0.000021902926
05021936,05/02/1936,"May 02, 1936",1927986,1,0.019095133529,False,05021936: 1,1,0,0,0,0,0,0,0,0,0,0,0,0,0.000021902926
05111936,05/11/1936,"May 11, 1936",3258511,1,0.032059877293,True,05111936: 1; 051119360: 1,1,0,1,0,0,0,0,0,0,0,0,0,0,0.000021902926
05201936,05/20/1936,"May 20, 1936",9125837,1,0.087218101083,False,05201936: 1,1,0,0,0,0,0,0,0,0,0,0,0,0,0.000021902926
07081936,07/08/1936,"July 08, 1936",2219828,1,0.021953652729,False,07081936: 1,1,0,0,0,0,0,0,0,0,0,0,0,0,0.000021902926
07091936,07/09/1936,"July 09, 1936",5322511,1,0.051833396931,False,07091936: 1,1,0,0,0,0,0,0,0,0,0,0,0,0,0.000021902926
07131936,07/13/1936,"July 13, 1936",6823067,1,0.065954952029,False,07131936: 1,1,0,0,0,0,0,0,0,0,0,0,0,0,0.000021902926
07261936,07/26/1936,"July 26, 1936",6018157,1,0.058406391152,False,07261936: 1,1,0,0,0,0,0,0,0,0,0,0,0,0,0.000021902926
08201936,08/20/1936,"August 20, 1936",4675896,1,0.045682544653,False,08201936: 1,1,0,0,0,0,0,0,0,0,0,0,0,0,0.000021902926
08231936,08/23/1936,"August 23, 1936",1217984,2,0.012105906825,False,08231936: 2,2,0,0,0,0,0,0,0,0,0,0,0,0,0.000021902926
09031936,09/03/1936,"September 03, 1936",1863242,1,0.018459850844,False,09031936: 1,1,0,0,0,0,0,0,0,0,0,0,0,0,0.000021902926
09041936,09/04/1936,"September 04, 1936",9654947,1,0.092034966940,True,09041936: 1; 090419360: 1; 0904193600: 1,1,0,1,0,0,1,0,0,0,0,0,0,0,0.000021902926
09121936,09/12/1936,"September 12, 1936",2674645,1,0.026391873287,False,09121936: 1,1,0,0,0,0,0,0,0,0,0,0,0,0,0.000021902926
09131936,09/13/1936,"September 13, 1936",9993181,1,0.095100825609,True,09131936: 1,1,1,0,0,1,0,0,0,0,0,0,0,0,0.000021902926
09191936,09/19/1936,"September 19, 1936",8087127,1,0.077687532329,False,09191936: 1,1,0,0,0,0,0,0,0,0,0,0,0,0,0.000021902926
09261936,09/26/1936,"September 26, 1936",2037213,1,0.020165961575,False,09261936: 1,1,0,0,0,0,0,0,0,0,0,0,0,0,0.000021902926
10051936,10/05/1936,"October 05, 1936",1164812,1,0.011580484096,False,10051936: 1,1,0,0,0,0,0,0,0,0,0,0,0,0,0.000021902926
10111936,10/11/1936,"October 11, 1936",915135,1,0.009109544476,False,10111936: 1,1,0,0,0,0,0,0,0,0,0,0,0,0,0.000021902926
10191936,10/19/1936,"October 19, 1936",207468,1,0.002072469484,False,10191936: 1,1,0,0,0,0,0,0,0,0,0,0,0,0,0.000021902926
10271936,10/27/1936,"October 27, 1936",7164617,1,0.069139741003,False,10271936: 1,1,0,0,0,0,0,0,0,0,0,0,0,0,0.000021902926
11041936,11/04/1936,"November 04, 1936",3159069,1,0.031096859524,False,11041936: 1,1,0,0,0,0,0,0,0,0,0,0,0,0,0.000021902926
11051936,11/05/1936,"November 05, 1936",3631536,1,0.035663810008,False,11051936: 1,1,0,0,0,0,0,0,0,0,0,0,0,0,0.000021902926
11081936,11/08/1936,"November 08, 1936",9524154,1,0.090846635264,False,11081936: 1,1,0,0,0,0,0,0,0,0,0,0,0,0,0.000021902926
01271937,01/27/1937,"January 27, 1937",9548226,1,0.091065460326,False,01271937: 1,1,0,0,0,0,0,0,0,0,0,0,0,0,0.000021902926
02191937,02/19/1937,"February 19, 1937",2769243,1,0.027312451619,True,02191937: 1; 021919370: 1,1,0,1,0,0,0,0,0,0,0,0,0,0,0.000021902926
02221937,02/22/1937,"February 22, 1937",1128552,1,0.011222018190,False,02221937: 1,1,0,0,0,0,0,0,0,0,0,0,0,0,0.000021902926
02281937,02/28/1937,"February 28, 1937",8275540,1,0.079423652884,False,02281937: 1,1,0,0,0,0,0,0,0,0,0,0,0,0,0.000021902926
03011937,03/01/1937,"March 01, 1937",6165895,1,0.059796455652,True,03011937: 1; 030119370: 1,1,0,1,0,0,0,0,0,0,0,0,0,0,0.000021902926
03061937,03/06/1937,"March 06, 1937",3154822,1,0.031055709333,False,03061937: 1,1,0,0,0,0,0,0,0,0,0,0,0,0,0.000021902926
04101937,04/10/1937,"April 10, 1937",8024035,1,0.077105443335,False,04101937: 1,1,0,0,0,0,0,0,0,0,0,0,0,0,0.000021902926
04151937,04/15/1937,"April 15, 1937",5642171,1,0.054859467180,False,04151937: 1,1,0,0,0,0,0,0,0,0,0,0,0,0,0.000021902926
04181937,04/18/1937,"April 18, 1937",4195724,1,0.041089160148,False,04181937: 1,1,0,0,0,0,0,0,0,0,0,0,0,0,0.000021902926
05041937,05/04/1937,"May 04, 1937",3200529,1,0.031498483508,False,05041937: 1,1,0,0,0,0,0,0,0,0,0,0,0,0,0.000021902926
05171937,05/17/1937,"May 17, 1937",9341429,1,0.089183866077,False,05171937: 1,1,0,0,0,0,0,0,0,0,0,0,0,0,0.000021902926
05201937,05/20/1937,"May 20, 1937",4785883,1,0.046731592789,False,05201937: 1,1,0,0,0,0,0,0,0,0,0,0,0,0,0.000021902926
06021937,06/02/1937,"June 02, 1937",9539384,1,0.090985088780,False,06021937: 1,1,0,0,0,0,0,0,0,0,0,0,0,0,0.000021902926
06081937,06/08/1937,"June 08, 1937",9883068,1,0.094103865181,False,06081937: 1,1,0,0,0,0,0,0,0,0,0,0,0,0,0.000021902926
06091937,06/09/1937,"June 09, 1937",5043248,1,0.049181817687,False,06091937: 1,1,0,0,0,0,0,0,0,0,0,0,0,0,0.000021902926
07011937,07/01/1937,"July 01, 1937",9648592,1,0.091977263928,False,07011937: 1,1,0,0,0,0,0,0,0,0,0,0,0,0,0.000021902926
07061937,07/06/1937,"July 06, 1937",6984446,1,0.067461088981,True,07061937: 1; 070619370: 1,1,0,1,0,0,0,0,0,0,0,0,0,0,0.000021902926
07171937,07/17/1937,"July 17, 1937",393206,1,0.003924279849,False,07171937: 1,1,0,0,0,0,0,0,0,0,0,0,0,0,0.000021902926
07261937,07/26/1937,"July 26, 1937",1398045,1,0.013883118313,False,07261937: 1,1,0,0,0,0,0,0,0,0,0,0,0,0,0.000021902926
08011937,08/01/1937,"August 01, 1937",3795790,1,0.037246470642,True,08011937: 1,1,1,0,0,0,0,0,0,0,0,0,0,0,0.000021902926
08041937,08/04/1937,"August 04, 1937",8817680,1,0.084400961361,False,08041937: 1,1,0,0,0,0,0,0,0,0,0,0,0,0,0.000021902926
08061937,08/06/1937,"August 06, 1937",9127707,1,0.087235169945,True,08061937: 1; 080619370: 1,1,0,1,0,0,0,0,0,0,0,0,0,0,0.000021902926
08171937,08/17/1937,"August 17, 1937",7796209,1,0.075000452613,False,08171937: 1,1,0,0,0,0,0,0,0,0,0,0,0,0,0.000021902926
09121937,09/12/1937,"September 12, 1937",893351,1,0.008893665384,False,09121937: 1,1,0,0,0,0,0,0,0,0,0,0,0,0,0.000021902926
09301937,09/30/1937,"September 30, 1937",5030774,1,0.049063205228,False,09301937: 1,1,0,0,0,0,0,0,0,0,0,0,0,0,0.000021902926
10021937,10/02/1937,"October 02, 1937",754290,1,0.007514464247,True,10021937: 1,1,1,0,0,0,0,0,0,0,0,0,0,0,0.000021902926
10031937,10/03/1937,"October 03, 1937",3563028,1,0.035002936215,False,10031937: 1,1,0,0,0,0,0,0,0,0,0,0,0,0,0.000021902926
10081937,10/08/1937,"October 08, 1937",5319284,1,0.051802799100,True,10081937: 1,1,1,0,0,0,0,0,0,0,0,0,0,0,0.000021902926
11021937,11/02/1937,"November 02, 1937",9641903,1,0.091916524255,False,11021937: 1,1,0,0,0,0,0,0,0,0,0,0,0,0,0.000021902926
11051937,11/05/1937,"November 05, 1937",6583574,1,0.063715298664,False,11051937: 1,1,0,0,0,0,0,0,0,0,0,0,0,0,0.000021902926
11071937,11/07/1937,"November 07, 1937",8095578,1,0.077765473663,False,11071937: 1,1,0,0,0,0,0,0,0,0,0,0,0,0,0.000021902926
11271937,11/27/1937,"November 27, 1937",7621717,1,0.073384993373,False,11271937: 1,1,0,0,0,0,0,0,0,0,0,0,0,0,0.000021902926
12071937,12/07/1937,"December 07, 1937",571556,1,0.005699197660,False,12071937: 1,1,0,0,0,0,0,0,0,0,0,0,0,0,0.000021902926
12181937,12/18/1937,"December 18, 1937",9247096,1,0.088324260503,False,12181937: 1,1,0,0,0,0,0,0,0,0,0,0,0,0,0.000021902926
01041938,01/04/1938,"January 04, 1938",3464271,1,0.034049463322,False,01041938: 1,1,0,0,0,0,0,0,0,0,0,0,0,0,0.000021902926
01061938,01/06/1938,"January 06, 1938",4675120,1,0.045675139121,False,01061938: 1,1,0,0,0,0,0,0,0,0,0,0,0,0,0.000021902926
01111938,01/11/1938,"January 11, 1938",5654462,1,0.054975627265,True,01111938: 1; 011119380: 1,1,0,1,0,0,0,0,0,0,0,0,0,0,0.000021902926
01171938,01/17/1938,"January 17, 1938",9688272,1,0.092337495878,False,01171938: 1,1,0,0,0,0,0,0,0,0,0,0,0,0,0.000021902926
01271938,01/27/1938,"January 27, 1938",9250557,1,0.088355813054,False,01271938: 1,1,0,0,0,0,0,0,0,0,0,0,0,0,0.000021902926
01281938,01/28/1938,"January 28, 1938",3687767,1,0.036205913467,False,01281938: 1,1,0,0,0,0,0,0,0,0,0,0,0,0,0.000021902926
02071938,02/07/1938,"February 07, 1938",8444053,1,0.080973637390,False,02071938: 1,1,0,0,0,0,0,0,0,0,0,0,0,0,0.000021902926
02131938,02/13/1938,"February 13, 1938",348805,1,0.003481914064,False,02131938: 1,1,0,0,0,0,0,0,0,0,0,0,0,0,0.000021902926
02171938,02/17/1938,"February 17, 1938",8059901,1,0.077436389348,False,02171938: 1,1,0,0,0,0,0,0,0,0,0,0,0,0,0.000021902926
02251938,02/25/1938,"February 25, 1938",4185522,1,0.040991327073,False,02251938: 1,1,0,0,0,0,0,0,0,0,0,0,0,0,0.000021902926
03091938,03/09/1938,"March 09, 1938",7689713,1,0.074014840360,False,03091938: 1,1,0,0,0,0,0,0,0,0,0,0,0,0,0.000021902926
03191938,03/19/1938,"March 19, 1938",5417099,1,0.052729824743,True,03191938: 1,1,1,0,0,0,0,0,0,0,0,0,0,0,0.000021902926
04091938,04/09/1938,"April 09, 1938",1307606,1,0.012990880653,True,04091938: 1,1,1,0,0,0,0,0,0,0,0,0,0,0,0.000021902926
04131938,04/13/1938,"April 13, 1938",8523036,1,0.081699225406,False,04131938: 1,1,0,0,0,0,0,0,0,0,0,0,0,0,0.000021902926
04261938,04/26/1938,"April 26, 1938",911517,2,0.009073693410,True,04261938: 2,2,1,0,0,0,0,0,0,0,0,0,0,0,0.000021902926
04281938,04/28/1938,"April 28, 1938",8286178,1,0.079521578588,False,04281938: 1,1,0,0,0,0,0,0,0,0,0,0,0,0,0.000021902926
05051938,05/05/1938,"May 05, 1938",1389873,1,0.013802529548,False,05051938: 1,1,0,0,0,0,0,0,0,0,0,0,0,0,0.000021902926
05231938,05/23/1938,"May 23, 1938",7511796,1,0.072365888879,False,05231938: 1,1,0,0,0,0,0,0,0,0,0,0,0,0,0.000021902926
05301938,05/30/1938,"May 30, 1938",2932934,1,0.028903351175,False,05301938: 1,1,0,0,0,0,0,0,0,0,0,0,0,0,0.000021902926
06171938,06/17/1938,"June 17, 1938",4770741,1,0.046587237957,False,06171938: 1,1,0,0,0,0,0,0,0,0,0,0,0,0,0.000021902926
06181938,06/18/1938,"June 18, 1938",145684,1,0.001455719426,False,06181938: 1,1,0,0,0,0,0,0,0,0,0,0,0,0,0.000021902926
07031938,07/03/1938,"July 03, 1938",4396200,1,0.043009620588,False,07031938: 1,1,0,0,0,0,0,0,0,0,0,0,0,0,0.000021902926
07221938,07/22/1938,"July 22, 1938",5166844,1,0.050356265005,False,07221938: 1,1,0,0,0,0,0,0,0,0,0,0,0,0,0.000021902926
07231938,07/23/1938,"July 23, 1938",6219402,1,0.060299395801,False,07231938: 1,1,0,0,0,0,0,0,0,0,0,0,0,0,0.000021902926
07241938,07/24/1938,"July 24, 1938",8667965,1,0.083029145596,True,07241938: 1,1,1,0,0,0,0,0,0,0,0,0,0,0,0.000021902926
08111938,08/11/1938,"August 11, 1938",2419749,1,0.023907019541,False,08111938: 1,1,0,0,0,0,0,0,0,0,0,0,0,0,0.000021902926
09011938,09/01/1938,"September 01, 1938",8745798,1,0.083742573851,False,09011938: 1,1,0,0,0,0,0,0,0,0,0,0,0,0,0.000021902926
09171938,09/17/1938,"September 17, 1938",7726759,1,0.074357817292,False,09171938: 1,1,0,0,0,0,0,0,0,0,0,0,0,0,0.000021902926
09251938,09/25/1938,"September 25, 1938",77678,1,0.000776418439,False,09251938: 1,1,0,0,0,0,0,0,0,0,0,0,0,0,0.000021902926
10051938,10/05/1938,"October 05, 1938",8570246,1,0.082132652887,False,10051938: 1,1,0,0,0,0,0,0,0,0,0,0,0,0,0.000021902926
10101938,10/10/1938,"October 10, 1938",7744863,1,0.074525380386,False,10101938: 1,1,0,0,0,0,0,0,0,0,0,0,0,0,0.000021902926
10201938,10/20/1938,"October 20, 1938",5091794,1,0.049643289864,False,10201938: 1,1,0,0,0,0,0,0,0,0,0,0,0,0,0.000021902926
10301938,10/30/1938,"October 30, 1938",8342289,1,0.080037923364,False,10301938: 1,1,0,0,0,0,0,0,0,0,0,0,0,0,0.000021902926
11011938,11/01/1938,"November 01, 1938",3278118,1,0.032249642711,True,11011938: 1; 110119380: 1,1,0,1,0,0,0,0,0,0,0,0,0,0,0.000021902926
11091938,11/09/1938,"November 09, 1938",9641184,1,0.091909995111,False,11091938: 1,1,0,0,0,0,0,0,0,0,0,0,0,0,0.000021902926
11111938,11/11/1938,"November 11, 1938",5026423,1,0.049021829067,True,11111938: 1,1,1,0,0,0,0,0,0,0,0,0,0,0,0.000021902926
11141938,11/14/1938,"November 14, 1938",3675216,1,0.036084940079,False,11141938: 1,1,0,0,0,0,0,0,0,0,0,0,0,0,0.000021902926
12021938,12/02/1938,"December 02, 1938",1455613,1,0.014450642713,True,12021938: 1; 120219380: 1,1,0,1,0,0,0,0,0,0,0,0,0,0,0.000021902926
12091938,12/09/1938,"December 09, 1938",2682433,1,0.026467694936,True,12091938: 1; 120919380: 1,1,0,1,0,0,0,0,0,0,0,0,0,0,0.000021902926
01191939,01/19/1939,"January 19, 1939",914654,1,0.009104778281,False,01191939: 1,1,0,0,0,0,0,0,0,0,0,0,0,0,0.000021902926
01221939,01/22/1939,"January 22, 1939",7392386,1,0.071257539368,False,01221939: 1,1,0,0,0,0,0,0,0,0,0,0,0,0,0.000021902926
01271939,01/27/1939,"January 27, 1939",5289369,1,0.051519103473,False,01271939: 1,1,0,0,0,0,0,0,0,0,0,0,0,0,0.000021902926
02091939,02/09/1939,"February 09, 1939",5495103,1,0.053468445263,False,02091939: 1,1,0,0,0,0,0,0,0,0,0,0,0,0,0.000021902926
02171939,02/17/1939,"February 17, 1939",5069787,1,0.049434121846,False,02171939: 1,1,0,0,0,0,0,0,0,0,0,0,0,0,0.000021902926
03131939,03/13/1939,"March 13, 1939",3485492,1,0.034254425939,False,03131939: 1,1,0,0,0,0,0,0,0,0,0,0,0,0,0.000021902926
03151939,03/15/1939,"March 15, 1939",1434830,1,0.014245794702,False,03151939: 1,1,0,0,0,0,0,0,0,0,0,0,0,0,0.000021902926
03261939,03/26/1939,"March 26, 1939",3363543,1,0.033075990458,False,03261939: 1,1,0,0,0,0,0,0,0,0,0,0,0,0,0.000021902926
04091939,04/09/1939,"April 09, 1939",3048608,1,0.030026008088,False,04091939: 1,1,0,0,0,0,0,0,0,0,0,0,0,0,0.000021902926
04211939,04/21/1939,"April 21, 1939",147180,2,0.001470657537,True,04211939: 2,2,1,0,0,0,0,0,0,0,0,0,0,0,0.000021902926
04241939,04/24/1939,"April 24, 1939",7183129,1,0.069312045907,False,04241939: 1,1,0,0,0,0,0,0,0,0,0,0,0,0,0.000021902926
04291939,04/29/1939,"April 29, 1939",278996,1,0.002786011874,False,04291939: 1,1,0,0,0,0,0,0,0,0,0,0,0,0,0.000021902926
04301939,04/30/1939,"April 30, 1939",1625344,1,0.016122006697,True,04301939: 1,1,1,0,0,0,0,0,0,0,0,0,0,0,0.000021902926
05021939,05/02/1939,"May 02, 1939",5213476,1,0.050798999640,True,05021939: 1; 050219390: 1,1,0,1,0,0,0,0,0,0,0,0,0,0,0.000021902926
05151939,05/15/1939,"May 15, 1939",2769921,1,0.027319046418,False,05151939: 1,1,0,0,0,0,0,0,0,0,0,0,0,0,0.000021902926
05201939,05/20/1939,"May 20, 1939",7265091,1,0.070074543853,False,05201939: 1,1,0,0,0,0,0,0,0,0,0,0,0,0,0.000021902926
06121939,06/12/1939,"June 12, 1939",2931590,1,0.028890299548,False,06121939: 1,1,0,0,0,0,0,0,0,0,0,0,0,0,0.000021902926
06131939,06/13/1939,"June 13, 1939",6468451,1,0.062636798935,False,06131939: 1,1,0,0,0,0,0,0,0,0,0,0,0,0,0.000021902926
06271939,06/27/1939,"June 27, 1939",4252162,1,0.041630197563,False,06271939: 1,1,0,0,0,0,0,0,0,0,0,0,0,0,0.000021902926
07251939,07/25/1939,"July 25, 1939",3270850,1,0.032179304058,True,07251939: 1; 072519390: 1,1,0,1,0,0,0,0,0,0,0,0,0,0,0.000021902926
08021939,08/02/1939,"August 02, 1939",9547494,1,0.091058806900,False,08021939: 1,1,0,0,0,0,0,0,0,0,0,0,0,0,0.000021902926
08101939,08/10/1939,"August 10, 1939",7397492,1,0.071304959748,True,08101939: 1; 081019390: 1,1,0,1,0,0,0,0,0,0,0,0,0,0,0.000021902926
09191939,09/19/1939,"September 19, 1939",6043163,3,0.058641816615,True,09191939: 3; 091919390: 1,3,1,1,0,0,0,0,0,0,0,0,0,0,0.000021902926
10071939,10/07/1939,"October 07, 1939",7268003,1,0.070101622889,False,10071939: 1,1,0,0,0,0,0,0,0,0,0,0,0,0,0.000021902926
10121939,10/12/1939,"October 12, 1939",5125514,1,0.049963696126,False,10121939: 1,1,0,0,0,0,0,0,0,0,0,0,0,0,0.000021902926
10241939,10/24/1939,"October 24, 1939",5981066,1,0.058057079885,True,10241939: 1; 102419390: 1,1,0,1,0,0,0,0,0,0,0,0,0,0,0.000021902926
10281939,10/28/1939,"October 28, 1939",3655350,1,0.035893429689,True,10281939: 1; 102819390: 1,1,0,1,0,0,0,0,0,0,0,0,0,0,0.000021902926
11281939,11/28/1939,"November 28, 1939",4315231,1,0.042234441255,False,11281939: 1,1,0,0,0,0,0,0,0,0,0,0,0,0,0.000021902926
12021939,12/02/1939,"December 02, 1939",689838,1,0.006874581277,False,12021939: 1,1,0,0,0,0,0,0,0,0,0,0,0,0,0.000021902926
12101939,12/10/1939,"December 10, 1939",2245564,1,0.022205330352,False,12101939: 1,1,0,0,0,0,0,0,0,0,0,0,0,0,0.000021902926
12201939,12/20/1939,"December 20, 1939",8637426,1,0.082749069100,False,12201939: 1,1,0,0,0,0,0,0,0,0,0,0,0,0,0.000021902926
12211939,12/21/1939,"December 21, 1939",6775477,1,0.065510334198,False,12211939: 1,1,0,0,0,0,0,0,0,0,0,0,0,0,0.000021902926
12221939,12/22/1939,"December 22, 1939",106703,1,0.001066401001,False,12221939: 1,1,0,0,0,0,0,0,0,0,0,0,0,0,0.000021902926
01051940,01/05/1940,"January 05, 1940",9683306,1,0.092292420239,True,01051940: 1; 010519400: 1,1,0,1,0,0,0,0,0,0,0,0,0,0,0.000021902926
01061940,01/06/1940,"January 06, 1940",5746281,1,0.055842940962,False,01061940: 1,1,0,0,0,0,0,0,0,0,0,0,0,0,0.000021902926
01181940,01/18/1940,"January 18, 1940",4077116,1,0.039951140410,False,01181940: 1,1,0,0,0,0,0,0,0,0,0,0,0,0,0.000021902926
01251940,01/25/1940,"January 25, 1940",4909300,1,0.047907362372,False,01251940: 1,1,0,0,0,0,0,0,0,0,0,0,0,0,0.000021902926
01311940,01/31/1940,"January 31, 1940",2572352,1,0.025395430758,False,01311940: 1,1,0,0,0,0,0,0,0,0,0,0,0,0,0.000021902926
02031940,02/03/1940,"February 03, 1940",3163275,1,0.031137610734,True,02031940: 1; 020319400: 1,1,0,1,0,0,0,0,0,0,0,0,0,0,0.000021902926
02131940,02/13/1940,"February 13, 1940",7270646,1,0.070126199778,False,02131940: 1,1,0,0,0,0,0,0,0,0,0,0,0,0,0.000021902926
03071940,03/07/1940,"March 07, 1940",4997526,1,0.048746985194,False,03071940: 1,1,0,0,0,0,0,0,0,0,0,0,0,0,0.000021902926
03221940,03/22/1940,"March 22, 1940",5381228,2,0.052389968504,False,03221940: 2,2,0,0,0,0,0,0,0,0,0,0,0,0,0.000021902926
03261940,03/26/1940,"March 26, 1940",1406663,1,0.013968098205,False,03261940: 1,1,0,0,0,0,0,0,0,0,0,0,0,0,0.000021902926
04141940,04/14/1940,"April 14, 1940",7002701,1,0.067631308423,False,04141940: 1,1,0,0,0,0,0,0,0,0,0,0,0,0,0.000021902926
04171940,04/17/1940,"April 17, 1940",4966852,1,0.048455153085,False,04171940: 1,1,0,0,0,0,0,0,0,0,0,0,0,0,0.000021902926
05051940,05/05/1940,"May 05, 1940",6045032,1,0.058659410436,True,05051940: 1,1,1,0,0,0,0,0,0,0,0,0,0,0,0.000021902926
06121940,06/12/1940,"June 12, 1940",8986507,1,0.085945435654,False,06121940: 1,1,0,0,0,0,0,0,0,0,0,0,0,0,0.000021902926
06161940,06/16/1940,"June 16, 1940",1253467,1,0.012456379106,False,06161940: 1,1,0,0,0,0,0,0,0,0,0,0,0,0,0.000021902926
07021940,07/02/1940,"July 02, 1940",1077310,1,0.010715218735,False,07021940: 1,1,0,0,0,0,0,0,0,0,0,0,0,0,0.000021902926
07031940,07/03/1940,"July 03, 1940",6597692,1,0.063847474009,False,07031940: 1,1,0,0,0,0,0,0,0,0,0,0,0,0,0.000021902926
07201940,07/20/1940,"July 20, 1940",4965005,1,0.048437577889,True,07201940: 1; 072019400: 1,1,0,1,0,0,0,0,0,0,0,0,0,0,0.000021902926
08041940,08/04/1940,"August 04, 1940",5299611,1,0.051616241913,False,08041940: 1,1,0,0,0,0,0,0,0,0,0,0,0,0,0.000021902926
08121940,08/12/1940,"August 12, 1940",4283164,1,0.041927265322,True,08121940: 1,1,1,0,0,0,0,0,0,0,0,0,0,0,0.000021902926
08191940,08/19/1940,"August 19, 1940",6644508,1,0.064285640606,False,08191940: 1,1,0,0,0,0,0,0,0,0,0,0,0,0,0.000021902926
09031940,09/03/1940,"September 03, 1940",9647486,1,0.091967221141,False,09031940: 1,1,0,0,0,0,0,0,0,0,0,0,0,0,0.000021902926
10301940,10/30/1940,"October 30, 1940",7731056,1,0.074397591282,False,10301940: 1,1,0,0,0,0,0,0,0,0,0,0,0,0,0.000021902926
11021940,11/02/1940,"November 02, 1940",910136,1,0.009060008623,False,11021940: 1,1,0,0,0,0,0,0,0,0,0,0,0,0,0.000021902926
11071940,11/07/1940,"November 07, 1940",949836,1,0.009453333724,False,11071940: 1,1,0,0,0,0,0,0,0,0,0,0,0,0,0.000021902926
11201940,11/20/1940,"November 20, 1940",9629451,1,0.091803442659,True,11201940: 1,1,1,0,0,0,0,0,0,0,0,0,0,0,0.000021902926
11261940,11/26/1940,"November 26, 1940",2992047,1,0.029477225909,True,11261940: 1,1,1,0,0,0,0,0,0,0,0,0,0,0,0.000021902926
11291940,11/29/1940,"November 29, 1940",9460558,1,0.090268266194,False,11291940: 1,1,0,0,0,0,0,0,0,0,0,0,0,0,0.000021902926
12171940,12/17/1940,"December 17, 1940",7702998,1,0.074137849318,False,12171940: 1,1,0,0,0,0,0,0,0,0,0,0,0,0,0.000021902926
01081941,01/08/1941,"January 08, 1941",9611636,1,0.091641633028,False,01081941: 1,1,0,0,0,0,0,0,0,0,0,0,0,0,0.000021902926
01121941,01/12/1941,"January 12, 1941",9932270,1,0.094549474568,True,01121941: 1,1,1,0,0,0,0,0,0,0,0,0,0,0,0.000021902926
01131941,01/13/1941,"January 13, 1941",2562224,1,0.025296717807,False,01131941: 1,1,0,0,0,0,0,0,0,0,0,0,0,0,0.000021902926
01151941,01/15/1941,"January 15, 1941",8953878,1,0.085647140125,False,01151941: 1,1,0,0,0,0,0,0,0,0,0,0,0,0,0.000021902926
01171941,01/17/1941,"January 17, 1941",1506046,1,0.014947559510,False,01171941: 1,1,0,0,0,0,0,0,0,0,0,0,0,0,0.000021902926
01191941,01/19/1941,"January 19, 1941",5506393,1,0.053575302645,False,01191941: 1,1,0,0,0,0,0,0,0,0,0,0,0,0,0.000021902926
01251941,01/25/1941,"January 25, 1941",6618642,1,0.064043577422,True,01251941: 1,1,1,0,0,0,0,0,0,0,0,0,0,0,0.000021902926
02141941,02/14/1941,"February 14, 1941",8213641,1,0.078853648930,False,02141941: 1,1,0,0,0,0,0,0,0,0,0,0,0,0,0.000021902926
02151941,02/15/1941,"February 15, 1941",9329962,1,0.089079416801,True,02151941: 1,1,1,0,0,0,0,0,0,0,0,0,0,0,0.000021902926
02181941,02/18/1941,"February 18, 1941",1252638,1,0.012448192336,False,02181941: 1,1,0,0,0,0,0,0,0,0,0,0,0,0,0.000021902926
02221941,02/22/1941,"February 22, 1941",978804,1,0.009740233728,False,02221941: 1,1,0,0,0,0,0,0,0,0,0,0,0,0,0.000021902926
03121941,03/12/1941,"March 12, 1941",3465059,1,0.034057074982,False,03121941: 1,1,0,0,0,0,0,0,0,0,0,0,0,0,0.000021902926
03261941,03/26/1941,"March 26, 1941",3445841,1,0.033871422230,False,03261941: 1,1,0,0,0,0,0,0,0,0,0,0,0,0,0.000021902926
04021941,04/02/1941,"April 02, 1941",8199069,1,0.078719409702,False,04021941: 1,1,0,0,0,0,0,0,0,0,0,0,0,0,0.000021902926
04181941,04/18/1941,"April 18, 1941",8684129,1,0.083177352788,False,04181941: 1,1,0,0,0,0,0,0,0,0,0,0,0,0,0.000021902926
04211941,04/21/1941,"April 21, 1941",371514,1,0.003708187665,False,04211941: 1,1,0,0,0,0,0,0,0,0,0,0,0,0,0.000021902926
05111941,05/11/1941,"May 11, 1941",2115259,1,0.020930384516,False,05111941: 1,1,0,0,0,0,0,0,0,0,0,0,0,0,0.000021902926
05291941,05/29/1941,"May 29, 1941",4588777,1,0.044850790565,False,05291941: 1,1,0,0,0,0,0,0,0,0,0,0,0,0,0.000021902926
05301941,05/30/1941,"May 30, 1941",8918382,1,0.085322523821,False,05301941: 1,1,0,0,0,0,0,0,0,0,0,0,0,0,0.000021902926
06051941,06/05/1941,"June 05, 1941",9104144,1,0.087020069825,True,06051941: 1,1,1,0,0,0,0,0,0,0,0,0,0,0,0.000021902926
06171941,06/17/1941,"June 17, 1941",9537375,1,0.090966826486,False,06171941: 1,1,0,0,0,0,0,0,0,0,0,0,0,0,0.000021902926
07171941,07/17/1941,"July 17, 1941",1989075,1,0.019694175515,False,07171941: 1,1,0,0,0,0,0,0,0,0,0,0,0,0,0.000021902926
07221941,07/22/1941,"July 22, 1941",7381205,1,0.071153690867,False,07221941: 1,1,0,0,0,0,0,0,0,0,0,0,0,0,0.000021902926
07261941,07/26/1941,"July 26, 1941",9900289,1,0.094259856124,False,07261941: 1,1,0,0,0,0,0,0,0,0,0,0,0,0,0.000021902926
08011941,08/01/1941,"August 01, 1941",3729329,2,0.036606402338,False,08011941: 2,2,0,0,0,0,0,0,0,0,0,0,0,0,0.000021902926
08031941,08/03/1941,"August 03, 1941",7507111,1,0.072322428203,False,08031941: 1,1,0,0,0,0,0,0,0,0,0,0,0,0,0.000021902926
08091941,08/09/1941,"August 09, 1941",5924020,1,0.057519585827,True,08091941: 1,1,1,0,0,0,0,0,0,0,0,0,0,0,0.000021902926
08111941,08/11/1941,"August 11, 1941",8423494,1,0.080784675335,False,08111941: 1,1,0,0,0,0,0,0,0,0,0,0,0,0,0.000021902926
09021941,09/02/1941,"September 02, 1941",9518217,1,0.090792657226,False,09021941: 1,1,0,0,0,0,0,0,0,0,0,0,0,0,0.000021902926
09091941,09/09/1941,"September 09, 1941",2316382,1,0.022897539855,False,09091941: 1,1,0,0,0,0,0,0,0,0,0,0,0,0,0.000021902926
09111941,09/11/1941,"September 11, 1941",1380463,1,0.013709723998,False,09111941: 1,1,0,0,0,0,0,0,0,0,0,0,0,0,0.000021902926
09271941,09/27/1941,"September 27, 1941",3299468,1,0.032456235360,False,09271941: 1,1,0,0,0,0,0,0,0,0,0,0,0,0,0.000021902926
10021941,10/02/1941,"October 02, 1941",2199862,1,0.021758356498,False,10021941: 1,1,0,0,0,0,0,0,0,0,0,0,0,0,0.000021902926
10171941,10/17/1941,"October 17, 1941",9745451,1,0.092856339878,True,10171941: 1; 101719410: 1,1,0,1,0,0,0,0,0,0,0,0,0,0,0.000021902926
10231941,10/23/1941,"October 23, 1941",6234966,1,0.060445639424,True,10231941: 1,1,1,0,0,1,0,0,0,0,0,0,0,0,0.000021902926
11071941,11/07/1941,"November 07, 1941",1157149,1,0.011504738605,False,11071941: 1,1,0,0,0,0,0,0,0,0,0,0,0,0,0.000021902926
11181941,11/18/1941,"November 18, 1941",2264100,1,0.022386557577,False,11181941: 1,1,0,0,0,0,0,0,0,0,0,0,0,0,0.000021902926
11221941,11/22/1941,"November 22, 1941",6819725,1,0.065923735722,False,11221941: 1,1,0,0,0,0,0,0,0,0,0,0,0,0,0.000021902926
12171941,12/17/1941,"December 17, 1941",7631496,1,0.073475602625,False,12171941: 1,1,0,0,0,0,0,0,0,0,0,0,0,0,0.000021902926
12271941,12/27/1941,"December 27, 1941",1529320,1,0.015176793940,False,12271941: 1,1,0,0,0,0,0,0,0,0,0,0,0,0,0.000021902926
01041942,01/04/1942,"January 04, 1942",9344918,1,0.089215643898,True,01041942: 1,1,1,0,0,0,0,0,0,0,0,0,0,0,0.000021902926
01071942,01/07/1942,"January 07, 1942",1473208,1,0.014624034870,True,01071942: 1,1,1,0,0,0,0,0,0,0,0,0,0,0,0.000021902926
01261942,01/26/1942,"January 26, 1942",1653128,1,0.016395329390,False,01261942: 1,1,0,0,0,0,0,0,0,0,0,0,0,0,0.000021902926
01301942,01/30/1942,"January 30, 1942",6935733,1,0.067006710635,False,01301942: 1,1,0,0,0,0,0,0,0,0,0,0,0,0,0.000021902926
02181942,02/18/1942,"February 18, 1942",7653809,1,0.073682314953,False,02181942: 1,1,0,0,0,0,0,0,0,0,0,0,0,0,0.000021902926
03061942,03/06/1942,"March 06, 1942",3851800,1,0.037785557914,False,03061942: 1,1,0,0,0,0,0,0,0,0,0,0,0,0,0.000021902926
03251942,03/25/1942,"March 25, 1942",4705639,1,0.045966345089,False,03251942: 1,1,0,0,0,0,0,0,0,0,0,0,0,0,0.000021902926
03261942,03/26/1942,"March 26, 1942",6029734,1,0.058515393135,False,03261942: 1,1,0,0,0,0,0,0,0,0,0,0,0,0,0.000021902926
03311942,03/31/1942,"March 31, 1942",4629751,1,0.045242073239,False,03311942: 1,1,0,0,0,0,0,0,0,0,0,0,0,0,0.000021902926
04201942,04/20/1942,"April 20, 1942",1606983,1,0.015941340271,False,04201942: 1,1,0,0,0,0,0,0,0,0,0,0,0,0,0.000021902926
04301942,04/30/1942,"April 30, 1942",6352427,1,0.061548601480,False,04301942: 1,1,0,0,0,0,0,0,0,0,0,0,0,0,0.000021902926
05141942,05/14/1942,"May 14, 1942",8312238,1,0.079761424014,True,05141942: 1; 051419420: 1,1,0,1,0,0,0,0,0,0,0,0,0,0,0.000021902926
05251942,05/25/1942,"May 25, 1942",220625,1,0.002203758174,False,05251942: 1,1,0,0,0,0,0,0,0,0,0,0,0,0,0.000021902926
06041942,06/04/1942,"June 04, 1942",5903399,1,0.057325216899,True,06041942: 1,1,1,0,0,0,0,0,0,0,0,0,0,0,0.000021902926
06051942,06/05/1942,"June 05, 1942",2465142,1,0.024349996884,False,06051942: 1,1,0,0,0,0,0,0,0,0,0,0,0,0,0.000021902926
07011942,07/01/1942,"July 01, 1942",6815757,1,0.065886670840,False,07011942: 1,1,0,0,0,0,0,0,0,0,0,0,0,0,0.000021902926
07031942,07/03/1942,"July 03, 1942",8993239,1,0.086006967737,False,07031942: 1,1,0,0,0,0,0,0,0,0,0,0,0,0,0.000021902926
07101942,07/10/1942,"July 10, 1942",950530,1,0.009460208094,False,07101942: 1,1,0,0,0,0,0,0,0,0,0,0,0,0,0.000021902926
07211942,07/21/1942,"July 21, 1942",9605206,1,0.091583223707,False,07211942: 1,1,0,0,0,0,0,0,0,0,0,0,0,0,0.000021902926
07241942,07/24/1942,"July 24, 1942",2133208,1,0.021106101953,False,07241942: 1,1,0,0,0,0,0,0,0,0,0,0,0,0,0.000021902926
07291942,07/29/1942,"July 29, 1942",8160698,1,0.078365837293,False,07291942: 1,1,0,0,0,0,0,0,0,0,0,0,0,0,0.000021902926
08121942,08/12/1942,"August 12, 1942",41784,1,0.000417692746,False,08121942: 1,1,0,0,0,0,0,0,0,0,0,0,0,0,0.000021902926
08141942,08/14/1942,"August 14, 1942",926972,1,0.009226829238,False,08141942: 1,1,0,0,0,0,0,0,0,0,0,0,0,0,0.000021902926
09171942,09/17/1942,"September 17, 1942",4695230,1,0.045867034556,True,09171942: 1; 091719420: 1,1,0,1,0,0,0,0,0,0,0,0,0,0,0.000021902926
10031942,10/03/1942,"October 03, 1942",9717655,1,0.092604155176,True,10031942: 1,1,1,0,0,0,0,0,0,0,0,0,0,0,0.000021902926
10041942,10/04/1942,"October 04, 1942",1959504,2,0.019404246412,False,10041942: 2,2,0,0,0,0,0,0,0,0,0,0,0,0,0.000021902926
10061942,10/06/1942,"October 06, 1942",1334552,1,0.013256804303,False,10061942: 1,1,0,0,0,0,0,0,0,0,0,0,0,0,0.000021902926
10171942,10/17/1942,"October 17, 1942",8341702,1,0.080032523171,False,10171942: 1,1,0,0,0,0,0,0,0,0,0,0,0,0,0.000021902926
10201942,10/20/1942,"October 20, 1942",4043036,1,0.039623899996,False,10201942: 1,1,0,0,0,0,0,0,0,0,0,0,0,0,0.000021902926
12161942,12/16/1942,"December 16, 1942",4802063,1,0.046885819142,True,12161942: 1,1,1,0,0,0,0,0,0,0,0,0,0,0,0.000021902926
12241942,12/24/1942,"December 24, 1942",5985627,1,0.058100040922,True,12241942: 1; 122419420: 1,1,0,1,0,0,0,0,0,0,0,0,0,0,0.000021902926
01061943,01/06/1943,"January 06, 1943",9154032,1,0.087475423664,False,01061943: 1,1,0,0,0,0,0,0,0,0,0,0,0,0,0.000021902926
02201943,02/20/1943,"February 20, 1943",2969596,1,0.029259309377,False,02201943: 1,1,0,0,0,0,0,0,0,0,0,0,0,0,0.000021902926
03171943,03/17/1943,"March 17, 1943",945234,1,0.009407747717,False,03171943: 1,1,0,0,0,0,0,0,0,0,0,0,0,0,0.000021902926
03201943,03/20/1943,"March 20, 1943",3839348,1,0.037665735510,False,03201943: 1,1,0,0,0,0,0,0,0,0,0,0,0,0,0.000021902926
04091943,04/09/1943,"April 09, 1943",5133615,1,0.050040655451,False,04091943: 1,1,0,0,0,0,0,0,0,0,0,0,0,0,0.000021902926
04141943,04/14/1943,"April 14, 1943",6012997,1,0.058357803667,False,04141943: 1,1,0,0,0,0,0,0,0,0,0,0,0,0,0.000021902926
04161943,04/16/1943,"April 16, 1943",5831437,1,0.056646605123,True,04161943: 1; 0041619430: 1; 041619430: 1,1,1,1,1,0,0,0,0,0,0,0,0,0,0.000021902926
04201943,04/20/1943,"April 20, 1943",906404,1,0.009023026052,False,04201943: 1,1,0,0,0,0,0,0,0,0,0,0,0,0,0.000021902926
05061943,05/06/1943,"May 06, 1943",2798692,1,0.027598856204,False,05061943: 1,1,0,0,0,0,0,0,0,0,0,0,0,0,0.000021902926
05201943,05/20/1943,"May 20, 1943",5855354,1,0.056872199977,True,05201943: 1; 052019430: 1,1,0,1,0,0,0,0,0,0,0,0,0,0,0.000021902926
05211943,05/21/1943,"May 21, 1943",1649449,1,0.016359141908,False,05211943: 1,1,0,0,0,0,0,0,0,0,0,0,0,0,0.000021902926
05251943,05/25/1943,"May 25, 1943",3633419,1,0.035681968288,False,05251943: 1,1,0,0,0,0,0,0,0,0,0,0,0,0,0.000021902926
05271943,05/27/1943,"May 27, 1943",916064,1,0.009118749805,True,05271943: 1; 052719430: 1,1,0,1,0,0,0,0,0,0,0,0,0,0,0.000021902926
05291943,05/29/1943,"May 29, 1943",6281944,1,0.060886919615,False,05291943: 1,1,0,0,0,0,0,0,0,0,0,0,0,0,0.000021902926
06011943,06/01/1943,"June 01, 1943",1233225,1,0.012256460292,False,06011943: 1,1,0,0,0,0,0,0,0,0,0,0,0,0,0.000021902926
06051943,06/05/1943,"June 05, 1943",4142139,1,0.040575190076,True,06051943: 1; 060519430: 1,1,0,1,0,0,0,0,0,0,0,0,0,0,0.000021902926
06181943,06/18/1943,"June 18, 1943",6447366,1,0.062439135064,False,06181943: 1,1,0,0,0,0,0,0,0,0,0,0,0,0,0.000021902926
06271943,06/27/1943,"June 27, 1943",5272391,1,0.051358056714,False,06271943: 1,1,0,0,0,0,0,0,0,0,0,0,0,0,0.000021902926
06301943,06/30/1943,"June 30, 1943",2710022,1,0.026736245720,False,06301943: 1,1,0,0,0,0,0,0,0,0,0,0,0,0,0.000021902926
07011943,07/01/1943,"July 01, 1943",9935855,1,0.094581934388,False,07011943: 1,1,0,0,0,0,0,0,0,0,0,0,0,0,0.000021902926
07021943,07/02/1943,"July 02, 1943",1733211,1,0.017182714203,False,07021943: 1,1,0,0,0,0,0,0,0,0,0,0,0,0,0.000021902926
07131943,07/13/1943,"July 13, 1943",2652126,1,0.026172601783,False,07131943: 1,1,0,0,0,0,0,0,0,0,0,0,0,0,0.000021902926
07191943,07/19/1943,"July 19, 1943",646103,1,0.006440142876,False,07191943: 1,1,0,0,0,0,0,0,0,0,0,0,0,0,0.000021902926
07251943,07/25/1943,"July 25, 1943",5221351,1,0.050873746276,False,07251943: 1,1,0,0,0,0,0,0,0,0,0,0,0,0,0.000021902926
07271943,07/27/1943,"July 27, 1943",9504717,1,0.090669905948,False,07271943: 1,1,0,0,0,0,0,0,0,0,0,0,0,0,0.000021902926
07281943,07/28/1943,"July 28, 1943",6625299,1,0.064105881968,True,07281943: 1,1,1,0,0,0,0,0,0,0,0,0,0,0,0.000021902926
08021943,08/02/1943,"August 02, 1943",345097,1,0.003444962488,True,08021943: 1; 0080219430: 1; 080219430: 1,1,1,1,1,0,0,0,0,0,0,0,0,0,0.000021902926
08131943,08/13/1943,"August 13, 1943",4559820,1,0.044574167957,False,08131943: 1,1,0,0,0,0,0,0,0,0,0,0,0,0,0.000021902926
09031943,09/03/1943,"September 03, 1943",8550208,1,0.081948712198,True,09031943: 1,1,1,0,0,0,0,0,0,0,0,0,0,0,0.000021902926
09061943,09/06/1943,"September 06, 1943",7298147,1,0.070381889214,False,09061943: 1,1,0,0,0,0,0,0,0,0,0,0,0,0,0.000021902926
09081943,09/08/1943,"September 08, 1943",4662132,1,0.045551183357,False,09081943: 1,1,0,0,0,0,0,0,0,0,0,0,0,0,0.000021902926
10101943,10/10/1943,"October 10, 1943",583164,1,0.005814609400,False,10101943: 1,1,0,0,0,0,0,0,0,0,0,0,0,0,0.000021902926
10221943,10/22/1943,"October 22, 1943",7771910,1,0.074775659661,False,10221943: 1,1,0,0,0,0,0,0,0,0,0,0,0,0,0.000021902926
11021943,11/02/1943,"November 02, 1943",2173315,1,0.021498628212,False,11021943: 1,1,0,0,0,0,0,0,0,0,0,0,0,0,0.000021902926
11041943,11/04/1943,"November 04, 1943",5153011,1,0.050224891699,False,11041943: 1,1,0,0,0,0,0,0,0,0,0,0,0,0,0.000021902926
11301943,11/30/1943,"November 30, 1943",565599,1,0.005639965397,False,11301943: 1,1,0,0,0,0,0,0,0,0,0,0,0,0,0.000021902926
12181943,12/18/1943,"December 18, 1943",931658,1,0.009273255782,False,12181943: 1,1,0,0,0,0,0,0,0,0,0,0,0,0,0.000021902926
12301943,12/30/1943,"December 30, 1943",9013279,1,0.086190113591,False,12301943: 1,1,0,0,0,0,0,0,0,0,0,0,0,0,0.000021902926
01121944,01/12/1944,"January 12, 1944",1277129,1,0.012690024037,False,01121944: 1,1,0,0,0,0,0,0,0,0,0,0,0,0,0.000021902926
01181944,01/18/1944,"January 18, 1944",7460529,1,0.071890196769,True,01181944: 1; 011819440: 1,1,0,1,0,0,0,0,0,0,0,0,0,0,0.000021902926
02161944,02/16/1944,"February 16, 1944",2786638,1,0.027481635905,True,02161944: 1,1,1,0,0,0,0,0,0,0,0,0,0,0,0.000021902926
02271944,02/27/1944,"February 27, 1944",2382863,1,0.023546911470,False,02271944: 1,1,0,0,0,0,0,0,0,0,0,0,0,0,0.000021902926
03091944,03/09/1944,"March 09, 1944",3585968,1,0.035224281154,False,03091944: 1,1,0,0,0,0,0,0,0,0,0,0,0,0,0.000021902926
03191944,03/19/1944,"March 19, 1944",428082,2,0.004271610650,False,03191944: 2,2,0,0,0,0,0,0,0,0,0,0,0,0,0.000021902926
03251944,03/25/1944,"March 25, 1944",3587848,1,0.035242418767,True,03251944: 1; 0032519440: 1; 032519440: 1,1,1,1,1,0,0,0,0,0,0,0,0,0,0.000021902926
04051944,04/05/1944,"April 05, 1944",4409205,1,0.043134069096,False,04051944: 1,1,0,0,0,0,0,0,0,0,0,0,0,0,0.000021902926
04261944,04/26/1944,"April 26, 1944",2362128,1,0.023344422927,False,04261944: 1,1,0,0,0,0,0,0,0,0,0,0,0,0,0.000021902926
04281944,04/28/1944,"April 28, 1944",2781783,1,0.027434418991,False,04281944: 1,1,0,0,0,0,0,0,0,0,0,0,0,0,0.000021902926
05071944,05/07/1944,"May 07, 1944",5026022,1,0.049018015637,False,05071944: 1,1,0,0,0,0,0,0,0,0,0,0,0,0,0.000021902926
05131944,05/13/1944,"May 13, 1944",5181723,1,0.050497551986,False,05131944: 1,1,0,0,0,0,0,0,0,0,0,0,0,0,0.000021902926
05151944,05/15/1944,"May 15, 1944",5096129,1,0.049684486935,False,05151944: 1,1,0,0,0,0,0,0,0,0,0,0,0,0,0.000021902926
05231944,05/23/1944,"May 23, 1944",8333043,1,0.079952859737,False,05231944: 1,1,0,0,0,0,0,0,0,0,0,0,0,0,0.000021902926
06071944,06/07/1944,"June 07, 1944",2415101,1,0.023861649684,False,06071944: 1,1,0,0,0,0,0,0,0,0,0,0,0,0,0.000021902926
06081944,06/08/1944,"June 08, 1944",458590,1,0.004575341136,False,06081944: 1,1,0,0,0,0,0,0,0,0,0,0,0,0,0.000021902926
06151944,06/15/1944,"June 15, 1944",3222126,1,0.031707628197,False,06151944: 1,1,0,0,0,0,0,0,0,0,0,0,0,0,0.000021902926
06211944,06/21/1944,"June 21, 1944",3382937,1,0.033263497519,False,06211944: 1,1,0,0,0,0,0,0,0,0,0,0,0,0,0.000021902926
06291944,06/29/1944,"June 29, 1944",8232796,1,0.079030077618,False,06291944: 1,1,0,0,0,0,0,0,0,0,0,0,0,0,0.000021902926
07141944,07/14/1944,"July 14, 1944",6752831,1,0.065298685702,False,07141944: 1,1,0,0,0,0,0,0,0,0,0,0,0,0,0.000021902926
07311944,07/31/1944,"July 31, 1944",3605944,1,0.035416985506,True,07311944: 1; 073119440: 1,1,0,1,0,0,0,0,0,0,0,0,0,0,0.000021902926
08011944,08/01/1944,"August 01, 1944",8514918,1,0.081624674722,False,08011944: 1,1,0,0,0,0,0,0,0,0,0,0,0,0,0.000021902926
08171944,08/17/1944,"August 17, 1944",5154113,1,0.050235358163,False,08171944: 1,1,0,0,0,0,0,0,0,0,0,0,0,0,0.000021902926
08181944,08/18/1944,"August 18, 1944",5538559,1,0.053879680660,True,08181944: 1,1,1,0,0,0,0,0,0,0,0,0,0,0,0.000021902926
08241944,08/24/1944,"August 24, 1944",4655887,1,0.045491576167,False,08241944: 1,1,0,0,0,0,0,0,0,0,0,0,0,0,0.000021902926
08261944,08/26/1944,"August 26, 1944",603847,1,0.006020215503,False,08261944: 1,1,0,0,0,0,0,0,0,0,0,0,0,0,0.000021902926
08291944,08/29/1944,"August 29, 1944",2394589,1,0.023661403647,False,08291944: 1,1,0,0,0,0,0,0,0,0,0,0,0,0,0.000021902926
09061944,09/06/1944,"September 06, 1944",3567695,1,0.035047971577,False,09061944: 1,1,0,0,0,0,0,0,0,0,0,0,0,0,0.000021902926
09181944,09/18/1944,"September 18, 1944",9701965,1,0.092461773597,False,09181944: 1,1,0,0,0,0,0,0,0,0,0,0,0,0,0.000021902926
09271944,09/27/1944,"September 27, 1944",2882523,1,0.028413688227,False,09271944: 1,1,0,0,0,0,0,0,0,0,0,0,0,0,0.000021902926
10231944,10/23/1944,"October 23, 1944",1957530,1,0.019384889260,True,10231944: 1; 102319440: 1,1,0,1,0,0,0,0,0,0,0,0,0,0,0.000021902926
11081944,11/08/1944,"November 08, 1944",878991,1,0.008751332294,False,11081944: 1,1,0,0,0,0,0,0,0,0,0,0,0,0,0.000021902926
12051944,12/05/1944,"December 05, 1944",1505849,1,0.014945618955,False,12051944: 1,1,0,0,0,0,0,0,0,0,0,0,0,0,0.000021902926
12071944,12/07/1944,"December 07, 1944",6636646,1,0.064212071850,False,12071944: 1,1,0,0,0,0,0,0,0,0,0,0,0,0,0.000021902926
12301944,12/30/1944,"December 30, 1944",3572090,1,0.035090380287,False,12301944: 1,1,0,0,0,0,0,0,0,0,0,0,0,0,0.000021902926
01251945,01/25/1945,"January 25, 1945",1320959,1,0.013122667183,True,01251945: 1,1,1,0,0,0,0,0,0,0,0,0,0,0,0.000021902926
02211945,02/21/1945,"February 21, 1945",9313115,1,0.088925941082,True,02211945: 1; 022119450: 1,1,0,1,0,0,0,0,0,0,0,0,0,0,0.000021902926
02231945,02/23/1945,"February 23, 1945",6081747,1,0.059004960198,False,02231945: 1,1,0,0,0,0,0,0,0,0,0,0,0,0,0.000021902926
02241945,02/24/1945,"February 24, 1945",6034838,1,0.058563445284,False,02241945: 1,1,0,0,0,0,0,0,0,0,0,0,0,0,0.000021902926
02281945,02/28/1945,"February 28, 1945",2251616,1,0.022264504696,False,02281945: 1,1,0,0,0,0,0,0,0,0,0,0,0,0,0.000021902926
03071945,03/07/1945,"March 07, 1945",4579557,1,0.044762721748,False,03071945: 1,1,0,0,0,0,0,0,0,0,0,0,0,0,0.000021902926
03121945,03/12/1945,"March 12, 1945",7066406,1,0.068225084752,False,03121945: 1,1,0,0,0,0,0,0,0,0,0,0,0,0,0.000021902926
03181945,03/18/1945,"March 18, 1945",2751562,1,0.027140455527,False,03181945: 1,1,0,0,0,0,0,0,0,0,0,0,0,0,0.000021902926
03281945,03/28/1945,"March 28, 1945",483931,1,0.004827559743,False,03281945: 1,1,0,0,0,0,0,0,0,0,0,0,0,0,0.000021902926
04031945,04/03/1945,"April 03, 1945",4542836,1,0.044411884652,True,04031945: 1,1,1,0,0,0,0,0,0,0,0,0,0,0,0.000021902926
04041945,04/04/1945,"April 04, 1945",1144261,1,0.011377333125,True,04041945: 1,1,1,0,0,0,0,0,0,0,0,0,0,0,0.000021902926
04221945,04/22/1945,"April 22, 1945",2993552,1,0.029491832167,False,04221945: 1,1,0,0,0,0,0,0,0,0,0,0,0,0,0.000021902926
04241945,04/24/1945,"April 24, 1945",5915595,1,0.057440178506,False,04241945: 1,1,0,0,0,0,0,0,0,0,0,0,0,0,0.000021902926
04261945,04/26/1945,"April 26, 1945",273439,2,0.002730595152,True,04261945: 2,2,1,0,0,0,0,0,0,0,0,0,0,0,0.000021902926
05141945,05/14/1945,"May 14, 1945",3174075,1,0.031242242222,False,05141945: 1,1,0,0,0,0,0,0,0,0,0,0,0,0,0.000021902926
05191945,05/19/1945,"May 19, 1945",998670,1,0.009936939196,True,05191945: 1; 051919450: 1,1,0,1,0,0,0,0,0,0,0,0,0,0,0.000021902926
06051945,06/05/1945,"June 05, 1945",3891777,1,0.038170145507,False,06051945: 1,1,0,0,0,0,0,0,0,0,0,0,0,0,0.000021902926
06061945,06/06/1945,"June 06, 1945",1896503,1,0.018786266629,False,06061945: 1,1,0,0,0,0,0,0,0,0,0,0,0,0,0.000021902926
06171945,06/17/1945,"June 17, 1945",7820200,1,0.075222342639,False,06171945: 1,1,0,0,0,0,0,0,0,0,0,0,0,0,0.000021902926
06241945,06/24/1945,"June 24, 1945",613213,1,0.006113307291,False,06241945: 1,1,0,0,0,0,0,0,0,0,0,0,0,0,0.000021902926
07021945,07/02/1945,"July 02, 1945",3020141,1,0.029749846283,False,07021945: 1,1,0,0,0,0,0,0,0,0,0,0,0,0,0.000021902926
07131945,07/13/1945,"July 13, 1945",1772111,1,0.017564955780,False,07131945: 1,1,0,0,0,0,0,0,0,0,0,0,0,0,0.000021902926
07211945,07/21/1945,"July 21, 1945",2540545,1,0.025085388974,False,07211945: 1,1,0,0,0,0,0,0,0,0,0,0,0,0,0.000021902926
08041945,08/04/1945,"August 04, 1945",3307791,2,0.032536760677,False,08041945: 2,2,0,0,0,0,0,0,0,0,0,0,0,0,0.000021902926
08071945,08/07/1945,"August 07, 1945",9275820,1,0.088586092639,False,08071945: 1,1,0,0,0,0,0,0,0,0,0,0,0,0,0.000021902926
08171945,08/17/1945,"August 17, 1945",702102,1,0.006996370711,False,08171945: 1,1,0,0,0,0,0,0,0,0,0,0,0,0,0.000021902926
09021945,09/02/1945,"September 02, 1945",2207474,1,0.021832817418,False,09021945: 1,1,0,0,0,0,0,0,0,0,0,0,0,0,0.000021902926
09051945,09/05/1945,"September 05, 1945",7634542,1,0.073503824129,False,09051945: 1,1,0,0,0,0,0,0,0,0,0,0,0,0,0.000021902926
09061945,09/06/1945,"September 06, 1945",4155824,1,0.040706478379,False,09061945: 1,1,0,0,0,0,0,0,0,0,0,0,0,0,0.000021902926
09131945,09/13/1945,"September 13, 1945",1674105,2,0.016601638504,True,09131945: 2,2,1,0,0,0,0,0,0,0,0,0,0,0,0.000021902926
09251945,09/25/1945,"September 25, 1945",3300914,1,0.032470225941,False,09251945: 1,1,0,0,0,0,0,0,0,0,0,0,0,0,0.000021902926
10131945,10/13/1945,"October 13, 1945",9558199,1,0.091156103848,False,10131945: 1,1,0,0,0,0,0,0,0,0,0,0,0,0,0.000021902926
11131945,11/13/1945,"November 13, 1945",2086712,1,0.020650849613,False,11131945: 1,1,0,0,0,0,0,0,0,0,0,0,0,0,0.000021902926
11151945,11/15/1945,"November 15, 1945",8064637,1,0.077480080926,False,11151945: 1,1,0,0,0,0,0,0,0,0,0,0,0,0,0.000021902926
11231945,11/23/1945,"November 23, 1945",4397587,1,0.043022893953,False,11231945: 1,1,0,0,0,0,0,0,0,0,0,0,0,0,0.000021902926
11271945,11/27/1945,"November 27, 1945",7494075,1,0.072201488271,False,11271945: 1,1,0,0,0,0,0,0,0,0,0,0,0,0,0.000021902926
12131945,12/13/1945,"December 13, 1945",8469437,1,0.081206893438,False,12131945: 1,1,0,0,0,0,0,0,0,0,0,0,0,0,0.000021902926
12191945,12/19/1945,"December 19, 1945",8142876,1,0.078201569013,False,12191945: 1,1,0,0,0,0,0,0,0,0,0,0,0,0,0.000021902926
12271945,12/27/1945,"December 27, 1945",183200,1,0.001830263040,True,12271945: 1; 122719450: 1,1,0,1,0,0,0,0,0,0,0,0,0,0,0.000021902926
12301945,12/30/1945,"December 30, 1945",9368932,1,0.089434333396,False,12301945: 1,1,0,0,0,0,0,0,0,0,0,0,0,0,0.000021902926
01011946,01/01/1946,"January 01, 1946",2285539,1,0.022596125660,False,01011946: 1,1,0,0,0,0,0,0,0,0,0,0,0,0,0.000021902926
01161946,01/16/1946,"January 16, 1946",110350,1,0.001102831445,False,01161946: 1,1,0,0,0,0,0,0,0,0,0,0,0,0,0.000021902926
01221946,01/22/1946,"January 22, 1946",2316481,1,0.022898507186,False,01221946: 1,1,0,0,0,0,0,0,0,0,0,0,0,0,0.000021902926
02081946,02/08/1946,"February 08, 1946",2662316,1,0.026271829740,False,02081946: 1,1,0,0,0,0,0,0,0,0,0,0,0,0,0.000021902926
02221946,02/22/1946,"February 22, 1946",7720226,1,0.074297343112,False,02221946: 1,1,0,0,0,0,0,0,0,0,0,0,0,0,0.000021902926
03011946,03/01/1946,"March 01, 1946",4832298,1,0.047173949657,False,03011946: 1,1,0,0,0,0,0,0,0,0,0,0,0,0,0.000021902926
03181946,03/18/1946,"March 18, 1946",3881584,1,0.038072101192,False,03181946: 1,1,0,0,0,0,0,0,0,0,0,0,0,0,0.000021902926
04071946,04/07/1946,"April 07, 1946",3899079,1,0.038240375759,False,04071946: 1,1,0,0,0,0,0,0,0,0,0,0,0,0,0.000021902926
04141946,04/14/1946,"April 14, 1946",426441,1,0.004255270613,True,04141946: 1; 041419460: 1,1,0,1,0,0,0,0,0,0,0,0,0,0,0.000021902926
04161946,04/16/1946,"April 16, 1946",4445275,1,0.043479148402,False,04161946: 1,1,0,0,0,0,0,0,0,0,0,0,0,0,0.000021902926
04171946,04/17/1946,"April 17, 1946",4314734,1,0.042229681148,False,04171946: 1,1,0,0,0,0,0,0,0,0,0,0,0,0,0.000021902926
04201946,04/20/1946,"April 20, 1946",8390625,1,0.080482488786,False,04201946: 1,1,0,0,0,0,0,0,0,0,0,0,0,0,0.000021902926
05111946,05/11/1946,"May 11, 1946",264451,1,0.002640956549,False,05111946: 1,1,0,0,0,0,0,0,0,0,0,0,0,0,0.000021902926
05261946,05/26/1946,"May 26, 1946",5053874,1,0.049282846260,False,05261946: 1,1,0,0,0,0,0,0,0,0,0,0,0,0,0.000021902926
06071946,06/07/1946,"June 07, 1946",6663981,1,0.064467834525,False,06071946: 1,1,0,0,0,0,0,0,0,0,0,0,0,0,0.000021902926
06081946,06/08/1946,"June 08, 1946",5162939,1,0.050319180692,False,06081946: 1,1,0,0,0,0,0,0,0,0,0,0,0,0,0.000021902926
06121946,06/12/1946,"June 12, 1946",4791376,1,0.046783954385,True,06121946: 1; 061219460: 1,1,0,1,0,0,0,0,0,0,0,0,0,0,0.000021902926
06151946,06/15/1946,"June 15, 1946",942095,1,0.009376652537,False,06151946: 1,1,0,0,0,0,0,0,0,0,0,0,0,0,0.000021902926
06251946,06/25/1946,"June 25, 1946",1357886,1,0.013487024102,False,06251946: 1,1,0,0,0,0,0,0,0,0,0,0,0,0,0.000021902926
06271946,06/27/1946,"June 27, 1946",3937714,1,0.038611879824,False,06271946: 1,1,0,0,0,0,0,0,0,0,0,0,0,0,0.000021902926
07111946,07/11/1946,"July 11, 1946",5509394,1,0.053603704424,True,07111946: 1,1,1,0,0,0,0,0,0,0,0,0,0,0,0.000021902926
07121946,07/12/1946,"July 12, 1946",2127374,1,0.021048991617,False,07121946: 1,1,0,0,0,0,0,0,0,0,0,0,0,0,0.000021902926
07131946,07/13/1946,"July 13, 1946",3180396,1,0.031303475466,False,07131946: 1,1,0,0,0,0,0,0,0,0,0,0,0,0,0.000021902926
07161946,07/16/1946,"July 16, 1946",263304,2,0.002629516775,True,07161946: 2; 071619460: 1,2,0,1,0,0,0,0,0,0,0,0,0,0,0.000021902926
08121946,08/12/1946,"August 12, 1946",8986493,1,0.085945307687,False,08121946: 1,1,0,0,0,0,0,0,0,0,0,0,0,0,0.000021902926
08131946,08/13/1946,"August 13, 1946",8352878,1,0.080135332992,False,08131946: 1,1,0,0,0,0,0,0,0,0,0,0,0,0,0.000021902926
08161946,08/16/1946,"August 16, 1946",6592908,1,0.063802687400,False,08161946: 1,1,0,0,0,0,0,0,0,0,0,0,0,0,0.000021902926
08251946,08/25/1946,"August 25, 1946",1234517,1,0.012269221856,False,08251946: 1,1,0,0,0,0,0,0,0,0,0,0,0,0,0.000021902926
09011946,09/01/1946,"September 01, 1946",3834596,1,0.037620004299,False,09011946: 1,1,0,0,0,0,0,0,0,0,0,0,0,0,0.000021902926
09131946,09/13/1946,"September 13, 1946",4255599,1,0.041663136168,False,09131946: 1,1,0,0,0,0,0,0,0,0,0,0,0,0,0.000021902926
09181946,09/18/1946,"September 18, 1946",4907792,1,0.000490658029,True,09181946: 1; 0091819460: 1; 00918194600: 1; 091819460: 1; 0918194600: 1,1,1,1,2,0,1,0,0,0,0,0,0,0,0.000021902926
10111946,10/11/1946,"October 11, 1946",1694628,1,0.016803440643,False,10111946: 1,1,0,0,0,0,0,0,0,0,0,0,0,0,0.000021902926
11061946,11/06/1946,"November 06, 1946",4721734,1,0.046119884451,False,11061946: 1,1,0,0,0,0,0,0,0,0,0,0,0,0,0.000021902926
11081946,11/08/1946,"November 08, 1946",4574501,1,0.044714423729,False,11081946: 1,1,0,0,0,0,0,0,0,0,0,0,0,0,0.000021902926
11101946,11/10/1946,"November 10, 1946",5647302,1,0.054907961097,False,11101946: 1,1,0,0,0,0,0,0,0,0,0,0,0,0,0.000021902926
11111946,11/11/1946,"November 11, 1946",9653702,1,0.092023662705,True,11111946: 1; 111119460: 1,1,0,1,0,0,0,0,0,0,0,0,0,0,0.000021902926
11161946,11/16/1946,"November 16, 1946",2460250,1,0.024302266918,False,11161946: 1,1,0,0,0,0,0,0,0,0,0,0,0,0,0.000021902926
11241946,11/24/1946,"November 24, 1946",4806023,1,0.046923561716,False,11241946: 1,1,0,0,0,0,0,0,0,0,0,0,0,0,0.000021902926
12141946,12/14/1946,"December 14, 1946",2120877,1,0.020985387103,False,12141946: 1,1,0,0,0,0,0,0,0,0,0,0,0,0,0.000021902926
12211946,12/21/1946,"December 21, 1946",582074,1,0.005803772720,True,12211946: 1,1,1,0,0,0,0,0,0,0,0,0,0,0,0.000021902926
12261946,12/26/1946,"December 26, 1946",3119614,1,0.030714503362,False,12261946: 1,1,0,0,0,0,0,0,0,0,0,0,0,0,0.000021902926
01061947,01/06/1947,"January 06, 1947",3509332,1,0.034484632244,False,01061947: 1,1,0,0,0,0,0,0,0,0,0,0,0,0,0.000021902926
01071947,01/07/1947,"January 07, 1947",7626297,1,0.073427431369,False,01071947: 1,1,0,0,0,0,0,0,0,0,0,0,0,0,0.000021902926
01171947,01/17/1947,"January 17, 1947",2650010,1,0.026151995377,False,01171947: 1,1,0,0,0,0,0,0,0,0,0,0,0,0,0.000021902926
01251947,01/25/1947,"January 25, 1947",1586559,1,0.015740335603,False,01251947: 1,1,0,0,0,0,0,0,0,0,0,0,0,0,0.000021902926
02261947,02/26/1947,"February 26, 1947",8096136,1,0.077770619717,False,02261947: 1,1,0,0,0,0,0,0,0,0,0,0,0,0,0.000021902926
03221947,03/22/1947,"March 22, 1947",4825715,1,0.047111223053,False,03221947: 1,1,0,0,0,0,0,0,0,0,0,0,0,0,0.000021902926
04081947,04/08/1947,"April 08, 1947",112179,1,0.001121101107,True,04081947: 1,1,1,0,0,0,0,0,0,0,0,0,0,0,0.000021902926
04151947,04/15/1947,"April 15, 1947",5135020,1,0.050054002286,False,04151947: 1,1,0,0,0,0,0,0,0,0,0,0,0,0,0.000021902926
04221947,04/22/1947,"April 22, 1947",4726699,1,0.046167243424,False,04221947: 1,1,0,0,0,0,0,0,0,0,0,0,0,0,0.000021902926
05091947,05/09/1947,"May 09, 1947",5470630,1,0.053236772246,False,05091947: 1,1,0,0,0,0,0,0,0,0,0,0,0,0,0.000021902926
05161947,05/16/1947,"May 16, 1947",9645126,1,0.091945791314,True,05161947: 1,1,1,0,0,0,0,0,0,0,0,0,0,0,0.000021902926
05231947,05/23/1947,"May 23, 1947",7364108,1,0.070994872435,False,05231947: 1,1,0,0,0,0,0,0,0,0,0,0,0,0,0.000021902926
07011947,07/01/1947,"July 01, 1947",5506310,1,0.053574517112,False,07011947: 1,1,0,0,0,0,0,0,0,0,0,0,0,0,0.000021902926
07181947,07/18/1947,"July 18, 1947",4043382,1,0.039627222892,False,07181947: 1,1,0,0,0,0,0,0,0,0,0,0,0,0,0.000021902926
07231947,07/23/1947,"July 23, 1947",2849115,1,0.028089046443,False,07231947: 1,1,0,0,0,0,0,0,0,0,0,0,0,0,0.000021902926
07311947,07/31/1947,"July 31, 1947",5921198,1,0.057492988654,False,07311947: 1,1,0,0,0,0,0,0,0,0,0,0,0,0,0.000021902926
08061947,08/06/1947,"August 06, 1947",1499540,1,0.014883469913,True,08061947: 1; 080619470: 1,1,0,1,0,0,0,0,0,0,0,0,0,0,0.000021902926
09141947,09/14/1947,"September 14, 1947",4248916,1,0.041599088374,False,09141947: 1,1,0,0,0,0,0,0,0,0,0,0,0,0,0.000021902926
09211947,09/21/1947,"September 21, 1947",9227259,1,0.088143393446,False,09211947: 1,1,0,0,0,0,0,0,0,0,0,0,0,0,0.000021902926
09261947,09/26/1947,"September 26, 1947",3644475,1,0.035788577397,True,09261947: 1; 0092619470: 1; 092619470: 1,1,1,1,1,0,0,0,0,0,0,0,0,0,0.000021902926
10171947,10/17/1947,"October 17, 1947",9568821,1,0.091252636121,False,10171947: 1,1,0,0,0,0,0,0,0,0,0,0,0,0,0.000021902926
10191947,10/19/1947,"October 19, 1947",865950,1,0.008622055124,False,10191947: 1,1,0,0,0,0,0,0,0,0,0,0,0,0,0.000021902926
10221947,10/22/1947,"October 22, 1947",3133147,1,0.030845667894,True,10221947: 1,1,1,0,0,0,0,0,0,0,0,0,0,0,0.000021902926
10271947,10/27/1947,"October 27, 1947",5631968,1,0.054763029570,False,10271947: 1,1,0,0,0,0,0,0,0,0,0,0,0,0,0.000021902926
10311947,10/31/1947,"October 31, 1947",59034,1,0.000590105825,False,10311947: 1,1,0,0,0,0,0,0,0,0,0,0,0,0,0.000021902926
11101947,11/10/1947,"November 10, 1947",4387148,1,0.042922989897,False,11101947: 1,1,0,0,0,0,0,0,0,0,0,0,0,0,0.000021902926
11211947,11/21/1947,"November 21, 1947",3725389,1,0.036568443882,False,11211947: 1,1,0,0,0,0,0,0,0,0,0,0,0,0,0.000021902926
12031947,12/03/1947,"December 03, 1947",2738878,1,0.027017050195,False,12031947: 1,1,0,0,0,0,0,0,0,0,0,0,0,0,0.000021902926
12111947,12/11/1947,"December 11, 1947",4416121,1,0.043200243656,False,12111947: 1,1,0,0,0,0,0,0,0,0,0,0,0,0,0.000021902926
12211947,12/21/1947,"December 21, 1947",3370623,1,0.033144446255,True,12211947: 1; 122119470: 1,1,0,1,0,0,0,0,0,0,0,0,0,0,0.000021902926
12221947,12/22/1947,"December 22, 1947",889211,2,0.008852632732,True,12221947: 2; 0122219470: 1; 01222194700: 1; 122219470: 1; 1222194700: 1,2,1,1,2,0,1,0,0,0,0,0,0,0,0.000021902926
12251947,12/25/1947,"December 25, 1947",6191045,1,0.060032887113,False,12251947: 1,1,0,0,0,0,0,0,0,0,0,0,0,0,0.000021902926
01021948,01/02/1948,"January 02, 1948",8094687,1,0.077757256517,False,01021948: 1,1,0,0,0,0,0,0,0,0,0,0,0,0,0.000021902926
01301948,01/30/1948,"January 30, 1948",8507123,1,0.081553084575,True,01301948: 1,1,1,0,0,0,0,0,0,0,0,0,0,0,0.000021902926
03011948,03/01/1948,"March 01, 1948",8518381,1,0.081656477510,False,03011948: 1,1,0,0,0,0,0,0,0,0,0,0,0,0,0.000021902926
03031948,03/03/1948,"March 03, 1948",7184596,1,0.069325698999,True,03031948: 1,1,1,0,0,0,0,0,0,0,0,0,0,0,0.000021902926
03111948,03/11/1948,"March 11, 1948",6618109,1,0.064038588761,False,03111948: 1,1,0,0,0,0,0,0,0,0,0,0,0,0,0.000021902926
03301948,03/30/1948,"March 30, 1948",5947516,1,0.057741005014,True,03301948: 1; 033019480: 1,1,0,1,0,0,0,0,0,0,0,0,0,0,0.000021902926
04021948,04/02/1948,"April 02, 1948",2654324,1,0.026194006274,False,04021948: 1,1,0,0,0,0,0,0,0,0,0,0,0,0,0.000021902926
04091948,04/09/1948,"April 09, 1948",2416618,1,0.023876457591,False,04091948: 1,1,0,0,0,0,0,0,0,0,0,0,0,0,0.000021902926
04141948,04/14/1948,"April 14, 1948",4985088,1,0.048628660984,False,04141948: 1,1,0,0,0,0,0,0,0,0,0,0,0,0,0.000021902926
04161948,04/16/1948,"April 16, 1948",3809885,1,0.037382161190,False,04161948: 1,1,0,0,0,0,0,0,0,0,0,0,0,0,0.000021902926
04221948,04/22/1948,"April 22, 1948",3020774,1,0.029755987947,False,04221948: 1,1,0,0,0,0,0,0,0,0,0,0,0,0,0.000021902926
05121948,05/12/1948,"May 12, 1948",6245988,1,0.060549191400,True,05121948: 1; 051219480: 1,1,0,1,0,0,0,0,0,0,0,0,0,0,0.000021902926
05131948,05/13/1948,"May 13, 1948",7105089,1,0.068585453541,False,05131948: 1,1,0,0,0,0,0,0,0,0,0,0,0,0,0.000021902926
05281948,05/28/1948,"May 28, 1948",1697620,1,0.016832857444,False,05281948: 1,1,0,0,0,0,0,0,0,0,0,0,0,0,0.000021902926
06221948,06/22/1948,"June 22, 1948",5889437,1,0.057193591456,False,06221948: 1,1,0,0,0,0,0,0,0,0,0,0,0,0,0.000021902926
07061948,07/06/1948,"July 06, 1948",377724,1,0.003770055466,False,07061948: 1,1,0,0,0,0,0,0,0,0,0,0,0,0,0.000021902926
07131948,07/13/1948,"July 13, 1948",5877911,1,0.057084917325,True,07131948: 1,1,1,0,0,0,0,0,0,0,0,0,0,0,0.000021902926
07221948,07/22/1948,"July 22, 1948",2042177,1,0.020214599330,False,07221948: 1,1,0,0,0,0,0,0,0,0,0,0,0,0,0.000021902926
08031948,08/03/1948,"August 03, 1948",9050802,1,0.086532938155,True,08031948: 1,1,1,0,0,0,0,0,0,0,0,0,0,0,0.000021902926
08111948,08/11/1948,"August 11, 1948",1586861,1,0.015743308062,False,08111948: 1,1,0,0,0,0,0,0,0,0,0,0,0,0,0.000021902926
08221948,08/22/1948,"August 22, 1948",5835657,1,0.056686413796,False,08221948: 1,1,0,0,0,0,0,0,0,0,0,0,0,0,0.000021902926
09141948,09/14/1948,"September 14, 1948",7273809,1,0.070155611222,False,09141948: 1,1,0,0,0,0,0,0,0,0,0,0,0,0,0.000021902926
09201948,09/20/1948,"September 20, 1948",3218144,1,0.031669070027,False,09201948: 1,1,0,0,0,0,0,0,0,0,0,0,0,0,0.000021902926
09291948,09/29/1948,"September 29, 1948",1325234,2,0.013164855287,True,09291948: 2; 092919480: 1,2,0,1,0,0,0,0,0,0,0,0,0,0,0.000021902926
10011948,10/01/1948,"October 01, 1948",3386780,1,0.033300648489,False,10011948: 1,1,0,0,0,0,0,0,0,0,0,0,0,0,0.000021902926
10121948,10/12/1948,"October 12, 1948",7002290,1,0.067627476380,False,10121948: 1,1,0,0,0,0,0,0,0,0,0,0,0,0,0.000021902926
11061948,11/06/1948,"November 06, 1948",8394266,1,0.080515967810,False,11061948: 1,1,0,0,0,0,0,0,0,0,0,0,0,0,0.000021902926
11251948,11/25/1948,"November 25, 1948",3036009,1,0.029903793364,False,11251948: 1,1,0,0,0,0,0,0,0,0,0,0,0,0,0.000021902926
12231948,12/23/1948,"December 23, 1948",7888171,1,0.075850709689,True,12231948: 1,1,1,0,0,0,0,0,0,0,0,0,0,0,0.000021902926
01061949,01/06/1949,"January 06, 1949",4026416,1,0.039464272222,False,01061949: 1,1,0,0,0,0,0,0,0,0,0,0,0,0,0.000021902926
01251949,01/25/1949,"January 25, 1949",2509665,1,0.024784288852,False,01251949: 1,1,0,0,0,0,0,0,0,0,0,0,0,0,0.000021902926
02131949,02/13/1949,"February 13, 1949",4480286,1,0.043813977303,False,02131949: 1,1,0,0,0,0,0,0,0,0,0,0,0,0,0.000021902926
02141949,02/14/1949,"February 14, 1949",3701903,1,0.036342145771,True,02141949: 1,1,1,0,0,0,0,0,0,0,0,0,0,0,0.000021902926
03111949,03/11/1949,"March 11, 1949",2296085,1,0.022699197238,False,03111949: 1,1,0,0,0,0,0,0,0,0,0,0,0,0,0.000021902926
03311949,03/31/1949,"March 31, 1949",6597850,1,0.063848953129,True,03311949: 1,1,1,0,0,0,0,0,0,0,0,0,0,0,0.000021902926
04021949,04/02/1949,"April 02, 1949",5122842,1,0.049938310817,False,04021949: 1,1,0,0,0,0,0,0,0,0,0,0,0,0,0.000021902926
04271949,04/27/1949,"April 27, 1949",6881506,1,0.066500639157,False,04271949: 1,1,0,0,0,0,0,0,0,0,0,0,0,0,0.000021902926
04291949,04/29/1949,"April 29, 1949",4312146,1,0.042204893731,False,04291949: 1,1,0,0,0,0,0,0,0,0,0,0,0,0,0.000021902926
05191949,05/19/1949,"May 19, 1949",4084277,1,0.040019887048,False,05191949: 1,1,0,0,0,0,0,0,0,0,0,0,0,0,0.000021902926
06021949,06/02/1949,"June 02, 1949",5431151,1,0.052862925797,True,06021949: 1,1,1,0,0,0,0,0,0,0,0,0,0,0,0.000021902926
06041949,06/04/1949,"June 04, 1949",1638202,1,0.016248505598,False,06041949: 1,1,0,0,0,0,0,0,0,0,0,0,0,0,0.000021902926
06291949,06/29/1949,"June 29, 1949",7562894,1,0.072839770280,False,06291949: 1,1,0,0,0,0,0,0,0,0,0,0,0,0,0.000021902926
07061949,07/06/1949,"July 06, 1949",384982,1,0.003842359213,False,07061949: 1,1,0,0,0,0,0,0,0,0,0,0,0,0,0.000021902926
07101949,07/10/1949,"July 10, 1949",8902533,1,0.085177545098,False,07101949: 1,1,0,0,0,0,0,0,0,0,0,0,0,0,0.000021902926
07161949,07/16/1949,"July 16, 1949",8099048,1,0.077797474646,False,07161949: 1,1,0,0,0,0,0,0,0,0,0,0,0,0,0.000021902926
07231949,07/23/1949,"July 23, 1949",6168706,1,0.059822884402,False,07231949: 1,1,0,0,0,0,0,0,0,0,0,0,0,0,0.000021902926
07301949,07/30/1949,"July 30, 1949",2840763,1,0.028007869050,False,07301949: 1,1,0,0,0,0,0,0,0,0,0,0,0,0,0.000021902926
08021949,08/02/1949,"August 02, 1949",9927518,1,0.094506446536,True,08021949: 1,1,1,0,0,0,0,0,0,0,0,0,0,0,0.000021902926
08111949,08/11/1949,"August 11, 1949",5464170,1,0.053175609366,False,08111949: 1,1,0,0,0,0,0,0,0,0,0,0,0,0,0.000021902926
08271949,08/27/1949,"August 27, 1949",5125226,1,0.049960960018,False,08271949: 1,1,0,0,0,0,0,0,0,0,0,0,0,0,0.000021902926
09021949,09/02/1949,"September 02, 1949",125523,1,0.001254382616,False,09021949: 1,1,0,0,0,0,0,0,0,0,0,0,0,0,0.000021902926
09221949,09/22/1949,"September 22, 1949",2372608,1,0.023446771070,False,09221949: 1,1,0,0,0,0,0,0,0,0,0,0,0,0,0.000021902926
10121949,10/12/1949,"October 12, 1949",1757160,1,0.017418060934,True,10121949: 1; 101219490: 1,1,0,1,0,0,0,0,0,0,0,0,0,0,0.000021902926
10231949,10/23/1949,"October 23, 1949",3625504,1,0.035605639494,False,10231949: 1,1,0,0,0,0,0,0,0,0,0,0,0,0,0.000021902926
10291949,10/29/1949,"October 29, 1949",7303775,1,0.070434206650,False,10291949: 1,1,0,0,0,0,0,0,0,0,0,0,0,0,0.000021902926
11111949,11/11/1949,"November 11, 1949",744229,1,0.007414605253,True,11111949: 1,1,1,0,0,1,0,0,0,0,0,0,0,0,0.000021902926
11161949,11/16/1949,"November 16, 1949",6299356,1,0.061050423751,False,11161949: 1,1,0,0,0,0,0,0,0,0,0,0,0,0,0.000021902926
11181949,11/18/1949,"November 18, 1949",8542897,1,0.081881591014,False,11181949: 1,1,0,0,0,0,0,0,0,0,0,0,0,0,0.000021902926
11191949,11/19/1949,"November 19, 1949",2229241,1,0.022045711900,True,11191949: 1; 111919490: 1,1,0,1,0,0,0,0,0,0,0,0,0,0,0.000021902926
11201949,11/20/1949,"November 20, 1949",5531399,1,0.053811936020,True,11201949: 1; 112019490: 1,1,0,1,0,0,0,0,0,0,0,0,0,0,0.000021902926
11281949,11/28/1949,"November 28, 1949",4954805,1,0.048340513571,True,11281949: 1,1,1,0,0,1,0,0,0,0,0,0,0,0,0.000021902926
12071949,12/07/1949,"December 07, 1949",9361352,1,0.089365309902,False,12071949: 1,1,0,0,0,0,0,0,0,0,0,0,0,0,0.000021902926
12261949,12/26/1949,"December 26, 1949",1828444,1,0.018118235065,False,12261949: 1,1,0,0,0,0,0,0,0,0,0,0,0,0,0.000021902926
01171950,01/17/1950,"January 17, 1950",3441713,1,0.033831539619,False,01171950: 1,1,0,0,0,0,0,0,0,0,0,0,0,0,0.000021902926
01251950,01/25/1950,"January 25, 1950",2718495,1,0.026818706865,False,01251950: 1,1,0,0,0,0,0,0,0,0,0,0,0,0,0.000021902926
02171950,02/17/1950,"February 17, 1950",8663433,1,0.082987587535,True,02171950: 1,1,1,0,0,0,0,0,0,0,0,0,0,0,0.000021902926
03051950,03/05/1950,"March 05, 1950",2053092,1,0.020321537071,False,03051950: 1,1,0,0,0,0,0,0,0,0,0,0,0,0,0.000021902926
03121950,03/12/1950,"March 12, 1950",3012386,1,0.029674600465,True,03121950: 1; 031219500: 1,1,0,1,0,0,0,0,0,0,0,0,0,0,0.000021902926
03241950,03/24/1950,"March 24, 1950",2347722,1,0.023203715789,False,03241950: 1,1,0,0,0,0,0,0,0,0,0,0,0,0,0.000021902926
03311950,03/31/1950,"March 31, 1950",8067740,1,0.077508706275,False,03311950: 1,1,0,0,0,0,0,0,0,0,0,0,0,0,0.000021902926
04171950,04/17/1950,"April 17, 1950",9318907,1,0.088978708963,False,04171950: 1,1,0,0,0,0,0,0,0,0,0,0,0,0,0.000021902926
04181950,04/18/1950,"April 18, 1950",1225779,1,0.012182910169,False,04181950: 1,1,0,0,0,0,0,0,0,0,0,0,0,0,0.000021902926
05051950,05/05/1950,"May 05, 1950",8417817,1,0.080732489999,False,05051950: 1,1,0,0,0,0,0,0,0,0,0,0,0,0,0.000021902926
06011950,06/01/1950,"June 01, 1950",3651427,1,0.035855607046,True,06011950: 1; 060119500: 1; 0601195000: 1; 06011950000: 1,1,0,1,0,0,1,0,0,1,0,0,0,0,0.000021902926
06211950,06/21/1950,"June 21, 1950",1913636,1,0.018954363579,False,06211950: 1,1,0,0,0,0,0,0,0,0,0,0,0,0,0.000021902926
07021950,07/02/1950,"July 02, 1950",8979247,1,0.085879072883,False,07021950: 1,1,0,0,0,0,0,0,0,0,0,0,0,0,0.000021902926
07151950,07/15/1950,"July 15, 1950",5146272,1,0.050160884197,False,07151950: 1,1,0,0,0,0,0,0,0,0,0,0,0,0,0.000021902926
07181950,07/18/1950,"July 18, 1950",5157723,1,0.050269644048,False,07181950: 1,1,0,0,0,0,0,0,0,0,0,0,0,0,0.000021902926
07211950,07/21/1950,"July 21, 1950",5495388,1,0.053471142875,True,07211950: 1; 072119500: 1,1,0,1,0,0,0,0,0,0,0,0,0,0,0.000021902926
09031950,09/03/1950,"September 03, 1950",2549922,2,0.025176802432,True,09031950: 2; 090319500: 1,2,0,1,0,0,0,0,0,0,0,0,0,0,0.000021902926
09121950,09/12/1950,"September 12, 1950",596736,1,0.005949531087,False,09121950: 1,1,0,0,0,0,0,0,0,0,0,0,0,0,0.000021902926
09231950,09/23/1950,"September 23, 1950",162411,1,0.001622731961,True,09231950: 1; 092319500: 1; 0923195000: 1,1,0,1,0,0,1,0,0,0,0,0,0,0,0.000021902926
10021950,10/02/1950,"October 02, 1950",2130405,1,0.021078663172,False,10021950: 1,1,0,0,0,0,0,0,0,0,0,0,0,0,0.000021902926
10081950,10/08/1950,"October 08, 1950",4634654,1,0.045288883873,True,10081950: 1,1,1,0,0,0,0,0,0,0,0,0,0,0,0.000021902926
10261950,10/26/1950,"October 26, 1950",5586178,1,0.054330106447,False,10261950: 1,1,0,0,0,0,0,0,0,0,0,0,0,0,0.000021902926
11071950,11/07/1950,"November 07, 1950",104949,1,0.001048879551,False,11071950: 1,1,0,0,0,0,0,0,0,0,0,0,0,0,0.000021902926
11151950,11/15/1950,"November 15, 1950",3709532,1,0.036415660426,False,11151950: 1,1,0,0,0,0,0,0,0,0,0,0,0,0,0.000021902926
11251950,11/25/1950,"November 25, 1950",1213191,1,0.012058555925,False,11251950: 1,1,0,0,0,0,0,0,0,0,0,0,0,0,0.000021902926
11261950,11/26/1950,"November 26, 1950",8138822,1,0.078164198547,True,11261950: 1; 112619500: 1,1,0,1,0,0,0,0,0,0,0,0,0,0,0.000021902926
11301950,11/30/1950,"November 30, 1950",2989959,1,0.029456961182,False,11301950: 1,1,0,0,0,0,0,0,0,0,0,0,0,0,0.000021902926
12071950,12/07/1950,"December 07, 1950",7416959,1,0.071485731217,False,12071950: 1,1,0,0,0,0,0,0,0,0,0,0,0,0,0.000021902926
12151950,12/15/1950,"December 15, 1950",3866317,1,0.037925232447,False,12151950: 1,1,0,0,0,0,0,0,0,0,0,0,0,0,0.000021902926
12161950,12/16/1950,"December 16, 1950",189097,1,0.001889123375,False,12161950: 1,1,0,0,0,0,0,0,0,0,0,0,0,0,0.000021902926
01191951,01/19/1951,"January 19, 1951",2752171,1,0.027146380224,False,01191951: 1,1,0,0,0,0,0,0,0,0,0,0,0,0,0.000021902926
03101951,03/10/1951,"March 10, 1951",7699665,1,0.074106989818,False,03101951: 1,1,0,0,0,0,0,0,0,0,0,0,0,0,0.000021902926
03151951,03/15/1951,"March 15, 1951",8202164,1,0.078747922896,True,03151951: 1; 031519510: 1,1,0,1,0,0,0,0,0,0,0,0,0,0,0.000021902926
03241951,03/24/1951,"March 24, 1951",6442789,1,0.062396221921,True,03241951: 1,1,1,0,0,0,0,0,0,0,0,0,0,0,0.000021902926
04141951,04/14/1951,"April 14, 1951",1448237,1,0.014377945911,False,04141951: 1,1,0,0,0,0,0,0,0,0,0,0,0,0,0.000021902926
05131951,05/13/1951,"May 13, 1951",4526574,1,0.044256474275,True,05131951: 1,1,1,0,0,1,0,0,0,0,0,0,0,0,0.000021902926
05261951,05/26/1951,"May 26, 1951",7404352,1,0.071368666043,True,05261951: 1; 052619510: 1,1,0,1,0,0,0,0,0,0,0,0,0,0,0.000021902926
06141951,06/14/1951,"June 14, 1951",1810453,1,0.017941568824,True,06141951: 1; 061419510: 1,1,0,1,0,0,0,0,0,0,0,0,0,0,0.000021902926
06151951,06/15/1951,"June 15, 1951",8728721,1,0.083586091208,False,06151951: 1,1,0,0,0,0,0,0,0,0,0,0,0,0,0.000021902926
06201951,06/20/1951,"June 20, 1951",7200202,1,0.069470928699,False,06201951: 1,1,0,0,0,0,0,0,0,0,0,0,0,0,0.000021902926
07261951,07/26/1951,"July 26, 1951",7590389,1,0.073094657945,False,07261951: 1,1,0,0,0,0,0,0,0,0,0,0,0,0,0.000021902926
07271951,07/27/1951,"July 27, 1951",6386019,1,0.061863793135,False,07271951: 1,1,0,0,0,0,0,0,0,0,0,0,0,0,0.000021902926
07311951,07/31/1951,"July 31, 1951",3597174,1,0.035332387865,False,07311951: 1,1,0,0,0,0,0,0,0,0,0,0,0,0,0.000021902926
08281951,08/28/1951,"August 28, 1951",548450,1,0.005469427970,True,08281951: 1; 082819510: 1,1,0,1,0,0,0,0,0,0,0,0,0,0,0.000021902926
08311951,08/31/1951,"August 31, 1951",8059811,1,0.077435559040,False,08311951: 1,1,0,0,0,0,0,0,0,0,0,0,0,0,0.000021902926
09051951,09/05/1951,"September 05, 1951",7494166,1,0.072202332567,False,09051951: 1,1,0,0,0,0,0,0,0,0,0,0,0,0,0.000021902926
09151951,09/15/1951,"September 15, 1951",631009,1,0.006290163631,False,09151951: 1,1,0,0,0,0,0,0,0,0,0,0,0,0,0.000021902926
09161951,09/16/1951,"September 16, 1951",560415,1,0.005588416436,False,09161951: 1,1,0,0,0,0,0,0,0,0,0,0,0,0,0.000021902926
09221951,09/22/1951,"September 22, 1951",7922090,1,0.076164118734,False,09221951: 1,1,0,0,0,0,0,0,0,0,0,0,0,0,0.000021902926
09281951,09/28/1951,"September 28, 1951",5710896,1,0.055508791867,False,09281951: 1,1,0,0,0,0,0,0,0,0,0,0,0,0,0.000021902926
10111951,10/11/1951,"October 11, 1951",156045,1,0.001559173240,False,10111951: 1,1,0,0,0,0,0,0,0,0,0,0,0,0,0.000021902926
10181951,10/18/1951,"October 18, 1951",9990778,1,0.095079080621,False,10181951: 1,1,0,0,0,0,0,0,0,0,0,0,0,0,0.000021902926
11011951,11/01/1951,"November 01, 1951",2555346,1,0.025229675409,False,11011951: 1,1,0,0,0,0,0,0,0,0,0,0,0,0,0.000021902926
11201951,11/20/1951,"November 20, 1951",6212544,1,0.060234948923,True,11201951: 1; 112019510: 1,1,0,1,0,0,0,0,0,0,0,0,0,0,0.000021902926
12101951,12/10/1951,"December 10, 1951",9174841,1,0.087665291150,False,12101951: 1,1,0,0,0,0,0,0,0,0,0,0,0,0,0.000021902926
12171951,12/17/1951,"December 17, 1951",2664924,1,0.026297224240,False,12171951: 1,1,0,0,0,0,0,0,0,0,0,0,0,0,0.000021902926
01121952,01/12/1952,"January 12, 1952",8050184,1,0.077346739485,False,01121952: 1,1,0,0,0,0,0,0,0,0,0,0,0,0,0.000021902926
01201952,01/20/1952,"January 20, 1952",6723632,1,0.065025722413,False,01201952: 1,1,0,0,0,0,0,0,0,0,0,0,0,0,0.000021902926
01291952,01/29/1952,"January 29, 1952",3833556,1,0.037609995495,False,01291952: 1,1,0,0,0,0,0,0,0,0,0,0,0,0,0.000021902926
01311952,01/31/1952,"January 31, 1952",9577946,1,0.091335555535,True,01311952: 1,1,1,0,0,0,0,0,0,0,0,0,0,0,0.000021902926
02151952,02/15/1952,"February 15, 1952",5913964,1,0.057424805230,False,02151952: 1,1,0,0,0,0,0,0,0,0,0,0,0,0,0.000021902926
02161952,02/16/1952,"February 16, 1952",3423603,1,0.033656550664,False,02161952: 1,1,0,0,0,0,0,0,0,0,0,0,0,0,0.000021902926
03071952,03/07/1952,"March 07, 1952",6177035,1,0.059901188494,False,03071952: 1,1,0,0,0,0,0,0,0,0,0,0,0,0,0.000021902926
03101952,03/10/1952,"March 10, 1952",7841844,1,0.075422479858,True,03101952: 1,1,1,0,0,0,0,0,0,0,0,0,0,0,0.000021902926
03251952,03/25/1952,"March 25, 1952",5697045,1,0.055377961328,False,03251952: 1,1,0,0,0,0,0,0,0,0,0,0,0,0,0.000021902926
03261952,03/26/1952,"March 26, 1952",3280537,1,0.032273052309,False,03261952: 1,1,0,0,0,0,0,0,0,0,0,0,0,0,0.000021902926
03291952,03/29/1952,"March 29, 1952",6227119,1,0.060371909700,False,03291952: 1,1,0,0,0,0,0,0,0,0,0,0,0,0,0.000021902926
04071952,04/07/1952,"April 07, 1952",3838681,1,0.037659316719,False,04071952: 1,1,0,0,0,0,0,0,0,0,0,0,0,0,0.000021902926
04091952,04/09/1952,"April 09, 1952",8213106,1,0.078848720784,False,04091952: 1,1,0,0,0,0,0,0,0,0,0,0,0,0,0.000021902926
04261952,04/26/1952,"April 26, 1952",6901013,1,0.066682719120,False,04261952: 1,1,0,0,0,0,0,0,0,0,0,0,0,0,0.000021902926
05111952,05/11/1952,"May 11, 1952",9285963,1,0.088678532664,True,05111952: 1,1,1,0,0,0,0,0,0,0,0,0,0,0,0.000021902926
05201952,05/20/1952,"May 20, 1952",9441343,1,0.090093444444,False,05201952: 1,1,0,0,0,0,0,0,0,0,0,0,0,0,0.000021902926
06241952,06/24/1952,"June 24, 1952",6805396,1,0.065789882343,False,06241952: 1,1,0,0,0,0,0,0,0,0,0,0,0,0,0.000021902926
06281952,06/28/1952,"June 28, 1952",3694027,1,0.036266245089,False,06281952: 1,1,0,0,0,0,0,0,0,0,0,0,0,0,0.000021902926
07011952,07/01/1952,"July 01, 1952",6403823,1,0.062030804039,False,07011952: 1,1,0,0,0,0,0,0,0,0,0,0,0,0,0.000021902926
07191952,07/19/1952,"July 19, 1952",9609056,1,0.091618197080,False,07191952: 1,1,0,0,0,0,0,0,0,0,0,0,0,0,0.000021902926
07311952,07/31/1952,"July 31, 1952",3475068,1,0.034153751372,False,07311952: 1,1,0,0,0,0,0,0,0,0,0,0,0,0,0.000021902926
08211952,08/21/1952,"August 21, 1952",7311860,1,0.070509359007,False,08211952: 1,1,0,0,0,0,0,0,0,0,0,0,0,0,0.000021902926
08251952,08/25/1952,"August 25, 1952",5076685,1,0.049499689619,False,08251952: 1,1,0,0,0,0,0,0,0,0,0,0,0,0,0.000021902926
09071952,09/07/1952,"September 07, 1952",3674133,1,0.036074500822,False,09071952: 1,1,0,0,0,0,0,0,0,0,0,0,0,0,0.000021902926
09081952,09/08/1952,"September 08, 1952",7484259,1,0.072110411098,False,09081952: 1,1,0,0,0,0,0,0,0,0,0,0,0,0,0.000021902926
09111952,09/11/1952,"September 11, 1952",5990452,1,0.058145486500,False,09111952: 1,1,0,0,0,0,0,0,0,0,0,0,0,0,0.000021902926
09151952,09/15/1952,"September 15, 1952",8465379,1,0.081169608057,False,09151952: 1,1,0,0,0,0,0,0,0,0,0,0,0,0,0.000021902926
09221952,09/22/1952,"September 22, 1952",84776,1,0.000847340812,False,09221952: 1,1,0,0,0,0,0,0,0,0,0,0,0,0,0.000021902926
10031952,10/03/1952,"October 03, 1952",3072030,1,0.030253168794,False,10031952: 1,1,0,0,0,0,0,0,0,0,0,0,0,0,0.000021902926
10051952,10/05/1952,"October 05, 1952",1903146,1,0.018851446493,False,10051952: 1,1,0,0,0,0,0,0,0,0,0,0,0,0,0.000021902926
10141952,10/14/1952,"October 14, 1952",794777,1,0.007916210537,False,10141952: 1,1,0,0,0,0,0,0,0,0,0,0,0,0,0.000021902926
10161952,10/16/1952,"October 16, 1952",7784718,1,0.074894154807,False,10161952: 1,1,0,0,0,0,0,0,0,0,0,0,0,0,0.000021902926
10171952,10/17/1952,"October 17, 1952",420160,1,0.004192725921,False,10171952: 1,1,0,0,0,0,0,0,0,0,0,0,0,0,0.000021902926
10181952,10/18/1952,"October 18, 1952",2877959,1,0.028369344015,True,10181952: 1; 101819520: 1; 1018195200: 1; 10181952000: 1,1,0,1,0,0,1,0,0,1,0,0,0,0,0.000021902926
10211952,10/21/1952,"October 21, 1952",9673079,1,0.092199584237,False,10211952: 1,1,0,0,0,0,0,0,0,0,0,0,0,0,0.000021902926
10301952,10/30/1952,"October 30, 1952",4102803,1,0.040197716492,False,10301952: 1,1,0,0,0,0,0,0,0,0,0,0,0,0,0.000021902926
11261952,11/26/1952,"November 26, 1952",891424,1,0.008874566581,True,11261952: 1; 112619520: 1,1,0,1,0,0,0,0,0,0,0,0,0,0,0.000021902926
12081952,12/08/1952,"December 08, 1952",6778941,1,0.065542704359,True,12081952: 1; 120819520: 1; 1208195200: 1,1,0,1,0,0,1,0,0,0,0,0,0,0,0.000021902926
12141952,12/14/1952,"December 14, 1952",7344305,1,0.070810883331,False,12141952: 1,1,0,0,0,0,0,0,0,0,0,0,0,0,0.000021902926
01041953,01/04/1953,"January 04, 1953",2547631,1,0.025154468977,False,01041953: 1,1,0,0,0,0,0,0,0,0,0,0,0,0,0.000021902926
01131953,01/13/1953,"January 13, 1953",4649617,1,0.045431726612,False,01131953: 1,1,0,0,0,0,0,0,0,0,0,0,0,0,0.000021902926
01201953,01/20/1953,"January 20, 1953",5005716,1,0.048824889626,False,01201953: 1,1,0,0,0,0,0,0,0,0,0,0,0,0,0.000021902926
01231953,01/23/1953,"January 23, 1953",1787925,1,0.017720305776,False,01231953: 1,1,0,0,0,0,0,0,0,0,0,0,0,0,0.000021902926
01271953,01/27/1953,"January 27, 1953",3343366,1,0.032880874515,False,01271953: 1,1,0,0,0,0,0,0,0,0,0,0,0,0,0.000021902926
01281953,01/28/1953,"January 28, 1953",1972693,1,0.019533568659,False,01281953: 1,1,0,0,0,0,0,0,0,0,0,0,0,0,0.000021902926
02061953,02/06/1953,"February 06, 1953",3164388,1,0.031148394112,False,02061953: 1,1,0,0,0,0,0,0,0,0,0,0,0,0,0.000021902926
02081953,02/08/1953,"February 08, 1953",2810539,1,0.027714049746,False,02081953: 1,1,0,0,0,0,0,0,0,0,0,0,0,0,0.000021902926
02181953,02/18/1953,"February 18, 1953",459249,1,0.004581900963,False,02181953: 1,1,0,0,0,0,0,0,0,0,0,0,0,0,0.000021902926
02251953,02/25/1953,"February 25, 1953",5742693,1,0.055809063999,False,02251953: 1,1,0,0,0,0,0,0,0,0,0,0,0,0,0.000021902926
03141953,03/14/1953,"March 14, 1953",517458,1,0.005161155285,False,03141953: 1,1,0,0,0,0,0,0,0,0,0,0,0,0,0.000021902926
04291953,04/29/1953,"April 29, 1953",4229603,2,0.041413974529,False,04291953: 2,2,0,0,0,0,0,0,0,0,0,0,0,0,0.000021902926
05071953,05/07/1953,"May 07, 1953",2038716,1,0.020180688370,False,05071953: 1,1,0,0,0,0,0,0,0,0,0,0,0,0,0.000021902926
05171953,05/17/1953,"May 17, 1953",2175416,1,0.021519186310,False,05171953: 1,1,0,0,0,0,0,0,0,0,0,0,0,0,0.000021902926
06051953,06/05/1953,"June 05, 1953",601160,1,0.005993506907,True,06051953: 1; 060519530: 1,1,0,1,0,0,0,0,0,0,0,0,0,0,0.000021902926
06111953,06/11/1953,"June 11, 1953",6454434,1,0.062505399525,False,06111953: 1,1,0,0,0,0,0,0,0,0,0,0,0,0,0.000021902926
06121953,06/12/1953,"June 12, 1953",4628667,1,0.045231723607,False,06121953: 1,1,0,0,0,0,0,0,0,0,0,0,0,0,0.000021902926
06171953,06/17/1953,"June 17, 1953",2140893,1,0.021181327060,True,06171953: 1,1,1,0,0,1,0,0,0,0,0,0,0,0,0.000021902926
06271953,06/27/1953,"June 27, 1953",5386854,1,0.052443279545,False,06271953: 1,1,0,0,0,0,0,0,0,0,0,0,0,0,0.000021902926
07071953,07/07/1953,"July 07, 1953",4697424,1,0.045887968004,False,07071953: 1,1,0,0,0,0,0,0,0,0,0,0,0,0,0.000021902926
07081953,07/08/1953,"July 08, 1953",6667002,1,0.064496096525,False,07081953: 1,1,0,0,0,0,0,0,0,0,0,0,0,0,0.000021902926
07241953,07/24/1953,"July 24, 1953",254751,1,0.002544208028,True,07241953: 1; 072419530: 1,1,0,1,0,0,0,0,0,0,0,0,0,0,0.000021902926
08141953,08/14/1953,"August 14, 1953",3656478,1,0.035904304750,False,08141953: 1,1,0,0,0,0,0,0,0,0,0,0,0,0,0.000021902926
08261953,08/26/1953,"August 26, 1953",2859740,1,0.028192306498,False,08261953: 1,1,0,0,0,0,0,0,0,0,0,0,0,0,0.000021902926
10071953,10/07/1953,"October 07, 1953",4276092,1,0.041859508021,False,10071953: 1,1,0,0,0,0,0,0,0,0,0,0,0,0,0.000021902926
10111953,10/11/1953,"October 11, 1953",9472297,1,0.090375053336,False,10111953: 1,1,0,0,0,0,0,0,0,0,0,0,0,0,0.000021902926
10221953,10/22/1953,"October 22, 1953",548759,1,0.005472501065,False,10221953: 1,1,0,0,0,0,0,0,0,0,0,0,0,0,0.000021902926
10271953,10/27/1953,"October 27, 1953",1504294,1,0.014930301240,False,10271953: 1,1,0,0,0,0,0,0,0,0,0,0,0,0,0.000021902926
11021953,11/02/1953,"November 02, 1953",6080845,1,0.058996472385,True,11021953: 1,1,1,0,0,0,0,0,0,0,0,0,0,0,0.000021902926
11191953,11/19/1953,"November 19, 1953",691311,1,0.006889209906,False,11191953: 1,1,0,0,0,0,0,0,0,0,0,0,0,0,0.000021902926
12061953,12/06/1953,"December 06, 1953",1767712,1,0.017521737512,False,12061953: 1,1,0,0,0,0,0,0,0,0,0,0,0,0,0.000021902926
12181953,12/18/1953,"December 18, 1953",4783835,1,0.046712069652,False,12181953: 1,1,0,0,0,0,0,0,0,0,0,0,0,0,0.000021902926
12221953,12/22/1953,"December 22, 1953",8232011,1,0.079022847975,False,12221953: 1,1,0,0,0,0,0,0,0,0,0,0,0,0,0.000021902926
01071954,01/07/1954,"January 07, 1954",1311098,1,0.013025346410,False,01071954: 1,1,0,0,0,0,0,0,0,0,0,0,0,0,0.000021902926
01091954,01/09/1954,"January 09, 1954",9807323,1,0.093417434211,False,01091954: 1,1,0,0,0,0,0,0,0,0,0,0,0,0,0.000021902926
01251954,01/25/1954,"January 25, 1954",974484,2,0.009697453582,False,01251954: 2,2,0,0,0,0,0,0,0,0,0,0,0,0,0.000021902926
01261954,01/26/1954,"January 26, 1954",7786113,1,0.074907059944,False,01261954: 1,1,0,0,0,0,0,0,0,0,0,0,0,0,0.000021902926
01281954,01/28/1954,"January 28, 1954",821809,2,0.008184354386,False,01281954: 2,2,0,0,0,0,0,0,0,0,0,0,0,0,0.000021902926
02021954,02/02/1954,"February 02, 1954",2069450,1,0.020481779769,False,02021954: 1,1,0,0,0,0,0,0,0,0,0,0,0,0,0.000021902926
02051954,02/05/1954,"February 05, 1954",7075960,1,0.068314102276,False,02051954: 1,1,0,0,0,0,0,0,0,0,0,0,0,0,0.000021902926
02141954,02/14/1954,"February 14, 1954",5306122,1,0.051677989170,True,02141954: 1,1,1,0,0,0,0,0,0,0,0,0,0,0,0.000021902926
02211954,02/21/1954,"February 21, 1954",3479971,2,0.034201105653,False,02211954: 2,2,0,0,0,0,0,0,0,0,0,0,0,0,0.000021902926
03031954,03/03/1954,"March 03, 1954",3581542,1,0.035181579235,False,03031954: 1,1,0,0,0,0,0,0,0,0,0,0,0,0,0.000021902926
03121954,03/12/1954,"March 12, 1954",9385815,1,0.089588051223,False,03121954: 1,1,0,0,0,0,0,0,0,0,0,0,0,0,0.000021902926
03251954,03/25/1954,"March 25, 1954",8778549,1,0.084042608189,False,03251954: 1,1,0,0,0,0,0,0,0,0,0,0,0,0,0.000021902926
05051954,05/05/1954,"May 05, 1954",4296002,1,0.042050254806,False,05051954: 1,1,0,0,0,0,0,0,0,0,0,0,0,0,0.000021902926
05251954,05/25/1954,"May 25, 1954",6402410,1,0.062017550440,False,05251954: 1,1,0,0,0,0,0,0,0,0,0,0,0,0,0.000021902926
05291954,05/29/1954,"May 29, 1954",7431621,1,0.071621860001,True,05291954: 1,1,1,0,0,0,0,0,0,0,0,0,0,0,0.000021902926
06011954,06/01/1954,"June 01, 1954",4065055,1,0.039835341932,False,06011954: 1,1,0,0,0,0,0,0,0,0,0,0,0,0,0.000021902926
06121954,06/12/1954,"June 12, 1954",302359,2,0.003018963767,False,06121954: 2,2,0,0,0,0,0,0,0,0,0,0,0,0,0.000021902926
06161954,06/16/1954,"June 16, 1954",7904389,1,0.076000576069,True,06161954: 1; 061619540: 1,1,0,1,0,0,0,0,0,0,0,0,0,0,0.000021902926
06171954,06/17/1954,"June 17, 1954",8224784,1,0.078956286551,False,06171954: 1,1,0,0,0,0,0,0,0,0,0,0,0,0,0.000021902926
07051954,07/05/1954,"July 05, 1954",2415919,1,0.023869634463,True,07051954: 1; 070519540: 1,1,0,1,0,0,0,0,0,0,0,0,0,0,0.000021902926
07071954,07/07/1954,"July 07, 1954",3070058,1,0.030234045198,False,07071954: 1,1,0,0,0,0,0,0,0,0,0,0,0,0,0.000021902926
07191954,07/19/1954,"July 19, 1954",3487158,1,0.034270515126,False,07191954: 1,1,0,0,0,0,0,0,0,0,0,0,0,0,0.000021902926
07221954,07/22/1954,"July 22, 1954",3892213,1,0.038174339076,False,07221954: 1,1,0,0,0,0,0,0,0,0,0,0,0,0,0.000021902926
07291954,07/29/1954,"July 29, 1954",9609250,1,0.091619959339,False,07291954: 1,1,0,0,0,0,0,0,0,0,0,0,0,0,0.000021902926
08051954,08/05/1954,"August 05, 1954",8912579,1,0.085269443546,False,08051954: 1,1,0,0,0,0,0,0,0,0,0,0,0,0,0.000021902926
08071954,08/07/1954,"August 07, 1954",1860775,1,0.018435635950,False,08071954: 1,1,0,0,0,0,0,0,0,0,0,0,0,0,0.000021902926
08121954,08/12/1954,"August 12, 1954",9718343,1,0.092610398038,True,08121954: 1,1,1,0,0,0,0,0,0,0,0,0,0,0,0.000021902926
08131954,08/13/1954,"August 13, 1954",3608839,1,0.035444909780,False,08131954: 1,1,0,0,0,0,0,0,0,0,0,0,0,0,0.000021902926
09081954,09/08/1954,"September 08, 1954",2739243,1,0.027020601576,False,09081954: 1,1,0,0,0,0,0,0,0,0,0,0,0,0,0.000021902926
09111954,09/11/1954,"September 11, 1954",5353321,1,0.052125482066,False,09111954: 1,1,0,0,0,0,0,0,0,0,0,0,0,0,0.000021902926
09231954,09/23/1954,"September 23, 1954",9278840,1,0.088613616923,False,09231954: 1,1,0,0,0,0,0,0,0,0,0,0,0,0,0.000021902926
09281954,09/28/1954,"September 28, 1954",8676380,1,0.083106305448,False,09281954: 1,1,0,0,0,0,0,0,0,0,0,0,0,0,0.000021902926
09291954,09/29/1954,"September 29, 1954",4181074,1,0.040948669418,False,09291954: 1,1,0,0,0,0,0,0,0,0,0,0,0,0,0.000021902926
10021954,10/02/1954,"October 02, 1954",3345373,1,0.032900284401,False,10021954: 1,1,0,0,0,0,0,0,0,0,0,0,0,0,0.000021902926
10041954,10/04/1954,"October 04, 1954",2017932,1,0.019977021558,False,10041954: 1,1,0,0,0,0,0,0,0,0,0,0,0,0,0.000021902926
10091954,10/09/1954,"October 09, 1954",1500791,1,0.014895793644,False,10091954: 1,1,0,0,0,0,0,0,0,0,0,0,0,0,0.000021902926
10181954,10/18/1954,"October 18, 1954",2359561,2,0.023319351857,False,10181954: 2,2,0,0,0,0,0,0,0,0,0,0,0,0,0.000021902926
10281954,10/28/1954,"October 28, 1954",792598,1,0.007894592795,False,10281954: 1,1,0,0,0,0,0,0,0,0,0,0,0,0,0.000021902926
11061954,11/06/1954,"November 06, 1954",4224269,1,0.041362842187,False,11061954: 1,1,0,0,0,0,0,0,0,0,0,0,0,0,0.000021902926
11161954,11/16/1954,"November 16, 1954",5305945,1,0.051676310639,False,11161954: 1,1,0,0,0,0,0,0,0,0,0,0,0,0,0.000021902926
11241954,11/24/1954,"November 24, 1954",8136530,1,0.078143069828,False,11241954: 1,1,0,0,0,0,0,0,0,0,0,0,0,0,0.000021902926
11301954,11/30/1954,"November 30, 1954",6029603,1,0.058514159789,False,11301954: 1,1,0,0,0,0,0,0,0,0,0,0,0,0,0.000021902926
12301954,12/30/1954,"December 30, 1954",8146959,1,0.078239205275,False,12301954: 1,1,0,0,0,0,0,0,0,0,0,0,0,0,0.000021902926
01061955,01/06/1955,"January 06, 1955",8081141,1,0.077632321052,False,01061955: 1,1,0,0,0,0,0,0,0,0,0,0,0,0,0.000021902926
01081955,01/08/1955,"January 08, 1955",2717190,1,0.026806006766,False,01081955: 1,1,0,0,0,0,0,0,0,0,0,0,0,0,0.000021902926
01161955,01/16/1955,"January 16, 1955",864598,1,0.008608651604,False,01161955: 1,1,0,0,0,0,0,0,0,0,0,0,0,0,0.000021902926
01251955,01/25/1955,"January 25, 1955",7428148,1,0.071589616867,False,01251955: 1,1,0,0,0,0,0,0,0,0,0,0,0,0,0.000021902926
02061955,02/06/1955,"February 06, 1955",2716671,1,0.026800955876,False,02061955: 1,1,0,0,0,0,0,0,0,0,0,0,0,0,0.000021902926
02241955,02/24/1955,"February 24, 1955",9391694,1,0.089641572769,True,02241955: 1,1,1,0,0,0,0,0,0,0,0,0,0,0,0.000021902926
03031955,03/03/1955,"March 03, 1955",6712673,1,0.064923252966,False,03031955: 1,1,0,0,0,0,0,0,0,0,0,0,0,0,0.000021902926
03051955,03/05/1955,"March 05, 1955",1752886,1,0.017376064484,False,03051955: 1,1,0,0,0,0,0,0,0,0,0,0,0,0,0.000021902926
03061955,03/06/1955,"March 06, 1955",8496151,1,0.081452307050,False,03061955: 1,1,0,0,0,0,0,0,0,0,0,0,0,0,0.000021902926
04101955,04/10/1955,"April 10, 1955",6282162,2,0.060888966880,True,04101955: 2; 041019550: 1,2,0,1,0,0,0,0,0,0,0,0,0,0,0.000021902926
04141955,04/14/1955,"April 14, 1955",3442324,2,0.033837442890,False,04141955: 2,2,0,0,0,0,0,0,0,0,0,0,0,0,0.000021902926
04241955,04/24/1955,"April 24, 1955",9565997,1,0.091226972733,False,04241955: 1,1,0,0,0,0,0,0,0,0,0,0,0,0,0.000021902926
05031955,05/03/1955,"May 03, 1955",6322515,1,0.061267849908,False,05031955: 1,1,0,0,0,0,0,0,0,0,0,0,0,0,0.000021902926
05061955,05/06/1955,"May 06, 1955",3544909,1,0.034828072554,False,05061955: 1,1,0,0,0,0,0,0,0,0,0,0,0,0,0.000021902926
05161955,05/16/1955,"May 16, 1955",5039996,1,0.049150896576,False,05161955: 1,1,0,0,0,0,0,0,0,0,0,0,0,0,0.000021902926
05201955,05/20/1955,"May 20, 1955",4792910,1,0.046798576607,False,05201955: 1,1,0,0,0,0,0,0,0,0,0,0,0,0,0.000021902926
06031955,06/03/1955,"June 03, 1955",7909079,1,0.076043910627,False,06031955: 1,1,0,0,0,0,0,0,0,0,0,0,0,0,0.000021902926
06061955,06/06/1955,"June 06, 1955",4875638,1,0.047586814997,False,06061955: 1,1,0,0,0,0,0,0,0,0,0,0,0,0,0.000021902926
06071955,06/07/1955,"June 07, 1955",3239532,1,0.031876154502,True,06071955: 1; 060719550: 1,1,0,1,0,0,0,0,0,0,0,0,0,0,0.000021902926
06111955,06/11/1955,"June 11, 1955",3138717,1,0.030899648287,False,06111955: 1,1,0,0,0,0,0,0,0,0,0,0,0,0,0.000021902926
06141955,06/14/1955,"June 14, 1955",7886831,1,0.075838326005,False,06141955: 1,1,0,0,0,0,0,0,0,0,0,0,0,0,0.000021902926
06241955,06/24/1955,"June 24, 1955",998147,1,0.009931761152,True,06241955: 1; 062419550: 1,1,0,1,0,0,0,0,0,0,0,0,0,0,0.000021902926
07101955,07/10/1955,"July 10, 1955",2160380,1,0.021372050872,True,07101955: 1; 071019550: 1,1,0,1,0,0,0,0,0,0,0,0,0,0,0.000021902926
07111955,07/11/1955,"July 11, 1955",7591487,1,0.073104835310,True,07111955: 1,1,1,0,0,0,0,0,0,0,0,0,0,0,0.000021902926
07151955,07/15/1955,"July 15, 1955",2993114,1,0.029487581332,False,07151955: 1,1,0,0,0,0,0,0,0,0,0,0,0,0,0.000021902926
07271955,07/27/1955,"July 27, 1955",1516021,1,0.015045813591,False,07271955: 1,1,0,0,0,0,0,0,0,0,0,0,0,0,0.000021902926
08121955,08/12/1955,"August 12, 1955",129964,1,0.001298735925,True,08121955: 1,1,1,0,0,0,0,0,0,0,0,0,0,0,0.000021902926
09041955,09/04/1955,"September 04, 1955",3533966,1,0.034722448009,False,09041955: 1,1,0,0,0,0,0,0,0,0,0,0,0,0,0.000021902926
09121955,09/12/1955,"September 12, 1955",691506,1,0.006891146471,False,09121955: 1,1,0,0,0,0,0,0,0,0,0,0,0,0,0.000021902926
09281955,09/28/1955,"September 28, 1955",3882428,1,0.038080219829,False,09281955: 1,1,0,0,0,0,0,0,0,0,0,0,0,0,0.000021902926
10021955,10/02/1955,"October 02, 1955",5214980,1,0.050813275515,True,10021955: 1; 100219550: 1,1,0,1,0,0,0,0,0,0,0,0,0,0,0.000021902926
10051955,10/05/1955,"October 05, 1955",4060193,2,0.039788657591,True,10051955: 2,2,2,0,0,0,0,0,0,0,0,0,0,0,0.000021902926
11041955,11/04/1955,"November 04, 1955",5013478,1,0.048898716974,False,11041955: 1,1,0,0,0,0,0,0,0,0,0,0,0,0,0.000021902926
11121955,11/12/1955,"November 12, 1955",9204333,1,0.087934317232,False,11121955: 1,1,0,0,0,0,0,0,0,0,0,0,0,0,0.000021902926
11171955,11/17/1955,"November 17, 1955",4935239,1,0.048154293657,False,11171955: 1,1,0,0,0,0,0,0,0,0,0,0,0,0,0.000021902926
11181955,11/18/1955,"November 18, 1955",7061897,1,0.068183070073,False,11181955: 1,1,0,0,0,0,0,0,0,0,0,0,0,0,0.000021902926
11211955,11/21/1955,"November 21, 1955",6053058,1,0.058734959400,False,11211955: 1,1,0,0,0,0,0,0,0,0,0,0,0,0,0.000021902926
12111955,12/11/1955,"December 11, 1955",492425,1,0.004912086101,True,12111955: 1; 121119550: 1,1,0,1,0,0,0,0,0,0,0,0,0,0,0.000021902926
01121956,01/12/1956,"January 12, 1956",3427792,1,0.033697029944,True,01121956: 1; 011219560: 1,1,0,1,0,0,0,0,0,0,0,0,0,0,0.000021902926
01221956,01/22/1956,"January 22, 1956",6639033,1,0.064234408841,True,01221956: 1; 0012219560: 1; 012219560: 1,1,1,1,1,0,0,0,0,0,0,0,0,0,0.000021902926
01241956,01/24/1956,"January 24, 1956",499162,1,0.004979122916,False,01241956: 1,1,0,0,0,0,0,0,0,0,0,0,0,0,0.000021902926
01271956,01/27/1956,"January 27, 1956",5396672,1,0.052536306098,True,01271956: 1; 012719560: 1,1,0,1,0,0,0,0,0,0,0,0,0,0,0.000021902926
02071956,02/07/1956,"February 07, 1956",6986611,1,0.067481278230,True,02071956: 1,1,1,0,0,1,0,0,0,0,0,0,0,0,0.000021902926
02101956,02/10/1956,"February 10, 1956",9099383,1,0.086976601816,False,02101956: 1,1,0,0,0,0,0,0,0,0,0,0,0,0,0.000021902926
02131956,02/13/1956,"February 13, 1956",8881109,1,0.084981532537,False,02131956: 1,1,0,0,0,0,0,0,0,0,0,0,0,0,0.000021902926
02201956,02/20/1956,"February 20, 1956",258077,1,0.002577382857,False,02201956: 1,1,0,0,0,0,0,0,0,0,0,0,0,0,0.000021902926
02211956,02/21/1956,"February 21, 1956",9844205,1,0.093751738343,False,02211956: 1,1,0,0,0,0,0,0,0,0,0,0,0,0,0.000021902926
02261956,02/26/1956,"February 26, 1956",4095103,1,0.040123808870,False,02261956: 1,1,0,0,0,0,0,0,0,0,0,0,0,0,0.000021902926
03151956,03/15/1956,"March 15, 1956",6906601,1,0.066734871433,True,03151956: 1; 031519560: 1,1,0,1,0,0,0,0,0,0,0,0,0,0,0.000021902926
03181956,03/18/1956,"March 18, 1956",2141378,1,0.021186074319,True,03181956: 1; 031819560: 1,1,0,1,0,0,0,0,0,0,0,0,0,0,0.000021902926
03191956,03/19/1956,"March 19, 1956",2404707,1,0.023760184590,False,03191956: 1,1,0,0,0,0,0,0,0,0,0,0,0,0,0.000021902926
03271956,03/27/1956,"March 27, 1956",6286553,1,0.060930202340,False,03271956: 1,1,0,0,0,0,0,0,0,0,0,0,0,0,0.000021902926
04031956,04/03/1956,"April 03, 1956",3572775,1,0.035096989896,True,04031956: 1,1,1,0,0,0,0,0,0,0,0,0,0,0,0.000021902926
04111956,04/11/1956,"April 11, 1956",4465529,1,0.043672862519,False,04111956: 1,1,0,0,0,0,0,0,0,0,0,0,0,0,0.000021902926
05141956,05/14/1956,"May 14, 1956",31519,1,0.000315080355,False,05141956: 1,1,0,0,0,0,0,0,0,0,0,0,0,0,0.000021902926
05241956,05/24/1956,"May 24, 1956",797921,1,0.007947401161,False,05241956: 1,1,0,0,0,0,0,0,0,0,0,0,0,0,0.000021902926
05311956,05/31/1956,"May 31, 1956",1868815,1,0.018514550553,False,05311956: 1,1,0,0,0,0,0,0,0,0,0,0,0,0,0.000021902926
06061956,06/06/1956,"June 06, 1956",4304138,1,0.042128190427,False,06061956: 1,1,0,0,0,0,0,0,0,0,0,0,0,0,0.000021902926
06131956,06/13/1956,"June 13, 1956",8375093,1,0.080339658233,False,06131956: 1,1,0,0,0,0,0,0,0,0,0,0,0,0,0.000021902926
06141956,06/14/1956,"June 14, 1956",1801344,2,0.017852109046,True,06141956: 2,2,1,0,0,0,0,0,0,0,0,0,0,0,0.000021902926
06231956,06/23/1956,"June 23, 1956",6780736,1,0.065559477718,False,06231956: 1,1,0,0,0,0,0,0,0,0,0,0,0,0,0.000021902926
06261956,06/26/1956,"June 26, 1956",691287,1,0.006888971560,False,06261956: 1,1,0,0,0,0,0,0,0,0,0,0,0,0,0.000021902926
07011956,07/01/1956,"July 01, 1956",1291775,1,0.012834614869,False,07011956: 1,1,0,0,0,0,0,0,0,0,0,0,0,0,0.000021902926
07101956,07/10/1956,"July 10, 1956",3653320,1,0.035873858127,False,07101956: 1,1,0,0,0,0,0,0,0,0,0,0,0,0,0.000021902926
08071956,08/07/1956,"August 07, 1956",2117600,1,0.020953304268,False,08071956: 1,1,0,0,0,0,0,0,0,0,0,0,0,0,0.000021902926
08141956,08/14/1956,"August 14, 1956",8269377,1,0.079366916015,False,08141956: 1,1,0,0,0,0,0,0,0,0,0,0,0,0,0.000021902926
08191956,08/19/1956,"August 19, 1956",3429960,1,0.033717979165,False,08191956: 1,1,0,0,0,0,0,0,0,0,0,0,0,0,0.000021902926
08281956,08/28/1956,"August 28, 1956",7139552,1,0.068906391633,True,08281956: 1,1,1,0,0,0,0,0,0,0,0,0,0,0,0.000021902926
09051956,09/05/1956,"September 05, 1956",7775869,1,0.074812288568,False,09051956: 1,1,0,0,0,0,0,0,0,0,0,0,0,0,0.000021902926
09171956,09/17/1956,"September 17, 1956",2158927,1,0.021357831305,False,09171956: 1,1,0,0,0,0,0,0,0,0,0,0,0,0,0.000021902926
09241956,09/24/1956,"September 24, 1956",3619043,1,0.035543327961,True,09241956: 1,1,1,0,0,0,0,0,0,0,0,0,0,0,0.000021902926
10041956,10/04/1956,"October 04, 1956",3450917,1,0.033920461672,True,10041956: 1,1,1,0,0,0,0,0,0,0,0,0,0,0,0.000021902926
10051956,10/05/1956,"October 05, 1956",896645,1,0.008926311889,False,10051956: 1,1,0,0,0,0,0,0,0,0,0,0,0,0,0.000021902926
10061956,10/06/1956,"October 06, 1956",6500603,1,0.062938131509,True,10061956: 1; 100619560: 1,1,0,1,0,0,0,0,0,0,0,0,0,0,0.000021902926
10101956,10/10/1956,"October 10, 1956",459169,2,0.004581104629,False,10101956: 2,2,0,0,0,0,0,0,0,0,0,0,0,0,0.000021902926
10151956,10/15/1956,"October 15, 1956",9082554,1,0.086822936176,False,10151956: 1,1,0,0,0,0,0,0,0,0,0,0,0,0,0.000021902926
10211956,10/21/1956,"October 21, 1956",6515513,1,0.063077837020,False,10211956: 1,1,0,0,0,0,0,0,0,0,0,0,0,0,0.000021902926
10251956,10/25/1956,"October 25, 1956",4306036,1,0.042146370662,False,10251956: 1,1,0,0,0,0,0,0,0,0,0,0,0,0,0.000021902926
10311956,10/31/1956,"October 31, 1956",9267919,1,0.088514078980,False,10311956: 1,1,0,0,0,0,0,0,0,0,0,0,0,0,0.000021902926
11031956,11/03/1956,"November 03, 1956",7669953,1,0.073831847611,False,11031956: 1,1,0,0,0,0,0,0,0,0,0,0,0,0,0.000021902926
11101956,11/10/1956,"November 10, 1956",5494878,1,0.053466315565,False,11101956: 1,1,0,0,0,0,0,0,0,0,0,0,0,0,0.000021902926
11111956,11/11/1956,"November 11, 1956",1144693,1,0.011381603965,True,11111956: 1,1,1,0,0,0,0,0,0,0,0,0,0,0,0.000021902926
11171956,11/17/1956,"November 17, 1956",7896087,1,0.075923862452,False,11171956: 1,1,0,0,0,0,0,0,0,0,0,0,0,0,0.000021902926
11191956,11/19/1956,"November 19, 1956",7457786,1,0.071864738367,False,11191956: 1,1,0,0,0,0,0,0,0,0,0,0,0,0,0.000021902926
11271956,11/27/1956,"November 27, 1956",4885764,1,0.047683251474,False,11271956: 1,1,0,0,0,0,0,0,0,0,0,0,0,0,0.000021902926
11281956,11/28/1956,"November 28, 1956",9555910,1,0.091135300173,False,11281956: 1,1,0,0,0,0,0,0,0,0,0,0,0,0,0.000021902926
12031956,12/03/1956,"December 03, 1956",9021293,1,0.086263343381,False,12031956: 1,1,0,0,0,0,0,0,0,0,0,0,0,0,0.000021902926
12181956,12/18/1956,"December 18, 1956",1747073,1,0.017318942894,False,12181956: 1,1,0,0,0,0,0,0,0,0,0,0,0,0,0.000021902926
12251956,12/25/1956,"December 25, 1956",4379404,1,0.042848870983,False,12251956: 1,1,0,0,0,0,0,0,0,0,0,0,0,0,0.000021902926
01161957,01/16/1957,"January 16, 1957",1552714,1,0.015407156537,False,01161957: 1,1,0,0,0,0,0,0,0,0,0,0,0,0,0.000021902926
01191957,01/19/1957,"January 19, 1957",6662801,1,0.064456795180,False,01191957: 1,1,0,0,0,0,0,0,0,0,0,0,0,0,0.000021902926
02021957,02/02/1957,"February 02, 1957",9791365,1,0.093272750219,True,02021957: 1,1,1,0,0,0,0,0,0,0,0,0,0,0,0.000021902926
02111957,02/11/1957,"February 11, 1957",8471854,1,0.081229100399,False,02111957: 1,1,0,0,0,0,0,0,0,0,0,0,0,0,0.000021902926
03011957,03/01/1957,"March 01, 1957",7611867,1,0.073293717299,True,03011957: 1; 030119570: 1,1,0,1,0,0,0,0,0,0,0,0,0,0,0.000021902926
03121957,03/12/1957,"March 12, 1957",1694207,1,0.016799301377,False,03121957: 1,1,0,0,0,0,0,0,0,0,0,0,0,0,0.000021902926
03151957,03/15/1957,"March 15, 1957",65325,1,0.000652976724,False,03151957: 1,1,0,0,0,0,0,0,0,0,0,0,0,0,0.000021902926
04061957,04/06/1957,"April 06, 1957",193442,1,0.001932490351,False,04061957: 1,1,0,0,0,0,0,0,0,0,0,0,0,0,0.000021902926
04091957,04/09/1957,"April 09, 1957",3261575,1,0.032089534525,False,04091957: 1,1,0,0,0,0,0,0,0,0,0,0,0,0,0.000021902926
04261957,04/26/1957,"April 26, 1957",2694170,1,0.026581951719,False,04261957: 1,1,0,0,0,0,0,0,0,0,0,0,0,0,0.000021902926
04301957,04/30/1957,"April 30, 1957",4040904,1,0.039603424559,False,04301957: 1,1,0,0,0,0,0,0,0,0,0,0,0,0,0.000021902926
05121957,05/12/1957,"May 12, 1957",5277389,1,0.051405468654,False,05121957: 1,1,0,0,0,0,0,0,0,0,0,0,0,0,0.000021902926
05131957,05/13/1957,"May 13, 1957",3506015,1,0.034452605568,False,05131957: 1,1,0,0,0,0,0,0,0,0,0,0,0,0,0.000021902926
05171957,05/17/1957,"May 17, 1957",8487934,1,0.081376826884,False,05171957: 1,1,0,0,0,0,0,0,0,0,0,0,0,0,0.000021902926
05231957,05/23/1957,"May 23, 1957",2718386,1,0.026817646097,False,05231957: 1,1,0,0,0,0,0,0,0,0,0,0,0,0,0.000021902926
06041957,06/04/1957,"June 04, 1957",7173757,1,0.069224817743,False,06041957: 1,1,0,0,0,0,0,0,0,0,0,0,0,0,0.000021902926
06151957,06/15/1957,"June 15, 1957",5279155,1,0.051422220686,False,06151957: 1,1,0,0,0,0,0,0,0,0,0,0,0,0,0.000021902926
07071957,07/07/1957,"July 07, 1957",3417963,1,0.033602047356,True,07071957: 1; 070719570: 1,1,0,1,0,0,0,0,0,0,0,0,0,0,0.000021902926
07171957,07/17/1957,"July 17, 1957",9527308,1,0.090875309509,False,07171957: 1,1,0,0,0,0,0,0,0,0,0,0,0,0,0.000021902926
07261957,07/26/1957,"July 26, 1957",4115579,1,0.040320333000,False,07261957: 1,1,0,0,0,0,0,0,0,0,0,0,0,0,0.000021902926
08231957,08/23/1957,"August 23, 1957",5618997,1,0.054640414930,False,08231957: 1,1,0,0,0,0,0,0,0,0,0,0,0,0,0.000021902926
09031957,09/03/1957,"September 03, 1957",8007830,1,0.076955876152,False,09031957: 1,1,0,0,0,0,0,0,0,0,0,0,0,0,0.000021902926
09051957,09/05/1957,"September 05, 1957",9421677,1,0.089914484623,False,09051957: 1,1,0,0,0,0,0,0,0,0,0,0,0,0,0.000021902926
09071957,09/07/1957,"September 07, 1957",2064037,1,0.020428757012,False,09071957: 1,1,0,0,0,0,0,0,0,0,0,0,0,0,0.000021902926
09091957,09/09/1957,"September 09, 1957",2544288,1,0.025121879346,False,09091957: 1,1,0,0,0,0,0,0,0,0,0,0,0,0,0.000021902926
10081957,10/08/1957,"October 08, 1957",1216677,1,0.012092994964,True,10081957: 1; 100819570: 1,1,0,1,0,0,0,0,0,0,0,0,0,0,0.000021902926
11021957,11/02/1957,"November 02, 1957",4085453,1,0.040031176347,False,11021957: 1,1,0,0,0,0,0,0,0,0,0,0,0,0,0.000021902926
11141957,11/14/1957,"November 14, 1957",4863284,1,0.047469146603,False,11141957: 1,1,0,0,0,0,0,0,0,0,0,0,0,0,0.000021902926
12111957,12/11/1957,"December 11, 1957",1010192,1,0.010051007691,False,12111957: 1,1,0,0,0,0,0,0,0,0,0,0,0,0,0.000021902926
12131957,12/13/1957,"December 13, 1957",974575,1,0.009698354757,True,12131957: 1,1,1,0,0,0,0,0,0,0,0,0,0,0,0.000021902926
12181957,12/18/1957,"December 18, 1957",330615,1,0.003300630935,False,12181957: 1,1,0,0,0,0,0,0,0,0,0,0,0,0,0.000021902926
12201957,12/20/1957,"December 20, 1957",5506420,1,0.053575558179,False,12201957: 1,1,0,0,0,0,0,0,0,0,0,0,0,0,0.000021902926
01051958,01/05/1958,"January 05, 1958",9246412,1,0.088318024619,True,01051958: 1; 010519580: 1,1,0,1,0,0,0,0,0,0,0,0,0,0,0.000021902926
01071958,01/07/1958,"January 07, 1958",7930103,1,0.076238142738,True,01071958: 1; 010719580: 1; 0107195800: 1,1,0,1,0,0,1,0,0,0,0,0,0,0,0.000021902926
01171958,01/17/1958,"January 17, 1958",24982,1,0.000249728815,False,01171958: 1,1,0,0,0,0,0,0,0,0,0,0,0,0,0.000021902926
02031958,02/03/1958,"February 03, 1958",4346345,2,0.042532394079,False,02031958: 2,2,0,0,0,0,0,0,0,0,0,0,0,0,0.000021902926
02091958,02/09/1958,"February 09, 1958",4459055,1,0.043610947895,False,02091958: 1,1,0,0,0,0,0,0,0,0,0,0,0,0,0.000021902926
02211958,02/21/1958,"February 21, 1958",8215050,1,0.078866627791,False,02211958: 1,1,0,0,0,0,0,0,0,0,0,0,0,0,0.000021902926
02241958,02/24/1958,"February 24, 1958",2275678,1,0.022499739111,False,02241958: 1,1,0,0,0,0,0,0,0,0,0,0,0,0,0.000021902926
03111958,03/11/1958,"March 11, 1958",1475584,1,0.014647447125,False,03111958: 1,1,0,0,0,0,0,0,0,0,0,0,0,0,0.000021902926
03151958,03/15/1958,"March 15, 1958",6077430,1,0.058964336565,False,03151958: 1,1,0,0,0,0,0,0,0,0,0,0,0,0,0.000021902926
03311958,03/31/1958,"March 31, 1958",7751689,1,0.074588551128,True,03311958: 1; 033119580: 1,1,0,1,0,0,0,0,0,0,0,0,0,0,0.000021902926
04201958,04/20/1958,"April 20, 1958",1809127,1,0.017928546642,False,04201958: 1,1,0,0,0,0,0,0,0,0,0,0,0,0,0.000021902926
04221958,04/22/1958,"April 22, 1958",1882452,1,0.018648386599,False,04221958: 1,1,0,0,0,0,0,0,0,0,0,0,0,0,0.000021902926
05081958,05/08/1958,"May 08, 1958",3414949,1,0.033572919682,False,05081958: 1,1,0,0,0,0,0,0,0,0,0,0,0,0,0.000021902926
05101958,05/10/1958,"May 10, 1958",4169720,1,0.040839772546,False,05101958: 1,1,0,0,0,0,0,0,0,0,0,0,0,0,0.000021902926
05161958,05/16/1958,"May 16, 1958",2349019,1,0.023216384754,True,05161958: 1,1,1,0,0,0,0,0,0,0,0,0,0,0,0.000021902926
06021958,06/02/1958,"June 02, 1958",7281831,1,0.070230200347,True,06021958: 1,1,1,0,0,0,0,0,0,0,0,0,0,0,0.000021902926
06051958,06/05/1958,"June 05, 1958",8828716,1,0.084502001297,False,06051958: 1,1,0,0,0,0,0,0,0,0,0,0,0,0,0.000021902926
06101958,06/10/1958,"June 10, 1958",5054691,1,0.049290613588,False,06101958: 1,1,0,0,0,0,0,0,0,0,0,0,0,0,0.000021902926
06111958,06/11/1958,"June 11, 1958",7104427,1,0.068579287556,False,06111958: 1,1,0,0,0,0,0,0,0,0,0,0,0,0,0.000021902926
07161958,07/16/1958,"July 16, 1958",1908744,1,0.018906369652,False,07161958: 1,1,0,0,0,0,0,0,0,0,0,0,0,0,0.000021902926
07251958,07/25/1958,"July 25, 1958",8168165,1,0.078434653147,False,07251958: 1,1,0,0,0,0,0,0,0,0,0,0,0,0,0.000021902926
09051958,09/05/1958,"September 05, 1958",1102599,1,0.010965367334,False,09051958: 1,1,0,0,0,0,0,0,0,0,0,0,0,0,0.000021902926
09081958,09/08/1958,"September 08, 1958",5124993,1,0.049958746424,False,09081958: 1,1,0,0,0,0,0,0,0,0,0,0,0,0,0.000021902926
09171958,09/17/1958,"September 17, 1958",820344,1,0.008169824180,True,09171958: 1; 0091719580: 1; 091719580: 1,1,1,1,1,0,0,0,0,0,0,0,0,0,0.000021902926
09181958,09/18/1958,"September 18, 1958",1973266,1,0.019539186715,False,09181958: 1,1,0,0,0,0,0,0,0,0,0,0,0,0,0.000021902926
10041958,10/04/1958,"October 04, 1958",7640727,1,0.073561126146,False,10041958: 1,1,0,0,0,0,0,0,0,0,0,0,0,0,0.000021902926
10261958,10/26/1958,"October 26, 1958",4656648,1,0.045498839948,True,10261958: 1,1,1,0,0,1,0,0,0,0,0,0,0,0,0.000021902926
11041958,11/04/1958,"November 04, 1958",7512045,1,0.072368198685,False,11041958: 1,1,0,0,0,0,0,0,0,0,0,0,0,0,0.000021902926
11051958,11/05/1958,"November 05, 1958",9323116,1,0.089017053043,False,11051958: 1,1,0,0,0,0,0,0,0,0,0,0,0,0,0.000021902926
11161958,11/16/1958,"November 16, 1958",6772709,1,0.065484467166,False,11161958: 1,1,0,0,0,0,0,0,0,0,0,0,0,0,0.000021902926
11281958,11/28/1958,"November 28, 1958",2340803,1,0.023136128915,False,11281958: 1,1,0,0,0,0,0,0,0,0,0,0,0,0,0.000021902926
12031958,12/03/1958,"December 03, 1958",9468930,1,0.090344425748,False,12031958: 1,1,0,0,0,0,0,0,0,0,0,0,0,0,0.000021902926
12151958,12/15/1958,"December 15, 1958",2497127,1,0.024662008639,False,12151958: 1,1,0,0,0,0,0,0,0,0,0,0,0,0,0.000021902926
12291958,12/29/1958,"December 29, 1958",5642903,1,0.054866385583,False,12291958: 1,1,0,0,0,0,0,0,0,0,0,0,0,0,0.000021902926
01131959,01/13/1959,"January 13, 1959",5127778,1,0.049985204705,False,01131959: 1,1,0,0,0,0,0,0,0,0,0,0,0,0,0.000021902926
01171959,01/17/1959,"January 17, 1959",3005397,1,0.029606782052,False,01171959: 1,1,0,0,0,0,0,0,0,0,0,0,0,0,0.000021902926
02141959,02/14/1959,"February 14, 1959",13690,1,0.000136830639,True,02141959: 1,1,1,0,0,0,0,0,0,0,0,0,0,0,0.000021902926
02191959,02/19/1959,"February 19, 1959",9988284,1,0.095056511611,False,02191959: 1,1,0,0,0,0,0,0,0,0,0,0,0,0,0.000021902926
02211959,02/21/1959,"February 21, 1959",2194180,1,0.021702771228,False,02211959: 1,1,0,0,0,0,0,0,0,0,0,0,0,0,0.000021902926
03101959,03/10/1959,"March 10, 1959",2649211,1,0.026144214300,False,03101959: 1,1,0,0,0,0,0,0,0,0,0,0,0,0,0.000021902926
03311959,03/31/1959,"March 31, 1959",4407641,1,0.043119103595,False,03311959: 1,1,0,0,0,0,0,0,0,0,0,0,0,0,0.000021902926
04021959,04/02/1959,"April 02, 1959",848495,1,0.008448994999,True,04021959: 1; 040219590: 1,1,0,1,0,0,0,0,0,0,0,0,0,0,0.000021902926
04031959,04/03/1959,"April 03, 1959",2861522,1,0.028209623956,False,04031959: 1,1,0,0,0,0,0,0,0,0,0,0,0,0,0.000021902926
04061959,04/06/1959,"April 06, 1959",5160496,1,0.050295979706,False,04061959: 1,1,0,0,0,0,0,0,0,0,0,0,0,0,0.000021902926
04301959,04/30/1959,"April 30, 1959",3770498,1,0.037002940221,True,04301959: 1; 043019590: 1,1,0,1,0,0,0,0,0,0,0,0,0,0,0.000021902926
05081959,05/08/1959,"May 08, 1959",3747255,1,0.036779084798,True,05081959: 1; 050819590: 1,1,0,1,0,0,0,0,0,0,0,0,0,0,0.000021902926
05101959,05/10/1959,"May 10, 1959",2753660,1,0.027160865907,True,05101959: 1,1,1,0,0,0,0,0,0,0,0,0,0,0,0.000021902926
05241959,05/24/1959,"May 24, 1959",933736,1,0.009293842870,True,05241959: 1,1,1,0,0,0,0,0,0,0,0,0,0,0,0.000021902926
06131959,06/13/1959,"June 13, 1959",2466070,1,0.024359050874,False,06131959: 1,1,0,0,0,0,0,0,0,0,0,0,0,0,0.000021902926
06161959,06/16/1959,"June 16, 1959",6971722,1,0.067342425179,True,06161959: 1; 061619590: 1,1,0,1,0,0,0,0,0,0,0,0,0,0,0.000021902926
06191959,06/19/1959,"June 19, 1959",168327,1,0.001681794213,False,06191959: 1,1,0,0,0,0,0,0,0,0,0,0,0,0,0.000021902926
07041959,07/04/1959,"July 04, 1959",1245356,1,0.012376276194,False,07041959: 1,1,0,0,0,0,0,0,0,0,0,0,0,0,0.000021902926
07121959,07/12/1959,"July 12, 1959",5493616,1,0.053454370234,False,07121959: 1,1,0,0,0,0,0,0,0,0,0,0,0,0,0.000021902926
07131959,07/13/1959,"July 13, 1959",2149946,1,0.021269935504,False,07131959: 1,1,0,0,0,0,0,0,0,0,0,0,0,0,0.000021902926
07311959,07/31/1959,"July 31, 1959",3409270,1,0.033518034729,False,07311959: 1,1,0,0,0,0,0,0,0,0,0,0,0,0,0.000021902926
08031959,08/03/1959,"August 03, 1959",8791847,1,0.084164404106,False,08031959: 1,1,0,0,0,0,0,0,0,0,0,0,0,0,0.000021902926
08161959,08/16/1959,"August 16, 1959",3087507,1,0.030403244899,False,08161959: 1,1,0,0,0,0,0,0,0,0,0,0,0,0,0.000021902926
09301959,09/30/1959,"September 30, 1959",9866023,1,0.093949442023,True,09301959: 1; 093019590: 1; 0930195900: 1,1,0,1,0,0,1,0,0,0,0,0,0,0,0.000021902926
10061959,10/06/1959,"October 06, 1959",9549937,1,0.091081012063,False,10061959: 1,1,0,0,0,0,0,0,0,0,0,0,0,0,0.000021902926
10081959,10/08/1959,"October 08, 1959",8314666,1,0.079783767136,False,10081959: 1,1,0,0,0,0,0,0,0,0,0,0,0,0,0.000021902926
10101959,10/10/1959,"October 10, 1959",1738308,1,0.017232807124,False,10101959: 1,1,0,0,0,0,0,0,0,0,0,0,0,0,0.000021902926
10201959,10/20/1959,"October 20, 1959",6122264,1,0.059386145935,False,10201959: 1,1,0,0,0,0,0,0,0,0,0,0,0,0,0.000021902926
11031959,11/03/1959,"November 03, 1959",2809023,1,0.027699309779,False,11031959: 1,1,0,0,0,0,0,0,0,0,0,0,0,0,0.000021902926
12171959,12/17/1959,"December 17, 1959",2582509,1,0.025494416318,False,12171959: 1,1,0,0,0,0,0,0,0,0,0,0,0,0,0.000021902926
12211959,12/21/1959,"December 21, 1959",1761902,1,0.017464653866,False,12211959: 1,1,0,0,0,0,0,0,0,0,0,0,0,0,0.000021902926
12241959,12/24/1959,"December 24, 1959",9601924,1,0.091553408978,False,12241959: 1,1,0,0,0,0,0,0,0,0,0,0,0,0,0.000021902926
01051960,01/05/1960,"January 05, 1960",5999086,1,0.058226802709,False,01051960: 1,1,0,0,0,0,0,0,0,0,0,0,0,0,0.000021902926
01141960,01/14/1960,"January 14, 1960",6383305,1,0.061838331772,False,01141960: 1,1,0,0,0,0,0,0,0,0,0,0,0,0,0.000021902926
01191960,01/19/1960,"January 19, 1960",1463665,1,0.014529995953,False,01191960: 1,1,0,0,0,0,0,0,0,0,0,0,0,0,0.000021902926
01281960,01/28/1960,"January 28, 1960",653680,2,0.006515422056,False,01281960: 2,2,0,0,0,0,0,0,0,0,0,0,0,0,0.000021902926
02161960,02/16/1960,"February 16, 1960",8081698,1,0.077637458626,True,02161960: 1; 021619600: 1,1,0,1,0,0,0,0,0,0,0,0,0,0,0.000021902926
02211960,02/21/1960,"February 21, 1960",7829602,1,0.075309286148,False,02211960: 1,1,0,0,0,0,0,0,0,0,0,0,0,0,0.000021902926
02241960,02/24/1960,"February 24, 1960",3066856,1,0.030202992795,False,02241960: 1,1,0,0,0,0,0,0,0,0,0,0,0,0,0.000021902926
03011960,03/01/1960,"March 01, 1960",9797870,1,0.093331730909,False,03011960: 1,1,0,0,0,0,0,0,0,0,0,0,0,0,0.000021902926
03071960,03/07/1960,"March 07, 1960",3905830,2,0.038305301960,False,03071960: 2,2,0,0,0,0,0,0,0,0,0,0,0,0,0.000021902926
03151960,03/15/1960,"March 15, 1960",5902088,1,0.057312858351,True,03151960: 1; 031519600: 1,1,0,1,0,0,0,0,0,0,0,0,0,0,0.000021902926
03231960,03/23/1960,"March 23, 1960",1738665,1,0.017236315597,True,03231960: 1,1,1,0,0,0,0,0,0,0,0,0,0,0,0.000021902926
03271960,03/27/1960,"March 27, 1960",2569181,1,0.025364525556,False,03271960: 1,1,0,0,0,0,0,0,0,0,0,0,0,0,0.000021902926
04061960,04/06/1960,"April 06, 1960",1018332,2,0.010131586260,False,04061960: 2,2,0,0,0,0,0,0,0,0,0,0,0,0,0.000021902926
04101960,04/10/1960,"April 10, 1960",6194379,1,0.060064225095,False,04101960: 1,1,0,0,0,0,0,0,0,0,0,0,0,0,0.000021902926
05011960,05/01/1960,"May 01, 1960",2174101,1,0.021506319203,False,05011960: 1,1,0,0,0,0,0,0,0,0,0,0,0,0,0.000021902926
05101960,05/10/1960,"May 10, 1960",2729763,1,0.026928358756,False,05101960: 1,1,0,0,0,0,0,0,0,0,0,0,0,0,0.000021902926
05141960,05/14/1960,"May 14, 1960",9022036,1,0.086270132419,False,05141960: 1,1,0,0,0,0,0,0,0,0,0,0,0,0,0.000021902926
06051960,06/05/1960,"June 05, 1960",9781507,1,0.093183360640,False,06051960: 1,1,0,0,0,0,0,0,0,0,0,0,0,0,0.000021902926
06131960,06/13/1960,"June 13, 1960",5496663,1,0.053483211041,False,06131960: 1,1,0,0,0,0,0,0,0,0,0,0,0,0,0.000021902926
06211960,06/21/1960,"June 21, 1960",1384736,1,0.013751867282,False,06211960: 1,1,0,0,0,0,0,0,0,0,0,0,0,0,0.000021902926
06271960,06/27/1960,"June 27, 1960",4610145,1,0.045054865046,False,06271960: 1,1,0,0,0,0,0,0,0,0,0,0,0,0,0.000021902926
07101960,07/10/1960,"July 10, 1960",2978898,1,0.029349603478,False,07101960: 1,1,0,0,0,0,0,0,0,0,0,0,0,0,0.000021902926
08061960,08/06/1960,"August 06, 1960",2980622,1,0.029366337346,False,08061960: 1,1,0,0,0,0,0,0,0,0,0,0,0,0,0.000021902926
08231960,08/23/1960,"August 23, 1960",9273415,1,0.088564172870,False,08231960: 1,1,0,0,0,0,0,0,0,0,0,0,0,0,0.000021902926
08261960,08/26/1960,"August 26, 1960",4629871,1,0.045243218948,False,08261960: 1,1,0,0,0,0,0,0,0,0,0,0,0,0,0.000021902926
09031960,09/03/1960,"September 03, 1960",4659067,1,0.045521929052,False,09031960: 1,1,0,0,0,0,0,0,0,0,0,0,0,0,0.000021902926
09101960,09/10/1960,"September 10, 1960",4971188,1,0.048496411175,False,09101960: 1,1,0,0,0,0,0,0,0,0,0,0,0,0,0.000021902926
09191960,09/19/1960,"September 19, 1960",8039289,1,0.077246210935,False,09191960: 1,1,0,0,0,0,0,0,0,0,0,0,0,0,0.000021902926
09241960,09/24/1960,"September 24, 1960",4112293,1,0.040288797408,True,09241960: 1,1,1,0,0,0,0,0,0,0,0,0,0,0,0.000021902926
09281960,09/28/1960,"September 28, 1960",3081089,1,0.030341014182,False,09281960: 1,1,0,0,0,0,0,0,0,0,0,0,0,0,0.000021902926
10161960,10/16/1960,"October 16, 1960",5525613,1,0.053757187994,False,10161960: 1,1,0,0,0,0,0,0,0,0,0,0,0,0,0.000021902926
10201960,10/20/1960,"October 20, 1960",9234874,1,0.088212828683,True,10201960: 1,1,1,0,0,0,0,0,0,0,0,0,0,0,0.000021902926
10311960,10/31/1960,"October 31, 1960",3261746,1,0.032091189650,False,10311960: 1,1,0,0,0,0,0,0,0,0,0,0,0,0,0.000021902926
11111960,11/11/1960,"November 11, 1960",5065189,1,0.049390413821,True,11111960: 1,1,1,0,0,0,0,0,0,0,0,0,0,0,0.000021902926
11151960,11/15/1960,"November 15, 1960",2346355,1,0.023190362892,False,11151960: 1,1,0,0,0,0,0,0,0,0,0,0,0,0,0.000021902926
11191960,11/19/1960,"November 19, 1960",3578507,1,0.035152296552,False,11191960: 1,1,0,0,0,0,0,0,0,0,0,0,0,0,0.000021902926
12171960,12/17/1960,"December 17, 1960",579402,1,0.005777207442,False,12171960: 1,1,0,0,0,0,0,0,0,0,0,0,0,0,0.000021902926
12201960,12/20/1960,"December 20, 1960",8913745,1,0.085280109242,False,12201960: 1,1,0,0,0,0,0,0,0,0,0,0,0,0,0.000021902926
01291961,01/29/1961,"January 29, 1961",2940412,1,0.028975967068,False,01291961: 1,1,0,0,0,0,0,0,0,0,0,0,0,0,0.000021902926
01301961,01/30/1961,"January 30, 1961",6457139,1,0.062530758411,False,01301961: 1,1,0,0,0,0,0,0,0,0,0,0,0,0,0.000021902926
03281961,03/28/1961,"March 28, 1961",9359138,1,0.089345148227,False,03281961: 1,1,0,0,0,0,0,0,0,0,0,0,0,0,0.000021902926
04101961,04/10/1961,"April 10, 1961",5400206,1,0.052569788873,False,04101961: 1,1,0,0,0,0,0,0,0,0,0,0,0,0,0.000021902926
04111961,04/11/1961,"April 11, 1961",7083718,1,0.068386379665,False,04111961: 1,1,0,0,0,0,0,0,0,0,0,0,0,0,0.000021902926
04141961,04/14/1961,"April 14, 1961",616218,1,0.006143173138,False,04141961: 1,1,0,0,0,0,0,0,0,0,0,0,0,0,0.000021902926
04251961,04/25/1961,"April 25, 1961",3248469,1,0.031962671865,False,04251961: 1,1,0,0,0,0,0,0,0,0,0,0,0,0,0.000021902926
04271961,04/27/1961,"April 27, 1961",9163828,1,0.087564810195,True,04271961: 1; 042719610: 1,1,0,1,0,0,0,0,0,0,0,0,0,0,0.000021902926
05161961,05/16/1961,"May 16, 1961",6982594,1,0.067443818200,False,05161961: 1,1,0,0,0,0,0,0,0,0,0,0,0,0,0.000021902926
05181961,05/18/1961,"May 18, 1961",1414683,1,0.014047174793,False,05181961: 1,1,0,0,0,0,0,0,0,0,0,0,0,0,0.000021902926
05211961,05/21/1961,"May 21, 1961",863676,1,0.008599510933,True,05211961: 1; 0052119610: 1; 052119610: 1,1,1,1,1,0,0,0,0,0,0,0,0,0,0.000021902926
06021961,06/02/1961,"June 02, 1961",7978322,1,0.076683464099,False,06021961: 1,1,0,0,0,0,0,0,0,0,0,0,0,0,0.000021902926
06051961,06/05/1961,"June 05, 1961",70753,1,0.000707219809,False,06051961: 1,1,0,0,0,0,0,0,0,0,0,0,0,0,0.000021902926
06081961,06/08/1961,"June 08, 1961",688937,1,0.006865633176,False,06081961: 1,1,0,0,0,0,0,0,0,0,0,0,0,0,0.000021902926
06171961,06/17/1961,"June 17, 1961",6657763,1,0.064409661326,True,06171961: 1,1,1,0,0,0,0,0,0,0,0,0,0,0,0.000021902926
06291961,06/29/1961,"June 29, 1961",1431087,1,0.014208897231,False,06291961: 1,1,0,0,0,0,0,0,0,0,0,0,0,0,0.000021902926
07191961,07/19/1961,"July 19, 1961",8402646,1,0.080593017344,False,07191961: 1,1,0,0,0,0,0,0,0,0,0,0,0,0,0.000021902926
07311961,07/31/1961,"July 31, 1961",8209032,1,0.078811192316,False,07311961: 1,1,0,0,0,0,0,0,0,0,0,0,0,0,0.000021902926
08201961,08/20/1961,"August 20, 1961",5879618,1,0.057101012748,False,08201961: 1,1,0,0,0,0,0,0,0,0,0,0,0,0,0.000021902926
09141961,09/14/1961,"September 14, 1961",3711352,1,0.036433197501,False,09141961: 1,1,0,0,0,0,0,0,0,0,0,0,0,0,0.000021902926
09251961,09/25/1961,"September 25, 1961",7750079,1,0.074573651884,False,09251961: 1,1,0,0,0,0,0,0,0,0,0,0,0,0,0.000021902926
10121961,10/12/1961,"October 12, 1961",7704790,1,0.074154440620,False,10121961: 1,1,0,0,0,0,0,0,0,0,0,0,0,0,0.000021902926
10311961,10/31/1961,"October 31, 1961",3833082,1,0.037605433755,False,10311961: 1,1,0,0,0,0,0,0,0,0,0,0,0,0,0.000021902926
11161961,11/16/1961,"November 16, 1961",3055879,1,0.030096532333,True,11161961: 1; 0111619610: 1; 111619610: 1,1,1,1,1,0,0,0,0,0,0,0,0,0,0.000021902926
11271961,11/27/1961,"November 27, 1961",2686109,2,0.026503481327,False,11271961: 2,2,0,0,0,0,0,0,0,0,0,0,0,0,0.000021902926
12141961,12/14/1961,"December 14, 1961",4539541,1,0.044380397504,False,12141961: 1,1,0,0,0,0,0,0,0,0,0,0,0,0,0.000021902926
12151961,12/15/1961,"December 15, 1961",3860248,1,0.037866842357,False,12151961: 1,1,0,0,0,0,0,0,0,0,0,0,0,0,0.000021902926
01061962,01/06/1962,"January 06, 1962",3258035,1,0.032055269887,True,01061962: 1; 010619620: 1,1,0,1,0,0,0,0,0,0,0,0,0,0,0.000021902926
02081962,02/08/1962,"February 08, 1962",553500,1,0.005519650497,True,02081962: 1; 020819620: 1,1,0,1,0,0,0,0,0,0,0,0,0,0,0.000021902926
02121962,02/12/1962,"February 12, 1962",1621934,1,0.016088455885,False,02121962: 1,1,0,0,0,0,0,0,0,0,0,0,0,0,0.000021902926
04151962,04/15/1962,"April 15, 1962",4103826,1,0.040207535220,False,04151962: 1,1,0,0,0,0,0,0,0,0,0,0,0,0,0.000021902926
04251962,04/25/1962,"April 25, 1962",2517750,1,0.024863131856,False,04251962: 1,1,0,0,0,0,0,0,0,0,0,0,0,0,0.000021902926
04281962,04/28/1962,"April 28, 1962",6277284,1,0.060843155926,True,04281962: 1,1,1,0,0,0,0,0,0,0,0,0,0,0,0.000021902926
04291962,04/29/1962,"April 29, 1962",9080889,1,0.086807731652,False,04291962: 1,1,0,0,0,0,0,0,0,0,0,0,0,0,0.000021902926
05011962,05/01/1962,"May 01, 1962",8527935,1,0.081744211859,True,05011962: 1; 050119620: 1,1,0,1,0,0,0,0,0,0,0,0,0,0,0.000021902926
05031962,05/03/1962,"May 03, 1962",8740358,1,0.083692728091,False,05031962: 1,1,0,0,0,0,0,0,0,0,0,0,0,0,0.000021902926
05221962,05/22/1962,"May 22, 1962",5820334,1,0.056541858779,False,05221962: 1,1,0,0,0,0,0,0,0,0,0,0,0,0,0.000021902926
05251962,05/25/1962,"May 25, 1962",2238898,1,0.022140148386,False,05251962: 1,1,0,0,0,0,0,0,0,0,0,0,0,0,0.000021902926
05291962,05/29/1962,"May 29, 1962",5796536,1,0.056317307890,True,05291962: 1; 052919620: 1,1,0,1,0,0,0,0,0,0,0,0,0,0,0.000021902926
05311962,05/31/1962,"May 31, 1962",3202615,1,0.031518686239,False,05311962: 1,1,0,0,0,0,0,0,0,0,0,0,0,0,0.000021902926
06171962,06/17/1962,"June 17, 1962",2668557,1,0.026332598220,False,06171962: 1,1,0,0,0,0,0,0,0,0,0,0,0,0,0.000021902926
06181962,06/18/1962,"June 18, 1962",7104056,1,0.068575831978,True,06181962: 1,1,1,0,0,0,0,0,0,0,0,0,0,0,0.000021902926
06191962,06/19/1962,"June 19, 1962",6209683,2,0.060208061860,False,06191962: 2,2,0,0,0,0,0,0,0,0,0,0,0,0,0.000021902926
07011962,07/01/1962,"July 01, 1962",8489891,1,0.081394804164,False,07011962: 1,1,0,0,0,0,0,0,0,0,0,0,0,0,0.000021902926
07021962,07/02/1962,"July 02, 1962",4737882,1,0.046273904578,True,07021962: 1; 070219620: 1,1,0,1,0,0,0,0,0,0,0,0,0,0,0.000021902926
07041962,07/04/1962,"July 04, 1962",1793466,1,0.017774732386,False,07041962: 1,1,0,0,0,0,0,0,0,0,0,0,0,0,0.000021902926
07061962,07/06/1962,"July 06, 1962",5464955,1,0.053183041908,False,07061962: 1,1,0,0,0,0,0,0,0,0,0,0,0,0,0.000021902926
07291962,07/29/1962,"July 29, 1962",6617861,1,0.064036267574,False,07291962: 1,1,0,0,0,0,0,0,0,0,0,0,0,0,0.000021902926
08011962,08/01/1962,"August 01, 1962",5731232,1,0.055700844073,False,08011962: 1,1,0,0,0,0,0,0,0,0,0,0,0,0,0.000021902926
08241962,08/24/1962,"August 24, 1962",6953936,1,0.067176527949,False,08241962: 1,1,0,0,0,0,0,0,0,0,0,0,0,0,0.000021902926
09091962,09/09/1962,"September 09, 1962",5465293,1,0.053186242144,True,09091962: 1; 090919620: 1,1,0,1,0,0,0,0,0,0,0,0,0,0,0.000021902926
09201962,09/20/1962,"September 20, 1962",2561885,1,0.025293413557,False,09201962: 1,1,0,0,0,0,0,0,0,0,0,0,0,0,0.000021902926
09291962,09/29/1962,"September 29, 1962",8923629,1,0.085370515689,False,09291962: 1,1,0,0,0,0,0,0,0,0,0,0,0,0,0.000021902926
10061962,10/06/1962,"October 06, 1962",109795,1,0.001097287550,False,10061962: 1,1,0,0,0,0,0,0,0,0,0,0,0,0,0.000021902926
10111962,10/11/1962,"October 11, 1962",6009747,1,0.058327199798,False,10111962: 1,1,0,0,0,0,0,0,0,0,0,0,0,0,0.000021902926
10281962,10/28/1962,"October 28, 1962",5956065,1,0.057821555293,False,10281962: 1,1,0,0,0,0,0,0,0,0,0,0,0,0,0.000021902926
11111962,11/11/1962,"November 11, 1962",5165400,2,0.050342552050,True,11111962: 2; 111119620: 1,2,0,1,0,0,0,0,0,0,0,0,0,0,0.000021902926
11181962,11/18/1962,"November 18, 1962",8154667,1,0.078310251860,False,11181962: 1,1,0,0,0,0,0,0,0,0,0,0,0,0,0.000021902926
12161962,12/16/1962,"December 16, 1962",3289682,1,0.032361546893,False,12161962: 1,1,0,0,0,0,0,0,0,0,0,0,0,0,0.000021902926
12271962,12/27/1962,"December 27, 1962",5732916,1,0.055716745937,False,12271962: 1,1,0,0,0,0,0,0,0,0,0,0,0,0,0.000021902926
12311962,12/31/1962,"December 31, 1962",5343906,1,0.052036235478,True,12311962: 1,1,1,0,0,0,0,0,0,0,0,0,0,0,0.000021902926
01041963,01/04/1963,"January 04, 1963",3838180,1,0.037654495380,False,01041963: 1,1,0,0,0,0,0,0,0,0,0,0,0,0,0.000021902926
01171963,01/17/1963,"January 17, 1963",4368631,1,0.042745751536,False,01171963: 1,1,0,0,0,0,0,0,0,0,0,0,0,0,0.000021902926
02101963,02/10/1963,"February 10, 1963",2038189,1,0.020175524708,False,02101963: 1,1,0,0,0,0,0,0,0,0,0,0,0,0,0.000021902926
02111963,02/11/1963,"February 11, 1963",6793138,2,0.065675359846,True,02111963: 2; 021119630: 1,2,0,1,0,0,0,0,0,0,0,0,0,0,0.000021902926
02121963,02/12/1963,"February 12, 1963",2745749,1,0.027083901558,False,02121963: 1,1,0,0,0,0,0,0,0,0,0,0,0,0,0.000021902926
02131963,02/13/1963,"February 13, 1963",1324059,1,0.013153259906,False,02131963: 1,1,0,0,0,0,0,0,0,0,0,0,0,0,0.000021902926
02161963,02/16/1963,"February 16, 1963",8872070,1,0.084898820278,False,02161963: 1,1,0,0,0,0,0,0,0,0,0,0,0,0,0.000021902926
02281963,02/28/1963,"February 28, 1963",2560131,1,0.025276317054,True,02281963: 1; 022819630: 1,1,0,1,0,0,0,0,0,0,0,0,0,0,0.000021902926
03161963,03/16/1963,"March 16, 1963",1935246,1,0.019166344638,True,03161963: 1; 031619630: 1; 0316196300: 1,1,0,1,0,0,1,0,0,0,0,0,0,0,0.000021902926
03221963,03/22/1963,"March 22, 1963",4367223,1,0.042732273301,False,03221963: 1,1,0,0,0,0,0,0,0,0,0,0,0,0,0.000021902926
03251963,03/25/1963,"March 25, 1963",2803479,1,0.027645403934,False,03251963: 1,1,0,0,0,0,0,0,0,0,0,0,0,0,0.000021902926
03281963,03/28/1963,"March 28, 1963",1045347,1,0.010398963098,True,03281963: 1,1,1,0,0,0,0,0,0,0,0,0,0,0,0.000021902926
04231963,04/23/1963,"April 23, 1963",4534705,1,0.044334182622,False,04231963: 1,1,0,0,0,0,0,0,0,0,0,0,0,0,0.000021902926
05021963,05/02/1963,"May 02, 1963",4691440,1,0.045830872231,False,05021963: 1,1,0,0,0,0,0,0,0,0,0,0,0,0,0.000021902926
05071963,05/07/1963,"May 07, 1963",2205355,1,0.021812089836,True,05071963: 1; 050719630: 1,1,0,1,0,0,0,0,0,0,0,0,0,0,0.000021902926
05091963,05/09/1963,"May 09, 1963",8265889,1,0.079334803773,False,05091963: 1,1,0,0,0,0,0,0,0,0,0,0,0,0,0.000021902926
06171963,06/17/1963,"June 17, 1963",3475349,1,0.034156465396,False,06171963: 1,1,0,0,0,0,0,0,0,0,0,0,0,0,0.000021902926
06241963,06/24/1963,"June 24, 1963",6460056,1,0.062558103990,True,06241963: 1; 062419630: 1,1,0,1,0,0,0,0,0,0,0,0,0,0,0.000021902926
07171963,07/17/1963,"July 17, 1963",9716868,1,0.092597013943,False,07171963: 1,1,0,0,0,0,0,0,0,0,0,0,0,0,0.000021902926
08031963,08/03/1963,"August 03, 1963",4781431,1,0.046689152334,True,08031963: 1; 080319630: 1,1,0,1,0,0,0,0,0,0,0,0,0,0,0.000021902926
08181963,08/18/1963,"August 18, 1963",1939787,1,0.019210883283,True,08181963: 1; 081819630: 1,1,0,1,0,0,0,0,0,0,0,0,0,0,0.000021902926
08291963,08/29/1963,"August 29, 1963",2732493,1,0.026954923250,False,08291963: 1,1,0,0,0,0,0,0,0,0,0,0,0,0,0.000021902926
09021963,09/02/1963,"September 02, 1963",8324599,1,0.079875167676,False,09021963: 1,1,0,0,0,0,0,0,0,0,0,0,0,0,0.000021902926
09031963,09/03/1963,"September 03, 1963",4974488,1,0.048527810276,False,09031963: 1,1,0,0,0,0,0,0,0,0,0,0,0,0,0.000021902926
09131963,09/13/1963,"September 13, 1963",4442007,1,0.043447888789,False,09131963: 1,1,0,0,0,0,0,0,0,0,0,0,0,0,0.000021902926
09151963,09/15/1963,"September 15, 1963",5597844,2,0.054440421863,False,09151963: 2,2,0,0,0,0,0,0,0,0,0,0,0,0,0.000021902926
09241963,09/24/1963,"September 24, 1963",2934997,1,0.028923384692,False,09241963: 1,1,0,0,0,0,0,0,0,0,0,0,0,0,0.000021902926
09251963,09/25/1963,"September 25, 1963",6142224,1,0.059573873726,False,09251963: 1,1,0,0,0,0,0,0,0,0,0,0,0,0,0.000021902926
10291963,10/29/1963,"October 29, 1963",4786669,1,0.046739085449,False,10291963: 1,1,0,0,0,0,0,0,0,0,0,0,0,0,0.000021902926
11131963,11/13/1963,"November 13, 1963",2044134,1,0.020233773543,False,11131963: 1,1,0,0,0,0,0,0,0,0,0,0,0,0,0.000021902926
11181963,11/18/1963,"November 18, 1963",5294403,1,0.051566848800,True,11181963: 1,1,1,0,0,0,0,0,0,0,0,0,0,0,0.000021902926
11241963,11/24/1963,"November 24, 1963",3861348,1,0.037877425764,True,11241963: 1,1,1,0,0,0,0,0,0,0,0,0,0,0,0.000021902926
12251963,12/25/1963,"December 25, 1963",5361755,1,0.052205422433,False,12251963: 1,1,0,0,0,0,0,0,0,0,0,0,0,0,0.000021902926
12271963,12/27/1963,"December 27, 1963",5236911,1,0.051021418833,False,12271963: 1,1,0,0,0,0,0,0,0,0,0,0,0,0,0.000021902926
01021964,01/02/1964,"January 02, 1964",5703475,1,0.055438698573,False,01021964: 1,1,0,0,0,0,0,0,0,0,0,0,0,0,0.000021902926
01251964,01/25/1964,"January 25, 1964",4796341,1,0.046831280387,False,01251964: 1,1,0,0,0,0,0,0,0,0,0,0,0,0,0.000021902926
02021964,02/02/1964,"February 02, 1964",2797639,1,0.027588616766,False,02021964: 1,1,0,0,0,0,0,0,0,0,0,0,0,0,0.000021902926
02051964,02/05/1964,"February 05, 1964",1036368,1,0.010310102830,False,02051964: 1,1,0,0,0,0,0,0,0,0,0,0,0,0,0.000021902926
02111964,02/11/1964,"February 11, 1964",2024183,1,0.020038280880,False,02111964: 1,1,0,0,0,0,0,0,0,0,0,0,0,0,0.000021902926
02281964,02/28/1964,"February 28, 1964",7072149,1,0.068278595049,False,02281964: 1,1,0,0,0,0,0,0,0,0,0,0,0,0,0.000021902926
03051964,03/05/1964,"March 05, 1964",9097742,1,0.086961618978,False,03051964: 1,1,0,0,0,0,0,0,0,0,0,0,0,0,0.000021902926
03291964,03/29/1964,"March 29, 1964",3767732,1,0.036976303354,False,03291964: 1,1,0,0,0,0,0,0,0,0,0,0,0,0,0.000021902926
04251964,04/25/1964,"April 25, 1964",458440,1,0.004573847998,False,04251964: 1,1,0,0,0,0,0,0,0,0,0,0,0,0,0.000021902926
05091964,05/09/1964,"May 09, 1964",4211339,1,0.041238882387,False,05091964: 1,1,0,0,0,0,0,0,0,0,0,0,0,0,0.000021902926
05151964,05/15/1964,"May 15, 1964",2308306,1,0.022818625873,True,05151964: 1; 051519640: 1,1,0,1,0,0,0,0,0,0,0,0,0,0,0.000021902926
05171964,05/17/1964,"May 17, 1964",9132045,1,0.087274764825,False,05171964: 1,1,0,0,0,0,0,0,0,0,0,0,0,0,0.000021902926
05251964,05/25/1964,"May 25, 1964",3323341,1,0.032687189516,False,05251964: 1,1,0,0,0,0,0,0,0,0,0,0,0,0,0.000021902926
06021964,06/02/1964,"June 02, 1964",3396507,1,0.033394674763,True,06021964: 1; 0060219640: 1; 060219640: 1,1,1,1,1,0,0,0,0,0,0,0,0,0,0.000021902926
06031964,06/03/1964,"June 03, 1964",2508661,1,0.024774497637,True,06031964: 1; 060319640: 1,1,0,1,0,0,0,0,0,0,0,0,0,0,0.000021902926
06051964,06/05/1964,"June 05, 1964",7556305,1,0.072778677679,True,06051964: 1,1,1,0,0,0,0,0,0,0,0,0,0,0,0.000021902926
06221964,06/22/1964,"June 22, 1964",163719,1,0.001635790650,False,06221964: 1,1,0,0,0,0,0,0,0,0,0,0,0,0,0.000021902926
06241964,06/24/1964,"June 24, 1964",4256834,1,0.041674971555,False,06241964: 1,1,0,0,0,0,0,0,0,0,0,0,0,0,0.000021902926
06251964,06/25/1964,"June 25, 1964",921403,1,0.009171651544,False,06251964: 1,1,0,0,0,0,0,0,0,0,0,0,0,0,0.000021902926
08191964,08/19/1964,"August 19, 1964",2368748,1,0.023409075387,False,08191964: 1,1,0,0,0,0,0,0,0,0,0,0,0,0,0.000021902926
08261964,08/26/1964,"August 26, 1964",7929461,1,0.076232212168,False,08261964: 1,1,0,0,0,0,0,0,0,0,0,0,0,0,0.000021902926
08271964,08/27/1964,"August 27, 1964",6045400,1,0.058662874563,True,08271964: 1,1,1,0,0,0,0,0,0,0,0,0,0,0,0.000021902926
09061964,09/06/1964,"September 06, 1964",8607511,1,0.082474632435,False,09061964: 1,1,0,0,0,0,0,0,0,0,0,0,0,0,0.000021902926
09121964,09/12/1964,"September 12, 1964",1849406,1,0.018324035552,False,09121964: 1,1,0,0,0,0,0,0,0,0,0,0,0,0,0.000021902926
09171964,09/17/1964,"September 17, 1964",2750723,1,0.027132293201,False,09171964: 1,1,0,0,0,0,0,0,0,0,0,0,0,0,0.000021902926
09241964,09/24/1964,"September 24, 1964",7863006,1,0.075618118253,True,09241964: 1; 092419640: 1; 0924196400: 1,1,0,1,0,0,1,0,0,0,0,0,0,0,0.000021902926
09301964,09/30/1964,"September 30, 1964",886282,1,0.008823601600,False,09301964: 1,1,0,0,0,0,0,0,0,0,0,0,0,0,0.000021902926
10281964,10/28/1964,"October 28, 1964",6235018,1,0.060446127992,False,10281964: 1,1,0,0,0,0,0,0,0,0,0,0,0,0,0.000021902926
10291964,10/29/1964,"October 29, 1964",9760930,1,0.092996745779,False,10291964: 1,1,0,0,0,0,0,0,0,0,0,0,0,0,0.000021902926
11281964,11/28/1964,"November 28, 1964",1371368,1,0.013620016817,False,11281964: 1,1,0,0,0,0,0,0,0,0,0,0,0,0,0.000021902926
11291964,11/29/1964,"November 29, 1964",1801080,1,0.017849516172,True,11291964: 1,1,1,0,0,0,0,0,0,0,0,0,0,0,0.000021902926
12071964,12/07/1964,"December 07, 1964",1867900,1,0.018505569920,False,12071964: 1,1,0,0,0,0,0,0,0,0,0,0,0,0,0.000021902926
12291964,12/29/1964,"December 29, 1964",1287657,1,0.012793962561,False,12291964: 1,1,0,0,0,0,0,0,0,0,0,0,0,0,0.000021902926
12311964,12/31/1964,"December 31, 1964",968599,1,0.009639172561,False,12311964: 1,1,0,0,0,0,0,0,0,0,0,0,0,0,0.000021902926
01011965,01/01/1965,"January 01, 1965",7642155,1,0.073574355599,False,01011965: 1,1,0,0,0,0,0,0,0,0,0,0,0,0,0.000021902926
01081965,01/08/1965,"January 08, 1965",4260848,1,0.041713437950,True,01081965: 1; 010819650: 1,1,0,1,0,0,0,0,0,0,0,0,0,0,0.000021902926
02061965,02/06/1965,"February 06, 1965",6927488,2,0.066929782166,True,02061965: 2; 020619650: 1,2,0,1,0,0,0,0,0,0,0,0,0,0,0.000021902926
02181965,02/18/1965,"February 18, 1965",304803,1,0.003043329686,False,02181965: 1,1,0,0,0,0,0,0,0,0,0,0,0,0,0.000021902926
02221965,02/22/1965,"February 22, 1965",1168240,1,0.011614366536,False,02221965: 1,1,0,0,0,0,0,0,0,0,0,0,0,0,0.000021902926
02231965,02/23/1965,"February 23, 1965",2837089,1,0.027972157403,False,02231965: 1,1,0,0,0,0,0,0,0,0,0,0,0,0,0.000021902926
02271965,02/27/1965,"February 27, 1965",431038,1,0.004301043946,False,02271965: 1,1,0,0,0,0,0,0,0,0,0,0,0,0,0.000021902926
03101965,03/10/1965,"March 10, 1965",6408668,1,0.062076247546,False,03101965: 1,1,0,0,0,0,0,0,0,0,0,0,0,0,0.000021902926
04031965,04/03/1965,"April 03, 1965",8531702,1,0.081778801904,False,04031965: 1,1,0,0,0,0,0,0,0,0,0,0,0,0,0.000021902926
04121965,04/12/1965,"April 12, 1965",5661258,1,0.055039848940,False,04121965: 1,1,0,0,0,0,0,0,0,0,0,0,0,0,0.000021902926
04201965,04/20/1965,"April 20, 1965",5222638,1,0.050885961452,False,04201965: 1,1,0,0,0,0,0,0,0,0,0,0,0,0,0.000021902926
04211965,04/21/1965,"April 21, 1965",4793062,1,0.046800025472,False,04211965: 1,1,0,0,0,0,0,0,0,0,0,0,0,0,0.000021902926
05061965,05/06/1965,"May 06, 1965",3390913,2,0.033340601348,True,05061965: 2; 050619650: 1,2,0,1,0,0,0,0,0,0,0,0,0,0,0.000021902926
05121965,05/12/1965,"May 12, 1965",1659087,1,0.016453940646,False,05121965: 1,1,0,0,0,0,0,0,0,0,0,0,0,0,0.000021902926
05191965,05/19/1965,"May 19, 1965",3980533,1,0.039023448486,False,05191965: 1,1,0,0,0,0,0,0,0,0,0,0,0,0,0.000021902926
05271965,05/27/1965,"May 27, 1965",5356775,1,0.052158221087,False,05271965: 1,1,0,0,0,0,0,0,0,0,0,0,0,0,0.000021902926
05281965,05/28/1965,"May 28, 1965",5845210,1,0.056776524240,False,05281965: 1,1,0,0,0,0,0,0,0,0,0,0,0,0,0.000021902926
06151965,06/15/1965,"June 15, 1965",1294286,1,0.012859402280,False,06151965: 1,1,0,0,0,0,0,0,0,0,0,0,0,0,0.000021902926
07011965,07/01/1965,"July 01, 1965",2457662,1,0.024277015533,True,07011965: 1; 070119650: 1,1,0,1,0,0,0,0,0,0,0,0,0,0,0.000021902926
07041965,07/04/1965,"July 04, 1965",4030386,1,0.039502404734,False,07041965: 1,1,0,0,0,0,0,0,0,0,0,0,0,0,0.000021902926
07051965,07/05/1965,"July 05, 1965",805591,2,0.008023488678,True,07051965: 2,2,1,0,0,0,0,0,0,0,0,0,0,0,0.000021902926
09041965,09/04/1965,"September 04, 1965",4399768,1,0.043043765396,False,09041965: 1,1,0,0,0,0,0,0,0,0,0,0,0,0,0.000021902926
09081965,09/08/1965,"September 08, 1965",2237522,1,0.022126692942,False,09081965: 1,1,0,0,0,0,0,0,0,0,0,0,0,0,0.000021902926
09261965,09/26/1965,"September 26, 1965",5388784,1,0.052461567213,True,09261965: 1,1,1,0,0,1,0,0,0,0,0,0,0,0,0.000021902926
10051965,10/05/1965,"October 05, 1965",3999833,1,0.039208899066,False,10051965: 1,1,0,0,0,0,0,0,0,0,0,0,0,0,0.000021902926
10181965,10/18/1965,"October 18, 1965",9482160,1,0.090464765221,False,10181965: 1,1,0,0,0,0,0,0,0,0,0,0,0,0,0.000021902926
10201965,10/20/1965,"October 20, 1965",8042157,1,0.077272675135,False,10201965: 1,1,0,0,0,0,0,0,0,0,0,0,0,0,0.000021902926
10261965,10/26/1965,"October 26, 1965",8545196,1,0.081902698314,False,10261965: 1,1,0,0,0,0,0,0,0,0,0,0,0,0,0.000021902926
11051965,11/05/1965,"November 05, 1965",4100526,1,0.040175861545,True,11051965: 1; 110519650: 1,1,0,1,0,0,0,0,0,0,0,0,0,0,0.000021902926
12061965,12/06/1965,"December 06, 1965",8476497,1,0.081271757942,False,12061965: 1,1,0,0,0,0,0,0,0,0,0,0,0,0,0.000021902926
12101965,12/10/1965,"December 10, 1965",7586551,1,0.073059082635,False,12101965: 1,1,0,0,0,0,0,0,0,0,0,0,0,0,0.000021902926
12111965,12/11/1965,"December 11, 1965",2330607,1,0.023036522796,False,12111965: 1,1,0,0,0,0,0,0,0,0,0,0,0,0,0.000021902926
12301965,12/30/1965,"December 30, 1965",9439859,1,0.090079941331,True,12301965: 1; 123019650: 1,1,0,1,0,0,0,0,0,0,0,0,0,0,0.000021902926
01011966,01/01/1966,"January 01, 1966",3616952,1,0.035523160961,False,01011966: 1,1,0,0,0,0,0,0,0,0,0,0,0,0,0.000021902926
01111966,01/11/1966,"January 11, 1966",2678290,1,0.026427360657,False,01111966: 1,1,0,0,0,0,0,0,0,0,0,0,0,0,0.000021902926
01251966,01/25/1966,"January 25, 1966",7954451,1,0.076463032898,False,01251966: 1,1,0,0,0,0,0,0,0,0,0,0,0,0,0.000021902926
01311966,01/31/1966,"January 31, 1966",8073167,1,0.077558768520,True,01311966: 1,1,1,0,0,1,0,0,1,0,0,0,0,0,0.000021902926
02241966,02/24/1966,"February 24, 1966",4838338,1,0.047231498613,False,02241966: 1,1,0,0,0,0,0,0,0,0,0,0,0,0,0.000021902926
04041966,04/04/1966,"April 04, 1966",9503727,1,0.090660903535,False,04041966: 1,1,0,0,0,0,0,0,0,0,0,0,0,0,0.000021902926
05091966,05/09/1966,"May 09, 1966",1498237,1,0.014870633761,False,05091966: 1,1,0,0,0,0,0,0,0,0,0,0,0,0,0.000021902926
05151966,05/15/1966,"May 15, 1966",1084125,1,0.010782636196,False,05151966: 1,1,0,0,0,0,0,0,0,0,0,0,0,0,0.000021902926
05161966,05/16/1966,"May 16, 1966",1265768,1,0.012577849377,False,05161966: 1,1,0,0,0,0,0,0,0,0,0,0,0,0,0.000021902926
05251966,05/25/1966,"May 25, 1966",8379559,1,0.080380729347,False,05251966: 1,1,0,0,0,0,0,0,0,0,0,0,0,0,0.000021902926
05291966,05/29/1966,"May 29, 1966",3644784,2,0.035791556806,True,05291966: 2,2,1,0,0,0,0,0,0,0,0,0,0,0,0.000021902926
06091966,06/09/1966,"June 09, 1966",4985725,1,0.048634721200,False,06091966: 1,1,0,0,0,0,0,0,0,0,0,0,0,0,0.000021902926
06161966,06/16/1966,"June 16, 1966",8949758,1,0.085609468010,False,06161966: 1,1,0,0,0,0,0,0,0,0,0,0,0,0,0.000021902926
06231966,06/23/1966,"June 23, 1966",8971744,1,0.085810483816,False,06231966: 1,1,0,0,0,0,0,0,0,0,0,0,0,0,0.000021902926
08121966,08/12/1966,"August 12, 1966",3396774,1,0.033397255596,False,08121966: 1,1,0,0,0,0,0,0,0,0,0,0,0,0,0.000021902926
08131966,08/13/1966,"August 13, 1966",833327,1,0.008298585134,False,08131966: 1,1,0,0,0,0,0,0,0,0,0,0,0,0,0.000021902926
08171966,08/17/1966,"August 17, 1966",4835309,1,0.047202638818,False,08171966: 1,1,0,0,0,0,0,0,0,0,0,0,0,0,0.000021902926
09121966,09/12/1966,"September 12, 1966",5743491,1,0.055816598612,True,09121966: 1; 091219660: 1,1,0,1,0,0,0,0,0,0,0,0,0,0,0.000021902926
09131966,09/13/1966,"September 13, 1966",2235983,1,0.022111643356,False,09131966: 1,1,0,0,0,0,0,0,0,0,0,0,0,0,0.000021902926
09221966,09/22/1966,"September 22, 1966",4768968,1,0.046570333798,False,09221966: 1,1,0,0,0,0,0,0,0,0,0,0,0,0,0.000021902926
09231966,09/23/1966,"September 23, 1966",1327893,1,0.013191094885,False,09231966: 1,1,0,0,0,0,0,0,0,0,0,0,0,0,0.000021902926
10241966,10/24/1966,"October 24, 1966",2039426,1,0.020187645062,True,10241966: 1; 102419660: 1,1,0,1,0,0,0,0,0,0,0,0,0,0,0.000021902926
12071966,12/07/1966,"December 07, 1966",4421301,1,0.043249804600,False,12071966: 1,1,0,0,0,0,0,0,0,0,0,0,0,0,0.000021902926
12211966,12/21/1966,"December 21, 1966",4769551,1,0.046575892277,False,12211966: 1,1,0,0,0,0,0,0,0,0,0,0,0,0,0.000021902926
01141967,01/14/1967,"January 14, 1967",3502144,1,0.034415228505,False,01141967: 1,1,0,0,0,0,0,0,0,0,0,0,0,0,0.000021902926
01181967,01/18/1967,"January 18, 1967",323024,1,0.003224968614,False,01181967: 1,1,0,0,0,0,0,0,0,0,0,0,0,0,0.000021902926
01201967,01/20/1967,"January 20, 1967",3782540,1,0.037118897346,False,01201967: 1,1,0,0,0,0,0,0,0,0,0,0,0,0,0.000021902926
02031967,02/03/1967,"February 03, 1967",6871126,1,0.066403736894,False,02031967: 1,1,0,0,0,0,0,0,0,0,0,0,0,0,0.000021902926
02071967,02/07/1967,"February 07, 1967",214746,1,0.002145096008,False,02071967: 1,1,0,0,0,0,0,0,0,0,0,0,0,0,0.000021902926
02111967,02/11/1967,"February 11, 1967",1026530,1,0.010212732348,False,02111967: 1,1,0,0,0,0,0,0,0,0,0,0,0,0,0.000021902926
02131967,02/13/1967,"February 13, 1967",9894862,1,0.094210700272,False,02131967: 1,1,0,0,0,0,0,0,0,0,0,0,0,0,0.000021902926
02181967,02/18/1967,"February 18, 1967",9254649,1,0.088393116772,True,02181967: 1; 0021819670: 1; 021819670: 1,1,1,1,1,0,0,0,0,0,0,0,0,0,0.000021902926
03051967,03/05/1967,"March 05, 1967",208449,1,0.002082259105,False,03051967: 1,1,0,0,0,0,0,0,0,0,0,0,0,0,0.000021902926
03181967,03/18/1967,"March 18, 1967",747197,1,0.007444064751,False,03181967: 1,1,0,0,0,0,0,0,0,0,0,0,0,0,0.000021902926
04201967,04/20/1967,"April 20, 1967",3235716,1,0.031839210190,False,04201967: 1,1,0,0,0,0,0,0,0,0,0,0,0,0,0.000021902926
04211967,04/21/1967,"April 21, 1967",2406592,2,0.023778586537,True,04211967: 2; 042119670: 1,2,0,1,0,0,0,0,0,0,0,0,0,0,0.000021902926
05141967,05/14/1967,"May 14, 1967",9304932,1,0.088851384840,False,05141967: 1,1,0,0,0,0,0,0,0,0,0,0,0,0,0.000021902926
05191967,05/19/1967,"May 19, 1967",4542089,1,0.044404746382,False,05191967: 1,1,0,0,0,0,0,0,0,0,0,0,0,0,0.000021902926
05241967,05/24/1967,"May 24, 1967",8411468,1,0.080674123851,False,05241967: 1,1,0,0,0,0,0,0,0,0,0,0,0,0,0.000021902926
06091967,06/09/1967,"June 09, 1967",7239299,1,0.069834666544,False,06091967: 1,1,0,0,0,0,0,0,0,0,0,0,0,0,0.000021902926
06111967,06/11/1967,"June 11, 1967",6469449,1,0.062646153773,False,06111967: 1,1,0,0,0,0,0,0,0,0,0,0,0,0,0.000021902926
06141967,06/14/1967,"June 14, 1967",4014913,1,0.039353775441,False,06141967: 1,1,0,0,0,0,0,0,0,0,0,0,0,0,0.000021902926
06191967,06/19/1967,"June 19, 1967",7418736,1,0.071502230769,False,06191967: 1,1,0,0,0,0,0,0,0,0,0,0,0,0,0.000021902926
06301967,06/30/1967,"June 30, 1967",7473389,1,0.072009544016,True,06301967: 1,1,1,0,0,0,0,0,0,0,0,0,0,0,0.000021902926
07101967,07/10/1967,"July 10, 1967",2467326,1,0.024371304847,False,07101967: 1,1,0,0,0,0,0,0,0,0,0,0,0,0,0.000021902926
07141967,07/14/1967,"July 14, 1967",573869,1,0.005722195572,False,07141967: 1,1,0,0,0,0,0,0,0,0,0,0,0,0,0.000021902926
07171967,07/17/1967,"July 17, 1967",1610740,1,0.015978310661,False,07171967: 1,1,0,0,0,0,0,0,0,0,0,0,0,0,0.000021902926
08021967,08/02/1967,"August 02, 1967",7654118,1,0.073685177271,True,08021967: 1; 0080219670: 1; 080219670: 1,1,1,1,1,0,0,0,0,0,0,0,0,0,0.000021902926
08251967,08/25/1967,"August 25, 1967",142623,1,0.001425153517,False,08251967: 1,1,0,0,0,0,0,0,0,0,0,0,0,0,0.000021902926
09151967,09/15/1967,"September 15, 1967",7907754,1,0.076031668127,False,09151967: 1,1,0,0,0,0,0,0,0,0,0,0,0,0,0.000021902926
09161967,09/16/1967,"September 16, 1967",1784893,1,0.017690522604,False,09161967: 1,1,0,0,0,0,0,0,0,0,0,0,0,0,0.000021902926
09191967,09/19/1967,"September 19, 1967",4675325,1,0.045677095485,False,09191967: 1,1,0,0,0,0,0,0,0,0,0,0,0,0,0.000021902926
10091967,10/09/1967,"October 09, 1967",9403531,1,0.089749325519,False,10091967: 1,1,0,0,0,0,0,0,0,0,0,0,0,0,0.000021902926
10271967,10/27/1967,"October 27, 1967",5370912,1,0.052292208009,False,10271967: 1,1,0,0,0,0,0,0,0,0,0,0,0,0,0.000021902926
12081967,12/08/1967,"December 08, 1967",8596242,1,0.082371230674,True,12081967: 1; 120819670: 1,1,0,1,0,0,0,0,0,0,0,0,0,0,0.000021902926
12131967,12/13/1967,"December 13, 1967",3426742,1,0.033686883709,False,12131967: 1,1,0,0,0,0,0,0,0,0,0,0,0,0,0.000021902926
12171967,12/17/1967,"December 17, 1967",2473613,1,0.024432640696,False,12171967: 1,1,0,0,0,0,0,0,0,0,0,0,0,0,0.000021902926
12301967,12/30/1967,"December 30, 1967",3988582,1,0.039100794377,False,12301967: 1,1,0,0,0,0,0,0,0,0,0,0,0,0,0.000021902926
01071968,01/07/1968,"January 07, 1968",1241447,1,0.012337669228,False,01071968: 1,1,0,0,0,0,0,0,0,0,0,0,0,0,0.000021902926
01091968,01/09/1968,"January 09, 1968",1899301,1,0.018813720605,False,01091968: 1,1,0,0,0,0,0,0,0,0,0,0,0,0,0.000021902926
02121968,02/12/1968,"February 12, 1968",1318351,1,0.013096929086,True,02121968: 1; 021219680: 1,1,0,1,0,0,0,0,0,0,0,0,0,0,0.000021902926
02251968,02/25/1968,"February 25, 1968",5761396,1,0.055985639518,False,02251968: 1,1,0,0,0,0,0,0,0,0,0,0,0,0,0.000021902926
03051968,03/05/1968,"March 05, 1968",3765655,1,0.036956301144,False,03051968: 1,1,0,0,0,0,0,0,0,0,0,0,0,0,0.000021902926
03101968,03/10/1968,"March 10, 1968",5550456,1,0.053992233900,False,03101968: 1,1,0,0,0,0,0,0,0,0,0,0,0,0,0.000021902926
03281968,03/28/1968,"March 28, 1968",6536220,1,0.063271825409,False,03281968: 1,1,0,0,0,0,0,0,0,0,0,0,0,0,0.000021902926
04231968,04/23/1968,"April 23, 1968",6289259,1,0.060955613225,False,04231968: 1,1,0,0,0,0,0,0,0,0,0,0,0,0,0.000021902926
05021968,05/02/1968,"May 02, 1968",4305827,1,0.042144368746,False,05021968: 1,1,0,0,0,0,0,0,0,0,0,0,0,0,0.000021902926
05061968,05/06/1968,"May 06, 1968",1993647,1,0.019738994074,False,05061968: 1,1,0,0,0,0,0,0,0,0,0,0,0,0,0.000021902926
05111968,05/11/1968,"May 11, 1968",4128326,2,0.040442655572,False,05111968: 2,2,0,0,0,0,0,0,0,0,0,0,0,0,0.000021902926
05211968,05/21/1968,"May 21, 1968",8585156,1,0.082269496708,True,05211968: 1; 052119680: 1,1,0,1,0,0,0,0,0,0,0,0,0,0,0.000021902926
05221968,05/22/1968,"May 22, 1968",6503544,1,0.062965690094,False,05221968: 1,1,0,0,0,0,0,0,0,0,0,0,0,0,0.000021902926
06071968,06/07/1968,"June 07, 1968",7817534,1,0.075197687738,False,06071968: 1,1,0,0,0,0,0,0,0,0,0,0,0,0,0.000021902926
06101968,06/10/1968,"June 10, 1968",7093177,1,0.068474496830,True,06101968: 1,1,1,0,0,0,0,0,0,0,0,0,0,0,0.000021902926
06291968,06/29/1968,"June 29, 1968",6744341,1,0.065219326191,False,06291968: 1,1,0,0,0,0,0,0,0,0,0,0,0,0,0.000021902926
07061968,07/06/1968,"July 06, 1968",4716966,1,0.046074402362,False,07061968: 1,1,0,0,0,0,0,0,0,0,0,0,0,0,0.000021902926
07161968,07/16/1968,"July 16, 1968",6282441,1,0.060891586996,False,07161968: 1,1,0,0,0,0,0,0,0,0,0,0,0,0,0.000021902926
07201968,07/20/1968,"July 20, 1968",1579831,1,0.015674112384,False,07201968: 1,1,0,0,0,0,0,0,0,0,0,0,0,0,0.000021902926
07281968,07/28/1968,"July 28, 1968",616053,1,0.006141533273,False,07281968: 1,1,0,0,0,0,0,0,0,0,0,0,0,0,0.000021902926
08021968,08/02/1968,"August 02, 1968",8202802,1,0.078753800465,False,08021968: 1,1,0,0,0,0,0,0,0,0,0,0,0,0,0.000021902926
08121968,08/12/1968,"August 12, 1968",8606783,1,0.082467952825,False,08121968: 1,1,0,0,0,0,0,0,0,0,0,0,0,0,0.000021902926
08161968,08/16/1968,"August 16, 1968",8877554,1,0.084949003052,False,08161968: 1,1,0,0,0,0,0,0,0,0,0,0,0,0,0.000021902926
08261968,08/26/1968,"August 26, 1968",64713,1,0.000646860702,False,08261968: 1,1,0,0,0,0,0,0,0,0,0,0,0,0,0.000021902926
09011968,09/01/1968,"September 01, 1968",4000985,1,0.039219967316,False,09011968: 1,1,0,0,0,0,0,0,0,0,0,0,0,0,0.000021902926
09061968,09/06/1968,"September 06, 1968",9740356,1,0.092810119730,False,09061968: 1,1,0,0,0,0,0,0,0,0,0,0,0,0,0.000021902926
10021968,10/02/1968,"October 02, 1968",5808017,1,0.056425645882,False,10021968: 1,1,0,0,0,0,0,0,0,0,0,0,0,0,0.000021902926
10301968,10/30/1968,"October 30, 1968",263676,1,0.002633226986,False,10301968: 1,1,0,0,0,0,0,0,0,0,0,0,0,0,0.000021902926
11041968,11/04/1968,"November 04, 1968",3318378,1,0.032639180589,False,11041968: 1,1,0,0,0,0,0,0,0,0,0,0,0,0,0.000021902926
11051968,11/05/1968,"November 05, 1968",1432236,1,0.014220223906,False,11051968: 1,1,0,0,0,0,0,0,0,0,0,0,0,0,0.000021902926
11081968,11/08/1968,"November 08, 1968",3245789,1,0.031936728116,False,11081968: 1,1,0,0,0,0,0,0,0,0,0,0,0,0,0.000021902926
11131968,11/13/1968,"November 13, 1968",3287716,1,0.032342522934,False,11131968: 1,1,0,0,0,0,0,0,0,0,0,0,0,0,0.000021902926
11151968,11/15/1968,"November 15, 1968",7941020,1,0.076338984317,False,11151968: 1,1,0,0,0,0,0,0,0,0,0,0,0,0,0.000021902926
11161968,11/16/1968,"November 16, 1968",2969298,1,0.029256416566,False,11161968: 1,1,0,0,0,0,0,0,0,0,0,0,0,0,0.000021902926
11281968,11/28/1968,"November 28, 1968",8166605,1,0.078420276616,True,11281968: 1,1,1,0,0,0,0,0,0,0,0,0,0,0,0.000021902926
12031968,12/03/1968,"December 03, 1968",4527338,1,0.044263776127,False,12031968: 1,1,0,0,0,0,0,0,0,0,0,0,0,0,0.000021902926
12101968,12/10/1968,"December 10, 1968",37854,1,0.000378408389,False,12101968: 1,1,0,0,0,0,0,0,0,0,0,0,0,0,0.000021902926
12251968,12/25/1968,"December 25, 1968",1671777,1,0.016578744723,False,12251968: 1,1,0,0,0,0,0,0,0,0,0,0,0,0,0.000021902926
01121969,01/12/1969,"January 12, 1969",8789695,1,0.084144695111,False,01121969: 1,1,0,0,0,0,0,0,0,0,0,0,0,0,0.000021902926
01151969,01/15/1969,"January 15, 1969",5109225,1,0.049808932107,True,01151969: 1,1,1,0,0,0,0,0,0,0,0,0,0,0,0.000021902926
01211969,01/21/1969,"January 21, 1969",6831884,1,0.066037303151,False,01211969: 1,1,0,0,0,0,0,0,0,0,0,0,0,0,0.000021902926
01251969,01/25/1969,"January 25, 1969",9955069,1,0.094755884705,False,01251969: 1,1,0,0,0,0,0,0,0,0,0,0,0,0,0.000021902926
01271969,01/27/1969,"January 27, 1969",316328,1,0.003158222322,False,01271969: 1,1,0,0,0,0,0,0,0,0,0,0,0,0,0.000021902926
02201969,02/20/1969,"February 20, 1969",3764207,1,0.036942356170,True,02201969: 1,1,1,0,0,0,0,0,0,0,0,0,0,0,0.000021902926
03071969,03/07/1969,"March 07, 1969",768384,1,0.007654335303,False,03071969: 1,1,0,0,0,0,0,0,0,0,0,0,0,0,0.000021902926
03201969,03/20/1969,"March 20, 1969",1511675,1,0.015003006552,False,03201969: 1,1,0,0,0,0,0,0,0,0,0,0,0,0,0.000021902926
03231969,03/23/1969,"March 23, 1969",5925340,1,0.057532026486,False,03231969: 1,1,0,0,0,0,0,0,0,0,0,0,0,0,0.000021902926
03271969,03/27/1969,"March 27, 1969",2355288,1,0.023277617401,False,03271969: 1,1,0,0,0,0,0,0,0,0,0,0,0,0,0.000021902926
04231969,04/23/1969,"April 23, 1969",6800712,1,0.065746122915,False,04231969: 1,1,0,0,0,0,0,0,0,0,0,0,0,0,0.000021902926
05201969,05/20/1969,"May 20, 1969",4351994,1,0.042586479897,True,05201969: 1,1,1,0,0,0,0,0,0,0,0,0,0,0,0.000021902926
07111969,07/11/1969,"July 11, 1969",619061,1,0.006171428086,False,07111969: 1,1,0,0,0,0,0,0,0,0,0,0,0,0,0.000021902926
08241969,08/24/1969,"August 24, 1969",1044259,1,0.010388196180,False,08241969: 1,1,0,0,0,0,0,0,0,0,0,0,0,0,0.000021902926
08291969,08/29/1969,"August 29, 1969",5060130,1,0.049342321265,False,08291969: 1,1,0,0,0,0,0,0,0,0,0,0,0,0,0.000021902926
09071969,09/07/1969,"September 07, 1969",5211332,2,0.050778648552,True,09071969: 2,2,1,0,0,0,0,0,0,0,0,0,0,0,0.000021902926
09121969,09/12/1969,"September 12, 1969",1482327,1,0.014713887208,False,09121969: 1,1,0,0,0,0,0,0,0,0,0,0,0,0,0.000021902926
09171969,09/17/1969,"September 17, 1969",7899999,1,0.075960011604,False,09171969: 1,1,0,0,0,0,0,0,0,0,0,0,0,0,0.000021902926
09211969,09/21/1969,"September 21, 1969",5746288,1,0.055843007053,True,09211969: 1; 092119690: 1; 0921196900: 1; 09211969000: 1,1,0,1,0,0,1,0,0,1,0,0,0,0,0.000021902926
09231969,09/23/1969,"September 23, 1969",8660194,1,0.082957885022,False,09231969: 1,1,0,0,0,0,0,0,0,0,0,0,0,0,0.000021902926
10011969,10/01/1969,"October 01, 1969",1551139,1,0.015391649077,False,10011969: 1,1,0,0,0,0,0,0,0,0,0,0,0,0,0.000021902926
10121969,10/12/1969,"October 12, 1969",5532746,1,0.053824681087,False,10121969: 1,1,0,0,0,0,0,0,0,0,0,0,0,0,0.000021902926
10171969,10/17/1969,"October 17, 1969",1564655,1,0.015524719750,False,10171969: 1,1,0,0,0,0,0,0,0,0,0,0,0,0,0.000021902926
11261969,11/26/1969,"November 26, 1969",4385806,1,0.042910145837,False,11261969: 1,1,0,0,0,0,0,0,0,0,0,0,0,0,0.000021902926
12131969,12/13/1969,"December 13, 1969",6899840,1,0.066671771244,False,12131969: 1,1,0,0,0,0,0,0,0,0,0,0,0,0,0.000021902926
01071970,01/07/1970,"January 07, 1970",8509551,1,0.081575384196,False,01071970: 1,1,0,0,0,0,0,0,0,0,0,0,0,0,0.000021902926
02231970,02/23/1970,"February 23, 1970",5188431,1,0.050561242475,True,02231970: 1,1,1,0,0,0,0,0,0,0,0,0,0,0,0.000021902926
03041970,03/04/1970,"March 04, 1970",5693067,1,0.055340383516,False,03041970: 1,1,0,0,0,0,0,0,0,0,0,0,0,0,0.000021902926
03291970,03/29/1970,"March 29, 1970",4483911,1,0.043848638419,False,03291970: 1,1,0,0,0,0,0,0,0,0,0,0,0,0,0.000021902926
04011970,04/01/1970,"April 01, 1970",6910369,1,0.066770036201,False,04011970: 1,1,0,0,0,0,0,0,0,0,0,0,0,0,0.000021902926
04181970,04/18/1970,"April 18, 1970",1182358,1,0.011753896972,False,04181970: 1,1,0,0,0,0,0,0,0,0,0,0,0,0,0.000021902926
04251970,04/25/1970,"April 25, 1970",1146835,2,0.011402779945,False,04251970: 2,2,0,0,0,0,0,0,0,0,0,0,0,0,0.000021902926
04281970,04/28/1970,"April 28, 1970",234679,2,0.002343978605,False,04281970: 2,2,0,0,0,0,0,0,0,0,0,0,0,0,0.000021902926
05021970,05/02/1970,"May 02, 1970",3452855,1,0.033939184113,False,05021970: 1,1,0,0,0,0,0,0,0,0,0,0,0,0,0.000021902926
06101970,06/10/1970,"June 10, 1970",3263670,1,0.032109812037,False,06101970: 1,1,0,0,0,0,0,0,0,0,0,0,0,0,0.000021902926
06131970,06/13/1970,"June 13, 1970",8817416,1,0.084398544177,False,06131970: 1,1,0,0,0,0,0,0,0,0,0,0,0,0,0.000021902926
06201970,06/20/1970,"June 20, 1970",7640094,1,0.073555261769,False,06201970: 1,1,0,0,0,0,0,0,0,0,0,0,0,0,0.000021902926
07141970,07/14/1970,"July 14, 1970",3752842,1,0.036832898448,False,07141970: 1,1,0,0,0,0,0,0,0,0,0,0,0,0,0.000021902926
07261970,07/26/1970,"July 26, 1970",5798185,1,0.056332869090,False,07261970: 1,1,0,0,0,0,0,0,0,0,0,0,0,0,0.000021902926
08111970,08/11/1970,"August 11, 1970",9793540,1,0.093292471323,True,08111970: 1,1,1,0,0,0,0,0,0,0,0,0,0,0,0.000021902926
09091970,09/09/1970,"September 09, 1970",8520925,1,0.081679839872,False,09091970: 1,1,0,0,0,0,0,0,0,0,0,0,0,0,0.000021902926
09141970,09/14/1970,"September 14, 1970",5913475,1,0.057420196026,False,09141970: 1,1,0,0,0,0,0,0,0,0,0,0,0,0,0.000021902926
09191970,09/19/1970,"September 19, 1970",3731460,1,0.036626932037,False,09191970: 1,1,0,0,0,0,0,0,0,0,0,0,0,0,0.000021902926
09271970,09/27/1970,"September 27, 1970",9292868,1,0.088741457239,False,09271970: 1,1,0,0,0,0,0,0,0,0,0,0,0,0,0.000021902926
10151970,10/15/1970,"October 15, 1970",3147321,1,0.030983026096,True,10151970: 1,1,1,0,0,0,0,0,0,0,0,0,0,0,0.000021902926
10181970,10/18/1970,"October 18, 1970",486078,1,0.004848925866,False,10181970: 1,1,0,0,0,0,0,0,0,0,0,0,0,0,0.000021902926
11151970,11/15/1970,"November 15, 1970",7001834,1,0.067623224752,False,11151970: 1,1,0,0,0,0,0,0,0,0,0,0,0,0,0.000021902926
11181970,11/18/1970,"November 18, 1970",2385092,1,0.023568676367,False,11181970: 1,1,0,0,0,0,0,0,0,0,0,0,0,0,0.000021902926
11241970,11/24/1970,"November 24, 1970",2448321,1,0.024185868992,False,11241970: 1,1,0,0,0,0,0,0,0,0,0,0,0,0,0.000021902926
11271970,11/27/1970,"November 27, 1970",6173706,1,0.059869892083,False,11271970: 1,1,0,0,0,0,0,0,0,0,0,0,0,0,0.000021902926
11301970,11/30/1970,"November 30, 1970",2709903,1,0.026735087535,False,11301970: 1,1,0,0,0,0,0,0,0,0,0,0,0,0,0.000021902926
12051970,12/05/1970,"December 05, 1970",6928920,1,0.066943143636,False,12051970: 1,1,0,0,0,0,0,0,0,0,0,0,0,0,0.000021902926
12171970,12/17/1970,"December 17, 1970",5806513,1,0.056411454417,False,12171970: 1,1,0,0,0,0,0,0,0,0,0,0,0,0,0.000021902926
12181970,12/18/1970,"December 18, 1970",5278581,1,0.051416775834,False,12181970: 1,1,0,0,0,0,0,0,0,0,0,0,0,0,0.000021902926
12251970,12/25/1970,"December 25, 1970",3448267,1,0.033894860225,False,12251970: 1,1,0,0,0,0,0,0,0,0,0,0,0,0,0.000021902926
12281970,12/28/1970,"December 28, 1970",9965192,1,0.094847517929,False,12281970: 1,1,0,0,0,0,0,0,0,0,0,0,0,0,0.000021902926
12291970,12/29/1970,"December 29, 1970",7118876,1,0.068713858814,False,12291970: 1,1,0,0,0,0,0,0,0,0,0,0,0,0,0.000021902926
01071971,01/07/1971,"January 07, 1971",7435753,1,0.071660219793,True,01071971: 1; 010719710: 1,1,0,1,0,0,0,0,0,0,0,0,0,0,0.000021902926
01191971,01/19/1971,"January 19, 1971",8587323,1,0.082289383713,True,01191971: 1; 0011919710: 1; 011919710: 1,1,1,1,1,0,0,0,0,0,0,0,0,0,0.000021902926
01281971,01/28/1971,"January 28, 1971",229809,1,0.002295391574,True,01281971: 1,1,1,0,0,0,0,0,0,0,0,0,0,0,0.000021902926
02111971,02/11/1971,"February 11, 1971",7849605,1,0.075494233535,False,02111971: 1,1,0,0,0,0,0,0,0,0,0,0,0,0,0.000021902926
02121971,02/12/1971,"February 12, 1971",9786010,1,0.093224193675,False,02121971: 1,1,0,0,0,0,0,0,0,0,0,0,0,0,0.000021902926
02211971,02/21/1971,"February 21, 1971",7430220,1,0.071608853332,True,02211971: 1,1,1,0,0,0,0,0,0,0,0,0,0,0,0.000021902926
03241971,03/24/1971,"March 24, 1971",6666308,1,0.064489604105,False,03241971: 1,1,0,0,0,0,0,0,0,0,0,0,0,0,0.000021902926
04281971,04/28/1971,"April 28, 1971",8972229,1,0.085814917625,False,04281971: 1,1,0,0,0,0,0,0,0,0,0,0,0,0,0.000021902926
05111971,05/11/1971,"May 11, 1971",6892751,1,0.066605605260,False,05111971: 1,1,0,0,0,0,0,0,0,0,0,0,0,0,0.000021902926
05231971,05/23/1971,"May 23, 1971",1402584,1,0.013927877143,False,05231971: 1,1,0,0,0,0,0,0,0,0,0,0,0,0,0.000021902926
06141971,06/14/1971,"June 14, 1971",8029412,1,0.077155066041,False,06141971: 1,1,0,0,0,0,0,0,0,0,0,0,0,0,0.000021902926
06241971,06/24/1971,"June 24, 1971",4922706,1,0.048034991357,False,06241971: 1,1,0,0,0,0,0,0,0,0,0,0,0,0,0.000021902926
06261971,06/26/1971,"June 26, 1971",2422389,3,0.023932788055,False,06261971: 3,3,0,0,0,0,0,0,0,0,0,0,0,0,0.000021902926
06271971,06/27/1971,"June 27, 1971",7681685,1,0.073940499286,True,06271971: 1; 062719710: 1,1,0,1,0,0,0,0,0,0,0,0,0,0,0.000021902926
07081971,07/08/1971,"July 08, 1971",9148812,1,0.087427788638,True,07081971: 1,1,1,0,0,0,0,0,0,0,0,0,0,0,0.000021902926
08101971,08/10/1971,"August 10, 1971",9168178,1,0.087604500262,False,08101971: 1,1,0,0,0,0,0,0,0,0,0,0,0,0,0.000021902926
08181971,08/18/1971,"August 18, 1971",7254419,1,0.069975296912,True,08181971: 1,1,1,0,0,0,0,0,0,0,0,0,0,0,0.000021902926
09101971,09/10/1971,"September 10, 1971",6044190,1,0.058651484314,False,09101971: 1,1,0,0,0,0,0,0,0,0,0,0,0,0,0.000021902926
10111971,10/11/1971,"October 11, 1971",460268,1,0.004592044222,False,10111971: 1,1,0,0,0,0,0,0,0,0,0,0,0,0,0.000021902926
10191971,10/19/1971,"October 19, 1971",5974117,2,0.057991621997,False,10191971: 2,2,0,0,0,0,0,0,0,0,0,0,0,0,0.000021902926
10251971,10/25/1971,"October 25, 1971",9032560,1,0.086366288292,False,10251971: 1,1,0,0,0,0,0,0,0,0,0,0,0,0,0.000021902926
11021971,11/02/1971,"November 02, 1971",7357747,1,0.070935776539,False,11021971: 1,1,0,0,0,0,0,0,0,0,0,0,0,0,0.000021902926
11181971,11/18/1971,"November 18, 1971",8242319,1,0.079117777408,False,11181971: 1,1,0,0,0,0,0,0,0,0,0,0,0,0,0.000021902926
11291971,11/29/1971,"November 29, 1971",8442607,1,0.080960348173,True,11291971: 1,1,1,0,0,0,0,0,0,0,0,0,0,0,0.000021902926
12021971,12/02/1971,"December 02, 1971",8554960,1,0.081992336959,False,12021971: 1,1,0,0,0,0,0,0,0,0,0,0,0,0,0.000021902926
12031971,12/03/1971,"December 03, 1971",7372071,1,0.071068846169,False,12031971: 1,1,0,0,0,0,0,0,0,0,0,0,0,0,0.000021902926
12101971,12/10/1971,"December 10, 1971",1566069,1,0.015538640132,False,12101971: 1,1,0,0,0,0,0,0,0,0,0,0,0,0,0.000021902926
12111971,12/11/1971,"December 11, 1971",4217582,1,0.041298735976,True,12111971: 1; 121119710: 1,1,0,1,0,0,0,0,0,0,0,0,0,0,0.000021902926
12301971,12/30/1971,"December 30, 1971",4108596,1,0.040253316229,False,12301971: 1,1,0,0,0,0,0,0,0,0,0,0,0,0,0.000021902926
12311971,12/31/1971,"December 31, 1971",1932445,1,0.019138871102,False,12311971: 1,1,0,0,0,0,0,0,0,0,0,0,0,0,0.000021902926
01101972,01/10/1972,"January 10, 1972",9137621,1,0.087325656966,False,01101972: 1,1,0,0,0,0,0,0,0,0,0,0,0,0,0.000021902926
01251972,01/25/1972,"January 25, 1972",2633843,1,0.025994540641,False,01251972: 1,1,0,0,0,0,0,0,0,0,0,0,0,0,0.000021902926
02011972,02/01/1972,"February 01, 1972",5253474,1,0.051178585141,False,02011972: 1,1,0,0,0,0,0,0,0,0,0,0,0,0,0.000021902926
02101972,02/10/1972,"February 10, 1972",2505355,1,0.024742256149,False,02101972: 1,1,0,0,0,0,0,0,0,0,0,0,0,0,0.000021902926
02161972,02/16/1972,"February 16, 1972",417013,1,0.004161387373,False,02161972: 1,1,0,0,0,0,0,0,0,0,0,0,0,0,0.000021902926
03231972,03/23/1972,"March 23, 1972",5014778,1,0.048911081210,False,03231972: 1,1,0,0,0,0,0,0,0,0,0,0,0,0,0.000021902926
04191972,04/19/1972,"April 19, 1972",8253432,1,0.079220109365,False,04191972: 1,1,0,0,0,0,0,0,0,0,0,0,0,0,0.000021902926
04271972,04/27/1972,"April 27, 1972",3144080,1,0.030951619746,False,04271972: 1,1,0,0,0,0,0,0,0,0,0,0,0,0,0.000021902926
04301972,04/30/1972,"April 30, 1972",1378841,1,0.013693726240,False,04301972: 1,1,0,0,0,0,0,0,0,0,0,0,0,0,0.000021902926
05051972,05/05/1972,"May 05, 1972",1551534,1,0.015395538273,True,05051972: 1; 050519720: 1,1,0,1,0,0,0,0,0,0,0,0,0,0,0.000021902926
05151972,05/15/1972,"May 15, 1972",2080470,2,0.020589716730,True,05151972: 2,2,1,0,0,0,0,0,0,0,0,0,0,0,0.000021902926
05261972,05/26/1972,"May 26, 1972",5119687,1,0.049908335897,False,05261972: 1,1,0,0,0,0,0,0,0,0,0,0,0,0,0.000021902926
06101972,06/10/1972,"June 10, 1972",5721492,1,0.055608864855,False,06101972: 1,1,0,0,0,0,0,0,0,0,0,0,0,0,0.000021902926
07241972,07/24/1972,"July 24, 1972",1774213,1,0.017585606348,False,07241972: 1,1,0,0,0,0,0,0,0,0,0,0,0,0,0.000021902926
07261972,07/26/1972,"July 26, 1972",4711336,1,0.046020694839,False,07261972: 1,1,0,0,0,0,0,0,0,0,0,0,0,0,0.000021902926
08071972,08/07/1972,"August 07, 1972",5196846,1,0.050641134386,False,08071972: 1,1,0,0,0,0,0,0,0,0,0,0,0,0,0.000021902926
08081972,08/08/1972,"August 08, 1972",1384797,1,0.013752468893,False,08081972: 1,1,0,0,0,0,0,0,0,0,0,0,0,0,0.000021902926
08141972,08/14/1972,"August 14, 1972",6134328,1,0.059499614747,False,08141972: 1,1,0,0,0,0,0,0,0,0,0,0,0,0,0.000021902926
08241972,08/24/1972,"August 24, 1972",5334665,1,0.051948630098,False,08241972: 1,1,0,0,0,0,0,0,0,0,0,0,0,0,0.000021902926
09241972,09/24/1972,"September 24, 1972",4796641,2,0.046834139889,False,09241972: 2,2,0,0,0,0,0,0,0,0,0,0,0,0,0.000021902926
10061972,10/06/1972,"October 06, 1972",4237866,1,0.041493179221,True,10061972: 1,1,1,0,0,1,0,0,0,0,0,0,0,0,0.000021902926
10101972,10/10/1972,"October 10, 1972",3009712,2,0.029648653617,False,10101972: 2,2,0,0,0,0,0,0,0,0,0,0,0,0,0.000021902926
10131972,10/13/1972,"October 13, 1972",1172975,1,0.011661165488,False,10131972: 1,1,0,0,0,0,0,0,0,0,0,0,0,0,0.000021902926
10161972,10/16/1972,"October 16, 1972",401389,1,0.004005785391,True,10161972: 1,1,1,0,0,0,0,0,0,0,0,0,0,0,0.000021902926
12181972,12/18/1972,"December 18, 1972",1654650,1,0.016410299739,False,12181972: 1,1,0,0,0,0,0,0,0,0,0,0,0,0,0.000021902926
01201973,01/20/1973,"January 20, 1973",8611835,1,0.082514305374,False,01201973: 1,1,0,0,0,0,0,0,0,0,0,0,0,0,0.000021902926
02011973,02/01/1973,"February 01, 1973",876401,1,0.008725658620,False,02011973: 1,1,0,0,0,0,0,0,0,0,0,0,0,0,0.000021902926
02071973,02/07/1973,"February 07, 1973",6112062,1,0.059290179613,False,02071973: 1,1,0,0,0,0,0,0,0,0,0,0,0,0,0.000021902926
02151973,02/15/1973,"February 15, 1973",607179,1,0.006053334358,True,02151973: 1; 021519730: 1; 0215197300: 1,1,0,1,0,0,1,0,0,0,0,0,0,0,0.000021902926
03021973,03/02/1973,"March 02, 1973",2085233,1,0.020636364932,False,03021973: 1,1,0,0,0,0,0,0,0,0,0,0,0,0,0.000021902926
03081973,03/08/1973,"March 08, 1973",2391789,2,0.023634065783,False,03081973: 2,2,0,0,0,0,0,0,0,0,0,0,0,0,0.000021902926
03101973,03/10/1973,"March 10, 1973",4909954,1,0.047913589038,False,03101973: 1,1,0,0,0,0,0,0,0,0,0,0,0,0,0.000021902926
03141973,03/14/1973,"March 14, 1973",170767,1,0.001706152881,False,03141973: 1,1,0,0,0,0,0,0,0,0,0,0,0,0,0.000021902926
03241973,03/24/1973,"March 24, 1973",2392106,1,0.023637160859,False,03241973: 1,1,0,0,0,0,0,0,0,0,0,0,0,0,0.000021902926
04101973,04/10/1973,"April 10, 1973",8252757,1,0.079213894079,False,04101973: 1,1,0,0,0,0,0,0,0,0,0,0,0,0,0.000021902926
04161973,04/16/1973,"April 16, 1973",9832255,1,0.093643435204,False,04161973: 1,1,0,0,0,0,0,0,0,0,0,0,0,0,0.000021902926
05011973,05/01/1973,"May 01, 1973",8830636,1,0.084519578690,False,05011973: 1,1,0,0,0,0,0,0,0,0,0,0,0,0,0.000021902926
05181973,05/18/1973,"May 18, 1973",8837590,1,0.084583238985,False,05181973: 1,1,0,0,0,0,0,0,0,0,0,0,0,0,0.000021902926
06051973,06/05/1973,"June 05, 1973",3399451,1,0.033423131205,False,06051973: 1,1,0,0,0,0,0,0,0,0,0,0,0,0,0.000021902926
06061973,06/06/1973,"June 06, 1973",1162874,1,0.011561328340,True,06061973: 1; 060619730: 1,1,0,1,0,0,0,0,0,0,0,0,0,0,0.000021902926
06171973,06/17/1973,"June 17, 1973",8714695,1,0.083457545977,False,06171973: 1,1,0,0,0,0,0,0,0,0,0,0,0,0,0.000021902926
06191973,06/19/1973,"June 19, 1973",8541271,1,0.081866662287,False,06191973: 1,1,0,0,0,0,0,0,0,0,0,0,0,0,0.000021902926
06261973,06/26/1973,"June 26, 1973",7768589,1,0.074744932450,True,06261973: 1,1,1,0,0,0,0,0,0,0,0,0,0,0,0.000021902926
06291973,06/29/1973,"June 29, 1973",3562312,1,0.034996026811,False,06291973: 1,1,0,0,0,0,0,0,0,0,0,0,0,0,0.000021902926
07081973,07/08/1973,"July 08, 1973",3165254,1,0.031156784331,False,07081973: 1,1,0,0,0,0,0,0,0,0,0,0,0,0,0.000021902926
07161973,07/16/1973,"July 16, 1973",3548106,1,0.034858928607,False,07161973: 1,1,0,0,0,0,0,0,0,0,0,0,0,0,0.000021902926
07241973,07/24/1973,"July 24, 1973",4418732,1,0.043225225371,False,07241973: 1,1,0,0,0,0,0,0,0,0,0,0,0,0,0.000021902926
07291973,07/29/1973,"July 29, 1973",1155517,2,0.011488606231,True,07291973: 2; 072919730: 1,2,0,1,0,0,0,0,0,0,0,0,0,0,0.000021902926
08051973,08/05/1973,"August 05, 1973",1916042,2,0.018977967253,False,08051973: 2,2,0,0,0,0,0,0,0,0,0,0,0,0,0.000021902926
08261973,08/26/1973,"August 26, 1973",3329589,1,0.032747625333,False,08261973: 1,1,0,0,0,0,0,0,0,0,0,0,0,0,0.000021902926
09271973,09/27/1973,"September 27, 1973",9005720,1,0.086121036090,False,09271973: 1,1,0,0,0,0,0,0,0,0,0,0,0,0,0.000021902926
10131973,10/13/1973,"October 13, 1973",5034668,1,0.049100233986,False,10131973: 1,1,0,0,0,0,0,0,0,0,0,0,0,0,0.000021902926
11161973,11/16/1973,"November 16, 1973",9069246,1,0.086701402485,False,11161973: 1,1,0,0,0,0,0,0,0,0,0,0,0,0,0.000021902926
11221973,11/22/1973,"November 22, 1973",7393421,1,0.071267151803,False,11221973: 1,1,0,0,0,0,0,0,0,0,0,0,0,0,0.000021902926
11271973,11/27/1973,"November 27, 1973",1151664,1,0.011450518153,True,11271973: 1,1,1,0,0,0,0,0,0,0,0,0,0,0,0.000021902926
11301973,11/30/1973,"November 30, 1973",8483919,1,0.081339943423,False,11301973: 1,1,0,0,0,0,0,0,0,0,0,0,0,0,0.000021902926
12011973,12/01/1973,"December 01, 1973",1503359,1,0.014921090795,False,12011973: 1,1,0,0,0,0,0,0,0,0,0,0,0,0,0.000021902926
01031974,01/03/1974,"January 03, 1974",922840,1,0.009185889645,False,01031974: 1,1,0,0,0,0,0,0,0,0,0,0,0,0,0.000021902926
01051974,01/05/1974,"January 05, 1974",3342753,1,0.032874946056,True,01051974: 1; 010519740: 1,1,0,1,0,0,0,0,0,0,0,0,0,0,0.000021902926
01171974,01/17/1974,"January 17, 1974",5968211,1,0.057935985338,False,01171974: 1,1,0,0,0,0,0,0,0,0,0,0,0,0,0.000021902926
01191974,01/19/1974,"January 19, 1974",8896188,1,0.085119497771,True,01191974: 1; 011919740: 1,1,0,1,0,0,0,0,0,0,0,0,0,0,0.000021902926
02051974,02/05/1974,"February 05, 1974",398221,1,0.003974231794,False,02051974: 1,1,0,0,0,0,0,0,0,0,0,0,0,0,0.000021902926
02061974,02/06/1974,"February 06, 1974",9376966,1,0.089507485304,False,02061974: 1,1,0,0,0,0,0,0,0,0,0,0,0,0,0.000021902926
02091974,02/09/1974,"February 09, 1974",1547864,2,0.015359402625,True,02091974: 2; 020919740: 1,2,1,1,0,0,0,0,0,0,0,0,0,0,0.000021902926
02141974,02/14/1974,"February 14, 1974",8159531,1,0.078355081760,False,02141974: 1,1,0,0,0,0,0,0,0,0,0,0,0,0,0.000021902926
02241974,02/24/1974,"February 24, 1974",8004642,1,0.076926449036,True,02241974: 1,1,1,0,0,0,0,0,0,0,0,0,0,0,0.000021902926
03091974,03/09/1974,"March 09, 1974",7354849,1,0.070908851867,False,03091974: 1,1,0,0,0,0,0,0,0,0,0,0,0,0,0.000021902926
03101974,03/10/1974,"March 10, 1974",3448877,1,0.033900753449,False,03101974: 1,1,0,0,0,0,0,0,0,0,0,0,0,0,0.000021902926
04061974,04/06/1974,"April 06, 1974",3850074,1,0.037768949949,False,04061974: 1,1,0,0,0,0,0,0,0,0,0,0,0,0,0.000021902926
04141974,04/14/1974,"April 14, 1974",2667083,1,0.026318246256,False,04141974: 1,1,0,0,0,0,0,0,0,0,0,0,0,0,0.000021902926
04161974,04/16/1974,"April 16, 1974",9318228,1,0.088972523108,False,04161974: 1,1,0,0,0,0,0,0,0,0,0,0,0,0,0.000021902926
04231974,04/23/1974,"April 23, 1974",7223169,1,0.069684618773,False,04231974: 1,1,0,0,0,0,0,0,0,0,0,0,0,0,0.000021902926
05041974,05/04/1974,"May 04, 1974",5194684,1,0.050620609025,False,05041974: 1,1,0,0,0,0,0,0,0,0,0,0,0,0,0.000021902926
05241974,05/24/1974,"May 24, 1974",9278831,1,0.088613534898,False,05241974: 1,1,0,0,0,0,0,0,0,0,0,0,0,0,0.000021902926
06091974,06/09/1974,"June 09, 1974",6937593,1,0.067024064149,False,06091974: 1,1,0,0,0,0,0,0,0,0,0,0,0,0,0.000021902926
06131974,06/13/1974,"June 13, 1974",6378849,1,0.061796526357,False,06131974: 1,1,0,0,0,0,0,0,0,0,0,0,0,0,0.000021902926
06201974,06/20/1974,"June 20, 1974",5842419,1,0.056750198505,False,06201974: 1,1,0,0,0,0,0,0,0,0,0,0,0,0,0.000021902926
06221974,06/22/1974,"June 22, 1974",548865,1,0.005473555264,False,06221974: 1,1,0,0,0,0,0,0,0,0,0,0,0,0,0.000021902926
06231974,06/23/1974,"June 23, 1974",6548402,1,0.063385930686,False,06231974: 1,1,0,0,0,0,0,0,0,0,0,0,0,0,0.000021902926
07051974,07/05/1974,"July 05, 1974",6265886,1,0.060736104727,True,07051974: 1; 070519740: 1,1,0,1,0,0,0,0,0,0,0,0,0,0,0.000021902926
07151974,07/15/1974,"July 15, 1974",3665121,1,0.035987627941,False,07151974: 1,1,0,0,0,0,0,0,0,0,0,0,0,0,0.000021902926
07161974,07/16/1974,"July 16, 1974",6288257,1,0.060946203953,False,07161974: 1,1,0,0,0,0,0,0,0,0,0,0,0,0,0.000021902926
07181974,07/18/1974,"July 18, 1974",1776457,1,0.017607651480,False,07181974: 1,1,0,0,0,0,0,0,0,0,0,0,0,0,0.000021902926
07211974,07/21/1974,"July 21, 1974",7138355,1,0.068895246376,True,07211974: 1,1,1,0,0,0,0,0,0,0,0,0,0,0,0.000021902926
07311974,07/31/1974,"July 31, 1974",7782522,1,0.074873839259,False,07311974: 1,1,0,0,0,0,0,0,0,0,0,0,0,0,0.000021902926
08261974,08/26/1974,"August 26, 1974",7947491,1,0.076398752488,False,08261974: 1,1,0,0,0,0,0,0,0,0,0,0,0,0,0.000021902926
09051974,09/05/1974,"September 05, 1974",8086298,1,0.077679886327,False,09051974: 1,1,0,0,0,0,0,0,0,0,0,0,0,0,0.000021902926
10021974,10/02/1974,"October 02, 1974",8689252,1,0.083224320410,False,10021974: 1,1,0,0,0,0,0,0,0,0,0,0,0,0,0.000021902926
10041974,10/04/1974,"October 04, 1974",3059550,1,0.030132136836,False,10041974: 1,1,0,0,0,0,0,0,0,0,0,0,0,0,0.000021902926
10081974,10/08/1974,"October 08, 1974",3101277,1,0.030536749182,False,10081974: 1,1,0,0,0,0,0,0,0,0,0,0,0,0,0.000021902926
10161974,10/16/1974,"October 16, 1974",7546369,1,0.072686544390,False,10161974: 1,1,0,0,0,0,0,0,0,0,0,0,0,0,0.000021902926
10181974,10/18/1974,"October 18, 1974",1708642,1,0.016941216156,False,10181974: 1,1,0,0,0,0,0,0,0,0,0,0,0,0,0.000021902926
10251974,10/25/1974,"October 25, 1974",1442449,1,0.014320896455,False,10251974: 1,1,0,0,0,0,0,0,0,0,0,0,0,0,0.000021902926
10291974,10/29/1974,"October 29, 1974",9662534,1,0.092103851634,True,10291974: 1,1,1,0,0,0,0,0,0,0,0,0,0,0,0.000021902926
11011974,11/01/1974,"November 01, 1974",1242297,1,0.012346064322,False,11011974: 1,1,0,0,0,0,0,0,0,0,0,0,0,0,0.000021902926
11251974,11/25/1974,"November 25, 1974",1615329,1,0.016023466381,False,11251974: 1,1,0,0,0,0,0,0,0,0,0,0,0,0,0.000021902926
11261974,11/26/1974,"November 26, 1974",7915727,1,0.076105333186,False,11261974: 1,1,0,0,0,0,0,0,0,0,0,0,0,0,0.000021902926
12051974,12/05/1974,"December 05, 1974",1078756,1,0.010729523690,False,12051974: 1,1,0,0,0,0,0,0,0,0,0,0,0,0,0.000021902926
12151974,12/15/1974,"December 15, 1974",7735459,1,0.074438344660,False,12151974: 1,1,0,0,0,0,0,0,0,0,0,0,0,0,0.000021902926
12261974,12/26/1974,"December 26, 1974",953515,2,0.009489775265,True,12261974: 2; 122619740: 1,2,0,1,0,0,0,0,0,0,0,0,0,0,0.000021902926
01141975,01/14/1975,"January 14, 1975",8169707,1,0.078448863576,False,01141975: 1,1,0,0,0,0,0,0,0,0,0,0,0,0,0.000021902926
01241975,01/24/1975,"January 24, 1975",2720860,1,0.026841722331,False,01241975: 1,1,0,0,0,0,0,0,0,0,0,0,0,0,0.000021902926
01311975,01/31/1975,"January 31, 1975",1731979,1,0.017170605819,False,01311975: 1,1,0,0,0,0,0,0,0,0,0,0,0,0,0.000021902926
02211975,02/21/1975,"February 21, 1975",2898396,1,0.028567895885,False,02211975: 1,1,0,0,0,0,0,0,0,0,0,0,0,0,0.000021902926
02231975,02/23/1975,"February 23, 1975",9078612,1,0.086786938027,False,02231975: 1,1,0,0,0,0,0,0,0,0,0,0,0,0,0.000021902926
02251975,02/25/1975,"February 25, 1975",7412967,1,0.071448664187,False,02251975: 1,1,0,0,0,0,0,0,0,0,0,0,0,0,0.000021902926
03251975,03/25/1975,"March 25, 1975",4760071,2,0.046485503386,True,03251975: 2,2,1,0,0,0,0,0,0,0,0,0,0,0,0.000021902926
03271975,03/27/1975,"March 27, 1975",2113711,1,0.020915228401,False,03271975: 1,1,0,0,0,0,0,0,0,0,0,0,0,0,0.000021902926
04051975,04/05/1975,"April 05, 1975",9897316,1,0.094232928069,False,04051975: 1,1,0,0,0,0,0,0,0,0,0,0,0,0,0.000021902926
05191975,05/19/1975,"May 19, 1975",6157999,1,0.059722214248,False,05191975: 1,1,0,0,0,0,0,0,0,0,0,0,0,0,0.000021902926
05241975,05/24/1975,"May 24, 1975",4877874,1,0.047608110718,True,05241975: 1,1,1,0,0,0,0,0,0,0,0,0,0,0,0.000021902926
05301975,05/30/1975,"May 30, 1975",681503,1,0.006791800822,False,05301975: 1,1,0,0,0,0,0,0,0,0,0,0,0,0,0.000021902926
06031975,06/03/1975,"June 03, 1975",9299135,1,0.088798564023,False,06031975: 1,1,0,0,0,0,0,0,0,0,0,0,0,0,0.000021902926
06121975,06/12/1975,"June 12, 1975",4129706,1,0.040455897372,False,06121975: 1,1,0,0,0,0,0,0,0,0,0,0,0,0,0.000021902926
06141975,06/14/1975,"June 14, 1975",9032162,1,0.086362652022,True,06141975: 1; 061419750: 1,1,0,1,0,0,0,0,0,0,0,0,0,0,0.000021902926
07031975,07/03/1975,"July 03, 1975",9935380,1,0.094577633642,False,07031975: 1,1,0,0,0,0,0,0,0,0,0,0,0,0,0.000021902926
07221975,07/22/1975,"July 22, 1975",9386326,1,0.089592703416,False,07221975: 1,1,0,0,0,0,0,0,0,0,0,0,0,0,0.000021902926
09021975,09/02/1975,"September 02, 1975",2007170,1,0.019871545808,False,09021975: 1,1,0,0,0,0,0,0,0,0,0,0,0,0,0.000021902926
09031975,09/03/1975,"September 03, 1975",9337846,1,0.089151230950,False,09031975: 1,1,0,0,0,0,0,0,0,0,0,0,0,0,0.000021902926
09051975,09/05/1975,"September 05, 1975",1047958,1,0.010424801244,False,09051975: 1,1,0,0,0,0,0,0,0,0,0,0,0,0,0.000021902926
09121975,09/12/1975,"September 12, 1975",4158359,1,0.040730796162,True,09121975: 1,1,1,0,0,0,0,0,0,0,0,0,0,0,0.000021902926
09211975,09/21/1975,"September 21, 1975",5774615,1,0.056110420530,False,09211975: 1,1,0,0,0,0,0,0,0,0,0,0,0,0,0.000021902926
09221975,09/22/1975,"September 22, 1975",868009,1,0.008642467386,True,09221975: 1; 092219750: 1,1,0,1,0,0,0,0,0,0,0,0,0,0,0.000021902926
09281975,09/28/1975,"September 28, 1975",9224207,1,0.088115563157,False,09281975: 1,1,0,0,0,0,0,0,0,0,0,0,0,0,0.000021902926
10071975,10/07/1975,"October 07, 1975",4369151,1,0.042750729245,False,10071975: 1,1,0,0,0,0,0,0,0,0,0,0,0,0,0.000021902926
10211975,10/21/1975,"October 21, 1975",2950422,1,0.029073161710,True,10211975: 1; 102119750: 1,1,0,1,0,0,0,0,0,0,0,0,0,0,0.000021902926
10281975,10/28/1975,"October 28, 1975",64280,1,0.000642533493,False,10281975: 1,1,0,0,0,0,0,0,0,0,0,0,0,0,0.000021902926
11011975,11/01/1975,"November 01, 1975",7605726,1,0.073236806518,False,11011975: 1,1,0,0,0,0,0,0,0,0,0,0,0,0,0.000021902926
11061975,11/06/1975,"November 06, 1975",1370383,1,0.013610300927,False,11061975: 1,1,0,0,0,0,0,0,0,0,0,0,0,0,0.000021902926
11261975,11/26/1975,"November 26, 1975",3698621,1,0.036310518001,True,11261975: 1,1,1,0,0,0,0,0,0,0,0,0,0,0,0.000021902926
12011975,12/01/1975,"December 01, 1975",1340366,1,0.013314171885,False,12011975: 1,1,0,0,0,0,0,0,0,0,0,0,0,0,0.000021902926
12021975,12/02/1975,"December 02, 1975",1207332,1,0.012000670740,False,12021975: 1,1,0,0,0,0,0,0,0,0,0,0,0,0,0.000021902926
12211975,12/21/1975,"December 21, 1975",5715092,1,0.055548421888,False,12211975: 1,1,0,0,0,0,0,0,0,0,0,0,0,0,0.000021902926
12221975,12/22/1975,"December 22, 1975",6542815,1,0.063333600596,False,12221975: 1,1,0,0,0,0,0,0,0,0,0,0,0,0,0.000021902926
12301975,12/30/1975,"December 30, 1975",8635693,1,0.082733173004,False,12301975: 1,1,0,0,0,0,0,0,0,0,0,0,0,0,0.000021902926
01031976,01/03/1976,"January 03, 1976",2753703,2,0.027161284227,False,01031976: 2,2,0,0,0,0,0,0,0,0,0,0,0,0,0.000021902926
01251976,01/25/1976,"January 25, 1976",7311950,1,0.070510195548,False,01251976: 1,1,0,0,0,0,0,0,0,0,0,0,0,0,0.000021902926
02021976,02/02/1976,"February 02, 1976",964217,1,0.009595773999,False,02021976: 1,1,0,0,0,0,0,0,0,0,0,0,0,0,0.000021902926
02181976,02/18/1976,"February 18, 1976",7010607,1,0.067705018579,True,02181976: 1; 021819760: 1; 0218197600: 1,1,0,1,0,0,1,0,0,0,0,0,0,0,0.000021902926
02251976,02/25/1976,"February 25, 1976",5488591,1,0.053406805121,False,02251976: 1,1,0,0,0,0,0,0,0,0,0,0,0,0,0.000021902926
03071976,03/07/1976,"March 07, 1976",1139606,1,0.011331311668,True,03071976: 1; 030719760: 1,1,0,1,0,0,0,0,0,0,0,0,0,0,0.000021902926
03271976,03/27/1976,"March 27, 1976",1959989,2,0.019409002290,False,03271976: 2,2,0,0,0,0,0,0,0,0,0,0,0,0,0.000021902926
04101976,04/10/1976,"April 10, 1976",3585655,1,0.035221261401,False,04101976: 1,1,0,0,0,0,0,0,0,0,0,0,0,0,0.000021902926
05101976,05/10/1976,"May 10, 1976",6371759,1,0.061730005371,False,05101976: 1,1,0,0,0,0,0,0,0,0,0,0,0,0,0.000021902926
05201976,05/20/1976,"May 20, 1976",1234661,1,0.012270644187,False,05201976: 1,1,0,0,0,0,0,0,0,0,0,0,0,0,0.000021902926
05211976,05/21/1976,"May 21, 1976",2738657,2,0.027014899900,False,05211976: 2,2,0,0,0,0,0,0,0,0,0,0,0,0,0.000021902926
06131976,06/13/1976,"June 13, 1976",134093,1,0.001339971449,True,06131976: 1; 061319760: 1,1,0,1,0,0,0,0,0,0,0,0,0,0,0.000021902926
06191976,06/19/1976,"June 19, 1976",499689,1,0.004984366663,False,06191976: 1,1,0,0,0,0,0,0,0,0,0,0,0,0,0.000021902926
06231976,06/23/1976,"June 23, 1976",4193473,1,0.041067574822,False,06231976: 1,1,0,0,0,0,0,0,0,0,0,0,0,0,0.000021902926
07101976,07/10/1976,"July 10, 1976",9185510,1,0.087762622949,True,07101976: 1; 0071019760: 1; 071019760: 1,1,1,1,1,0,0,0,0,0,0,0,0,0,0.000021902926
07251976,07/25/1976,"July 25, 1976",4524131,1,0.044233125175,False,07251976: 1,1,0,0,0,0,0,0,0,0,0,0,0,0,0.000021902926
08011976,08/01/1976,"August 01, 1976",6433699,1,0.062310989862,False,08011976: 1,1,0,0,0,0,0,0,0,0,0,0,0,0,0.000021902926
08161976,08/16/1976,"August 16, 1976",7234080,1,0.069786119948,False,08161976: 1,1,0,0,0,0,0,0,0,0,0,0,0,0,0.000021902926
08211976,08/21/1976,"August 21, 1976",987546,1,0.009826798454,False,08211976: 1,1,0,0,0,0,0,0,0,0,0,0,0,0,0.000021902926
09271976,09/27/1976,"September 27, 1976",9799068,1,0.093342592730,False,09271976: 1,1,0,0,0,0,0,0,0,0,0,0,0,0,0.000021902926
09291976,09/29/1976,"September 29, 1976",1987350,1,0.019677265094,False,09291976: 1,1,0,0,0,0,0,0,0,0,0,0,0,0,0.000021902926
10031976,10/03/1976,"October 03, 1976",8307653,1,0.079719230108,False,10031976: 1,1,0,0,0,0,0,0,0,0,0,0,0,0,0.000021902926
11041976,11/04/1976,"November 04, 1976",976669,1,0.009719091456,False,11041976: 1,1,0,0,0,0,0,0,0,0,0,0,0,0,0.000021902926
11091976,11/09/1976,"November 09, 1976",4669730,1,0.045623699624,False,11091976: 1,1,0,0,0,0,0,0,0,0,0,0,0,0,0.000021902926
11111976,11/11/1976,"November 11, 1976",6727042,1,0.065057604493,False,11111976: 1,1,0,0,0,0,0,0,0,0,0,0,0,0,0.000021902926
11231976,11/23/1976,"November 23, 1976",9950333,1,0.094713011328,True,11231976: 1,1,1,0,0,0,0,0,0,0,0,0,0,0,0.000021902926
11271976,11/27/1976,"November 27, 1976",8953045,1,0.085639523533,False,11271976: 1,1,0,0,0,0,0,0,0,0,0,0,0,0,0.000021902926
12041976,12/04/1976,"December 04, 1976",3059380,1,0.030130488060,False,12041976: 1,1,0,0,0,0,0,0,0,0,0,0,0,0,0.000021902926
12061976,12/06/1976,"December 06, 1976",9729128,1,0.092708254731,True,12061976: 1; 0120619760: 1; 120619760: 1,1,1,1,1,0,0,0,0,0,0,0,0,0,0.000021902926
12111976,12/11/1976,"December 11, 1976",7956084,1,0.076478114134,False,12111976: 1,1,0,0,0,0,0,0,0,0,0,0,0,0,0.000021902926
12171976,12/17/1976,"December 17, 1976",8515911,1,0.081633794144,False,12171976: 1,1,0,0,0,0,0,0,0,0,0,0,0,0,0.000021902926
12251976,12/25/1976,"December 25, 1976",7287403,1,0.070282005678,False,12251976: 1,1,0,0,0,0,0,0,0,0,0,0,0,0,0.000021902926
01161977,01/16/1977,"January 16, 1977",343515,1,0.003429196862,True,01161977: 1,1,1,0,0,0,0,0,0,0,0,0,0,0,0.000021902926
02091977,02/09/1977,"February 09, 1977",7212868,1,0.000721025995,True,02091977: 1; 0020919770: 1; 00209197700: 1; 020919770: 1; 0209197700: 1,1,1,1,2,0,1,0,0,0,0,0,0,0,0.000021902926
02191977,02/19/1977,"February 19, 1977",4572409,1,0.044694438946,True,02191977: 1,1,1,0,0,0,0,0,0,0,0,0,0,0,0.000021902926
02241977,02/24/1977,"February 24, 1977",2749713,1,0.027122467188,True,02241977: 1,1,1,0,0,0,0,0,0,0,0,0,0,0,0.000021902926
03041977,03/04/1977,"March 04, 1977",3434127,1,0.033758243298,False,03041977: 1,1,0,0,0,0,0,0,0,0,0,0,0,0,0.000021902926
03151977,03/15/1977,"March 15, 1977",2454468,1,0.024245850443,False,03151977: 1,1,0,0,0,0,0,0,0,0,0,0,0,0,0.000021902926
03231977,03/23/1977,"March 23, 1977",6671450,1,0.064537706814,False,03231977: 1,1,0,0,0,0,0,0,0,0,0,0,0,0,0.000021902926
04121977,04/12/1977,"April 12, 1977",7467498,1,0.071954874488,False,04121977: 1,1,0,0,0,0,0,0,0,0,0,0,0,0,0.000021902926
04151977,04/15/1977,"April 15, 1977",7564524,1,0.072854882869,True,04151977: 1; 041519770: 1,1,0,1,0,0,0,0,0,0,0,0,0,0,0.000021902926
04191977,04/19/1977,"April 19, 1977",5728493,1,0.055674979365,False,04191977: 1,1,0,0,0,0,0,0,0,0,0,0,0,0,0.000021902926
04241977,04/24/1977,"April 24, 1977",3561721,1,0.034990323620,False,04241977: 1,1,0,0,0,0,0,0,0,0,0,0,0,0,0.000021902926
04261977,04/26/1977,"April 26, 1977",8903071,1,0.085182466829,False,04261977: 1,1,0,0,0,0,0,0,0,0,0,0,0,0,0.000021902926
04271977,04/27/1977,"April 27, 1977",2799689,1,0.027608550996,False,04271977: 1,1,0,0,0,0,0,0,0,0,0,0,0,0,0.000021902926
04301977,04/30/1977,"April 30, 1977",9733239,1,0.092745552728,False,04301977: 1,1,0,0,0,0,0,0,0,0,0,0,0,0,0.000021902926
05051977,05/05/1977,"May 05, 1977",4167775,1,0.040821116698,False,05051977: 1,1,0,0,0,0,0,0,0,0,0,0,0,0,0.000021902926
05101977,05/10/1977,"May 10, 1977",4069927,2,0.039882120015,False,05101977: 2,2,0,0,0,0,0,0,0,0,0,0,0,0,0.000021902926
05201977,05/20/1977,"May 20, 1977",597386,1,0.005955992394,False,05201977: 1,1,0,0,0,0,0,0,0,0,0,0,0,0,0.000021902926
06121977,06/12/1977,"June 12, 1977",8331870,1,0.079942067521,False,06121977: 1,1,0,0,0,0,0,0,0,0,0,0,0,0,0.000021902926
06171977,06/17/1977,"June 17, 1977",788502,1,0.007853955325,False,06171977: 1,1,0,0,0,0,0,0,0,0,0,0,0,0,0.000021902926
07291977,07/29/1977,"July 29, 1977",3826270,1,0.037539873204,False,07291977: 1,1,0,0,0,0,0,0,0,0,0,0,0,0,0.000021902926
08291977,08/29/1977,"August 29, 1977",2018230,1,0.019979942022,False,08291977: 1,1,0,0,0,0,0,0,0,0,0,0,0,0,0.000021902926
09091977,09/09/1977,"September 09, 1977",2396195,2,0.023677083519,True,09091977: 2,2,1,0,0,1,0,0,0,0,0,0,0,0,0.000021902926
09111977,09/11/1977,"September 11, 1977",3450800,1,0.033919331359,False,09111977: 1,1,0,0,0,0,0,0,0,0,0,0,0,0,0.000021902926
09131977,09/13/1977,"September 13, 1977",6615525,1,0.064014403206,False,09131977: 1,1,0,0,0,0,0,0,0,0,0,0,0,0,0.000021902926
09191977,09/19/1977,"September 19, 1977",3591410,1,0.035276782821,False,09191977: 1,1,0,0,0,0,0,0,0,0,0,0,0,0,0.000021902926
09211977,09/21/1977,"September 21, 1977",7313955,1,0.070528831632,False,09211977: 1,1,0,0,0,0,0,0,0,0,0,0,0,0,0.000021902926
09291977,09/29/1977,"September 29, 1977",2572113,1,0.025393101450,False,09291977: 1,1,0,0,0,0,0,0,0,0,0,0,0,0,0.000021902926
11291977,11/29/1977,"November 29, 1977",7690608,1,0.074023127890,True,11291977: 1; 112919770: 1,1,0,1,0,0,0,0,0,0,0,0,0,0,0.000021902926
12041977,12/04/1977,"December 04, 1977",371764,1,0.003710678392,False,12041977: 1,1,0,0,0,0,0,0,0,0,0,0,0,0,0.000021902926
12161977,12/16/1977,"December 16, 1977",1606193,1,0.015933566177,False,12161977: 1,1,0,0,0,0,0,0,0,0,0,0,0,0,0.000021902926
12261977,12/26/1977,"December 26, 1977",795290,1,0.007921299914,True,12261977: 1; 122619770: 1,1,0,1,0,0,0,0,0,0,0,0,0,0,0.000021902926
12311977,12/31/1977,"December 31, 1977",631982,1,0.006299832381,False,12311977: 1,1,0,0,0,0,0,0,0,0,0,0,0,0,0.000021902926
01071978,01/07/1978,"January 07, 1978",9206852,1,0.087957291878,False,01071978: 1,1,0,0,0,0,0,0,0,0,0,0,0,0,0.000021902926
01111978,01/11/1978,"January 11, 1978",6284857,1,0.060914275581,True,01111978: 1,1,1,0,0,0,0,0,0,0,0,0,0,0,0.000021902926
02111978,02/11/1978,"February 11, 1978",6044238,1,0.058651936162,False,02111978: 1,1,0,0,0,0,0,0,0,0,0,0,0,0,0.000021902926
02221978,02/22/1978,"February 22, 1978",7603272,1,0.073214063470,False,02221978: 1,1,0,0,0,0,0,0,0,0,0,0,0,0,0.000021902926
02241978,02/24/1978,"February 24, 1978",8714486,2,0.083455630401,False,02241978: 2,2,0,0,0,0,0,0,0,0,0,0,0,0,0.000021902926
03151978,03/15/1978,"March 15, 1978",7258301,1,0.070011399770,False,03151978: 1,1,0,0,0,0,0,0,0,0,0,0,0,0,0.000021902926
03301978,03/30/1978,"March 30, 1978",405009,1,0.004041839730,False,03301978: 1,1,0,0,0,0,0,0,0,0,0,0,0,0,0.000021902926
04181978,04/18/1978,"April 18, 1978",4180467,1,0.040942847958,False,04181978: 1,1,0,0,0,0,0,0,0,0,0,0,0,0,0.000021902926
05111978,05/11/1978,"May 11, 1978",3652836,1,0.035869191745,False,05111978: 1,1,0,0,0,0,0,0,0,0,0,0,0,0,0.000021902926
05181978,05/18/1978,"May 18, 1978",8493197,1,0.081425172750,False,05181978: 1,1,0,0,0,0,0,0,0,0,0,0,0,0,0.000021902926
06121978,06/12/1978,"June 12, 1978",6475817,1,0.062705842566,False,06121978: 1,1,0,0,0,0,0,0,0,0,0,0,0,0,0.000021902926
06131978,06/13/1978,"June 13, 1978",879911,1,0.008760451740,False,06131978: 1,1,0,0,0,0,0,0,0,0,0,0,0,0,0.000021902926
07011978,07/01/1978,"July 01, 1978",586738,1,0.005850140951,False,07011978: 1,1,0,0,0,0,0,0,0,0,0,0,0,0,0.000021902926
07121978,07/12/1978,"July 12, 1978",5092682,1,0.049651728994,True,07121978: 1; 071219780: 1,1,0,1,0,0,0,0,0,0,0,0,0,0,0.000021902926
07201978,07/20/1978,"July 20, 1978",2532420,1,0.025006173943,False,07201978: 1,1,0,0,0,0,0,0,0,0,0,0,0,0,0.000021902926
07261978,07/26/1978,"July 26, 1978",7313252,1,0.070522297427,False,07261978: 1,1,0,0,0,0,0,0,0,0,0,0,0,0,0.000021902926
08041978,08/04/1978,"August 04, 1978",5442034,1,0.052965997117,False,08041978: 1,1,0,0,0,0,0,0,0,0,0,0,0,0,0.000021902926
08131978,08/13/1978,"August 13, 1978",9906450,1,0.094315657055,True,08131978: 1; 0081319780: 1; 081319780: 1,1,1,1,1,0,0,0,0,0,0,0,0,0,0.000021902926
08221978,08/22/1978,"August 22, 1978",9385824,1,0.089588133160,False,08221978: 1,1,0,0,0,0,0,0,0,0,0,0,0,0,0.000021902926
09061978,09/06/1978,"September 06, 1978",6943054,2,0.067075012574,True,09061978: 2,2,1,0,0,0,0,0,0,0,0,0,0,0,0.000021902926
09081978,09/08/1978,"September 08, 1978",3403163,1,0.033459009873,False,09081978: 1,1,0,0,0,0,0,0,0,0,0,0,0,0,0.000021902926
09131978,09/13/1978,"September 13, 1978",28004,1,0.000279940812,True,09131978: 1; 091319780: 1,1,0,1,0,0,0,0,0,0,0,0,0,0,0.000021902926
09261978,09/26/1978,"September 26, 1978",7214747,1,0.069606264311,False,09261978: 1,1,0,0,0,0,0,0,0,0,0,0,0,0,0.000021902926
09291978,09/29/1978,"September 29, 1978",3663071,1,0.035967865484,False,09291978: 1,1,0,0,0,0,0,0,0,0,0,0,0,0,0.000021902926
10011978,10/01/1978,"October 01, 1978",7787674,1,0.074921500532,True,10011978: 1; 0100119780: 1; 100119780: 1,1,1,1,1,0,0,0,0,0,0,0,0,0,0.000021902926
10141978,10/14/1978,"October 14, 1978",4340183,1,0.042473393107,False,10141978: 1,1,0,0,0,0,0,0,0,0,0,0,0,0,0.000021902926
10151978,10/15/1978,"October 15, 1978",5927262,1,0.057550140547,False,10151978: 1,1,0,0,0,0,0,0,0,0,0,0,0,0,0.000021902926
10201978,10/20/1978,"October 20, 1978",4955057,2,0.048342911750,False,10201978: 2,2,0,0,0,0,0,0,0,0,0,0,0,0,0.000021902926
11041978,11/04/1978,"November 04, 1978",6049294,1,0.058699529517,False,11041978: 1,1,0,0,0,0,0,0,0,0,0,0,0,0,0.000021902926
11081978,11/08/1978,"November 08, 1978",9522728,1,0.090833670645,False,11081978: 1,1,0,0,0,0,0,0,0,0,0,0,0,0,0.000021902926
11111978,11/11/1978,"November 11, 1978",4435480,1,0.043385452595,False,11111978: 1,1,0,0,0,0,0,0,0,0,0,0,0,0,0.000021902926
11131978,11/13/1978,"November 13, 1978",7751356,1,0.074585469503,False,11131978: 1,1,0,0,0,0,0,0,0,0,0,0,0,0,0.000021902926
11161978,11/16/1978,"November 16, 1978",3559266,1,0.034966632342,True,11161978: 1; 111619780: 1,1,0,1,0,0,0,0,0,0,0,0,0,0,0.000021902926
11201978,11/20/1978,"November 20, 1978",4022736,1,0.039428923857,False,11201978: 1,1,0,0,0,0,0,0,0,0,0,0,0,0,0.000021902926
11301978,11/30/1978,"November 30, 1978",5926115,1,0.057539330585,True,11301978: 1; 113019780: 1,1,0,1,0,0,0,0,0,0,0,0,0,0,0.000021902926
12091978,12/09/1978,"December 09, 1978",8493770,1,0.081430436169,False,12091978: 1,1,0,0,0,0,0,0,0,0,0,0,0,0,0.000021902926
12161978,12/16/1978,"December 16, 1978",2882280,1,0.028411327269,False,12161978: 1,1,0,0,0,0,0,0,0,0,0,0,0,0,0.000021902926
02051979,02/05/1979,"February 05, 1979",9396943,1,0.089689356229,False,02051979: 1,1,0,0,0,0,0,0,0,0,0,0,0,0,0.000021902926
02131979,02/13/1979,"February 13, 1979",2520705,1,0.024891946725,False,02131979: 1,1,0,0,0,0,0,0,0,0,0,0,0,0,0.000021902926
02151979,02/15/1979,"February 15, 1979",5279987,2,0.051430112820,True,02151979: 2; 021519790: 1,2,0,1,0,0,0,0,0,0,0,0,0,0,0.000021902926
02221979,02/22/1979,"February 22, 1979",7332240,1,0.070698769900,False,02221979: 1,1,0,0,0,0,0,0,0,0,0,0,0,0,0.000021902926
02231979,02/23/1979,"February 23, 1979",7030568,1,0.067891095410,True,02231979: 1; 0022319790: 1; 022319790: 1,1,1,1,1,0,0,0,0,0,0,0,0,0,0.000021902926
02251979,02/25/1979,"February 25, 1979",4303192,1,0.042119128917,False,02251979: 1,1,0,0,0,0,0,0,0,0,0,0,0,0,0.000021902926
03181979,03/18/1979,"March 18, 1979",9378939,1,0.089525449144,False,03181979: 1,1,0,0,0,0,0,0,0,0,0,0,0,0,0.000021902926
03211979,03/21/1979,"March 21, 1979",2335614,1,0.023085438133,True,03211979: 1,1,1,0,0,0,0,0,0,0,0,0,0,0,0.000021902926
04081979,04/08/1979,"April 08, 1979",239467,1,0.002391745233,False,04081979: 1,1,0,0,0,0,0,0,0,0,0,0,0,0,0.000021902926
04091979,04/09/1979,"April 09, 1979",205357,1,0.002051403011,False,04091979: 1,1,0,0,0,0,0,0,0,0,0,0,0,0,0.000021902926
04111979,04/11/1979,"April 11, 1979",738008,1,0.007352854594,False,04111979: 1,1,0,0,0,0,0,0,0,0,0,0,0,0,0.000021902926
04231979,04/23/1979,"April 23, 1979",8267005,1,0.079345078339,False,04231979: 1,1,0,0,0,0,0,0,0,0,0,0,0,0,0.000021902926
05211979,05/21/1979,"May 21, 1979",5053981,1,0.049283863527,False,05211979: 1,1,0,0,0,0,0,0,0,0,0,0,0,0,0.000021902926
05241979,05/24/1979,"May 24, 1979",6690865,1,0.064719309190,False,05241979: 1,1,0,0,0,0,0,0,0,0,0,0,0,0,0.000021902926
05311979,05/31/1979,"May 31, 1979",2126293,1,0.021038409099,False,05311979: 1,1,0,0,0,0,0,0,0,0,0,0,0,0,0.000021902926
06201979,06/20/1979,"June 20, 1979",7692131,1,0.074037230411,False,06201979: 1,1,0,0,0,0,0,0,0,0,0,0,0,0,0.000021902926
07141979,07/14/1979,"July 14, 1979",7484767,1,0.072115124765,True,07141979: 1,1,1,0,0,0,0,0,0,0,0,0,0,0,0.000021902926
07181979,07/18/1979,"July 18, 1979",4001739,1,0.039227211570,False,07181979: 1,1,0,0,0,0,0,0,0,0,0,0,0,0,0.000021902926
07221979,07/22/1979,"July 22, 1979",9776232,1,0.093135524800,False,07221979: 1,1,0,0,0,0,0,0,0,0,0,0,0,0,0.000021902926
07241979,07/24/1979,"July 24, 1979",1299676,1,0.012912607725,True,07241979: 1,1,1,0,0,0,0,0,0,0,0,0,0,0,0.000021902926
08051979,08/05/1979,"August 05, 1979",8595246,1,0.082362091046,False,08051979: 1,1,0,0,0,0,0,0,0,0,0,0,0,0,0.000021902926
08091979,08/09/1979,"August 09, 1979",160569,1,0.001604341682,False,08091979: 1,1,0,0,0,0,0,0,0,0,0,0,0,0,0.000021902926
08221979,08/22/1979,"August 22, 1979",6004683,1,0.058279512280,False,08221979: 1,1,0,0,0,0,0,0,0,0,0,0,0,0,0.000021902926
09201979,09/20/1979,"September 20, 1979",8914876,1,0.085290454666,False,09201979: 1,1,0,0,0,0,0,0,0,0,0,0,0,0,0.000021902926
09261979,09/26/1979,"September 26, 1979",8929971,1,0.085428519652,True,09261979: 1,1,1,0,0,0,0,0,0,0,0,0,0,0,0.000021902926
10051979,10/05/1979,"October 05, 1979",9895519,1,0.094216651288,True,10051979: 1; 100519790: 1,1,0,1,0,0,0,0,0,0,0,0,0,0,0.000021902926
10141979,10/14/1979,"October 14, 1979",7017132,1,0.067765848843,False,10141979: 1,1,0,0,0,0,0,0,0,0,0,0,0,0,0.000021902926
10301979,10/30/1979,"October 30, 1979",3890970,1,0.038162383508,False,10301979: 1,1,0,0,0,0,0,0,0,0,0,0,0,0,0.000021902926
11091979,11/09/1979,"November 09, 1979",6197367,1,0.060092309956,True,11091979: 1,1,1,0,0,0,0,0,0,0,0,0,0,0,0.000021902926
11111979,11/11/1979,"November 11, 1979",254079,1,0.002537505103,False,11111979: 1,1,0,0,0,0,0,0,0,0,0,0,0,0,0.000021902926
11201979,11/20/1979,"November 20, 1979",3332816,1,0.032778838064,False,11201979: 1,1,0,0,0,0,0,0,0,0,0,0,0,0,0.000021902926
12241979,12/24/1979,"December 24, 1979",9207284,1,0.087961231894,True,12241979: 1; 122419790: 1,1,0,1,0,0,0,0,0,0,0,0,0,0,0.000021902926
12281979,12/28/1979,"December 28, 1979",4528496,1,0.044274843489,False,12281979: 1,1,0,0,0,0,0,0,0,0,0,0,0,0,0.000021902926
12291979,12/29/1979,"December 29, 1979",931606,1,0.009272740604,False,12291979: 1,1,0,0,0,0,0,0,0,0,0,0,0,0,0.000021902926
01121980,01/12/1980,"January 12, 1980",7128250,1,0.068801153486,False,01121980: 1,1,0,0,0,0,0,0,0,0,0,0,0,0,0.000021902926
02131980,02/13/1980,"February 13, 1980",2163316,2,0.021400782968,True,02131980: 2; 021319800: 1; 0213198000: 1,2,0,1,0,0,1,0,0,0,0,0,0,0,0.000021902926
02171980,02/17/1980,"February 17, 1980",9782431,1,0.093191739587,False,02171980: 1,1,0,0,0,0,0,0,0,0,0,0,0,0,0.000021902926
02201980,02/20/1980,"February 20, 1980",6691741,1,0.064727502213,False,02201980: 1,1,0,0,0,0,0,0,0,0,0,0,0,0,0.000021902926
03061980,03/06/1980,"March 06, 1980",1321953,1,0.013132476695,False,03061980: 1,1,0,0,0,0,0,0,0,0,0,0,0,0,0.000021902926
03221980,03/22/1980,"March 22, 1980",571424,1,0.005697885182,False,03221980: 1,1,0,0,0,0,0,0,0,0,0,0,0,0,0.000021902926
04111980,04/11/1980,"April 11, 1980",1432762,1,0.014225409094,False,04111980: 1,1,0,0,0,0,0,0,0,0,0,0,0,0,0.000021902926
05021980,05/02/1980,"May 02, 1980",3994990,1,0.039162366826,False,05021980: 1,1,0,0,0,0,0,0,0,0,0,0,0,0,0.000021902926
05031980,05/03/1980,"May 03, 1980",6285417,1,0.060919534447,False,05031980: 1,1,0,0,0,0,0,0,0,0,0,0,0,0,0.000021902926
05051980,05/05/1980,"May 05, 1980",6524640,2,0.063163346004,False,05051980: 2,2,0,0,0,0,0,0,0,0,0,0,0,0,0.000021902926
05071980,05/07/1980,"May 07, 1980",4698536,1,0.045898577671,False,05071980: 1,1,0,0,0,0,0,0,0,0,0,0,0,0,0.000021902926
05211980,05/21/1980,"May 21, 1980",250069,1,0.002497506054,False,05211980: 1,1,0,0,0,0,0,0,0,0,0,0,0,0,0.000021902926
07121980,07/12/1980,"July 12, 1980",7342104,1,0.070790431653,False,07121980: 1,1,0,0,0,0,0,0,0,0,0,0,0,0,0.000021902926
07171980,07/17/1980,"July 17, 1980",1327886,1,0.013191025809,False,07171980: 1,1,0,0,0,0,0,0,0,0,0,0,0,0,0.000021902926
07231980,07/23/1980,"July 23, 1980",6889043,1,0.066570994354,False,07231980: 1,1,0,0,0,0,0,0,0,0,0,0,0,0,0.000021902926
07281980,07/28/1980,"July 28, 1980",7738155,1,0.074463297466,False,07281980: 1,1,0,0,0,0,0,0,0,0,0,0,0,0,0.000021902926
07291980,07/29/1980,"July 29, 1980",4706052,1,0.045970285240,False,07291980: 1,1,0,0,0,0,0,0,0,0,0,0,0,0,0.000021902926
08011980,08/01/1980,"August 01, 1980",2555958,1,0.025235640985,True,08011980: 1,1,1,0,0,1,0,0,1,0,0,0,0,0,0.000021902926
08131980,08/13/1980,"August 13, 1980",3446824,1,0.033880919227,False,08131980: 1,1,0,0,0,0,0,0,0,0,0,0,0,0,0.000021902926
08161980,08/16/1980,"August 16, 1980",7286362,1,0.070272327263,False,08161980: 1,1,0,0,0,0,0,0,0,0,0,0,0,0,0.000021902926
08181980,08/18/1980,"August 18, 1980",8658292,1,0.082940442715,False,08181980: 1,1,0,0,0,0,0,0,0,0,0,0,0,0,0.000021902926
08271980,08/27/1980,"August 27, 1980",8721833,1,0.083522966443,True,08271980: 1,1,1,0,0,0,0,0,0,0,0,0,0,0,0.000021902926
09021980,09/02/1980,"September 02, 1980",3795290,1,0.037241656862,False,09021980: 1,1,0,0,0,0,0,0,0,0,0,0,0,0,0.000021902926
09271980,09/27/1980,"September 27, 1980",3100760,1,0.030531737044,False,09271980: 1,1,0,0,0,0,0,0,0,0,0,0,0,0,0.000021902926
11091980,11/09/1980,"November 09, 1980",6167720,1,0.059813614210,False,11091980: 1,1,0,0,0,0,0,0,0,0,0,0,0,0,0.000021902926
11241980,11/24/1980,"November 24, 1980",8040830,1,0.077260430462,False,11241980: 1,1,0,0,0,0,0,0,0,0,0,0,0,0,0.000021902926
11261980,11/26/1980,"November 26, 1980",6675496,1,0.064575554853,False,11261980: 1,1,0,0,0,0,0,0,0,0,0,0,0,0,0.000021902926
11291980,11/29/1980,"November 29, 1980",5508201,1,0.053592413849,False,11291980: 1,1,0,0,0,0,0,0,0,0,0,0,0,0,0.000021902926
01071981,01/07/1981,"January 07, 1981",9040050,1,0.086434716895,True,01071981: 1; 010719810: 1,1,0,1,0,0,0,0,0,0,0,0,0,0,0.000021902926
01141981,01/14/1981,"January 14, 1981",7636027,1,0.073517582495,True,01141981: 1,1,1,0,0,0,0,0,0,0,0,0,0,0,0.000021902926
01231981,01/23/1981,"January 23, 1981",7471975,1,0.071996422138,False,01231981: 1,1,0,0,0,0,0,0,0,0,0,0,0,0,0.000021902926
01281981,01/28/1981,"January 28, 1981",3292652,1,0.032390285328,True,01281981: 1; 012819810: 1,1,0,1,0,0,0,0,0,0,0,0,0,0,0.000021902926
02031981,02/03/1981,"February 03, 1981",8430945,1,0.080853163518,True,02031981: 1; 020319810: 1,1,0,1,0,0,0,0,0,0,0,0,0,0,0.000021902926
02121981,02/12/1981,"February 12, 1981",5646070,1,0.054896317491,True,02121981: 1; 021219810: 1,1,0,1,0,0,0,0,0,0,0,0,0,0,0.000021902926
02141981,02/14/1981,"February 14, 1981",1132560,1,0.011261647617,False,02141981: 1,1,0,0,0,0,0,0,0,0,0,0,0,0,0.000021902926
02251981,02/25/1981,"February 25, 1981",6647163,1,0.064310483492,False,02251981: 1,1,0,0,0,0,0,0,0,0,0,0,0,0,0.000021902926
02261981,02/26/1981,"February 26, 1981",8765455,1,0.083922664874,False,02261981: 1,1,0,0,0,0,0,0,0,0,0,0,0,0,0.000021902926
03031981,03/03/1981,"March 03, 1981",5328671,1,0.051891802195,False,03031981: 1,1,0,0,0,0,0,0,0,0,0,0,0,0,0.000021902926
03041981,03/04/1981,"March 04, 1981",9043517,1,0.086466389654,False,03041981: 1,1,0,0,0,0,0,0,0,0,0,0,0,0,0.000021902926
04011981,04/01/1981,"April 01, 1981",4724887,1,0.046149959817,False,04011981: 1,1,0,0,0,0,0,0,0,0,0,0,0,0,0.000021902926
04071981,04/07/1981,"April 07, 1981",5061960,1,0.049359718142,False,04071981: 1,1,0,0,0,0,0,0,0,0,0,0,0,0,0.000021902926
04121981,04/12/1981,"April 12, 1981",4837341,1,0.047221999463,False,04121981: 1,1,0,0,0,0,0,0,0,0,0,0,0,0,0.000021902926
04241981,04/24/1981,"April 24, 1981",3601822,2,0.035377224574,False,04241981: 2,2,0,0,0,0,0,0,0,0,0,0,0,0,0.000021902926
05241981,05/24/1981,"May 24, 1981",1895108,1,0.018772578601,False,05241981: 1,1,0,0,0,0,0,0,0,0,0,0,0,0,0.000021902926
05251981,05/25/1981,"May 25, 1981",4630464,1,0.045248880639,True,05251981: 1,1,1,0,0,0,0,0,0,0,0,0,0,0,0.000021902926
06061981,06/06/1981,"June 06, 1981",5621664,1,0.054665627334,False,06061981: 1,1,0,0,0,0,0,0,0,0,0,0,0,0,0.000021902926
06121981,06/12/1981,"June 12, 1981",6507186,1,0.062999816262,False,06121981: 1,1,0,0,0,0,0,0,0,0,0,0,0,0,0.000021902926
06131981,06/13/1981,"June 13, 1981",2340429,1,0.023132475437,True,06131981: 1,1,1,0,0,0,0,0,0,0,0,0,0,0,0.000021902926
06181981,06/18/1981,"June 18, 1981",3573114,1,0.035100260911,True,06181981: 1; 061819810: 1,1,0,1,0,0,0,0,0,0,0,0,0,0,0.000021902926
07021981,07/02/1981,"July 02, 1981",1086520,1,0.010806327669,False,07021981: 1,1,0,0,0,0,0,0,0,0,0,0,0,0,0.000021902926
07131981,07/13/1981,"July 13, 1981",130777,1,0.001306855333,False,07131981: 1,1,0,0,0,0,0,0,0,0,0,0,0,0,0.000021902926
07251981,07/25/1981,"July 25, 1981",887974,1,0.008840372163,False,07251981: 1,1,0,0,0,0,0,0,0,0,0,0,0,0,0.000021902926
08011981,08/01/1981,"August 01, 1981",3381508,1,0.033249682755,False,08011981: 1,1,0,0,0,0,0,0,0,0,0,0,0,0,0.000021902926
08041981,08/04/1981,"August 04, 1981",323739,1,0.003232095530,False,08041981: 1,1,0,0,0,0,0,0,0,0,0,0,0,0,0.000021902926
08061981,08/06/1981,"August 06, 1981",5590909,1,0.054374845032,False,08061981: 1,1,0,0,0,0,0,0,0,0,0,0,0,0,0.000021902926
08091981,08/09/1981,"August 09, 1981",8727051,1,0.083570786968,False,08091981: 1,1,0,0,0,0,0,0,0,0,0,0,0,0,0.000021902926
08151981,08/15/1981,"August 15, 1981",8277633,1,0.079442920346,False,08151981: 1,1,0,0,0,0,0,0,0,0,0,0,0,0,0.000021902926
08191981,08/19/1981,"August 19, 1981",9508996,1,0.090708815351,True,08191981: 1; 081919810: 1,1,0,1,0,0,0,0,0,0,0,0,0,0,0.000021902926
08261981,08/26/1981,"August 26, 1981",3854535,1,0.037811874119,False,08261981: 1,1,0,0,0,0,0,0,0,0,0,0,0,0,0.000021902926
09251981,09/25/1981,"September 25, 1981",5394292,1,0.052513756193,False,09251981: 1,1,0,0,0,0,0,0,0,0,0,0,0,0,0.000021902926
09261981,09/26/1981,"September 26, 1981",3608039,1,0.035437193308,False,09261981: 1,1,0,0,0,0,0,0,0,0,0,0,0,0,0.000021902926
10081981,10/08/1981,"October 08, 1981",622836,1,0.006208944407,False,10081981: 1,1,0,0,0,0,0,0,0,0,0,0,0,0,0.000021902926
10121981,10/12/1981,"October 12, 1981",4640180,2,0.045341639752,False,10121981: 2,2,0,0,0,0,0,0,0,0,0,0,0,0,0.000021902926
10211981,10/21/1981,"October 21, 1981",6485867,1,0.062800035896,False,10211981: 1,1,0,0,0,0,0,0,0,0,0,0,0,0,0.000021902926
11121981,11/12/1981,"November 12, 1981",4704224,1,0.045952845417,False,11121981: 1,1,0,0,0,0,0,0,0,0,0,0,0,0,0.000021902926
11221981,11/22/1981,"November 22, 1981",7914226,1,0.076091465423,True,11221981: 1,1,1,0,0,0,0,0,0,0,0,0,0,0,0.000021902926
11301981,11/30/1981,"November 30, 1981",7350126,1,0.070864969856,False,11301981: 1,1,0,0,0,0,0,0,0,0,0,0,0,0,0.000021902926
12031981,12/03/1981,"December 03, 1981",5776742,2,0.056130496848,True,12031981: 2; 120319810: 1,2,0,1,0,0,0,0,0,0,0,0,0,0,0.000021902926
12091981,12/09/1981,"December 09, 1981",5713058,1,0.055529211547,False,12091981: 1,1,0,0,0,0,0,0,0,0,0,0,0,0,0.000021902926
12171981,12/17/1981,"December 17, 1981",6116882,1,0.059335520734,False,12171981: 1,1,0,0,0,0,0,0,0,0,0,0,0,0,0.000021902926
12251981,12/25/1981,"December 25, 1981",7847881,1,0.075478294918,False,12251981: 1,1,0,0,0,0,0,0,0,0,0,0,0,0,0.000021902926
12281981,12/28/1981,"December 28, 1981",7680876,1,0.073933007435,False,12281981: 1,1,0,0,0,0,0,0,0,0,0,0,0,0,0.000021902926
01021982,01/02/1982,"January 02, 1982",3297434,1,0.032436555319,True,01021982: 1; 010219820: 1,1,0,1,0,0,0,0,0,0,0,0,0,0,0.000021902926
01071982,01/07/1982,"January 07, 1982",6329408,1,0.061332554486,False,01071982: 1,1,0,0,0,0,0,0,0,0,0,0,0,0,0.000021902926
01161982,01/16/1982,"January 16, 1982",3936812,1,0.038603208064,True,01161982: 1; 011619820: 1,1,0,1,0,0,0,0,0,0,0,0,0,0,0.000021902926
01281982,01/28/1982,"January 28, 1982",8869322,1,0.084873672952,False,01281982: 1,1,0,0,0,0,0,0,0,0,0,0,0,0,0.000021902926
03051982,03/05/1982,"March 05, 1982",8728781,1,0.083586641056,False,03051982: 1,1,0,0,0,0,0,0,0,0,0,0,0,0,0.000021902926
03061982,03/06/1982,"March 06, 1982",2694981,1,0.026589846107,False,03061982: 1,1,0,0,0,0,0,0,0,0,0,0,0,0,0.000021902926
03121982,03/12/1982,"March 12, 1982",8486059,1,0.081359602538,True,03121982: 1; 0031219820: 1; 031219820: 1,1,1,1,1,0,0,0,0,0,0,0,0,0,0.000021902926
03151982,03/15/1982,"March 15, 1982",9176351,1,0.087679067300,False,03151982: 1,1,0,0,0,0,0,0,0,0,0,0,0,0,0.000021902926
03301982,03/30/1982,"March 30, 1982",7037750,1,0.067958037069,False,03301982: 1,1,0,0,0,0,0,0,0,0,0,0,0,0,0.000021902926
04041982,04/04/1982,"April 04, 1982",967695,1,0.000096764026,True,04041982: 1; 0040419820: 1; 00404198200: 1; 040419820: 1; 0404198200: 1,1,1,1,2,0,1,0,0,0,0,0,0,0,0.000021902926
04051982,04/05/1982,"April 05, 1982",6665902,1,0.064485805925,False,04051982: 1,1,0,0,0,0,0,0,0,0,0,0,0,0,0.000021902926
04071982,04/07/1982,"April 07, 1982",8492768,1,0.081421232055,False,04071982: 1,1,0,0,0,0,0,0,0,0,0,0,0,0,0.000021902926
04291982,04/29/1982,"April 29, 1982",2387344,1,0.023590665353,False,04291982: 1,1,0,0,0,0,0,0,0,0,0,0,0,0,0.000021902926
05051982,05/05/1982,"May 05, 1982",1566406,1,0.015541957762,True,05051982: 1; 050519820: 1,1,0,1,0,0,0,0,0,0,0,0,0,0,0.000021902926
05071982,05/07/1982,"May 07, 1982",3117804,1,0.030696959135,False,05071982: 1,1,0,0,0,0,0,0,0,0,0,0,0,0,0.000021902926
05151982,05/15/1982,"May 15, 1982",5428254,1,0.052835486838,True,05151982: 1; 051519820: 1,1,0,1,0,0,0,0,0,0,0,0,0,0,0.000021902926
05211982,05/21/1982,"May 21, 1982",1127707,1,0.011213662980,False,05211982: 1,1,0,0,0,0,0,0,0,0,0,0,0,0,0.000021902926
05251982,05/25/1982,"May 25, 1982",689223,1,0.006868473536,False,05251982: 1,1,0,0,0,0,0,0,0,0,0,0,0,0,0.000021902926
06061982,06/06/1982,"June 06, 1982",820561,1,0.008171976449,True,06061982: 1; 060619820: 1; 0606198200: 1; 06061982000: 1,1,0,1,0,0,1,0,0,1,0,0,0,0,0.000021902926
06181982,06/18/1982,"June 18, 1982",2201041,1,0.021769889899,False,06181982: 1,1,0,0,0,0,0,0,0,0,0,0,0,0,0.000021902926
06201982,06/20/1982,"June 20, 1982",6419083,1,0.062173927219,True,06201982: 1,1,1,0,0,0,0,0,0,0,0,0,0,0,0.000021902926
08071982,08/07/1982,"August 07, 1982",4354837,1,0.042613698776,True,08071982: 1; 080719820: 1,1,0,1,0,0,0,0,0,0,0,0,0,0,0.000021902926
08201982,08/20/1982,"August 20, 1982",5681857,1,0.055234481236,False,08201982: 1,1,0,0,0,0,0,0,0,0,0,0,0,0,0.000021902926
09151982,09/15/1982,"September 15, 1982",4841356,1,0.047260252733,True,09151982: 1; 091519820: 1,1,0,1,0,0,0,0,0,0,0,0,0,0,0.000021902926
09271982,09/27/1982,"September 27, 1982",994295,2,0.009893622989,True,09271982: 2; 092719820: 1,2,0,1,0,0,0,0,0,0,0,0,0,0,0.000021902926
10061982,10/06/1982,"October 06, 1982",6830144,1,0.066021052059,False,10061982: 1,1,0,0,0,0,0,0,0,0,0,0,0,0,0.000021902926
10131982,10/13/1982,"October 13, 1982",6290611,1,0.060968309020,True,10131982: 1,1,1,0,0,0,0,0,0,0,0,0,0,0,0.000021902926
10141982,10/14/1982,"October 14, 1982",3964021,1,0.038864758935,True,10141982: 1,1,1,0,0,0,0,0,0,0,0,0,0,0,0.000021902926
10171982,10/17/1982,"October 17, 1982",1427085,1,0.014169445082,False,10171982: 1,1,0,0,0,0,0,0,0,0,0,0,0,0,0.000021902926
10261982,10/26/1982,"October 26, 1982",7577932,1,0.072979186154,False,10261982: 1,1,0,0,0,0,0,0,0,0,0,0,0,0,0.000021902926
12131982,12/13/1982,"December 13, 1982",5757060,1,0.055944706168,True,12131982: 1; 121319820: 1,1,0,1,0,0,0,0,0,0,0,0,0,0,0.000021902926
01241983,01/24/1983,"January 24, 1983",7487840,1,0.072143638229,True,01241983: 1,1,1,0,0,1,0,0,0,0,0,0,0,0,0.000021902926
02021983,02/02/1983,"February 02, 1983",7225858,1,0.069709634618,False,02021983: 1,1,0,0,0,0,0,0,0,0,0,0,0,0,0.000021902926
03091983,03/09/1983,"March 09, 1983",3721720,1,0.036533094930,False,03091983: 1,1,0,0,0,0,0,0,0,0,0,0,0,0,0.000021902926
03231983,03/23/1983,"March 23, 1983",3041203,1,0.029954178853,False,03231983: 1,1,0,0,0,0,0,0,0,0,0,0,0,0,0.000021902926
04141983,04/14/1983,"April 14, 1983",9215171,1,0.088033161556,False,04141983: 1,1,0,0,0,0,0,0,0,0,0,0,0,0,0.000021902926
05261983,05/26/1983,"May 26, 1983",7026370,1,0.067851964657,False,05261983: 1,1,0,0,0,0,0,0,0,0,0,0,0,0,0.000021902926
06011983,06/01/1983,"June 01, 1983",4611136,1,0.045064328506,False,06011983: 1,1,0,0,0,0,0,0,0,0,0,0,0,0,0.000021902926
06021983,06/02/1983,"June 02, 1983",8663501,1,0.082988211103,False,06021983: 1,1,0,0,0,0,0,0,0,0,0,0,0,0,0.000021902926
06041983,06/04/1983,"June 04, 1983",7991318,1,0.076803450521,False,06041983: 1,1,0,0,0,0,0,0,0,0,0,0,0,0,0.000021902926
06051983,06/05/1983,"June 05, 1983",3832873,1,0.037603422349,False,06051983: 1,1,0,0,0,0,0,0,0,0,0,0,0,0,0.000021902926
06081983,06/08/1983,"June 08, 1983",9352079,1,0.089280862831,False,06081983: 1,1,0,0,0,0,0,0,0,0,0,0,0,0,0.000021902926
06141983,06/14/1983,"June 14, 1983",2585418,1,0.025522764273,True,06141983: 1,1,1,0,0,0,0,0,0,0,0,0,0,0,0.000021902926
07091983,07/09/1983,"July 09, 1983",6641578,1,0.064258223773,True,07091983: 1,1,1,0,0,0,0,0,0,0,0,0,0,0,0.000021902926
07101983,07/10/1983,"July 10, 1983",3915654,1,0.038399774208,True,07101983: 1; 071019830: 1,1,0,1,0,0,0,0,0,0,0,0,0,0,0.000021902926
08021983,08/02/1983,"August 02, 1983",265108,1,0.002647509176,True,08021983: 1; 080219830: 1,1,0,1,0,0,0,0,0,0,0,0,0,0,0.000021902926
08051983,08/05/1983,"August 05, 1983",9169619,1,0.087617647787,False,08051983: 1,1,0,0,0,0,0,0,0,0,0,0,0,0,0.000021902926
08131983,08/13/1983,"August 13, 1983",8569595,2,0.082126677552,False,08131983: 2,2,0,0,0,0,0,0,0,0,0,0,0,0,0.000021902926
08161983,08/16/1983,"August 16, 1983",4642113,1,0.045360093120,False,08161983: 1,1,0,0,0,0,0,0,0,0,0,0,0,0,0.000021902926
08271983,08/27/1983,"August 27, 1983",4486827,1,0.043876519386,False,08271983: 1,1,0,0,0,0,0,0,0,0,0,0,0,0,0.000021902926
09121983,09/12/1983,"September 12, 1983",8797024,1,0.084211815688,False,09121983: 1,1,0,0,0,0,0,0,0,0,0,0,0,0,0.000021902926
09191983,09/19/1983,"September 19, 1983",3909928,1,0.038344711402,True,09191983: 1,1,1,0,0,0,0,0,0,0,0,0,0,0,0.000021902926
09221983,09/22/1983,"September 22, 1983",9760183,1,0.092989970440,False,09221983: 1,1,0,0,0,0,0,0,0,0,0,0,0,0,0.000021902926
09271983,09/27/1983,"September 27, 1983",7636286,1,0.073519982081,False,09271983: 1,1,0,0,0,0,0,0,0,0,0,0,0,0,0.000021902926
10041983,10/04/1983,"October 04, 1983",3216953,1,0.031657537137,False,10041983: 1,1,0,0,0,0,0,0,0,0,0,0,0,0,0.000021902926
10051983,10/05/1983,"October 05, 1983",4488349,1,0.043891071475,False,10051983: 1,1,0,0,0,0,0,0,0,0,0,0,0,0,0.000021902926
10091983,10/09/1983,"October 09, 1983",7856722,1,0.075560028270,False,10091983: 1,1,0,0,0,0,0,0,0,0,0,0,0,0,0.000021902926
10211983,10/21/1983,"October 21, 1983",6159258,1,0.059734052271,False,10211983: 1,1,0,0,0,0,0,0,0,0,0,0,0,0,0.000021902926
11051983,11/05/1983,"November 05, 1983",1881449,1,0.018638543593,True,11051983: 1; 110519830: 1,1,0,1,0,0,0,0,0,0,0,0,0,0,0.000021902926
11061983,11/06/1983,"November 06, 1983",4305492,1,0.042141159924,False,11061983: 1,1,0,0,0,0,0,0,0,0,0,0,0,0,0.000021902926
11171983,11/17/1983,"November 17, 1983",5530881,1,0.053807034753,False,11171983: 1,1,0,0,0,0,0,0,0,0,0,0,0,0,0.000021902926
11211983,11/21/1983,"November 21, 1983",5015227,1,0.048915351590,False,11211983: 1,1,0,0,0,0,0,0,0,0,0,0,0,0,0.000021902926
11221983,11/22/1983,"November 22, 1983",160100,1,0.001599659195,False,11221983: 1,1,0,0,0,0,0,0,0,0,0,0,0,0,0.000021902926
12091983,12/09/1983,"December 09, 1983",3610345,1,0.035459435870,False,12091983: 1,1,0,0,0,0,0,0,0,0,0,0,0,0,0.000021902926
12111983,12/11/1983,"December 11, 1983",9095372,1,0.086939979712,True,12111983: 1,1,1,0,0,0,0,0,0,0,0,0,0,0,0.000021902926
12191983,12/19/1983,"December 19, 1983",7705823,1,0.074164004555,False,12191983: 1,1,0,0,0,0,0,0,0,0,0,0,0,0,0.000021902926
01061984,01/06/1984,"January 06, 1984",6802278,1,0.065760753217,False,01061984: 1,1,0,0,0,0,0,0,0,0,0,0,0,0,0.000021902926
01111984,01/11/1984,"January 11, 1984",9027991,1,0.086324543413,False,01111984: 1,1,0,0,0,0,0,0,0,0,0,0,0,0,0.000021902926
01201984,01/20/1984,"January 20, 1984",9970324,1,0.094893969163,False,01201984: 1,1,0,0,0,0,0,0,0,0,0,0,0,0,0.000021902926
01271984,01/27/1984,"January 27, 1984",4127164,1,0.000412630479,True,01271984: 1; 0012719840: 1; 00012719840: 1; 012719840: 1,1,1,1,2,1,0,0,0,0,0,0,0,0,0.000021902926
02021984,02/02/1984,"February 02, 1984",9711891,1,0.092551851372,False,02021984: 1,1,0,0,0,0,0,0,0,0,0,0,0,0,0.000021902926
02051984,02/05/1984,"February 05, 1984",1727228,1,0.017123910485,False,02051984: 1,1,0,0,0,0,0,0,0,0,0,0,0,0,0.000021902926
02161984,02/16/1984,"February 16, 1984",8618027,1,0.082571114330,False,02161984: 1,1,0,0,0,0,0,0,0,0,0,0,0,0,0.000021902926
02181984,02/18/1984,"February 18, 1984",841672,1,0.008381339165,False,02181984: 1,1,0,0,0,0,0,0,0,0,0,0,0,0,0.000021902926
03061984,03/06/1984,"March 06, 1984",8184734,1,0.078587334662,False,03061984: 1,1,0,0,0,0,0,0,0,0,0,0,0,0,0.000021902926
03151984,03/15/1984,"March 15, 1984",7267630,1,0.070098154361,True,03151984: 1; 031519840: 1,1,0,1,0,0,0,0,0,0,0,0,0,0,0.000021902926
03211984,03/21/1984,"March 21, 1984",1717497,1,0.017028262158,False,03211984: 1,1,0,0,0,0,0,0,0,0,0,0,0,0,0.000021902926
03231984,03/23/1984,"March 23, 1984",913974,1,0.009098040171,True,03231984: 1,1,1,0,0,0,0,0,0,0,0,0,0,0,0.000021902926
04091984,04/09/1984,"April 09, 1984",320254,1,0.003197357563,False,04091984: 1,1,0,0,0,0,0,0,0,0,0,0,0,0,0.000021902926
05041984,05/04/1984,"May 04, 1984",6581,1,0.000065747839,False,05041984: 1,1,0,0,0,0,0,0,0,0,0,0,0,0,0.000021902926
05091984,05/09/1984,"May 09, 1984",9485653,1,0.090496534732,False,05091984: 1,1,0,0,0,0,0,0,0,0,0,0,0,0,0.000021902926
05291984,05/29/1984,"May 29, 1984",4421273,1,0.043249536710,False,05291984: 1,1,0,0,0,0,0,0,0,0,0,0,0,0,0.000021902926
06041984,06/04/1984,"June 04, 1984",1935595,1,0.019169767741,True,06041984: 1; 060419840: 1; 0604198400: 1,1,0,1,0,0,1,0,0,0,0,0,0,0,0.000021902926
07171984,07/17/1984,"July 17, 1984",3070414,1,0.030237497559,False,07171984: 1,1,0,0,0,0,0,0,0,0,0,0,0,0,0.000021902926
07181984,07/18/1984,"July 18, 1984",9567244,1,0.091238305062,True,07181984: 1,1,1,0,0,0,0,0,0,0,0,0,0,0,0.000021902926
08271984,08/27/1984,"August 27, 1984",5974823,1,0.057998272552,False,08271984: 1,1,0,0,0,0,0,0,0,0,0,0,0,0,0.000021902926
09041984,09/04/1984,"September 04, 1984",1566219,1,0.015540116823,True,09041984: 1; 090419840: 1; 0904198400: 1,1,0,1,0,0,1,0,0,0,0,0,0,0,0.000021902926
09131984,09/13/1984,"September 13, 1984",3865520,1,0.037917564681,True,09131984: 1,1,1,0,0,0,0,0,0,0,0,0,0,0,0.000021902926
10141984,10/14/1984,"October 14, 1984",1284751,1,0.012765273936,False,10141984: 1,1,0,0,0,0,0,0,0,0,0,0,0,0,0.000021902926
11021984,11/02/1984,"November 02, 1984",1004755,1,0.009997182701,False,11021984: 1,1,0,0,0,0,0,0,0,0,0,0,0,0,0.000021902926
11041984,11/04/1984,"November 04, 1984",6811909,1,0.065850725467,False,11041984: 1,1,0,0,0,0,0,0,0,0,0,0,0,0,0.000021902926
11051984,11/05/1984,"November 05, 1984",2838396,1,0.027984861724,False,11051984: 1,1,0,0,0,0,0,0,0,0,0,0,0,0,0.000021902926
11061984,11/06/1984,"November 06, 1984",2329436,1,0.023025082486,False,11061984: 1,1,0,0,0,0,0,0,0,0,0,0,0,0,0.000021902926
11211984,11/21/1984,"November 21, 1984",376632,1,0.003759176576,False,11211984: 1,1,0,0,0,0,0,0,0,0,0,0,0,0,0.000021902926
12181984,12/18/1984,"December 18, 1984",193165,1,0.001929725700,False,12181984: 1,1,0,0,0,0,0,0,0,0,0,0,0,0,0.000021902926
12211984,12/21/1984,"December 21, 1984",9139034,1,0.087338552963,False,12211984: 1,1,0,0,0,0,0,0,0,0,0,0,0,0,0.000021902926
01011985,01/01/1985,"January 01, 1985",3830048,1,0.037576234261,False,01011985: 1,1,0,0,0,0,0,0,0,0,0,0,0,0,0.000021902926
01221985,01/22/1985,"January 22, 1985",1647518,1,0.016340147619,True,01221985: 1,1,1,0,0,0,0,0,0,0,0,0,0,0,0.000021902926
01291985,01/29/1985,"January 29, 1985",4364149,1,0.042702846439,True,01291985: 1; 012919850: 1; 0129198500: 1,1,0,1,0,0,1,0,0,0,0,0,0,0,0.000021902926
02041985,02/04/1985,"February 04, 1985",7925333,1,0.076194078246,False,02041985: 1,1,0,0,0,0,0,0,0,0,0,0,0,0,0.000021902926
02151985,02/15/1985,"February 15, 1985",7593309,1,0.073121723186,False,02151985: 1,1,0,0,0,0,0,0,0,0,0,0,0,0,0.000021902926
02251985,02/25/1985,"February 25, 1985",1397612,1,0.013878848418,True,02251985: 1,1,1,0,0,0,0,0,0,0,0,0,0,0,0.000021902926
03011985,03/01/1985,"March 01, 1985",2145506,2,0.021226478924,True,03011985: 2,2,1,0,0,0,0,0,0,0,0,0,0,0,0.000021902926
03141985,03/14/1985,"March 14, 1985",2886347,1,0.028450840977,True,03141985: 1; 031419850: 1,1,0,1,0,0,0,0,0,0,0,0,0,0,0.000021902926
03171985,03/17/1985,"March 17, 1985",8837653,1,0.084583815698,False,03171985: 1,1,0,0,0,0,0,0,0,0,0,0,0,0,0.000021902926
03231985,03/23/1985,"March 23, 1985",2223330,1,0.021987903313,True,03231985: 1; 0032319850: 1; 032319850: 1,1,1,1,1,0,0,0,0,0,0,0,0,0,0.000021902926
03251985,03/25/1985,"March 25, 1985",2952765,1,0.029095910260,False,03251985: 1,1,0,0,0,0,0,0,0,0,0,0,0,0,0.000021902926
04061985,04/06/1985,"April 06, 1985",5104584,1,0.049764832716,True,04061985: 1; 040619850: 1,1,0,1,0,0,0,0,0,0,0,0,0,0,0.000021902926
04181985,04/18/1985,"April 18, 1985",4222311,1,0.041344071887,False,04181985: 1,1,0,0,0,0,0,0,0,0,0,0,0,0,0.000021902926
04191985,04/19/1985,"April 19, 1985",4644379,1,0.045381725015,False,04191985: 1,1,0,0,0,0,0,0,0,0,0,0,0,0,0.000021902926
04251985,04/25/1985,"April 25, 1985",7394522,1,0.071277377095,False,04251985: 1,1,0,0,0,0,0,0,0,0,0,0,0,0,0.000021902926
05151985,05/15/1985,"May 15, 1985",303805,2,0.003033380008,False,05151985: 2,2,0,0,0,0,0,0,0,0,0,0,0,0,0.000021902926
05221985,05/22/1985,"May 22, 1985",7357215,1,0.070930833904,False,05221985: 1,1,0,0,0,0,0,0,0,0,0,0,0,0,0.000021902926
05251985,05/25/1985,"May 25, 1985",1245441,1,0.012377115674,False,05251985: 1,1,0,0,0,0,0,0,0,0,0,0,0,0,0.000021902926
06031985,06/03/1985,"June 03, 1985",7914162,1,0.076090874122,False,06031985: 1,1,0,0,0,0,0,0,0,0,0,0,0,0,0.000021902926
06071985,06/07/1985,"June 07, 1985",9692940,1,0.092379864576,False,06071985: 1,1,0,0,0,0,0,0,0,0,0,0,0,0,0.000021902926
06261985,06/26/1985,"June 26, 1985",4537963,1,0.044365317708,False,06261985: 1,1,0,0,0,0,0,0,0,0,0,0,0,0,0.000021902926
06271985,06/27/1985,"June 27, 1985",1029159,2,0.010238753513,False,06271985: 2,2,0,0,0,0,0,0,0,0,0,0,0,0,0.000021902926
07111985,07/11/1985,"July 11, 1985",8664164,1,0.082994290871,False,07111985: 1,1,0,0,0,0,0,0,0,0,0,0,0,0,0.000021902926
07181985,07/18/1985,"July 18, 1985",525923,2,0.005245364830,False,07181985: 2,2,0,0,0,0,0,0,0,0,0,0,0,0,0.000021902926
08171985,08/17/1985,"August 17, 1985",2897523,1,0.028559415245,False,08171985: 1,1,0,0,0,0,0,0,0,0,0,0,0,0,0.000021902926
08261985,08/26/1985,"August 26, 1985",3781094,1,0.037104973985,False,08261985: 1,1,0,0,0,0,0,0,0,0,0,0,0,0,0.000021902926
09081985,09/08/1985,"September 08, 1985",7198503,1,0.069455118876,False,09081985: 1,1,0,0,0,0,0,0,0,0,0,0,0,0,0.000021902926
09151985,09/15/1985,"September 15, 1985",8772612,1,0.083988226184,True,09151985: 1,1,1,0,0,0,0,0,0,0,0,0,0,0,0.000021902926
10251985,10/25/1985,"October 25, 1985",8912079,1,0.085264869882,False,10251985: 1,1,0,0,0,0,0,0,0,0,0,0,0,0,0.000021902926
10271985,10/27/1985,"October 27, 1985",8769742,1,0.083961936268,False,10271985: 1,1,0,0,0,0,0,0,0,0,0,0,0,0,0.000021902926
11131985,11/13/1985,"November 13, 1985",8053973,1,0.077381698155,False,11131985: 1,1,0,0,0,0,0,0,0,0,0,0,0,0,0.000021902926
11141985,11/14/1985,"November 14, 1985",9637495,1,0.091876495053,False,11141985: 1,1,0,0,0,0,0,0,0,0,0,0,0,0,0.000021902926
11251985,11/25/1985,"November 25, 1985",9036852,1,0.086405500610,False,11251985: 1,1,0,0,0,0,0,0,0,0,0,0,0,0,0.000021902926
11261985,11/26/1985,"November 26, 1985",5399121,1,0.052559509200,False,11261985: 1,1,0,0,0,0,0,0,0,0,0,0,0,0,0.000021902926
12071985,12/07/1985,"December 07, 1985",1201477,1,0.011942821685,False,12071985: 1,1,0,0,0,0,0,0,0,0,0,0,0,0,0.000021902926
12131985,12/13/1985,"December 13, 1985",3010757,1,0.029658793735,False,12131985: 1,1,0,0,0,0,0,0,0,0,0,0,0,0,0.000021902926
12191985,12/19/1985,"December 19, 1985",7911816,1,0.076069198959,False,12191985: 1,1,0,0,0,0,0,0,0,0,0,0,0,0,0.000021902926
12301985,12/30/1985,"December 30, 1985",8016690,1,0.077037654239,True,12301985: 1; 123019850: 1,1,0,1,0,0,0,0,0,0,0,0,0,0,0.000021902926
01021986,01/02/1986,"January 02, 1986",8835413,1,0.084563310145,True,01021986: 1; 010219860: 1,1,0,1,0,0,0,0,0,0,0,0,0,0,0.000021902926
01231986,01/23/1986,"January 23, 1986",501722,1,0.005004595125,True,01231986: 1,1,1,0,0,0,0,0,0,0,0,0,0,0,0.000021902926
01261986,01/26/1986,"January 26, 1986",8549990,1,0.081946710844,False,01261986: 1,1,0,0,0,0,0,0,0,0,0,0,0,0,0.000021902926
02141986,02/14/1986,"February 14, 1986",1314692,1,0.013060817642,False,02141986: 1,1,0,0,0,0,0,0,0,0,0,0,0,0,0.000021902926
02181986,02/18/1986,"February 18, 1986",1019495,1,0.010143098363,False,02181986: 1,1,0,0,0,0,0,0,0,0,0,0,0,0,0.000021902926
03111986,03/11/1986,"March 11, 1986",408571,1,0.004077315128,False,03111986: 1,1,0,0,0,0,0,0,0,0,0,0,0,0,0.000021902926
03151986,03/15/1986,"March 15, 1986",6031645,1,0.058533384734,False,03151986: 1,1,0,0,0,0,0,0,0,0,0,0,0,0,0.000021902926
04031986,04/03/1986,"April 03, 1986",1735843,1,0.017208581614,False,04031986: 1,1,0,0,0,0,0,0,0,0,0,0,0,0,0.000021902926
04131986,04/13/1986,"April 13, 1986",4673966,1,0.045664126148,False,04131986: 1,1,0,0,0,0,0,0,0,0,0,0,0,0,0.000021902926
04141986,04/14/1986,"April 14, 1986",3894954,1,0.038200702356,False,04141986: 1,1,0,0,0,0,0,0,0,0,0,0,0,0,0.000021902926
05121986,05/12/1986,"May 12, 1986",1218536,1,0.012111359985,True,05121986: 1,1,1,0,0,0,0,0,0,0,0,0,0,0,0.000021902926
05161986,05/16/1986,"May 16, 1986",1930621,1,0.019120980032,False,05161986: 1,1,0,0,0,0,0,0,0,0,0,0,0,0,0.000021902926
05221986,05/22/1986,"May 22, 1986",2650519,1,0.026156952251,False,05221986: 1,1,0,0,0,0,0,0,0,0,0,0,0,0,0.000021902926
06021986,06/02/1986,"June 02, 1986",8688070,1,0.083213484057,False,06021986: 1,1,0,0,0,0,0,0,0,0,0,0,0,0,0.000021902926
06141986,06/14/1986,"June 14, 1986",8950975,1,0.085620596076,True,06141986: 1; 061419860: 1; 0614198600: 1,1,0,1,0,0,1,0,0,0,0,0,0,0,0.000021902926
06171986,06/17/1986,"June 17, 1986",3212115,1,0.031610687594,False,06171986: 1,1,0,0,0,0,0,0,0,0,0,0,0,0,0.000021902926
06251986,06/25/1986,"June 25, 1986",209017,1,0.002087927262,True,06251986: 1,1,1,0,0,0,0,0,0,0,0,0,0,0,0.000021902926
07051986,07/05/1986,"July 05, 1986",1421641,1,0.014115775005,False,07051986: 1,1,0,0,0,0,0,0,0,0,0,0,0,0,0.000021902926
07151986,07/15/1986,"July 15, 1986",1425136,2,0.014150231057,True,07151986: 2,2,1,0,0,0,0,0,0,0,0,0,0,0,0.000021902926
07221986,07/22/1986,"July 22, 1986",6863330,1,0.066330950891,False,07221986: 1,1,0,0,0,0,0,0,0,0,0,0,0,0,0.000021902926
07241986,07/24/1986,"July 24, 1986",9794732,1,0.093303279212,False,07241986: 1,1,0,0,0,0,0,0,0,0,0,0,0,0,0.000021902926
08161986,08/16/1986,"August 16, 1986",9867942,1,0.093966828966,False,08161986: 1,1,0,0,0,0,0,0,0,0,0,0,0,0,0.000021902926
08181986,08/18/1986,"August 18, 1986",802179,1,0.007989641862,False,08181986: 1,1,0,0,0,0,0,0,0,0,0,0,0,0,0.000021902926
09071986,09/07/1986,"September 07, 1986",9833631,1,0.093655906584,False,09071986: 1,1,0,0,0,0,0,0,0,0,0,0,0,0,0.000021902926
09121986,09/12/1986,"September 12, 1986",4868486,1,0.047518695969,False,09121986: 1,1,0,0,0,0,0,0,0,0,0,0,0,0,0.000021902926
09161986,09/16/1986,"September 16, 1986",6107940,1,0.059251402755,False,09161986: 1,1,0,0,0,0,0,0,0,0,0,0,0,0,0.000021902926
09191986,09/19/1986,"September 19, 1986",3855351,1,0.037819725542,False,09191986: 1,1,0,0,0,0,0,0,0,0,0,0,0,0,0.000021902926
09201986,09/20/1986,"September 20, 1986",1703364,1,0.016889328944,True,09201986: 1,1,1,0,0,0,0,0,0,0,0,0,0,0,0.000021902926
10081986,10/08/1986,"October 08, 1986",4517774,1,0.044172365143,False,10081986: 1,1,0,0,0,0,0,0,0,0,0,0,0,0,0.000021902926
10121986,10/12/1986,"October 12, 1986",1736609,1,0.017216109767,False,10121986: 1,1,0,0,0,0,0,0,0,0,0,0,0,0,0.000021902926
10281986,10/28/1986,"October 28, 1986",6943084,1,0.067075292451,True,10281986: 1,1,1,0,0,0,0,0,0,0,0,0,0,0,0.000021902926
10311986,10/31/1986,"October 31, 1986",1453418,1,0.014429009667,False,10311986: 1,1,0,0,0,0,0,0,0,0,0,0,0,0,0.000021902926
12181986,12/18/1986,"December 18, 1986",5168191,1,0.050369056620,False,12181986: 1,1,0,0,0,0,0,0,0,0,0,0,0,0,0.000021902926
12311986,12/31/1986,"December 31, 1986",5479965,1,0.053325148469,False,12311986: 1,1,0,0,0,0,0,0,0,0,0,0,0,0,0.000021902926
01141987,01/14/1987,"January 14, 1987",9744493,1,0.092847649400,False,01141987: 1,1,0,0,0,0,0,0,0,0,0,0,0,0,0.000021902926
01151987,01/15/1987,"January 15, 1987",4863907,1,0.047475080851,False,01151987: 1,1,0,0,0,0,0,0,0,0,0,0,0,0,0.000021902926
01201987,01/20/1987,"January 20, 1987",3828075,2,0.037557245452,True,01201987: 2; 012019870: 1,2,1,1,0,0,0,0,0,0,0,0,0,0,0.000021902926
01281987,01/28/1987,"January 28, 1987",8371603,1,0.080307561527,False,01281987: 1,1,0,0,0,0,0,0,0,0,0,0,0,0,0.000021902926
01301987,01/30/1987,"January 30, 1987",2866679,1,0.028259737894,False,01301987: 1,1,0,0,0,0,0,0,0,0,0,0,0,0,0.000021902926
02221987,02/22/1987,"February 22, 1987",9070643,1,0.086714161177,False,02221987: 1,1,0,0,0,0,0,0,0,0,0,0,0,0,0.000021902926
03031987,03/03/1987,"March 03, 1987",5094814,2,0.049671990204,False,03031987: 2,2,0,0,0,0,0,0,0,0,0,0,0,0,0.000021902926
03231987,03/23/1987,"March 23, 1987",298586,1,0.002981346962,False,03231987: 1,1,0,0,0,0,0,0,0,0,0,0,0,0,0.000021902926
03291987,03/29/1987,"March 29, 1987",1299236,1,0.012908264531,False,03291987: 1,1,0,0,0,0,0,0,0,0,0,0,0,0,0.000021902926
04021987,04/02/1987,"April 02, 1987",5910670,1,0.057393756291,False,04021987: 1,1,0,0,0,0,0,0,0,0,0,0,0,0,0.000021902926
04111987,04/11/1987,"April 11, 1987",4397865,1,0.043025554345,False,04111987: 1,1,0,0,0,0,0,0,0,0,0,0,0,0,0.000021902926
04221987,04/22/1987,"April 22, 1987",8076173,1,0.077586496687,False,04221987: 1,1,0,0,0,0,0,0,0,0,0,0,0,0,0.000021902926
04301987,04/30/1987,"April 30, 1987",2116011,1,0.020937747092,True,04301987: 1,1,1,0,0,0,0,0,0,0,0,0,0,0,0.000021902926
05071987,05/07/1987,"May 07, 1987",2348886,1,0.023215085631,False,05071987: 1,1,0,0,0,0,0,0,0,0,0,0,0,0,0.000021902926
05131987,05/13/1987,"May 13, 1987",5551878,1,0.054005686035,False,05131987: 1,1,0,0,0,0,0,0,0,0,0,0,0,0,0.000021902926
05151987,05/15/1987,"May 15, 1987",7019051,1,0.067783738245,False,05151987: 1,1,0,0,0,0,0,0,0,0,0,0,0,0,0.000021902926
05261987,05/26/1987,"May 26, 1987",3448164,1,0.033893865136,False,05261987: 1,1,0,0,0,0,0,0,0,0,0,0,0,0,0.000021902926
06061987,06/06/1987,"June 06, 1987",6780575,1,0.065557973267,False,06061987: 1,1,0,0,0,0,0,0,0,0,0,0,0,0,0.000021902926
06201987,06/20/1987,"June 20, 1987",6655463,1,0.064388142500,False,06201987: 1,1,0,0,0,0,0,0,0,0,0,0,0,0,0.000021902926
06221987,06/22/1987,"June 22, 1987",7060312,1,0.068168300658,False,06221987: 1,1,0,0,0,0,0,0,0,0,0,0,0,0,0.000021902926
07071987,07/07/1987,"July 07, 1987",5841850,1,0.056744831398,False,07071987: 1,1,0,0,0,0,0,0,0,0,0,0,0,0,0.000021902926
07091987,07/09/1987,"July 09, 1987",8518555,1,0.081658075426,False,07091987: 1,1,0,0,0,0,0,0,0,0,0,0,0,0,0.000021902926
08031987,08/03/1987,"August 03, 1987",2567737,1,0.025350451718,False,08031987: 1,1,0,0,0,0,0,0,0,0,0,0,0,0,0.000021902926
08071987,08/07/1987,"August 07, 1987",1903501,1,0.018854929564,False,08071987: 1,1,0,0,0,0,0,0,0,0,0,0,0,0,0.000021902926
08121987,08/12/1987,"August 12, 1987",6773951,1,0.065496073776,False,08121987: 1,1,0,0,0,0,0,0,0,0,0,0,0,0,0.000021902926
09241987,09/24/1987,"September 24, 1987",3216605,1,0.031654167299,False,09241987: 1,1,0,0,0,0,0,0,0,0,0,0,0,0,0.000021902926
10121987,10/12/1987,"October 12, 1987",6529119,1,0.063205305979,False,10121987: 1,1,0,0,0,0,0,0,0,0,0,0,0,0,0.000021902926
11151987,11/15/1987,"November 15, 1987",4916687,1,0.047977690858,True,11151987: 1,1,1,0,0,1,0,0,0,0,0,0,0,0,0.000021902926
11251987,11/25/1987,"November 25, 1987",2867257,1,0.028265354537,False,11251987: 1,1,0,0,0,0,0,0,0,0,0,0,0,0,0.000021902926
12051987,12/05/1987,"December 05, 1987",9569964,1,0.091263023044,False,12051987: 1,1,0,0,0,0,0,0,0,0,0,0,0,0,0.000021902926
12121987,12/12/1987,"December 12, 1987",3756382,1,0.036866993960,True,12121987: 1,1,1,0,0,0,0,0,0,0,0,0,0,0,0.000021902926
12131987,12/13/1987,"December 13, 1987",3814194,1,0.037423639500,False,12131987: 1,1,0,0,0,0,0,0,0,0,0,0,0,0,0.000021902926
12241987,12/24/1987,"December 24, 1987",6118430,1,0.059350082108,False,12241987: 1,1,0,0,0,0,0,0,0,0,0,0,0,0,0.000021902926
12291987,12/29/1987,"December 29, 1987",1837424,1,0.018206404090,False,12291987: 1,1,0,0,0,0,0,0,0,0,0,0,0,0,0.000021902926
01101988,01/10/1988,"January 10, 1988",8579945,1,0.082221672525,False,01101988: 1,1,0,0,0,0,0,0,0,0,0,0,0,0,0.000021902926
01291988,01/29/1988,"January 29, 1988",4636635,2,0.045307796513,False,01291988: 2,2,0,0,0,0,0,0,0,0,0,0,0,0,0.000021902926
01311988,01/31/1988,"January 31, 1988",5780818,1,0.056168968186,False,01311988: 1,1,0,0,0,0,0,0,0,0,0,0,0,0,0.000021902926
02111988,02/11/1988,"February 11, 1988",1519469,1,0.015079774227,True,02111988: 1,1,1,0,0,0,0,0,0,0,0,0,0,0,0.000021902926
02121988,02/12/1988,"February 12, 1988",5403584,1,0.052601792526,False,02121988: 1,1,0,0,0,0,0,0,0,0,0,0,0,0,0.000021902926
02171988,02/17/1988,"February 17, 1988",3562540,1,0.034998227017,False,02171988: 1,1,0,0,0,0,0,0,0,0,0,0,0,0,0.000021902926
02271988,02/27/1988,"February 27, 1988",1378348,1,0.013688863738,True,02271988: 1,1,1,0,0,0,0,0,0,0,0,0,0,0,0.000021902926
03101988,03/10/1988,"March 10, 1988",7290370,1,0.070309590002,False,03101988: 1,1,0,0,0,0,0,0,0,0,0,0,0,0,0.000021902926
03171988,03/17/1988,"March 17, 1988",3015701,1,0.029706766219,False,03171988: 1,1,0,0,0,0,0,0,0,0,0,0,0,0,0.000021902926
03231988,03/23/1988,"March 23, 1988",5975638,1,0.058005949835,False,03231988: 1,1,0,0,0,0,0,0,0,0,0,0,0,0,0.000021902926
03281988,03/28/1988,"March 28, 1988",8563815,1,0.082073622940,False,03281988: 1,1,0,0,0,0,0,0,0,0,0,0,0,0,0.000021902926
04271988,04/27/1988,"April 27, 1988",969889,1,0.009651948134,False,04271988: 1,1,0,0,0,0,0,0,0,0,0,0,0,0,0.000021902926
04301988,04/30/1988,"April 30, 1988",7969018,1,0.076597554732,False,04301988: 1,1,0,0,0,0,0,0,0,0,0,0,0,0,0.000021902926
05131988,05/13/1988,"May 13, 1988",3935293,1,0.038588604335,False,05131988: 1,1,0,0,0,0,0,0,0,0,0,0,0,0,0.000021902926
05141988,05/14/1988,"May 14, 1988",611919,1,0.006100446314,True,05141988: 1; 051419880: 1,1,0,1,0,0,0,0,0,0,0,0,0,0,0.000021902926
06071988,06/07/1988,"June 07, 1988",5985108,1,0.058095152449,False,06071988: 1,1,0,0,0,0,0,0,0,0,0,0,0,0,0.000021902926
06091988,06/09/1988,"June 09, 1988",8274209,1,0.079411399931,False,06091988: 1,1,0,0,0,0,0,0,0,0,0,0,0,0,0.000021902926
06281988,06/28/1988,"June 28, 1988",8730925,1,0.083606288748,False,06281988: 1,1,0,0,0,0,0,0,0,0,0,0,0,0,0.000021902926
07111988,07/11/1988,"July 11, 1988",2160727,1,0.021375446706,False,07111988: 1,1,0,0,0,0,0,0,0,0,0,0,0,0,0.000021902926
07311988,07/31/1988,"July 31, 1988",6486267,1,0.062803784689,False,07311988: 1,1,0,0,0,0,0,0,0,0,0,0,0,0,0.000021902926
08081988,08/08/1988,"August 08, 1988",1440363,1,0.014300334974,False,08081988: 1,1,0,0,0,0,0,0,0,0,0,0,0,0,0.000021902926
08181988,08/18/1988,"August 18, 1988",6963537,1,0.067266084032,False,08181988: 1,1,0,0,0,0,0,0,0,0,0,0,0,0,0.000021902926
08201988,08/20/1988,"August 20, 1988",5786836,1,0.056225766229,False,08201988: 1,1,0,0,0,0,0,0,0,0,0,0,0,0,0.000021902926
08211988,08/21/1988,"August 21, 1988",6310752,1,0.061157420349,True,08211988: 1,1,1,0,0,0,0,0,0,0,0,0,0,0,0.000021902926
09091988,09/09/1988,"September 09, 1988",9462981,1,0.090290308727,True,09091988: 1,1,1,0,0,0,0,0,0,0,0,0,0,0,0.000021902926
09161988,09/16/1988,"September 16, 1988",422025,1,0.004211297554,False,09161988: 1,1,0,0,0,0,0,0,0,0,0,0,0,0,0.000021902926
09191988,09/19/1988,"September 19, 1988",3259543,1,0.032069866384,True,09191988: 1; 091919880: 1,1,0,1,0,0,0,0,0,0,0,0,0,0,0.000021902926
09291988,09/29/1988,"September 29, 1988",9795738,1,0.093312400535,False,09291988: 1,1,0,0,0,0,0,0,0,0,0,0,0,0,0.000021902926
10081988,10/08/1988,"October 08, 1988",9997760,1,0.095142259994,False,10081988: 1,1,0,0,0,0,0,0,0,0,0,0,0,0,0.000021902926
10151988,10/15/1988,"October 15, 1988",6205281,1,0.060166691308,True,10151988: 1; 101519880: 1,1,0,1,0,0,0,0,0,0,0,0,0,0,0.000021902926
10161988,10/16/1988,"October 16, 1988",9888132,1,0.094149738600,True,10161988: 1; 101619880: 1,1,0,1,0,0,0,0,0,0,0,0,0,0,0.000021902926
10231988,10/23/1988,"October 23, 1988",5439761,1,0.052944470790,False,10231988: 1,1,0,0,0,0,0,0,0,0,0,0,0,0,0.000021902926
10251988,10/25/1988,"October 25, 1988",8449935,1,0.081027692932,False,10251988: 1,1,0,0,0,0,0,0,0,0,0,0,0,0,0.000021902926
10291988,10/29/1988,"October 29, 1988",3421264,1,0.033633947626,False,10291988: 1,1,0,0,0,0,0,0,0,0,0,0,0,0,0.000021902926
11071988,11/07/1988,"November 07, 1988",7621268,1,0.073380832862,False,11071988: 1,1,0,0,0,0,0,0,0,0,0,0,0,0,0.000021902926
12061988,12/06/1988,"December 06, 1988",7176578,1,0.069251074541,False,12061988: 1,1,0,0,0,0,0,0,0,0,0,0,0,0,0.000021902926
12211988,12/21/1988,"December 21, 1988",9321632,1,0.089003533956,False,12211988: 1,1,0,0,0,0,0,0,0,0,0,0,0,0,0.000021902926
01201989,01/20/1989,"January 20, 1989",3836592,1,0.037639213212,False,01201989: 1,1,0,0,0,0,0,0,0,0,0,0,0,0,0.000021902926
01281989,01/28/1989,"January 28, 1989",1712871,1,0.016982788833,True,01281989: 1,1,1,0,0,0,0,0,0,0,0,0,0,0,0.000021902926
01291989,01/29/1989,"January 29, 1989",3568099,1,0.035051869975,False,01291989: 1,1,0,0,0,0,0,0,0,0,0,0,0,0,0.000021902926
02101989,02/10/1989,"February 10, 1989",2769138,1,0.027311430297,False,02101989: 1,1,0,0,0,0,0,0,0,0,0,0,0,0,0.000021902926
02271989,02/27/1989,"February 27, 1989",8722668,1,0.083530618995,False,02271989: 1,1,0,0,0,0,0,0,0,0,0,0,0,0,0.000021902926
03191989,03/19/1989,"March 19, 1989",365883,1,0.003652084893,False,03191989: 1,1,0,0,0,0,0,0,0,0,0,0,0,0,0.000021902926
04131989,04/13/1989,"April 13, 1989",7850373,1,0.075501333712,False,04131989: 1,1,0,0,0,0,0,0,0,0,0,0,0,0,0.000021902926
04241989,04/24/1989,"April 24, 1989",7153249,1,0.069033914792,False,04241989: 1,1,0,0,0,0,0,0,0,0,0,0,0,0,0.000021902926
04271989,04/27/1989,"April 27, 1989",3427092,1,0.033690265799,False,04271989: 1,1,0,0,0,0,0,0,0,0,0,0,0,0,0.000021902926
05071989,05/07/1989,"May 07, 1989",6950211,2,0.067141779627,False,05071989: 2,2,0,0,0,0,0,0,0,0,0,0,0,0,0.000021902926
05291989,05/29/1989,"May 29, 1989",4459216,1,0.043612487680,False,05291989: 1,1,0,0,0,0,0,0,0,0,0,0,0,0,0.000021902926
05311989,05/31/1989,"May 31, 1989",6588114,1,0.063757805025,False,05311989: 1,1,0,0,0,0,0,0,0,0,0,0,0,0,0.000021902926
06041989,06/04/1989,"June 04, 1989",8682063,1,0.083158411036,True,06041989: 1,1,1,0,0,0,0,0,0,0,0,0,0,0,0.000021902926
06171989,06/17/1989,"June 17, 1989",493408,1,0.004921867767,False,06171989: 1,1,0,0,0,0,0,0,0,0,0,0,0,0,0.000021902926
06191989,06/19/1989,"June 19, 1989",4674834,1,0.045672409748,False,06191989: 1,1,0,0,0,0,0,0,0,0,0,0,0,0,0.000021902926
06271989,06/27/1989,"June 27, 1989",4276453,1,0.041862966902,False,06271989: 1,1,0,0,0,0,0,0,0,0,0,0,0,0,0.000021902926
06281989,06/28/1989,"June 28, 1989",8331679,1,0.079940310208,False,06281989: 1,1,0,0,0,0,0,0,0,0,0,0,0,0,0.000021902926
07141989,07/14/1989,"July 14, 1989",4460927,1,0.043628851331,True,07141989: 1; 071419890: 1,1,0,1,0,0,0,0,0,0,0,0,0,0,0.000021902926
07291989,07/29/1989,"July 29, 1989",1406964,2,0.013971066156,False,07291989: 2,2,0,0,0,0,0,0,0,0,0,0,0,0,0.000021902926
07311989,07/31/1989,"July 31, 1989",576318,1,0.005746545138,False,07311989: 1,1,0,0,0,0,0,0,0,0,0,0,0,0,0.000021902926
08041989,08/04/1989,"August 04, 1989",1033941,1,0.010286082765,False,08041989: 1,1,0,0,0,0,0,0,0,0,0,0,0,0,0.000021902926
08151989,08/15/1989,"August 15, 1989",5699103,1,0.055397401450,False,08151989: 1,1,0,0,0,0,0,0,0,0,0,0,0,0,0.000021902926
09011989,09/01/1989,"September 01, 1989",240298,1,0.002400035323,True,09011989: 1,1,1,0,0,0,0,0,0,0,0,0,0,0,0.000021902926
10061989,10/06/1989,"October 06, 1989",362772,1,0.003621088027,False,10061989: 1,1,0,0,0,0,0,0,0,0,0,0,0,0,0.000021902926
10131989,10/13/1989,"October 13, 1989",4036785,1,0.039563865009,False,10131989: 1,1,0,0,0,0,0,0,0,0,0,0,0,0,0.000021902926
10181989,10/18/1989,"October 18, 1989",3999337,1,0.039204133530,False,10181989: 1,1,0,0,0,0,0,0,0,0,0,0,0,0,0.000021902926
10191989,10/19/1989,"October 19, 1989",9596718,1,0.091506114017,True,10191989: 1,1,1,0,0,0,0,0,0,0,0,0,0,0,0.000021902926
10211989,10/21/1989,"October 21, 1989",5289768,1,0.051522887905,False,10211989: 1,1,0,0,0,0,0,0,0,0,0,0,0,0,0.000021902926
11041989,11/04/1989,"November 04, 1989",8182697,1,0.078568565295,False,11041989: 1,1,0,0,0,0,0,0,0,0,0,0,0,0,0.000021902926
11091989,11/09/1989,"November 09, 1989",1068880,1,0.010631818512,False,11091989: 1,1,0,0,0,0,0,0,0,0,0,0,0,0,0.000021902926
11171989,11/17/1989,"November 17, 1989",7149590,1,0.068999850120,False,11171989: 1,1,0,0,0,0,0,0,0,0,0,0,0,0,0.000021902926
11191989,11/19/1989,"November 19, 1989",8650710,1,0.082870908622,False,11191989: 1,1,0,0,0,0,0,0,0,0,0,0,0,0,0.000021902926
12011989,12/01/1989,"December 01, 1989",237526,1,0.002372381468,False,12011989: 1,1,0,0,0,0,0,0,0,0,0,0,0,0,0.000021902926
12231989,12/23/1989,"December 23, 1989",4929166,1,0.048096486311,False,12231989: 1,1,0,0,0,0,0,0,0,0,0,0,0,0,0.000021902926
01051990,01/05/1990,"January 05, 1990",3983744,1,0.039054304948,False,01051990: 1,1,0,0,0,0,0,0,0,0,0,0,0,0,0.000021902926
01071990,01/07/1990,"January 07, 1990",8826422,1,0.084480999532,False,01071990: 1,1,0,0,0,0,0,0,0,0,0,0,0,0,0.000021902926
01141990,01/14/1990,"January 14, 1990",5184573,1,0.050524612421,False,01141990: 1,1,0,0,0,0,0,0,0,0,0,0,0,0,0.000021902926
01221990,01/22/1990,"January 22, 1990",7852128,1,0.075517558522,False,01221990: 1,1,0,0,0,0,0,0,0,0,0,0,0,0,0.000021902926
01261990,01/26/1990,"January 26, 1990",3964001,1,0.038864566708,False,01261990: 1,1,0,0,0,0,0,0,0,0,0,0,0,0,0.000021902926
02011990,02/01/1990,"February 01, 1990",1580201,1,0.015677754383,True,02011990: 1,1,1,0,0,0,0,0,0,0,0,0,0,0,0.000021902926
02121990,02/12/1990,"February 12, 1990",1870383,1,0.018529940124,False,02121990: 1,1,0,0,0,0,0,0,0,0,0,0,0,0,0.000021902926
02211990,02/21/1990,"February 21, 1990",7047449,1,0.068048431436,False,02211990: 1,1,0,0,0,0,0,0,0,0,0,0,0,0,0.000021902926
02221990,02/22/1990,"February 22, 1990",7313913,1,0.070528441254,False,02221990: 1,1,0,0,0,0,0,0,0,0,0,0,0,0,0.000021902926
02261990,02/26/1990,"February 26, 1990",6824447,1,0.065967841762,True,02261990: 1; 022619900: 1,1,0,1,0,0,0,0,0,0,0,0,0,0,0.000021902926
03061990,03/06/1990,"March 06, 1990",5875455,2,0.057061759046,True,03061990: 2; 030619900: 1; 0306199000: 1,2,0,1,0,0,1,0,0,0,0,0,0,0,0.000021902926
03121990,03/12/1990,"March 12, 1990",7318505,1,0.070571121609,False,03121990: 1,1,0,0,0,0,0,0,0,0,0,0,0,0,0.000021902926
03251990,03/25/1990,"March 25, 1990",980088,1,0.009752948582,False,03251990: 1,1,0,0,0,0,0,0,0,0,0,0,0,0,0.000021902926
04011990,04/01/1990,"April 01, 1990",4742088,1,0.046314017454,False,04011990: 1,1,0,0,0,0,0,0,0,0,0,0,0,0,0.000021902926
04021990,04/02/1990,"April 02, 1990",4447965,1,0.043504878467,False,04021990: 1,1,0,0,0,0,0,0,0,0,0,0,0,0,0.000021902926
04121990,04/12/1990,"April 12, 1990",595670,1,0.005938934452,False,04121990: 1,1,0,0,0,0,0,0,0,0,0,0,0,0,0.000021902926
04291990,04/29/1990,"April 29, 1990",20396,1,0.000203879216,False,04291990: 1,1,0,0,0,0,0,0,0,0,0,0,0,0,0.000021902926
05011990,05/01/1990,"May 01, 1990",7115923,1,0.068686357527,False,05011990: 1,1,0,0,0,0,0,0,0,0,0,0,0,0,0.000021902926
05141990,05/14/1990,"May 14, 1990",5427817,1,0.052831347720,False,05141990: 1,1,0,0,0,0,0,0,0,0,0,0,0,0,0.000021902926
05181990,05/18/1990,"May 18, 1990",7631389,1,0.073474611244,False,05181990: 1,1,0,0,0,0,0,0,0,0,0,0,0,0,0.000021902926
05231990,05/23/1990,"May 23, 1990",38038,1,0.000380247691,False,05231990: 1,1,0,0,0,0,0,0,0,0,0,0,0,0,0.000021902926
06051990,06/05/1990,"June 05, 1990",1442880,1,0.014325144723,False,06051990: 1,1,0,0,0,0,0,0,0,0,0,0,0,0,0.000021902926
06121990,06/12/1990,"June 12, 1990",2117698,1,0.020954263733,False,06121990: 1,1,0,0,0,0,0,0,0,0,0,0,0,0,0.000021902926
06221990,06/22/1990,"June 22, 1990",4846177,2,0.047306183209,False,06221990: 2,2,0,0,0,0,0,0,0,0,0,0,0,0,0.000021902926
06291990,06/29/1990,"June 29, 1990",5412471,1,0.052685984064,False,06291990: 1,1,0,0,0,0,0,0,0,0,0,0,0,0,0.000021902926
07041990,07/04/1990,"July 04, 1990",8714379,1,0.083454649698,False,07041990: 1,1,0,0,0,0,0,0,0,0,0,0,0,0,0.000021902926
07151990,07/15/1990,"July 15, 1990",8697023,1,0.083295560280,False,07151990: 1,1,0,0,0,0,0,0,0,0,0,0,0,0,0.000021902926
07161990,07/16/1990,"July 16, 1990",2789487,1,0.027509342558,False,07161990: 1,1,0,0,0,0,0,0,0,0,0,0,0,0,0.000021902926
07221990,07/22/1990,"July 22, 1990",1838699,1,0.018218921878,False,07221990: 1,1,0,0,0,0,0,0,0,0,0,0,0,0,0.000021902926
08021990,08/02/1990,"August 02, 1990",2806840,1,0.027678084223,False,08021990: 1,1,0,0,0,0,0,0,0,0,0,0,0,0,0.000021902926
08071990,08/07/1990,"August 07, 1990",5575898,1,0.054232886584,False,08071990: 1,1,0,0,0,0,0,0,0,0,0,0,0,0,0.000021902926
08191990,08/19/1990,"August 19, 1990",4197545,1,0.041106621755,True,08191990: 1,1,1,0,0,0,0,0,0,0,0,0,0,0,0.000021902926
08301990,08/30/1990,"August 30, 1990",8124189,1,0.078029296443,False,08301990: 1,1,0,0,0,0,0,0,0,0,0,0,0,0,0.000021902926
09131990,09/13/1990,"September 13, 1990",761654,1,0.007587548192,False,09131990: 1,1,0,0,0,0,0,0,0,0,0,0,0,0,0.000021902926
09151990,09/15/1990,"September 15, 1990",9430190,1,0.089991956906,False,09151990: 1,1,0,0,0,0,0,0,0,0,0,0,0,0,0.000021902926
09171990,09/17/1990,"September 17, 1990",1537918,1,0.015261465400,False,09171990: 1,1,0,0,0,0,0,0,0,0,0,0,0,0,0.000021902926
09241990,09/24/1990,"September 24, 1990",1342143,1,0.013331705137,True,09241990: 1; 092419900: 1,1,0,1,0,0,0,0,0,0,0,0,0,0,0.000021902926
10201990,10/20/1990,"October 20, 1990",5124455,1,0.049953635188,False,10201990: 1,1,0,0,0,0,0,0,0,0,0,0,0,0,0.000021902926
11151990,11/15/1990,"November 15, 1990",3157500,1,0.031081657314,False,11151990: 1,1,0,0,0,0,0,0,0,0,0,0,0,0,0.000021902926
12071990,12/07/1990,"December 07, 1990",9828341,1,0.093607959713,True,12071990: 1,1,1,0,0,0,0,0,0,0,0,0,0,0,0.000021902926
12141990,12/14/1990,"December 14, 1990",4314357,1,0.042226070347,False,12141990: 1,1,0,0,0,0,0,0,0,0,0,0,0,0,0.000021902926
12251990,12/25/1990,"December 25, 1990",7076809,1,0.068322012255,False,12251990: 1,1,0,0,0,0,0,0,0,0,0,0,0,0,0.000021902926
12311990,12/31/1990,"December 31, 1990",8772954,1,0.083991358939,False,12311990: 1,1,0,0,0,0,0,0,0,0,0,0,0,0,0.000021902926
01011991,01/01/1991,"January 01, 1991",4370838,1,0.042766877905,False,01011991: 1,1,0,0,0,0,0,0,0,0,0,0,0,0,0.000021902926
01031991,01/03/1991,"January 03, 1991",6752153,1,0.065292348405,False,01031991: 1,1,0,0,0,0,0,0,0,0,0,0,0,0,0.000021902926
01141991,01/14/1991,"January 14, 1991",6020029,1,0.058424017619,True,01141991: 1; 011419910: 1,1,0,1,0,0,0,0,0,0,0,0,0,0,0.000021902926
01221991,01/22/1991,"January 22, 1991",5261364,1,0.051253444198,True,01221991: 1,1,1,0,0,0,0,0,0,0,0,0,0,0,0.000021902926
02111991,02/11/1991,"February 11, 1991",8836103,1,0.084569626637,False,02111991: 1,1,0,0,0,0,0,0,0,0,0,0,0,0,0.000021902926
02121991,02/12/1991,"February 12, 1991",7161099,1,0.069106992763,False,02121991: 1,1,0,0,0,0,0,0,0,0,0,0,0,0,0.000021902926
02191991,02/19/1991,"February 19, 1991",4113734,1,0.040302626747,False,02191991: 1,1,0,0,0,0,0,0,0,0,0,0,0,0,0.000021902926
02211991,02/21/1991,"February 21, 1991",851929,1,0.008483044276,True,02211991: 1,1,1,0,0,0,0,0,0,0,0,0,0,0,0.000021902926
02221991,02/22/1991,"February 22, 1991",4807271,1,0.046935456036,False,02221991: 1,1,0,0,0,0,0,0,0,0,0,0,0,0,0.000021902926
02271991,02/27/1991,"February 27, 1991",7503658,1,0.072290394943,True,02271991: 1,1,1,0,0,0,0,0,0,0,0,0,0,0,0.000021902926
03101991,03/10/1991,"March 10, 1991",1505273,1,0.014939945025,False,03101991: 1,1,0,0,0,0,0,0,0,0,0,0,0,0,0.000021902926
03121991,03/12/1991,"March 12, 1991",4890948,1,0.047732618295,False,03121991: 1,1,0,0,0,0,0,0,0,0,0,0,0,0,0.000021902926
03251991,03/25/1991,"March 25, 1991",5299997,1,0.051619902667,False,03251991: 1,1,0,0,0,0,0,0,0,0,0,0,0,0,0.000021902926
03301991,03/30/1991,"March 30, 1991",8044134,1,0.077290917274,False,03301991: 1,1,0,0,0,0,0,0,0,0,0,0,0,0,0.000021902926
04071991,04/07/1991,"April 07, 1991",9457950,1,0.090244540081,False,04071991: 1,1,0,0,0,0,0,0,0,0,0,0,0,0,0.000021902926
04171991,04/17/1991,"April 17, 1991",3547019,1,0.034848437467,False,04171991: 1,1,0,0,0,0,0,0,0,0,0,0,0,0,0.000021902926
04271991,04/27/1991,"April 27, 1991",1839425,1,0.018226049583,False,04271991: 1,1,0,0,0,0,0,0,0,0,0,0,0,0,0.000021902926
04301991,04/30/1991,"April 30, 1991",9916772,1,0.094409136970,False,04301991: 1,1,0,0,0,0,0,0,0,0,0,0,0,0,0.000021902926
05121991,05/12/1991,"May 12, 1991",2575508,1,0.025426188793,True,05121991: 1; 051219910: 1,1,0,1,0,0,0,0,0,0,0,0,0,0,0.000021902926
05151991,05/15/1991,"May 15, 1991",3919481,1,0.038436573945,True,05151991: 1,1,1,0,0,0,0,0,0,0,0,0,0,0,0.000021902926
05251991,05/25/1991,"May 25, 1991",4358658,1,0.042650279808,False,05251991: 1,1,0,0,0,0,0,0,0,0,0,0,0,0,0.000021902926
05311991,05/31/1991,"May 31, 1991",3902743,1,0.038275613987,False,05311991: 1,1,0,0,0,0,0,0,0,0,0,0,0,0,0.000021902926
06051991,06/05/1991,"June 05, 1991",1717351,1,0.017026827018,False,06051991: 1,1,0,0,0,0,0,0,0,0,0,0,0,0,0.000021902926
06101991,06/10/1991,"June 10, 1991",1334093,1,0.013252275141,False,06101991: 1,1,0,0,0,0,0,0,0,0,0,0,0,0,0.000021902926
06161991,06/16/1991,"June 16, 1991",3385557,1,0.033288825684,False,06161991: 1,1,0,0,0,0,0,0,0,0,0,0,0,0,0.000021902926
06241991,06/24/1991,"June 24, 1991",5140697,1,0.050107929190,False,06241991: 1,1,0,0,0,0,0,0,0,0,0,0,0,0,0.000021902926
07021991,07/02/1991,"July 02, 1991",3718674,1,0.036503747280,False,07021991: 1,1,0,0,0,0,0,0,0,0,0,0,0,0,0.000021902926
07071991,07/07/1991,"July 07, 1991",5271050,1,0.051345335340,False,07071991: 1,1,0,0,0,0,0,0,0,0,0,0,0,0,0.000021902926
07151991,07/15/1991,"July 15, 1991",8098390,1,0.077791406534,False,07151991: 1,1,0,0,0,0,0,0,0,0,0,0,0,0,0.000021902926
07231991,07/23/1991,"July 23, 1991",1066123,2,0.010604541255,False,07231991: 2,2,0,0,0,0,0,0,0,0,0,0,0,0,0.000021902926
08131991,08/13/1991,"August 13, 1991",3601651,1,0.035375575067,False,08131991: 1,1,0,0,0,0,0,0,0,0,0,0,0,0,0.000021902926
08171991,08/17/1991,"August 17, 1991",9680709,1,0.092268846767,False,08171991: 1,1,0,0,0,0,0,0,0,0,0,0,0,0,0.000021902926
08271991,08/27/1991,"August 27, 1991",610008,1,0.006081452712,True,08271991: 1,1,1,0,0,0,0,0,0,0,0,0,0,0,0.000021902926
09261991,09/26/1991,"September 26, 1991",1098408,1,0.010923916024,False,09261991: 1,1,0,0,0,0,0,0,0,0,0,0,0,0,0.000021902926
09301991,09/30/1991,"September 30, 1991",342050,1,0.003414596993,False,09301991: 1,1,0,0,0,0,0,0,0,0,0,0,0,0,0.000021902926
10241991,10/24/1991,"October 24, 1991",3902983,1,0.038277922122,False,10241991: 1,1,0,0,0,0,0,0,0,0,0,0,0,0,0.000021902926
10291991,10/29/1991,"October 29, 1991",5039388,1,0.049145115396,False,10291991: 1,1,0,0,0,0,0,0,0,0,0,0,0,0,0.000021902926
10311991,10/31/1991,"October 31, 1991",5114501,1,0.049859062866,False,10311991: 1,1,0,0,0,0,0,0,0,0,0,0,0,0,0.000021902926
11041991,11/04/1991,"November 04, 1991",5500440,1,0.053518960305,False,11041991: 1,1,0,0,0,0,0,0,0,0,0,0,0,0,0.000021902926
11161991,11/16/1991,"November 16, 1991",2222794,1,0.021982661154,True,11161991: 1,1,1,0,0,0,0,0,0,0,0,0,0,0,0.000021902926
11171991,11/17/1991,"November 17, 1991",3002989,1,0.029583414702,False,11171991: 1,1,0,0,0,0,0,0,0,0,0,0,0,0,0.000021902926
11191991,11/19/1991,"November 19, 1991",7920664,1,0.076150944741,True,11191991: 1; 111919910: 1,1,0,1,0,0,0,0,0,0,0,0,0,0,0.000021902926
11201991,11/20/1991,"November 20, 1991",9720233,1,0.092627547540,False,11201991: 1,1,0,0,0,0,0,0,0,0,0,0,0,0,0.000021902926
11211991,11/21/1991,"November 21, 1991",7523300,1,0.072472597770,False,11211991: 1,1,0,0,0,0,0,0,0,0,0,0,0,0,0.000021902926
12011991,12/01/1991,"December 01, 1991",3025369,1,0.029800569636,True,12011991: 1; 120119910: 1,1,0,1,0,0,0,0,0,0,0,0,0,0,0.000021902926
12151991,12/15/1991,"December 15, 1991",3165894,1,0.031162984908,False,12151991: 1,1,0,0,0,0,0,0,0,0,0,0,0,0,0.000021902926
12191991,12/19/1991,"December 19, 1991",4083845,1,0.040015739925,False,12191991: 1,1,0,0,0,0,0,0,0,0,0,0,0,0,0.000021902926
12271991,12/27/1991,"December 27, 1991",7149978,1,0.069003462393,True,12271991: 1,1,1,0,0,0,0,0,0,0,0,0,0,0,0.000021902926
01131992,01/13/1992,"January 13, 1992",775661,1,0.007726545670,False,01131992: 1,1,0,0,0,0,0,0,0,0,0,0,0,0,0.000021902926
01211992,01/21/1992,"January 21, 1992",269343,1,0.002689746160,False,01211992: 1,1,0,0,0,0,0,0,0,0,0,0,0,0,0.000021902926
01261992,01/26/1992,"January 26, 1992",7965996,2,0.076569649088,False,01261992: 2,2,0,0,0,0,0,0,0,0,0,0,0,0,0.000021902926
02011992,02/01/1992,"February 01, 1992",4770793,1,0.046587733731,False,02011992: 1,1,0,0,0,0,0,0,0,0,0,0,0,0,0.000021902926
02221992,02/22/1992,"February 22, 1992",7670666,1,0.073838451167,False,02221992: 1,1,0,0,0,0,0,0,0,0,0,0,0,0,0.000021902926
02241992,02/24/1992,"February 24, 1992",9342585,1,0.089194395051,True,02241992: 1,1,1,0,0,0,0,0,0,0,0,0,0,0,0.000021902926
03221992,03/22/1992,"March 22, 1992",6474269,1,0.062691333140,True,03221992: 1,1,1,0,0,0,0,0,0,0,0,0,0,0,0.000021902926
03271992,03/27/1992,"March 27, 1992",2748087,1,0.027106648070,True,03271992: 1,1,1,0,0,0,0,0,0,0,0,0,0,0,0.000021902926
03291992,03/29/1992,"March 29, 1992",6980606,1,0.067425278799,False,03291992: 1,1,0,0,0,0,0,0,0,0,0,0,0,0,0.000021902926
04041992,04/04/1992,"April 04, 1992",2955627,1,0.029123697137,False,04041992: 1,1,0,0,0,0,0,0,0,0,0,0,0,0,0.000021902926
04181992,04/18/1992,"April 18, 1992",591048,1,0.005892987887,False,04181992: 1,1,0,0,0,0,0,0,0,0,0,0,0,0,0.000021902926
04211992,04/21/1992,"April 21, 1992",1491289,1,0.014802184594,False,04211992: 1,1,0,0,0,0,0,0,0,0,0,0,0,0,0.000021902926
05031992,05/03/1992,"May 03, 1992",1131653,1,0.011252679720,True,05031992: 1; 0050319920: 1; 050319920: 1,1,1,1,1,0,0,0,0,0,0,0,0,0,0.000021902926
05201992,05/20/1992,"May 20, 1992",6942543,1,0.067070245315,False,05201992: 1,1,0,0,0,0,0,0,0,0,0,0,0,0,0.000021902926
05221992,05/22/1992,"May 22, 1992",3804267,1,0.037328079800,False,05221992: 1,1,0,0,0,0,0,0,0,0,0,0,0,0,0.000021902926
05241992,05/24/1992,"May 24, 1992",9455708,1,0.090224143135,False,05241992: 1,1,0,0,0,0,0,0,0,0,0,0,0,0,0.000021902926
07021992,07/02/1992,"July 02, 1992",7053163,1,0.068101681627,True,07021992: 1; 070219920: 1; 0702199200: 1,1,0,1,0,0,1,0,0,0,0,0,0,0,0.000021902926
07121992,07/12/1992,"July 12, 1992",5307052,1,0.051686808524,True,07121992: 1,1,1,0,0,0,0,0,0,0,0,0,0,0,0.000021902926
07161992,07/16/1992,"July 16, 1992",7056555,1,0.068133291083,True,07161992: 1; 071619920: 1,1,0,1,0,0,0,0,0,0,0,0,0,0,0.000021902926
07271992,07/27/1992,"July 27, 1992",6104164,1,0.059215879417,False,07271992: 1,1,0,0,0,0,0,0,0,0,0,0,0,0,0.000021902926
07291992,07/29/1992,"July 29, 1992",4443590,1,0.043463030889,False,07291992: 1,1,0,0,0,0,0,0,0,0,0,0,0,0,0.000021902926
08071992,08/07/1992,"August 07, 1992",1957905,1,0.019388566560,False,08071992: 1,1,0,0,0,0,0,0,0,0,0,0,0,0,0.000021902926
08161992,08/16/1992,"August 16, 1992",1002579,1,0.009975640005,False,08161992: 1,1,0,0,0,0,0,0,0,0,0,0,0,0,0.000021902926
08241992,08/24/1992,"August 24, 1992",2732539,1,0.026955370850,False,08241992: 1,1,0,0,0,0,0,0,0,0,0,0,0,0,0.000021902926
09011992,09/01/1992,"September 01, 1992",6419714,2,0.062179844883,True,09011992: 2; 090119920: 1,2,0,1,0,0,0,0,0,0,0,0,0,0,0.000021902926
09111992,09/11/1992,"September 11, 1992",3008277,1,0.029634728975,False,09111992: 1,1,0,0,0,0,0,0,0,0,0,0,0,0,0.000021902926
10011992,10/01/1992,"October 01, 1992",1602424,1,0.015896476014,True,10011992: 1,1,1,0,0,0,0,0,0,0,0,0,0,0,0.000021902926
10081992,10/08/1992,"October 08, 1992",8535130,1,0.081810277987,False,10081992: 1,1,0,0,0,0,0,0,0,0,0,0,0,0,0.000021902926
10111992,10/11/1992,"October 11, 1992",9373653,1,0.089477320187,True,10111992: 1; 101119920: 1,1,0,1,0,0,0,0,0,0,0,0,0,0,0.000021902926
10191992,10/19/1992,"October 19, 1992",7229843,1,0.000722722270,True,10191992: 1; 0101919920: 1; 00101919920: 1; 101919920: 1,1,1,1,2,1,0,0,0,0,0,0,0,0,0.000021902926
10201992,10/20/1992,"October 20, 1992",8447471,1,0.081005049175,False,10201992: 1,1,0,0,0,0,0,0,0,0,0,0,0,0,0.000021902926
11031992,11/03/1992,"November 03, 1992",1445495,1,0.014350919783,False,11031992: 1,1,0,0,0,0,0,0,0,0,0,0,0,0,0.000021902926
11061992,11/06/1992,"November 06, 1992",7262120,1,0.070046915357,False,11061992: 1,1,0,0,0,0,0,0,0,0,0,0,0,0,0.000021902926
11071992,11/07/1992,"November 07, 1992",910342,1,0.009062049957,False,11071992: 1,1,0,0,0,0,0,0,0,0,0,0,0,0,0.000021902926
11101992,11/10/1992,"November 10, 1992",6909115,1,0.066758333424,True,11101992: 1,1,1,0,0,0,0,0,0,0,0,0,0,0,0.000021902926
11161992,11/16/1992,"November 16, 1992",654498,1,0.006523548726,False,11161992: 1,1,0,0,0,0,0,0,0,0,0,0,0,0,0.000021902926
11191992,11/19/1992,"November 19, 1992",1034215,1,0.010288794577,True,11191992: 1,1,1,0,0,0,0,0,0,0,0,0,0,0,0.000021902926
11291992,11/29/1992,"November 29, 1992",7184879,1,0.069328332803,False,11291992: 1,1,0,0,0,0,0,0,0,0,0,0,0,0,0.000021902926
11301992,11/30/1992,"November 30, 1992",6557364,1,0.063469866279,False,11301992: 1,1,0,0,0,0,0,0,0,0,0,0,0,0,0.000021902926
01171993,01/17/1993,"January 17, 1993",1726260,1,0.017114396198,False,01171993: 1,1,0,0,0,0,0,0,0,0,0,0,0,0,0.000021902926
01281993,01/28/1993,"January 28, 1993",827797,1,0.008243742529,False,01281993: 1,1,0,0,0,0,0,0,0,0,0,0,0,0,0.000021902926
02041993,02/04/1993,"February 04, 1993",5136798,1,0.050070892176,False,02041993: 1,1,0,0,0,0,0,0,0,0,0,0,0,0,0.000021902926
02151993,02/15/1993,"February 15, 1993",2589459,1,0.025562142103,False,02151993: 1,1,0,0,0,0,0,0,0,0,0,0,0,0,0.000021902926
02181993,02/18/1993,"February 18, 1993",9684315,1,0.092301578962,False,02181993: 1,1,0,0,0,0,0,0,0,0,0,0,0,0,0.000021902926
02231993,02/23/1993,"February 23, 1993",6719880,1,0.064990641520,False,02231993: 1,1,0,0,0,0,0,0,0,0,0,0,0,0,0.000021902926
03111993,03/11/1993,"March 11, 1993",9790402,1,0.093264018394,False,03111993: 1,1,0,0,0,0,0,0,0,0,0,0,0,0,0.000021902926
03121993,03/12/1993,"March 12, 1993",2045755,1,0.020249655424,False,03121993: 1,1,0,0,0,0,0,0,0,0,0,0,0,0,0.000021902926
03131993,03/13/1993,"March 13, 1993",131897,1,0.001318040634,False,03131993: 1,1,0,0,0,0,0,0,0,0,0,0,0,0,0.000021902926
03171993,03/17/1993,"March 17, 1993",1488148,1,0.014771239044,False,03171993: 1,1,0,0,0,0,0,0,0,0,0,0,0,0,0.000021902926
03191993,03/19/1993,"March 19, 1993",3999451,1,0.039205228837,False,03191993: 1,1,0,0,0,0,0,0,0,0,0,0,0,0,0.000021902926
03201993,03/20/1993,"March 20, 1993",4696347,1,0.045877692162,False,03201993: 1,1,0,0,0,0,0,0,0,0,0,0,0,0,0.000021902926
03291993,03/29/1993,"March 29, 1993",6904798,1,0.066718044511,False,03291993: 1,1,0,0,0,0,0,0,0,0,0,0,0,0,0.000021902926
04211993,04/21/1993,"April 21, 1993",8355989,1,0.080163949537,False,04211993: 1,1,0,0,0,0,0,0,0,0,0,0,0,0,0.000021902926
04221993,04/22/1993,"April 22, 1993",7329706,1,0.070675221108,False,04221993: 1,1,0,0,0,0,0,0,0,0,0,0,0,0,0.000021902926
04271993,04/27/1993,"April 27, 1993",9085935,1,0.086853810171,False,04271993: 1,1,0,0,0,0,0,0,0,0,0,0,0,0,0.000021902926
04301993,04/30/1993,"April 30, 1993",8110675,1,0.077904692902,False,04301993: 1,1,0,0,0,0,0,0,0,0,0,0,0,0,0.000021902926
05091993,05/09/1993,"May 09, 1993",32303,1,0.000322917854,False,05091993: 1,1,0,0,0,0,0,0,0,0,0,0,0,0,0.000021902926
05191993,05/19/1993,"May 19, 1993",2115981,1,0.020937453374,False,05191993: 1,1,0,0,0,0,0,0,0,0,0,0,0,0,0.000021902926
05251993,05/25/1993,"May 25, 1993",4140694,1,0.040561326287,False,05251993: 1,1,0,0,0,0,0,0,0,0,0,0,0,0,0.000021902926
05271993,05/27/1993,"May 27, 1993",1412301,1,0.014023689117,False,05271993: 1,1,0,0,0,0,0,0,0,0,0,0,0,0,0.000021902926
06051993,06/05/1993,"June 05, 1993",2845246,1,0.028051442481,False,06051993: 1,1,0,0,0,0,0,0,0,0,0,0,0,0,0.000021902926
06071993,06/07/1993,"June 07, 1993",9000681,1,0.086074984568,False,06071993: 1,1,0,0,0,0,0,0,0,0,0,0,0,0,0.000021902926
07141993,07/14/1993,"July 14, 1993",6426275,1,0.062241373246,True,07141993: 1; 071419930: 1,1,0,1,0,0,0,0,0,0,0,0,0,0,0.000021902926
07171993,07/17/1993,"July 17, 1993",6366663,1,0.061682189914,False,07171993: 1,1,0,0,0,0,0,0,0,0,0,0,0,0,0.000021902926
07281993,07/28/1993,"July 28, 1993",425334,1,0.004244247657,True,07281993: 1,1,1,0,0,0,0,0,0,0,0,0,0,0,0.000021902926
08041993,08/04/1993,"August 04, 1993",5612326,1,0.054577347888,False,08041993: 1,1,0,0,0,0,0,0,0,0,0,0,0,0,0.000021902926
08071993,08/07/1993,"August 07, 1993",6549065,1,0.063392140417,False,08071993: 1,1,0,0,0,0,0,0,0,0,0,0,0,0,0.000021902926
08161993,08/16/1993,"August 16, 1993",8683068,1,0.083167625248,False,08161993: 1,1,0,0,0,0,0,0,0,0,0,0,0,0,0.000021902926
08181993,08/18/1993,"August 18, 1993",992832,1,0.009879137627,True,08181993: 1; 081819930: 1,1,0,1,0,0,0,0,0,0,0,0,0,0,0.000021902926
08251993,08/25/1993,"August 25, 1993",5206661,1,0.050734309386,False,08251993: 1,1,0,0,0,0,0,0,0,0,0,0,0,0,0.000021902926
09231993,09/23/1993,"September 23, 1993",6262717,1,0.060706338982,True,09231993: 1,1,1,0,0,0,0,0,0,0,0,0,0,0,0.000021902926
09281993,09/28/1993,"September 28, 1993",6210967,1,0.060220128711,False,09281993: 1,1,0,0,0,0,0,0,0,0,0,0,0,0,0.000021902926
10091993,10/09/1993,"October 09, 1993",8097684,1,0.077784895718,False,10091993: 1,1,0,0,0,0,0,0,0,0,0,0,0,0,0.000021902926
10121993,10/12/1993,"October 12, 1993",6247898,1,0.060567134739,False,10121993: 1,1,0,0,0,0,0,0,0,0,0,0,0,0,0.000021902926
10171993,10/17/1993,"October 17, 1993",5671624,2,0.055137798433,False,10171993: 2,2,0,0,0,0,0,0,0,0,0,0,0,0,0.000021902926
10201993,10/20/1993,"October 20, 1993",4281337,1,0.041909761173,True,10201993: 1; 102019930: 1,1,0,1,0,0,0,0,0,0,0,0,0,0,0.000021902926
10241993,10/24/1993,"October 24, 1993",1018524,1,0.010133486806,False,10241993: 1,1,0,0,0,0,0,0,0,0,0,0,0,0,0.000021902926
10311993,10/31/1993,"October 31, 1993",4803536,1,0.046899858410,False,10311993: 1,1,0,0,0,0,0,0,0,0,0,0,0,0,0.000021902926
11031993,11/03/1993,"November 03, 1993",1030364,1,0.010250680064,False,11031993: 1,1,0,0,0,0,0,0,0,0,0,0,0,0,0.000021902926
11051993,11/05/1993,"November 05, 1993",6270676,1,0.060781094390,False,11051993: 1,1,0,0,0,0,0,0,0,0,0,0,0,0,0.000021902926
11111993,11/11/1993,"November 11, 1993",5393309,1,0.052504442358,False,11111993: 1,1,0,0,0,0,0,0,0,0,0,0,0,0,0.000021902926
11141993,11/14/1993,"November 14, 1993",8511410,1,0.081592457551,False,11141993: 1,1,0,0,0,0,0,0,0,0,0,0,0,0,0.000021902926
12261993,12/26/1993,"December 26, 1993",9638202,1,0.091882915463,False,12261993: 1,1,0,0,0,0,0,0,0,0,0,0,0,0,0.000021902926
12271993,12/27/1993,"December 27, 1993",1270915,1,0.012628670688,True,12271993: 1,1,1,0,0,0,0,0,0,0,0,0,0,0,0.000021902926
01301994,01/30/1994,"January 30, 1994",1303827,1,0.012953580873,False,01301994: 1,1,0,0,0,0,0,0,0,0,0,0,0,0,0.000021902926
02051994,02/05/1994,"February 05, 1994",4328139,1,0.042358061656,True,02051994: 1; 020519940: 1,1,0,1,0,0,0,0,0,0,0,0,0,0,0.000021902926
02141994,02/14/1994,"February 14, 1994",6107901,1,0.059251035863,False,02141994: 1,1,0,0,0,0,0,0,0,0,0,0,0,0,0.000021902926
02181994,02/18/1994,"February 18, 1994",6577085,1,0.063654541178,False,02181994: 1,1,0,0,0,0,0,0,0,0,0,0,0,0,0.000021902926
03081994,03/08/1994,"March 08, 1994",5052102,1,0.049265999403,False,03081994: 1,1,0,0,0,0,0,0,0,0,0,0,0,0,0.000021902926
03091994,03/09/1994,"March 09, 1994",5173992,1,0.050424143114,False,03091994: 1,1,0,0,0,0,0,0,0,0,0,0,0,0,0.000021902926
03171994,03/17/1994,"March 17, 1994",4479849,1,0.043809798761,True,03171994: 1; 031719940: 1,1,0,1,0,0,0,0,0,0,0,0,0,0,0.000021902926
03181994,03/18/1994,"March 18, 1994",394427,1,0.003936441860,False,03181994: 1,1,0,0,0,0,0,0,0,0,0,0,0,0,0.000021902926
03251994,03/25/1994,"March 25, 1994",7833357,1,0.075344007633,True,03251994: 1; 032519940: 1; 0325199400: 1,1,0,1,0,0,1,0,0,0,0,0,0,0,0.000021902926
04011994,04/01/1994,"April 01, 1994",5765120,1,0.056020793959,True,04011994: 1,1,1,0,0,0,0,0,0,0,0,0,0,0,0.000021902926
04051994,04/05/1994,"April 05, 1994",1416940,1,0.014069427497,False,04051994: 1,1,0,0,0,0,0,0,0,0,0,0,0,0,0.000021902926
04171994,04/17/1994,"April 17, 1994",3178511,1,0.031285215364,False,04171994: 1,1,0,0,0,0,0,0,0,0,0,0,0,0,0.000021902926
04221994,04/22/1994,"April 22, 1994",174548,1,0.001743897658,True,04221994: 1; 042219940: 1; 0422199400: 1,1,0,1,0,0,1,0,0,0,0,0,0,0,0.000021902926
04241994,04/24/1994,"April 24, 1994",5715320,1,0.055550575235,True,04241994: 1; 0042419940: 1; 042419940: 1,1,1,1,1,0,0,0,0,0,0,0,0,0,0.000021902926
04271994,04/27/1994,"April 27, 1994",4099971,1,0.040170534506,False,04271994: 1,1,0,0,0,0,0,0,0,0,0,0,0,0,0.000021902926
05101994,05/10/1994,"May 10, 1994",3107911,1,0.030601061241,False,05101994: 1,1,0,0,0,0,0,0,0,0,0,0,0,0,0.000021902926
05141994,05/14/1994,"May 14, 1994",8712589,1,0.083438243390,False,05141994: 1,1,0,0,0,0,0,0,0,0,0,0,0,0,0.000021902926
05311994,05/31/1994,"May 31, 1994",1661011,1,0.016472863890,True,05311994: 1; 0053119940: 1; 053119940: 1,1,1,1,1,0,0,0,0,0,0,0,0,0,0.000021902926
06041994,06/04/1994,"June 04, 1994",6353970,1,0.061563081674,False,06041994: 1,1,0,0,0,0,0,0,0,0,0,0,0,0,0.000021902926
06071994,06/07/1994,"June 07, 1994",3527567,2,0.034660677922,True,06071994: 2; 060719940: 1,2,0,1,0,0,0,0,0,0,0,0,0,0,0.000021902926
06121994,06/12/1994,"June 12, 1994",8897798,1,0.085134227228,False,06121994: 1,1,0,0,0,0,0,0,0,0,0,0,0,0,0.000021902926
06201994,06/20/1994,"June 20, 1994",9119317,1,0.087158585763,False,06201994: 1,1,0,0,0,0,0,0,0,0,0,0,0,0,0.000021902926
07021994,07/02/1994,"July 02, 1994",1822187,1,0.018056796800,True,07021994: 1,1,1,0,0,0,0,0,0,0,0,0,0,0,0.000021902926
07181994,07/18/1994,"July 18, 1994",3974857,2,0.038968901908,False,07181994: 2,2,0,0,0,0,0,0,0,0,0,0,0,0,0.000021902926
08041994,08/04/1994,"August 04, 1994",3206980,1,0.031560959526,False,08041994: 1,1,0,0,0,0,0,0,0,0,0,0,0,0,0.000021902926
08111994,08/11/1994,"August 11, 1994",148393,1,0.001482769624,False,08111994: 1,1,0,0,0,0,0,0,0,0,0,0,0,0,0.000021902926
08131994,08/13/1994,"August 13, 1994",4620689,1,0.045155549154,False,08131994: 1,1,0,0,0,0,0,0,0,0,0,0,0,0,0.000021902926
08161994,08/16/1994,"August 16, 1994",3023525,1,0.029782678993,False,08161994: 1,1,0,0,0,0,0,0,0,0,0,0,0,0,0.000021902926
08181994,08/18/1994,"August 18, 1994",7035790,1,0.067939768867,False,08181994: 1,1,0,0,0,0,0,0,0,0,0,0,0,0,0.000021902926
08231994,08/23/1994,"August 23, 1994",5393424,1,0.052505531977,False,08231994: 1,1,0,0,0,0,0,0,0,0,0,0,0,0,0.000021902926
08251994,08/25/1994,"August 25, 1994",7187466,1,0.069352408968,False,08251994: 1,1,0,0,0,0,0,0,0,0,0,0,0,0,0.000021902926
08301994,08/30/1994,"August 30, 1994",1532697,2,0.015210050859,False,08301994: 2,2,0,0,0,0,0,0,0,0,0,0,0,0,0.000021902926
09011994,09/01/1994,"September 01, 1994",2209537,1,0.021852996799,False,09011994: 1,1,0,0,0,0,0,0,0,0,0,0,0,0,0.000021902926
09161994,09/16/1994,"September 16, 1994",6302075,1,0.061075953444,False,09161994: 1,1,0,0,0,0,0,0,0,0,0,0,0,0,0.000021902926
09201994,09/20/1994,"September 20, 1994",1869663,1,0.018522873514,False,09201994: 1,1,0,0,0,0,0,0,0,0,0,0,0,0,0.000021902926
10031994,10/03/1994,"October 03, 1994",3668739,1,0.036022505278,True,10031994: 1,1,1,0,0,0,0,0,0,0,0,0,0,0,0.000021902926
10081994,10/08/1994,"October 08, 1994",2620220,1,0.025861842838,False,10081994: 1,1,0,0,0,0,0,0,0,0,0,0,0,0,0.000021902926
10291994,10/29/1994,"October 29, 1994",8753163,1,0.083810053726,False,10291994: 1,1,0,0,0,0,0,0,0,0,0,0,0,0,0.000021902926
11031994,11/03/1994,"November 03, 1994",5022184,1,0.048981516248,False,11031994: 1,1,0,0,0,0,0,0,0,0,0,0,0,0,0.000021902926
11081994,11/08/1994,"November 08, 1994",2535472,1,0.025035930301,False,11081994: 1,1,0,0,0,0,0,0,0,0,0,0,0,0,0.000021902926
11191994,11/19/1994,"November 19, 1994",9813027,1,0.093469144206,False,11191994: 1,1,0,0,0,0,0,0,0,0,0,0,0,0,0.000021902926
11251994,11/25/1994,"November 25, 1994",1049938,1,0.010444394639,False,11251994: 1,1,0,0,0,0,0,0,0,0,0,0,0,0,0.000021902926
12141994,12/14/1994,"December 14, 1994",8259688,1,0.079277711553,False,12141994: 1,1,0,0,0,0,0,0,0,0,0,0,0,0,0.000021902926
12251994,12/25/1994,"December 25, 1994",3581954,1,0.035185554279,True,12251994: 1; 122519940: 1,1,0,1,0,0,0,0,0,0,0,0,0,0,0.000021902926
01101995,01/10/1995,"January 10, 1995",5987529,1,0.058117955689,False,01101995: 1,1,0,0,0,0,0,0,0,0,0,0,0,0,0.000021902926
01191995,01/19/1995,"January 19, 1995",9386313,1,0.089592585063,False,01191995: 1,1,0,0,0,0,0,0,0,0,0,0,0,0,0.000021902926
02021995,02/02/1995,"February 02, 1995",1734054,1,0.017190999318,False,02021995: 1,1,0,0,0,0,0,0,0,0,0,0,0,0,0.000021902926
02051995,02/05/1995,"February 05, 1995",8233544,1,0.079036966447,False,02051995: 1,1,0,0,0,0,0,0,0,0,0,0,0,0,0.000021902926
02211995,02/21/1995,"February 21, 1995",6424964,1,0.062229079149,False,02211995: 1,1,0,0,0,0,0,0,0,0,0,0,0,0,0.000021902926
03071995,03/07/1995,"March 07, 1995",3819244,1,0.037472248379,False,03071995: 1,1,0,0,0,0,0,0,0,0,0,0,0,0,0.000021902926
03101995,03/10/1995,"March 10, 1995",1101420,1,0.010953706547,True,03101995: 1; 031019950: 1,1,0,1,0,0,0,0,0,0,0,0,0,0,0.000021902926
03111995,03/11/1995,"March 11, 1995",1952099,1,0.019331630607,False,03111995: 1,1,0,0,0,0,0,0,0,0,0,0,0,0,0.000021902926
03121995,03/12/1995,"March 12, 1995",2899639,1,0.028579970711,True,03121995: 1; 031219950: 1,1,0,1,0,0,0,0,0,0,0,0,0,0,0.000021902926
03211995,03/21/1995,"March 21, 1995",4265267,1,0.041755783698,False,03211995: 1,1,0,0,0,0,0,0,0,0,0,0,0,0,0.000021902926
03241995,03/24/1995,"March 24, 1995",3653514,1,0.035875728529,False,03241995: 1,1,0,0,0,0,0,0,0,0,0,0,0,0,0.000021902926
03291995,03/29/1995,"March 29, 1995",2422377,1,0.023932670927,False,03291995: 1,1,0,0,0,0,0,0,0,0,0,0,0,0,0.000021902926
04031995,04/03/1995,"April 03, 1995",4369911,1,0.042758004312,True,04031995: 1; 040319950: 1,1,0,1,0,0,0,0,0,0,0,0,0,0,0.000021902926
04041995,04/04/1995,"April 04, 1995",9700663,1,0.092449957373,False,04041995: 1,1,0,0,0,0,0,0,0,0,0,0,0,0,0.000021902926
04101995,04/10/1995,"April 10, 1995",6673912,1,0.064560737612,False,04101995: 1,1,0,0,0,0,0,0,0,0,0,0,0,0,0.000021902926
04191995,04/19/1995,"April 19, 1995",18727,1,0.000187192479,False,04191995: 1,1,0,0,0,0,0,0,0,0,0,0,0,0,0.000021902926
04281995,04/28/1995,"April 28, 1995",6288927,1,0.060952495593,False,04281995: 1,1,0,0,0,0,0,0,0,0,0,0,0,0,0.000021902926
05101995,05/10/1995,"May 10, 1995",7296139,2,0.070363222295,False,05101995: 2,2,0,0,0,0,0,0,0,0,0,0,0,0,0.000021902926
05121995,05/12/1995,"May 12, 1995",3659499,1,0.035933429641,False,05121995: 1,1,0,0,0,0,0,0,0,0,0,0,0,0,0.000021902926
05161995,05/16/1995,"May 16, 1995",9832900,1,0.093649281185,False,05161995: 1,1,0,0,0,0,0,0,0,0,0,0,0,0,0.000021902926
05231995,05/23/1995,"May 23, 1995",6327066,1,0.061310570637,False,05231995: 1,1,0,0,0,0,0,0,0,0,0,0,0,0,0.000021902926
05301995,05/30/1995,"May 30, 1995",6426618,1,0.062244589752,False,05301995: 1,1,0,0,0,0,0,0,0,0,0,0,0,0,0.000021902926
06071995,06/07/1995,"June 07, 1995",1621208,1,0.016081312661,False,06071995: 1,1,0,0,0,0,0,0,0,0,0,0,0,0,0.000021902926
06191995,06/19/1995,"June 19, 1995",403154,1,0.004023364534,False,06191995: 1,1,0,0,0,0,0,0,0,0,0,0,0,0,0.000021902926
07011995,07/01/1995,"July 01, 1995",3622410,1,0.035575800671,False,07011995: 1,1,0,0,0,0,0,0,0,0,0,0,0,0,0.000021902926
07221995,07/22/1995,"July 22, 1995",9023265,1,0.086281362091,False,07221995: 1,1,0,0,0,0,0,0,0,0,0,0,0,0,0.000021902926
08011995,08/01/1995,"August 01, 1995",6845835,1,0.066167591200,True,08011995: 1; 080119950: 1,1,0,1,0,0,0,0,0,0,0,0,0,0,0.000021902926
08081995,08/08/1995,"August 08, 1995",4642427,1,0.045363090685,True,08081995: 1; 080819950: 1; 0808199500: 1,1,0,1,0,0,1,0,0,0,0,0,0,0,0.000021902926
08091995,08/09/1995,"August 09, 1995",6123417,1,0.059396991150,True,08091995: 1,1,1,0,0,0,0,0,0,0,0,0,0,0,0.000021902926
08171995,08/17/1995,"August 17, 1995",530684,1,0.005292723971,False,08171995: 1,1,0,0,0,0,0,0,0,0,0,0,0,0,0.000021902926
08231995,08/23/1995,"August 23, 1995",4250899,1,0.041618093276,True,08231995: 1,1,1,0,0,0,0,0,0,0,0,0,0,0,0.000021902926
09091995,09/09/1995,"September 09, 1995",5705261,1,0.055455568288,False,09091995: 1,1,0,0,0,0,0,0,0,0,0,0,0,0,0.000021902926
09141995,09/14/1995,"September 14, 1995",7720099,1,0.074296167469,False,09141995: 1,1,0,0,0,0,0,0,0,0,0,0,0,0,0.000021902926
09161995,09/16/1995,"September 16, 1995",4830056,1,0.047152587057,True,09161995: 1,1,1,0,0,0,0,0,0,0,0,0,0,0,0.000021902926
09251995,09/25/1995,"September 25, 1995",6073757,1,0.058929771690,False,09251995: 1,1,0,0,0,0,0,0,0,0,0,0,0,0,0.000021902926
09281995,09/28/1995,"September 28, 1995",6666521,1,0.064491596740,False,09281995: 1,1,0,0,0,0,0,0,0,0,0,0,0,0,0.000021902926
10021995,10/02/1995,"October 02, 1995",203990,2,0.002037760961,False,10021995: 2,2,0,0,0,0,0,0,0,0,0,0,0,0,0.000021902926
10261995,10/26/1995,"October 26, 1995",1730182,1,0.017152944216,False,10261995: 1,1,0,0,0,0,0,0,0,0,0,0,0,0,0.000021902926
10271995,10/27/1995,"October 27, 1995",6423963,2,0.062219692015,True,10271995: 2; 0102719950: 1; 102719950: 1,2,1,1,1,0,0,0,0,0,0,0,0,0,0.000021902926
10281995,10/28/1995,"October 28, 1995",105044,1,0.001049828555,True,10281995: 1,1,1,0,0,0,0,0,0,0,0,0,0,0,0.000021902926
11111995,11/11/1995,"November 11, 1995",8200483,1,0.078732436518,False,11111995: 1,1,0,0,0,0,0,0,0,0,0,0,0,0,0.000021902926
11241995,11/24/1995,"November 24, 1995",9958917,1,0.094790717828,False,11241995: 1,1,0,0,0,0,0,0,0,0,0,0,0,0,0.000021902926
11281995,11/28/1995,"November 28, 1995",972968,1,0.009682440481,False,11281995: 1,1,0,0,0,0,0,0,0,0,0,0,0,0,0.000021902926
12041995,12/04/1995,"December 04, 1995",3240163,1,0.031882263344,False,12041995: 1,1,0,0,0,0,0,0,0,0,0,0,0,0,0.000021902926
01071996,01/07/1996,"January 07, 1996",127290,1,0.001272030295,True,01071996: 1; 010719960: 1,1,0,1,0,0,0,0,0,0,0,0,0,0,0.000021902926
01131996,01/13/1996,"January 13, 1996",3748672,1,0.036792733542,False,01131996: 1,1,0,0,0,0,0,0,0,0,0,0,0,0,0.000021902926
01171996,01/17/1996,"January 17, 1996",7936208,1,0.076294536679,True,01171996: 1,1,1,0,0,1,0,0,0,0,0,0,0,0,0.000021902926
02061996,02/06/1996,"February 06, 1996",7428845,1,0.071596087865,True,02061996: 1; 020619960: 1,1,0,1,0,0,0,0,0,0,0,0,0,0,0.000021902926
03041996,03/04/1996,"March 04, 1996",3836980,1,0.037642947165,False,03041996: 1,1,0,0,0,0,0,0,0,0,0,0,0,0,0.000021902926
03131996,03/13/1996,"March 13, 1996",632464,1,0.006304622005,False,03131996: 1,1,0,0,0,0,0,0,0,0,0,0,0,0,0.000021902926
03221996,03/22/1996,"March 22, 1996",238186,1,0.002378965789,True,03221996: 1,1,1,0,0,0,0,0,0,0,0,0,0,0,0.000021902926
03241996,03/24/1996,"March 24, 1996",1083963,1,0.010781033663,True,03241996: 1,1,1,0,0,0,0,0,0,0,0,0,0,0,0.000021902926
03261996,03/26/1996,"March 26, 1996",4677286,1,0.045695809574,False,03261996: 1,1,0,0,0,0,0,0,0,0,0,0,0,0,0.000021902926
04011996,04/01/1996,"April 01, 1996",625421,1,0.006234633574,False,04011996: 1,1,0,0,0,0,0,0,0,0,0,0,0,0,0.000021902926
04211996,04/21/1996,"April 21, 1996",5044291,1,0.049191734669,True,04211996: 1,1,1,0,0,0,0,0,0,0,0,0,0,0,0.000021902926
04301996,04/30/1996,"April 30, 1996",1351678,1,0.013425779475,False,04301996: 1,1,0,0,0,0,0,0,0,0,0,0,0,0,0.000021902926
05051996,05/05/1996,"May 05, 1996",7074749,1,0.068302819491,False,05051996: 1,1,0,0,0,0,0,0,0,0,0,0,0,0,0.000021902926
05181996,05/18/1996,"May 18, 1996",1537547,1,0.015257812013,False,05181996: 1,1,0,0,0,0,0,0,0,0,0,0,0,0,0.000021902926
06031996,06/03/1996,"June 03, 1996",5901687,2,0.057309078168,True,06031996: 2; 0060319960: 1; 060319960: 1,2,1,1,1,0,0,0,0,0,0,0,0,0,0.000021902926
06181996,06/18/1996,"June 18, 1996",3099561,1,0.030520113049,False,06181996: 1,1,0,0,0,0,0,0,0,0,0,0,0,0,0.000021902926
06231996,06/23/1996,"June 23, 1996",6058196,1,0.058783320356,False,06231996: 1,1,0,0,0,0,0,0,0,0,0,0,0,0,0.000021902926
07121996,07/12/1996,"July 12, 1996",1767592,1,0.017520558537,False,07121996: 1,1,0,0,0,0,0,0,0,0,0,0,0,0,0.000021902926
07261996,07/26/1996,"July 26, 1996",5276004,1,0.051392330529,False,07261996: 1,1,0,0,0,0,0,0,0,0,0,0,0,0,0.000021902926
08101996,08/10/1996,"August 10, 1996",7679945,1,0.073924385711,True,08101996: 1,1,1,0,0,1,0,0,0,0,0,0,0,0,0.000021902926
08121996,08/12/1996,"August 12, 1996",9022292,1,0.086272471565,True,08121996: 1,1,1,0,0,0,0,0,0,0,0,0,0,0,0.000021902926
08171996,08/17/1996,"August 17, 1996",3594520,1,0.035306785246,False,08171996: 1,1,0,0,0,0,0,0,0,0,0,0,0,0,0.000021902926
08241996,08/24/1996,"August 24, 1996",5471367,1,0.053243749866,False,08241996: 1,1,0,0,0,0,0,0,0,0,0,0,0,0,0.000021902926
09031996,09/03/1996,"September 03, 1996",6698692,1,0.064792510746,False,09031996: 1,1,0,0,0,0,0,0,0,0,0,0,0,0,0.000021902926
09151996,09/15/1996,"September 15, 1996",6496431,1,0.062899036472,False,09151996: 1,1,0,0,0,0,0,0,0,0,0,0,0,0,0.000021902926
09161996,09/16/1996,"September 16, 1996",4241520,1,0.041528202421,False,09161996: 1,1,0,0,0,0,0,0,0,0,0,0,0,0,0.000021902926
09171996,09/17/1996,"September 17, 1996",7996892,1,0.076854908063,False,09171996: 1,1,0,0,0,0,0,0,0,0,0,0,0,0,0.000021902926
09201996,09/20/1996,"September 20, 1996",5592359,1,0.054388556497,False,09201996: 1,1,0,0,0,0,0,0,0,0,0,0,0,0,0.000021902926
09221996,09/22/1996,"September 22, 1996",1309280,1,0.013007403047,False,09221996: 1,1,0,0,0,0,0,0,0,0,0,0,0,0,0.000021902926
09251996,09/25/1996,"September 25, 1996",7645986,1,0.073609846286,False,09251996: 1,1,0,0,0,0,0,0,0,0,0,0,0,0,0.000021902926
09271996,09/27/1996,"September 27, 1996",6303019,1,0.061084816845,False,09271996: 1,1,0,0,0,0,0,0,0,0,0,0,0,0,0.000021902926
10021996,10/02/1996,"October 02, 1996",376222,1,0.003755091980,False,10021996: 1,1,0,0,0,0,0,0,0,0,0,0,0,0,0.000021902926
10031996,10/03/1996,"October 03, 1996",3813887,2,0.037420684386,False,10031996: 2,2,0,0,0,0,0,0,0,0,0,0,0,0,0.000021902926
10061996,10/06/1996,"October 06, 1996",7925614,1,0.076196674137,False,10061996: 1,1,0,0,0,0,0,0,0,0,0,0,0,0,0.000021902926
10291996,10/29/1996,"October 29, 1996",6705134,1,0.064852754872,False,10291996: 1,1,0,0,0,0,0,0,0,0,0,0,0,0,0.000021902926
11171996,11/17/1996,"November 17, 1996",5449481,1,0.053036520114,False,11171996: 1,1,0,0,0,0,0,0,0,0,0,0,0,0,0.000021902926
11271996,11/27/1996,"November 27, 1996",2713103,1,0.026766231514,False,11271996: 1,1,0,0,0,0,0,0,0,0,0,0,0,0,0.000021902926
12041996,12/04/1996,"December 04, 1996",5239458,1,0.051045589010,True,12041996: 1; 120419960: 1,1,0,1,0,0,0,0,0,0,0,0,0,0,0.000021902926
12061996,12/06/1996,"December 06, 1996",3371815,1,0.033155971105,False,12061996: 1,1,0,0,0,0,0,0,0,0,0,0,0,0,0.000021902926
12071996,12/07/1996,"December 07, 1996",7253685,1,0.069968470505,False,12071996: 1,1,0,0,0,0,0,0,0,0,0,0,0,0,0.000021902926
12111996,12/11/1996,"December 11, 1996",2901720,1,0.028600185751,False,12111996: 1,1,0,0,0,0,0,0,0,0,0,0,0,0,0.000021902926
12201996,12/20/1996,"December 20, 1996",3105021,1,0.030573045207,False,12201996: 1,1,0,0,0,0,0,0,0,0,0,0,0,0,0.000021902926
12241996,12/24/1996,"December 24, 1996",2760153,1,0.027224030301,False,12241996: 1,1,0,0,0,0,0,0,0,0,0,0,0,0,0.000021902926
12271996,12/27/1996,"December 27, 1996",2004449,1,0.019844876150,False,12271996: 1,1,0,0,0,0,0,0,0,0,0,0,0,0,0.000021902926
01011997,01/01/1997,"January 01, 1997",1724445,1,0.017096556663,False,01011997: 1,1,0,0,0,0,0,0,0,0,0,0,0,0,0.000021902926
01101997,01/10/1997,"January 10, 1997",9096390,1,0.086949274616,False,01101997: 1,1,0,0,0,0,0,0,0,0,0,0,0,0,0.000021902926
01301997,01/30/1997,"January 30, 1997",9634219,1,0.091846744439,False,01301997: 1,1,0,0,0,0,0,0,0,0,0,0,0,0,0.000021902926
02101997,02/10/1997,"February 10, 1997",381252,1,0.003805201839,False,02101997: 1,1,0,0,0,0,0,0,0,0,0,0,0,0,0.000021902926
02201997,02/20/1997,"February 20, 1997",3400667,1,0.033434884709,False,02201997: 1,1,0,0,0,0,0,0,0,0,0,0,0,0,0.000021902926
02231997,02/23/1997,"February 23, 1997",5934488,2,0.057618239514,False,02231997: 2,2,0,0,0,0,0,0,0,0,0,0,0,0,0.000021902926
03011997,03/01/1997,"March 01, 1997",1008479,1,0.010034049720,False,03011997: 1,1,0,0,0,0,0,0,0,0,0,0,0,0,0.000021902926
03241997,03/24/1997,"March 24, 1997",2891349,1,0.028499436651,False,03241997: 1,1,0,0,0,0,0,0,0,0,0,0,0,0,0.000021902926
03251997,03/25/1997,"March 25, 1997",172970,1,0.001728145052,False,03251997: 1,1,0,0,0,0,0,0,0,0,0,0,0,0,0.000021902926
04051997,04/05/1997,"April 05, 1997",9143040,1,0.087375113449,False,04051997: 1,1,0,0,0,0,0,0,0,0,0,0,0,0,0.000021902926
04081997,04/08/1997,"April 08, 1997",9574370,1,0.091303061113,False,04081997: 1,1,0,0,0,0,0,0,0,0,0,0,0,0,0.000021902926
05111997,05/11/1997,"May 11, 1997",7845517,1,0.075456438967,False,05111997: 1,1,0,0,0,0,0,0,0,0,0,0,0,0,0.000021902926
05211997,05/21/1997,"May 21, 1997",8447537,1,0.081005655711,False,05211997: 1,1,0,0,0,0,0,0,0,0,0,0,0,0,0.000021902926
05221997,05/22/1997,"May 22, 1997",4582429,1,0.044790155768,False,05221997: 1,1,0,0,0,0,0,0,0,0,0,0,0,0,0.000021902926
06071997,06/07/1997,"June 07, 1997",3949176,1,0.038722067816,False,06071997: 1,1,0,0,0,0,0,0,0,0,0,0,0,0,0.000021902926
06131997,06/13/1997,"June 13, 1997",2627809,1,0.025935767378,True,06131997: 1; 061319970: 1,1,0,1,0,0,0,0,0,0,0,0,0,0,0.000021902926
06301997,06/30/1997,"June 30, 1997",5447925,1,0.053021785248,False,06301997: 1,1,0,0,0,0,0,0,0,0,0,0,0,0,0.000021902926
07071997,07/07/1997,"July 07, 1997",9805888,1,0.093404424657,False,07071997: 1,1,0,0,0,0,0,0,0,0,0,0,0,0,0.000021902926
07121997,07/12/1997,"July 12, 1997",1854958,1,0.018378536689,False,07121997: 1,1,0,0,0,0,0,0,0,0,0,0,0,0,0.000021902926
07221997,07/22/1997,"July 22, 1997",146269,2,0.001461560893,False,07221997: 2,2,0,0,0,0,0,0,0,0,0,0,0,0,0.000021902926
08161997,08/16/1997,"August 16, 1997",6462694,1,0.062582833381,False,08161997: 1,1,0,0,0,0,0,0,0,0,0,0,0,0,0.000021902926
08181997,08/18/1997,"August 18, 1997",5843648,1,0.056761790974,False,08181997: 1,1,0,0,0,0,0,0,0,0,0,0,0,0,0.000021902926
08291997,08/29/1997,"August 29, 1997",6178359,1,0.059913635320,False,08291997: 1,1,0,0,0,0,0,0,0,0,0,0,0,0,0.000021902926
09061997,09/06/1997,"September 06, 1997",3987790,1,0.039093184025,False,09061997: 1,1,0,0,0,0,0,0,0,0,0,0,0,0,0.000021902926
09211997,09/21/1997,"September 21, 1997",3012111,1,0.029671932067,True,09211997: 1; 092119970: 1,1,0,1,0,0,0,0,0,0,0,0,0,0,0.000021902926
09231997,09/23/1997,"September 23, 1997",1848271,1,0.018312893467,False,09231997: 1,1,0,0,0,0,0,0,0,0,0,0,0,0,0.000021902926
09261997,09/26/1997,"September 26, 1997",4137386,1,0.040529587531,False,09261997: 1,1,0,0,0,0,0,0,0,0,0,0,0,0,0.000021902926
10211997,10/21/1997,"October 21, 1997",8460744,1,0.081127019281,False,10211997: 1,1,0,0,0,0,0,0,0,0,0,0,0,0,0.000021902926
11031997,11/03/1997,"November 03, 1997",6730525,1,0.065090167969,False,11031997: 1,1,0,0,0,0,0,0,0,0,0,0,0,0,0.000021902926
11091997,11/09/1997,"November 09, 1997",5719703,1,0.055591969546,False,11091997: 1,1,0,0,0,0,0,0,0,0,0,0,0,0,0.000021902926
11101997,11/10/1997,"November 10, 1997",3813714,1,0.037419019122,False,11101997: 1,1,0,0,0,0,0,0,0,0,0,0,0,0,0.000021902926
11121997,11/12/1997,"November 12, 1997",4804788,1,0.046911791149,True,11121997: 1; 111219970: 1,1,0,1,0,0,0,0,0,0,0,0,0,0,0.000021902926
11281997,11/28/1997,"November 28, 1997",425814,1,0.004249027274,False,11281997: 1,1,0,0,0,0,0,0,0,0,0,0,0,0,0.000021902926
12181997,12/18/1997,"December 18, 1997",4568632,1,0.044658356373,True,12181997: 1,1,1,0,0,0,0,0,0,0,0,0,0,0,0.000021902926
12281997,12/28/1997,"December 28, 1997",575091,1,0.005734345573,False,12281997: 1,1,0,0,0,0,0,0,0,0,0,0,0,0,0.000021902926
01041998,01/04/1998,"January 04, 1998",4345361,1,0.042522972551,False,01041998: 1,1,0,0,0,0,0,0,0,0,0,0,0,0,0.000021902926
01231998,01/23/1998,"January 23, 1998",6134298,1,0.059499332596,False,01231998: 1,1,0,0,0,0,0,0,0,0,0,0,0,0,0.000021902926
01261998,01/26/1998,"January 26, 1998",7707986,1,0.074184030171,True,01261998: 1; 012619980: 1,1,0,1,0,0,0,0,0,0,0,0,0,0,0.000021902926
01311998,01/31/1998,"January 31, 1998",2632848,2,0.025984849238,False,01311998: 2,2,0,0,0,0,0,0,0,0,0,0,0,0,0.000021902926
02101998,02/10/1998,"February 10, 1998",6563044,1,0.063523059680,False,02101998: 1,1,0,0,0,0,0,0,0,0,0,0,0,0,0.000021902926
03141998,03/14/1998,"March 14, 1998",2025364,1,0.020049854160,False,03141998: 1,1,0,0,0,0,0,0,0,0,0,0,0,0,0.000021902926
03161998,03/16/1998,"March 16, 1998",8247126,1,0.079162043153,False,03161998: 1,1,0,0,0,0,0,0,0,0,0,0,0,0,0.000021902926
03181998,03/18/1998,"March 18, 1998",6868459,1,0.066378837549,False,03181998: 1,1,0,0,0,0,0,0,0,0,0,0,0,0,0.000021902926
04231998,04/23/1998,"April 23, 1998",9871261,1,0.093996899708,False,04231998: 1,1,0,0,0,0,0,0,0,0,0,0,0,0,0.000021902926
04281998,04/28/1998,"April 28, 1998",9517638,1,0.090787392900,True,04281998: 1,1,1,0,0,0,0,0,0,0,0,0,0,0,0.000021902926
05061998,05/06/1998,"May 06, 1998",7954367,1,0.076462257127,False,05061998: 1,1,0,0,0,0,0,0,0,0,0,0,0,0,0.000021902926
05301998,05/30/1998,"May 30, 1998",5198935,1,0.050660966285,False,05301998: 1,1,0,0,0,0,0,0,0,0,0,0,0,0,0.000021902926
07041998,07/04/1998,"July 04, 1998",8538949,1,0.081845342984,False,07041998: 1,1,0,0,0,0,0,0,0,0,0,0,0,0,0.000021902926
07051998,07/05/1998,"July 05, 1998",6139343,1,0.059546779659,False,07051998: 1,1,0,0,0,0,0,0,0,0,0,0,0,0,0.000021902926
07081998,07/08/1998,"July 08, 1998",9598531,1,0.091522584862,True,07081998: 1; 070819980: 1,1,0,1,0,0,0,0,0,0,0,0,0,0,0.000021902926
07211998,07/21/1998,"July 21, 1998",8594718,1,0.082357245905,False,07211998: 1,1,0,0,0,0,0,0,0,0,0,0,0,0,0.000021902926
08261998,08/26/1998,"August 26, 1998",3666021,1,0.035996304013,False,08261998: 1,1,0,0,0,0,0,0,0,0,0,0,0,0,0.000021902926
08271998,08/27/1998,"August 27, 1998",4549559,1,0.044476126682,False,08271998: 1,1,0,0,0,0,0,0,0,0,0,0,0,0,0.000021902926
09221998,09/22/1998,"September 22, 1998",7457206,1,0.071859355167,True,09221998: 1; 0092219980: 1; 092219980: 1,1,1,1,1,0,0,0,0,0,0,0,0,0,0.000021902926
09241998,09/24/1998,"September 24, 1998",8332485,1,0.079947725860,False,09241998: 1,1,0,0,0,0,0,0,0,0,0,0,0,0,0.000021902926
10021998,10/02/1998,"October 02, 1998",2421725,1,0.023926306948,True,10021998: 1; 100219980: 1,1,0,1,0,0,0,0,0,0,0,0,0,0,0.000021902926
10191998,10/19/1998,"October 19, 1998",4259674,1,0.041702187600,False,10191998: 1,1,0,0,0,0,0,0,0,0,0,0,0,0,0.000021902926
10201998,10/20/1998,"October 20, 1998",3123529,1,0.030752450147,False,10201998: 1,1,0,0,0,0,0,0,0,0,0,0,0,0,0.000021902926
10231998,10/23/1998,"October 23, 1998",3529391,1,0.034678285551,False,10231998: 1,1,0,0,0,0,0,0,0,0,0,0,0,0,0.000021902926
11031998,11/03/1998,"November 03, 1998",9415569,1,0.089858894901,True,11031998: 1; 110319980: 1,1,0,1,0,0,0,0,0,0,0,0,0,0,0.000021902926
11151998,11/15/1998,"November 15, 1998",8682510,1,0.083162509309,False,11151998: 1,1,0,0,0,0,0,0,0,0,0,0,0,0,0.000021902926
11221998,11/22/1998,"November 22, 1998",3095006,1,0.030475952234,False,11221998: 1,1,0,0,0,0,0,0,0,0,0,0,0,0,0.000021902926
11271998,11/27/1998,"November 27, 1998",9368306,1,0.089428633237,False,11271998: 1,1,0,0,0,0,0,0,0,0,0,0,0,0,0.000021902926
12121998,12/12/1998,"December 12, 1998",8402307,1,0.080589900549,False,12121998: 1,1,0,0,0,0,0,0,0,0,0,0,0,0,0.000021902926
12161998,12/16/1998,"December 16, 1998",5715147,1,0.055548941336,True,12161998: 1,1,1,0,0,0,0,0,0,0,0,0,0,0,0.000021902926
12241998,12/24/1998,"December 24, 1998",2876478,1,0.028354954059,True,12241998: 1; 122419980: 1; 1224199800: 1,1,0,1,0,0,1,0,0,0,0,0,0,0,0.000021902926
12251998,12/25/1998,"December 25, 1998",2402740,1,0.023740981764,False,12251998: 1,1,0,0,0,0,0,0,0,0,0,0,0,0,0.000021902926
12301998,12/30/1998,"December 30, 1998",6985315,1,0.067469192709,False,12301998: 1,1,0,0,0,0,0,0,0,0,0,0,0,0,0.000021902926
01081999,01/08/1999,"January 08, 1999",6319872,1,0.061243038889,False,01081999: 1,1,0,0,0,0,0,0,0,0,0,0,0,0,0.000021902926
02141999,02/14/1999,"February 14, 1999",5539389,1,0.053887533426,False,02141999: 1,1,0,0,0,0,0,0,0,0,0,0,0,0,0.000021902926
02261999,02/26/1999,"February 26, 1999",3825392,1,0.037531422767,True,02261999: 1,1,1,0,0,0,0,0,0,0,0,0,0,0,0.000021902926
03011999,03/01/1999,"March 01, 1999",83591,1,0.000835500783,False,03011999: 1,1,0,0,0,0,0,0,0,0,0,0,0,0,0.000021902926
03071999,03/07/1999,"March 07, 1999",520178,1,0.005188214534,False,03071999: 1,1,0,0,0,0,0,0,0,0,0,0,0,0,0.000021902926
03271999,03/27/1999,"March 27, 1999",2565151,1,0.025325246955,True,03271999: 1; 032719990: 1,1,0,1,0,0,0,0,0,0,0,0,0,0,0.000021902926
04231999,04/23/1999,"April 23, 1999",2424208,1,0.023950542557,False,04231999: 1,1,0,0,0,0,0,0,0,0,0,0,0,0,0.000021902926
05231999,05/23/1999,"May 23, 1999",9367705,1,0.089423160687,False,05231999: 1,1,0,0,0,0,0,0,0,0,0,0,0,0,0.000021902926
06061999,06/06/1999,"June 06, 1999",8113555,1,0.077931248864,False,06061999: 1,1,0,0,0,0,0,0,0,0,0,0,0,0,0.000021902926
06291999,06/29/1999,"June 29, 1999",4521847,1,0.044211295210,False,06291999: 1,1,0,0,0,0,0,0,0,0,0,0,0,0,0.000021902926
07021999,07/02/1999,"July 02, 1999",1707181,1,0.016926853562,False,07021999: 1,1,0,0,0,0,0,0,0,0,0,0,0,0,0.000021902926
07181999,07/18/1999,"July 18, 1999",5596617,1,0.054428819776,False,07181999: 1,1,0,0,0,0,0,0,0,0,0,0,0,0,0.000021902926
07241999,07/24/1999,"July 24, 1999",1175682,1,0.011687919459,False,07241999: 1,1,0,0,0,0,0,0,0,0,0,0,0,0,0.000021902926
08181999,08/18/1999,"August 18, 1999",8830147,1,0.084515101980,True,08181999: 1; 081819990: 1,1,0,1,0,0,0,0,0,0,0,0,0,0,0.000021902926
08271999,08/27/1999,"August 27, 1999",8067097,1,0.077502774637,False,08271999: 1,1,0,0,0,0,0,0,0,0,0,0,0,0,0.000021902926
09091999,09/09/1999,"September 09, 1999",7273184,1,0.070149799676,False,09091999: 1,1,0,0,0,0,0,0,0,0,0,0,0,0,0.000021902926
09121999,09/12/1999,"September 12, 1999",7112747,1,0.068656778536,False,09121999: 1,1,0,0,0,0,0,0,0,0,0,0,0,0,0.000021902926
10041999,10/04/1999,"October 04, 1999",2814179,1,0.027749440310,False,10041999: 1,1,0,0,0,0,0,0,0,0,0,0,0,0,0.000021902926
10131999,10/13/1999,"October 13, 1999",3066039,1,0.030195069521,False,10131999: 1,1,0,0,0,0,0,0,0,0,0,0,0,0,0.000021902926
11021999,11/02/1999,"November 02, 1999",4223850,2,0.041358825488,False,11021999: 2,2,0,0,0,0,0,0,0,0,0,0,0,0,0.000021902926
11031999,11/03/1999,"November 03, 1999",4204428,1,0.041172620116,False,11031999: 1,1,0,0,0,0,0,0,0,0,0,0,0,0,0.000021902926
11081999,11/08/1999,"November 08, 1999",899053,1,0.008950176657,True,11081999: 1; 110819990: 1,1,0,1,0,0,0,0,0,0,0,0,0,0,0.000021902926
11161999,11/16/1999,"November 16, 1999",4232779,1,0.041444418738,False,11161999: 1,1,0,0,0,0,0,0,0,0,0,0,0,0,0.000021902926
11211999,11/21/1999,"November 21, 1999",8426579,1,0.080813032690,False,11211999: 1,1,0,0,0,0,0,0,0,0,0,0,0,0,0.000021902926
11241999,11/24/1999,"November 24, 1999",1066278,1,0.010606074817,False,11241999: 1,1,0,0,0,0,0,0,0,0,0,0,0,0,0.000021902926
12031999,12/03/1999,"December 03, 1999",7324023,1,0.070622406080,True,12031999: 1; 120319990: 1,1,0,1,0,0,0,0,0,0,0,0,0,0,0.000021902926
12041999,12/04/1999,"December 04, 1999",8198965,1,0.078718451570,True,12041999: 1; 120419990: 1,1,0,1,0,0,0,0,0,0,0,0,0,0,0.000021902926
12091999,12/09/1999,"December 09, 1999",7476692,1,0.072040195035,False,12091999: 1,1,0,0,0,0,0,0,0,0,0,0,0,0,0.000021902926
02092000,02/09/2000,"February 09, 2000",5408050,1,0.052644102385,False,02092000: 1,1,0,0,0,0,0,0,0,0,0,0,0,0,0.000021902926
02112000,02/11/2000,"February 11, 2000",1521973,1,0.015104436320,False,02112000: 1,1,0,0,0,0,0,0,0,0,0,0,0,0,0.000021902926
02212000,02/21/2000,"February 21, 2000",6662469,1,0.064453689171,False,02212000: 1,1,0,0,0,0,0,0,0,0,0,0,0,0,0.000021902926
03082000,03/08/2000,"March 08, 2000",2198166,1,0.021741765378,False,03082000: 1,1,0,0,0,0,0,0,0,0,0,0,0,0,0.000021902926
04262000,04/26/2000,"April 26, 2000",6875004,1,0.066439941055,False,04262000: 1,1,0,0,0,0,0,0,0,0,0,0,0,0,0.000021902926
05192000,05/19/2000,"May 19, 2000",4603485,1,0.044991263582,False,05192000: 1,1,0,0,0,0,0,0,0,0,0,0,0,0,0.000021902926
05202000,05/20/2000,"May 20, 2000",9657792,1,0.092060798178,True,05202000: 1; 0052020000: 1; 052020000: 1,1,1,1,1,0,0,0,0,0,0,0,0,0,0.000021902926
05242000,05/24/2000,"May 24, 2000",4137437,1,0.040530076860,False,05242000: 1,1,0,0,0,0,0,0,0,0,0,0,0,0,0.000021902926
06072000,06/07/2000,"June 07, 2000",1465372,1,0.014546817783,False,06072000: 1,1,0,0,0,0,0,0,0,0,0,0,0,0,0.000021902926
06132000,06/13/2000,"June 13, 2000",70366,1,0.000703352539,False,06132000: 1,1,0,0,0,0,0,0,0,0,0,0,0,0,0.000021902926
06152000,06/15/2000,"June 15, 2000",1309331,1,0.013007906413,False,06152000: 1,1,0,0,0,0,0,0,0,0,0,0,0,0,0.000021902926
06162000,06/16/2000,"June 16, 2000",627149,2,0.006251805691,False,06162000: 2,2,0,0,0,0,0,0,0,0,0,0,0,0,0.000021902926
06202000,06/20/2000,"June 20, 2000",294461,1,0.002940219094,False,06202000: 1,1,0,0,0,0,0,0,0,0,0,0,0,0,0.000021902926
06222000,06/22/2000,"June 22, 2000",733539,1,0.007308492202,False,06222000: 1,1,0,0,0,0,0,0,0,0,0,0,0,0,0.000021902926
08022000,08/02/2000,"August 02, 2000",2513385,1,0.024820566202,False,08022000: 1,1,0,0,0,0,0,0,0,0,0,0,0,0,0.000021902926
08062000,08/06/2000,"August 06, 2000",5911073,1,0.057397554987,False,08062000: 1,1,0,0,0,0,0,0,0,0,0,0,0,0,0.000021902926
08092000,08/09/2000,"August 09, 2000",5271234,1,0.051347080863,False,08092000: 1,1,0,0,0,0,0,0,0,0,0,0,0,0,0.000021902926
09132000,09/13/2000,"September 13, 2000",5081866,1,0.049548933765,True,09132000: 1,1,1,0,0,0,0,0,0,0,0,0,0,0,0.000021902926
09212000,09/21/2000,"September 21, 2000",1704432,1,0.016899828510,True,09212000: 1,1,1,0,0,0,0,0,0,0,0,0,0,0,0.000021902926
09222000,09/22/2000,"September 22, 2000",5078031,1,0.049512483267,False,09222000: 1,1,0,0,0,0,0,0,0,0,0,0,0,0,0.000021902926
09272000,09/27/2000,"September 27, 2000",1489633,1,0.014785869583,False,09272000: 1,1,0,0,0,0,0,0,0,0,0,0,0,0,0.000021902926
10012000,10/01/2000,"October 01, 2000",8285990,1,0.079519848087,False,10012000: 1,1,0,0,0,0,0,0,0,0,0,0,0,0,0.000021902926
10062000,10/06/2000,"October 06, 2000",1706510,1,0.016920257119,False,10062000: 1,1,0,0,0,0,0,0,0,0,0,0,0,0,0.000021902926
10122000,10/12/2000,"October 12, 2000",3433572,1,0.033752880642,False,10122000: 1,1,0,0,0,0,0,0,0,0,0,0,0,0,0.000021902926
11052000,11/05/2000,"November 05, 2000",2939982,1,0.028971791656,False,11052000: 1,1,0,0,0,0,0,0,0,0,0,0,0,0,0.000021902926
11112000,11/11/2000,"November 11, 2000",1278617,2,0.012704715100,False,11112000: 2,2,0,0,0,0,0,0,0,0,0,0,0,0,0.000021902926
11282000,11/28/2000,"November 28, 2000",7352953,1,0.070891236132,False,11282000: 1,1,0,0,0,0,0,0,0,0,0,0,0,0,0.000021902926
11302000,11/30/2000,"November 30, 2000",5878673,2,0.057092102311,True,11302000: 2,2,1,0,0,0,0,0,0,0,0,0,0,0,0.000021902926
12132000,12/13/2000,"December 13, 2000",3492855,1,0.034325531168,False,12132000: 1,1,0,0,0,0,0,0,0,0,0,0,0,0,0.000021902926
12182000,12/18/2000,"December 18, 2000",7817673,1,0.075198973212,False,12182000: 1,1,0,0,0,0,0,0,0,0,0,0,0,0,0.000021902926
12242000,12/24/2000,"December 24, 2000",2631447,1,0.025971203190,False,12242000: 1,1,0,0,0,0,0,0,0,0,0,0,0,0,0.000021902926
01222001,01/22/2001,"January 22, 2001",4171381,1,0.040855704066,False,01222001: 1,1,0,0,0,0,0,0,0,0,0,0,0,0,0.000021902926
02102001,02/10/2001,"February 10, 2001",1179832,1,0.011728933559,False,02102001: 1,1,0,0,0,0,0,0,0,0,0,0,0,0,0.000021902926
02142001,02/14/2001,"February 14, 2001",273788,1,0.002734075616,False,02142001: 1,1,0,0,0,0,0,0,0,0,0,0,0,0,0.000021902926
03022001,03/02/2001,"March 02, 2001",9666442,1,0.092139331523,False,03022001: 1,1,0,0,0,0,0,0,0,0,0,0,0,0,0.000021902926
03112001,03/11/2001,"March 11, 2001",8727936,1,0.083578897331,False,03112001: 1,1,0,0,0,0,0,0,0,0,0,0,0,0,0.000021902926
03262001,03/26/2001,"March 26, 2001",3277859,1,0.032247136234,False,03262001: 1,1,0,0,0,0,0,0,0,0,0,0,0,0,0.000021902926
03302001,03/30/2001,"March 30, 2001",8381099,1,0.080394891375,False,03302001: 1,1,0,0,0,0,0,0,0,0,0,0,0,0,0.000021902926
04062001,04/06/2001,"April 06, 2001",91508,1,0.000914601506,False,04062001: 1,1,0,0,0,0,0,0,0,0,0,0,0,0,0.000021902926
04092001,04/09/2001,"April 09, 2001",8475320,1,0.081260944447,True,04092001: 1; 040920010: 1,1,0,1,0,0,0,0,0,0,0,0,0,0,0.000021902926
04182001,04/18/2001,"April 18, 2001",8638450,1,0.082758461702,False,04182001: 1,1,0,0,0,0,0,0,0,0,0,0,0,0,0.000021902926
04202001,04/20/2001,"April 20, 2001",2151686,1,0.021286965259,False,04202001: 1,1,0,0,0,0,0,0,0,0,0,0,0,0,0.000021902926
05112001,05/11/2001,"May 11, 2001",9662785,1,0.092106130451,False,05112001: 1,1,0,0,0,0,0,0,0,0,0,0,0,0,0.000021902926
06012001,06/01/2001,"June 01, 2001",8411839,1,0.080677534544,False,06012001: 1,1,0,0,0,0,0,0,0,0,0,0,0,0,0.000021902926
06032001,06/03/2001,"June 03, 2001",3906461,1,0.038311370235,True,06032001: 1; 060320010: 1,1,0,1,0,0,0,0,0,0,0,0,0,0,0.000021902926
06072001,06/07/2001,"June 07, 2001",1903005,1,0.018850063072,False,06072001: 1,1,0,0,0,0,0,0,0,0,0,0,0,0,0.000021902926
06092001,06/09/2001,"June 09, 2001",2210031,1,0.021857828834,False,06092001: 1,1,0,0,0,0,0,0,0,0,0,0,0,0,0.000021902926
06122001,06/12/2001,"June 12, 2001",96746,1,0.000009673754,True,06122001: 1; 0061220010: 1; 00612200100: 1; 061220010: 1; 0612200100: 1,1,1,1,2,0,1,0,0,0,0,0,0,0,0.000021902926
06152001,06/15/2001,"June 15, 2001",4013139,1,0.039336733426,False,06152001: 1,1,0,0,0,0,0,0,0,0,0,0,0,0,0.000021902926
06202001,06/20/2001,"June 20, 2001",320429,2,0.003199101966,False,06202001: 2,2,0,0,0,0,0,0,0,0,0,0,0,0,0.000021902926
07302001,07/30/2001,"July 30, 2001",3497684,1,0.034372162463,True,07302001: 1,1,1,0,0,0,0,0,0,0,0,0,0,0,0.000021902926
08052001,08/05/2001,"August 05, 2001",718596,1,0.007160143224,False,08052001: 1,1,0,0,0,0,0,0,0,0,0,0,0,0,0.000021902926
08082001,08/08/2001,"August 08, 2001",8738085,1,0.083671900190,False,08082001: 1,1,0,0,0,0,0,0,0,0,0,0,0,0,0.000021902926
08112001,08/11/2001,"August 11, 2001",8055473,1,0.077395537326,False,08112001: 1,1,0,0,0,0,0,0,0,0,0,0,0,0,0.000021902926
08152001,08/15/2001,"August 15, 2001",3735606,1,0.036666872657,False,08152001: 1,1,0,0,0,0,0,0,0,0,0,0,0,0,0.000021902926
08232001,08/23/2001,"August 23, 2001",9865817,1,0.093947575557,False,08232001: 1,1,0,0,0,0,0,0,0,0,0,0,0,0,0.000021902926
08292001,08/29/2001,"August 29, 2001",9031459,1,0.086356229129,False,08292001: 1,1,0,0,0,0,0,0,0,0,0,0,0,0,0.000021902926
09092001,09/09/2001,"September 09, 2001",6448189,1,0.062446851158,False,09092001: 1,1,0,0,0,0,0,0,0,0,0,0,0,0,0.000021902926
09272001,09/27/2001,"September 27, 2001",1160875,1,0.011541569253,False,09272001: 1,1,0,0,0,0,0,0,0,0,0,0,0,0,0.000021902926
09302001,09/30/2001,"September 30, 2001",3806426,1,0.037348863663,False,09302001: 1,1,0,0,0,0,0,0,0,0,0,0,0,0,0.000021902926
10072001,10/07/2001,"October 07, 2001",8168132,1,0.078434349031,False,10072001: 1,1,0,0,0,0,0,0,0,0,0,0,0,0,0.000021902926
11052001,11/05/2001,"November 05, 2001",5738079,1,0.055765498023,True,11052001: 1; 110520010: 1,1,0,1,0,0,0,0,0,0,0,0,0,0,0.000021902926
11082001,11/08/2001,"November 08, 2001",6206277,1,0.060176052001,False,11082001: 1,1,0,0,0,0,0,0,0,0,0,0,0,0,0.000021902926
11122001,11/12/2001,"November 12, 2001",5705537,1,0.055458175227,False,11122001: 1,1,0,0,0,0,0,0,0,0,0,0,0,0,0.000021902926
11152001,11/15/2001,"November 15, 2001",9728810,1,0.092705369539,False,11152001: 1,1,0,0,0,0,0,0,0,0,0,0,0,0,0.000021902926
11192001,11/19/2001,"November 19, 2001",2092046,1,0.020703086704,False,11192001: 1,1,0,0,0,0,0,0,0,0,0,0,0,0,0.000021902926
11232001,11/23/2001,"November 23, 2001",7336428,1,0.070737688221,True,11232001: 1; 112320010: 1,1,0,1,0,0,0,0,0,0,0,0,0,0,0.000021902926
12062001,12/06/2001,"December 06, 2001",3600597,1,0.035365407872,True,12062001: 1; 120620010: 1,1,0,1,0,0,0,0,0,0,0,0,0,0,0.000021902926
12172001,12/17/2001,"December 17, 2001",9243878,1,0.088294922305,False,12172001: 1,1,0,0,0,0,0,0,0,0,0,0,0,0,0.000021902926
12202001,12/20/2001,"December 20, 2001",2256589,1,0.022313126273,True,12202001: 1; 122020010: 1,1,0,1,0,0,0,0,0,0,0,0,0,0,0.000021902926
12242001,12/24/2001,"December 24, 2001",2426819,1,0.023976026876,False,12242001: 1,1,0,0,0,0,0,0,0,0,0,0,0,0,0.000021902926
12252001,12/25/2001,"December 25, 2001",555020,1,0.005534766483,False,12252001: 1,1,0,0,0,0,0,0,0,0,0,0,0,0,0.000021902926
01292002,01/29/2002,"January 29, 2002",9050140,1,0.086526890983,False,01292002: 1,1,0,0,0,0,0,0,0,0,0,0,0,0,0.000021902926
02022002,02/02/2002,"February 02, 2002",411232,1,0.004103816278,False,02022002: 1,1,0,0,0,0,0,0,0,0,0,0,0,0,0.000021902926
02082002,02/08/2002,"February 08, 2002",2308736,1,0.022822827744,False,02082002: 1,1,0,0,0,0,0,0,0,0,0,0,0,0,0.000021902926
02172002,02/17/2002,"February 17, 2002",351280,1,0.003506577582,False,02172002: 1,1,0,0,0,0,0,0,0,0,0,0,0,0,0.000021902926
02242002,02/24/2002,"February 24, 2002",1227062,1,0.012195583781,False,02242002: 1,1,0,0,0,0,0,0,0,0,0,0,0,0,0.000021902926
03012002,03/01/2002,"March 01, 2002",3957083,1,0.038798073058,False,03012002: 1,1,0,0,0,0,0,0,0,0,0,0,0,0,0.000021902926
03112002,03/11/2002,"March 11, 2002",2096313,1,0.020744872412,False,03112002: 1,1,0,0,0,0,0,0,0,0,0,0,0,0,0.000021902926
03162002,03/16/2002,"March 16, 2002",5252184,1,0.051166345266,False,03162002: 1,1,0,0,0,0,0,0,0,0,0,0,0,0,0.000021902926
03222002,03/22/2002,"March 22, 2002",5454562,1,0.053084634107,False,03222002: 1,1,0,0,0,0,0,0,0,0,0,0,0,0,0.000021902926
03282002,03/28/2002,"March 28, 2002",9087380,1,0.086867005039,False,03282002: 1,1,0,0,0,0,0,0,0,0,0,0,0,0,0.000021902926
03312002,03/31/2002,"March 31, 2002",2267396,1,0.022418779186,False,03312002: 1,1,0,0,0,0,0,0,0,0,0,0,0,0,0.000021902926
05062002,05/06/2002,"May 06, 2002",50059,1,0.000500404761,False,05062002: 1,1,0,0,0,0,0,0,0,0,0,0,0,0,0.000021902926
05142002,05/14/2002,"May 14, 2002",9952749,1,0.094734882797,False,05142002: 1,1,0,0,0,0,0,0,0,0,0,0,0,0,0.000021902926
05152002,05/15/2002,"May 15, 2002",608879,1,0.006070231308,True,05152002: 1,1,1,0,0,0,0,0,0,0,0,0,0,0,0.000021902926
06072002,06/07/2002,"June 07, 2002",2751678,1,0.027141584044,False,06072002: 1,1,0,0,0,0,0,0,0,0,0,0,0,0,0.000021902926
06132002,06/13/2002,"June 13, 2002",4096599,2,0.040138168511,False,06132002: 2,2,0,0,0,0,0,0,0,0,0,0,0,0,0.000021902926
06152002,06/15/2002,"June 15, 2002",9130200,1,0.087257924889,True,06152002: 1; 061520020: 1,1,0,1,0,0,0,0,0,0,0,0,0,0,0.000021902926
06172002,06/17/2002,"June 17, 2002",798207,1,0.007950238428,False,06172002: 1,1,0,0,0,0,0,0,0,0,0,0,0,0,0.000021902926
07102002,07/10/2002,"July 10, 2002",4317260,1,0.042253874121,False,07102002: 1,1,0,0,0,0,0,0,0,0,0,0,0,0,0.000021902926
07122002,07/12/2002,"July 12, 2002",4595569,1,0.044915662097,True,07122002: 1; 071220020: 1,1,0,1,0,0,0,0,0,0,0,0,0,0,0.000021902926
07312002,07/31/2002,"July 31, 2002",5297109,2,0.051592513054,True,07312002: 2; 073120020: 1,2,1,1,0,0,0,0,0,0,0,0,0,0,0.000021902926
08232002,08/23/2002,"August 23, 2002",2680080,1,0.026444787452,False,08232002: 1,1,0,0,0,0,0,0,0,0,0,0,0,0,0.000021902926
09062002,09/06/2002,"September 06, 2002",4054300,1,0.039732070669,True,09062002: 1,1,1,0,0,0,0,0,0,0,0,0,0,0,0.000021902926
09142002,09/14/2002,"September 14, 2002",470903,1,0.004697900230,False,09142002: 1,1,0,0,0,0,0,0,0,0,0,0,0,0,0.000021902926
10042002,10/04/2002,"October 04, 2002",7487754,1,0.072142840272,True,10042002: 1,1,1,0,0,0,0,0,0,0,0,0,0,0,0.000021902926
10312002,10/31/2002,"October 31, 2002",2562404,1,0.025298472271,False,10312002: 1,1,0,0,0,0,0,0,0,0,0,0,0,0,0.000021902926
11122002,11/12/2002,"November 12, 2002",7643254,1,0.073584536961,False,11122002: 1,1,0,0,0,0,0,0,0,0,0,0,0,0,0.000021902926
11132002,11/13/2002,"November 13, 2002",5215505,1,0.050818258733,False,11132002: 1,1,0,0,0,0,0,0,0,0,0,0,0,0,0.000021902926
11192002,11/19/2002,"November 19, 2002",6922142,1,0.066879898898,True,11192002: 1,1,1,0,0,0,0,0,0,0,0,0,0,0,0.000021902926
11272002,11/27/2002,"November 27, 2002",704805,1,0.007023211236,False,11272002: 1,1,0,0,0,0,0,0,0,0,0,0,0,0,0.000021902926
12022002,12/02/2002,"December 02, 2002",9397089,1,0.089690685281,False,12022002: 1,1,0,0,0,0,0,0,0,0,0,0,0,0,0.000021902926
12092002,12/09/2002,"December 09, 2002",6698083,1,0.064786815315,False,12092002: 1,1,0,0,0,0,0,0,0,0,0,0,0,0,0.000021902926
12152002,12/15/2002,"December 15, 2002",343457,1,0.003428618851,True,12152002: 1; 0121520020: 1; 121520020: 1,1,1,1,1,0,0,0,0,0,0,0,0,0,0.000021902926
12232002,12/23/2002,"December 23, 2002",1075273,1,0.010695066799,False,12232002: 1,1,0,0,0,0,0,0,0,0,0,0,0,0,0.000021902926
12292002,12/29/2002,"December 29, 2002",809987,1,0.008067095008,False,12292002: 1,1,0,0,0,0,0,0,0,0,0,0,0,0,0.000021902926
01042003,01/04/2003,"January 04, 2003",8895468,1,0.085112910607,False,01042003: 1,1,0,0,0,0,0,0,0,0,0,0,0,0,0.000021902926
01112003,01/11/2003,"January 11, 2003",7025714,1,0.067845849745,False,01112003: 1,1,0,0,0,0,0,0,0,0,0,0,0,0,0.000021902926
01142003,01/14/2003,"January 14, 2003",7853292,1,0.075528319435,True,01142003: 1,1,1,0,0,0,0,0,0,0,0,0,0,0,0.000021902926
02072003,02/07/2003,"February 07, 2003",9895434,1,0.094215881372,False,02072003: 1,1,0,0,0,0,0,0,0,0,0,0,0,0,0.000021902926
02262003,02/26/2003,"February 26, 2003",9682237,1,0.092282716793,False,02262003: 1,1,0,0,0,0,0,0,0,0,0,0,0,0,0.000021902926
03122003,03/12/2003,"March 12, 2003",5130285,1,0.050009021278,False,03122003: 1,1,0,0,0,0,0,0,0,0,0,0,0,0,0.000021902926
03142003,03/14/2003,"March 14, 2003",8178278,1,0.078527846339,False,03142003: 1,1,0,0,0,0,0,0,0,0,0,0,0,0,0.000021902926
03262003,03/26/2003,"March 26, 2003",5821042,1,0.056548538439,False,03262003: 1,1,0,0,0,0,0,0,0,0,0,0,0,0,0.000021902926
03312003,03/31/2003,"March 31, 2003",8195322,1,0.078684888671,False,03312003: 1,1,0,0,0,0,0,0,0,0,0,0,0,0,0.000021902926
04152003,04/15/2003,"April 15, 2003",7072917,1,0.068285750642,False,04152003: 1,1,0,0,0,0,0,0,0,0,0,0,0,0,0.000021902926
05092003,05/09/2003,"May 09, 2003",5449017,1,0.053032126193,True,05092003: 1; 0050920030: 1; 050920030: 1,1,1,1,1,0,0,0,0,0,0,0,0,0,0.000021902926
06222003,06/22/2003,"June 22, 2003",1273508,1,0.012654272895,False,06222003: 1,1,0,0,0,0,0,0,0,0,0,0,0,0,0.000021902926
07212003,07/21/2003,"July 21, 2003",2753672,1,0.027160982647,False,07212003: 1,1,0,0,0,0,0,0,0,0,0,0,0,0,0.000021902926
07262003,07/26/2003,"July 26, 2003",4732968,1,0.046227037325,False,07262003: 1,1,0,0,0,0,0,0,0,0,0,0,0,0,0.000021902926
08172003,08/17/2003,"August 17, 2003",9478221,1,0.090428937922,False,08172003: 1,1,0,0,0,0,0,0,0,0,0,0,0,0,0.000021902926
08182003,08/18/2003,"August 18, 2003",8329959,1,0.079924485045,False,08182003: 1,1,0,0,0,0,0,0,0,0,0,0,0,0,0.000021902926
09132003,09/13/2003,"September 13, 2003",5027719,1,0.049034153665,False,09132003: 1,1,0,0,0,0,0,0,0,0,0,0,0,0,0.000021902926
09282003,09/28/2003,"September 28, 2003",1477019,1,0.014661586833,False,09282003: 1,1,0,0,0,0,0,0,0,0,0,0,0,0,0.000021902926
10012003,10/01/2003,"October 01, 2003",750455,1,0.007476401696,False,10012003: 1,1,0,0,0,0,0,0,0,0,0,0,0,0,0.000021902926
10062003,10/06/2003,"October 06, 2003",6738247,1,0.065162358920,False,10062003: 1,1,0,0,0,0,0,0,0,0,0,0,0,0,0.000021902926
10292003,10/29/2003,"October 29, 2003",7503124,1,0.072285440960,False,10292003: 1,1,0,0,0,0,0,0,0,0,0,0,0,0,0.000021902926
11072003,11/07/2003,"November 07, 2003",8753624,1,0.083814277352,False,11072003: 1,1,0,0,0,0,0,0,0,0,0,0,0,0,0.000021902926
11092003,11/09/2003,"November 09, 2003",8131120,1,0.078093196019,True,11092003: 1,1,1,0,0,0,0,0,0,0,0,0,0,0,0.000021902926
11152003,11/15/2003,"November 15, 2003",8843725,1,0.084639398082,False,11152003: 1,1,0,0,0,0,0,0,0,0,0,0,0,0,0.000021902926
11222003,11/22/2003,"November 22, 2003",1175556,1,0.011686674185,True,11222003: 1; 112220030: 1,1,0,1,0,0,0,0,0,0,0,0,0,0,0.000021902926
12092003,12/09/2003,"December 09, 2003",2416128,1,0.023871674574,False,12092003: 1,1,0,0,0,0,0,0,0,0,0,0,0,0,0.000021902926
12152003,12/15/2003,"December 15, 2003",4902930,1,0.047846712139,False,12152003: 1,1,0,0,0,0,0,0,0,0,0,0,0,0,0.000021902926
01162004,01/16/2004,"January 16, 2004",5423005,1,0.052785768868,False,01162004: 1,1,0,0,0,0,0,0,0,0,0,0,0,0,0.000021902926
01172004,01/17/2004,"January 17, 2004",3849107,1,0.037759645130,False,01172004: 1,1,0,0,0,0,0,0,0,0,0,0,0,0,0.000021902926
01232004,01/23/2004,"January 23, 2004",1052903,1,0.010473734528,False,01232004: 1,1,0,0,0,0,0,0,0,0,0,0,0,0,0.000021902926
01242004,01/24/2004,"January 24, 2004",4873610,1,0.047567499861,False,01242004: 1,1,0,0,0,0,0,0,0,0,0,0,0,0,0.000021902926
01252004,01/25/2004,"January 25, 2004",5229100,1,0.050947291221,False,01252004: 1,1,0,0,0,0,0,0,0,0,0,0,0,0,0.000021902926
01282004,01/28/2004,"January 28, 2004",9538586,1,0.090977834812,False,01282004: 1,1,0,0,0,0,0,0,0,0,0,0,0,0,0.000021902926
01302004,01/30/2004,"January 30, 2004",8225630,1,0.078964078548,True,01302004: 1; 013020040: 1,1,0,1,0,0,0,0,0,0,0,0,0,0,0.000021902926
02232004,02/23/2004,"February 23, 2004",9676323,1,0.092229032805,False,02232004: 1,1,0,0,0,0,0,0,0,0,0,0,0,0,0.000021902926
02262004,02/26/2004,"February 26, 2004",4793229,1,0.046801617315,False,02262004: 1,1,0,0,0,0,0,0,0,0,0,0,0,0,0.000021902926
03132004,03/13/2004,"March 13, 2004",8305630,1,0.079700612639,False,03132004: 1,1,0,0,0,0,0,0,0,0,0,0,0,0,0.000021902926
03272004,03/27/2004,"March 27, 2004",7344205,1,0.070809954141,False,03272004: 1,1,0,0,0,0,0,0,0,0,0,0,0,0,0.000021902926
04132004,04/13/2004,"April 13, 2004",6054245,1,0.058746132150,False,04132004: 1,1,0,0,0,0,0,0,0,0,0,0,0,0,0.000021902926
05032004,05/03/2004,"May 03, 2004",3531593,1,0.034699541701,False,05032004: 1,1,0,0,0,0,0,0,0,0,0,0,0,0,0.000021902926
05202004,05/20/2004,"May 20, 2004",817034,1,0.008136994057,False,05202004: 1,1,0,0,0,0,0,0,0,0,0,0,0,0,0.000021902926
05282004,05/28/2004,"May 28, 2004",4691317,1,0.045829698603,True,05282004: 1; 052820040: 1; 0528200400: 1,1,0,1,0,0,1,0,0,0,0,0,0,0,0.000021902926
05302004,05/30/2004,"May 30, 2004",2779588,1,0.027413070942,False,05302004: 1,1,0,0,0,0,0,0,0,0,0,0,0,0,0.000021902926
06132004,06/13/2004,"June 13, 2004",9515565,1,0.090768544727,False,06132004: 1,1,0,0,0,0,0,0,0,0,0,0,0,0,0.000021902926
07042004,07/04/2004,"July 04, 2004",324725,1,0.003241923613,False,07042004: 1,1,0,0,0,0,0,0,0,0,0,0,0,0,0.000021902926
07162004,07/16/2004,"July 16, 2004",2776224,1,0.027380352568,False,07162004: 1,1,0,0,0,0,0,0,0,0,0,0,0,0,0.000021902926
07242004,07/24/2004,"July 24, 2004",7046799,1,0.068042373731,False,07242004: 1,1,0,0,0,0,0,0,0,0,0,0,0,0,0.000021902926
08072004,08/07/2004,"August 07, 2004",563381,1,0.005617910246,False,08072004: 1,1,0,0,0,0,0,0,0,0,0,0,0,0,0.000021902926
08112004,08/11/2004,"August 11, 2004",7270552,1,0.070125325696,False,08112004: 1,1,0,0,0,0,0,0,0,0,0,0,0,0,0.000021902926
08132004,08/13/2004,"August 13, 2004",6158765,2,0.059729416749,False,08132004: 2,2,0,0,0,0,0,0,0,0,0,0,0,0,0.000021902926
08152004,08/15/2004,"August 15, 2004",3146788,1,0.030977861221,False,08152004: 1,1,0,0,0,0,0,0,0,0,0,0,0,0,0.000021902926
08282004,08/28/2004,"August 28, 2004",6666924,1,0.064495366832,False,08282004: 1,1,0,0,0,0,0,0,0,0,0,0,0,0,0.000021902926
08302004,08/30/2004,"August 30, 2004",3695216,1,0.036277703816,False,08302004: 1,1,0,0,0,0,0,0,0,0,0,0,0,0,0.000021902926
09022004,09/02/2004,"September 02, 2004",3194618,1,0.031441233691,False,09022004: 1,1,0,0,0,0,0,0,0,0,0,0,0,0,0.000021902926
09042004,09/04/2004,"September 04, 2004",5853903,1,0.056858515094,True,09042004: 1,1,1,0,0,0,0,0,0,0,0,0,0,0,0.000021902926
09132004,09/13/2004,"September 13, 2004",9661579,1,0.092095181185,True,09132004: 1,1,1,0,0,0,0,0,0,0,0,0,0,0,0.000021902926
09182004,09/18/2004,"September 18, 2004",2359029,1,0.023314155902,False,09182004: 1,1,0,0,0,0,0,0,0,0,0,0,0,0,0.000021902926
10162004,10/16/2004,"October 16, 2004",9635528,1,0.091858632088,False,10162004: 1,1,0,0,0,0,0,0,0,0,0,0,0,0,0.000021902926
10302004,10/30/2004,"October 30, 2004",7358387,1,0.070941722531,False,10302004: 1,1,0,0,0,0,0,0,0,0,0,0,0,0,0.000021902926
11062004,11/06/2004,"November 06, 2004",4943003,1,0.048228192089,False,11062004: 1,1,0,0,0,0,0,0,0,0,0,0,0,0,0.000021902926
11142004,11/14/2004,"November 14, 2004",8412478,1,0.080683408996,False,11142004: 1,1,0,0,0,0,0,0,0,0,0,0,0,0,0.000021902926
11182004,11/18/2004,"November 18, 2004",1874279,1,0.018568177453,True,11182004: 1; 111820040: 1,1,0,1,0,0,0,0,0,0,0,0,0,0,0.000021902926
11202004,11/20/2004,"November 20, 2004",8648435,1,0.082850043698,False,11202004: 1,1,0,0,0,0,0,0,0,0,0,0,0,0,0.000021902926
11282004,11/28/2004,"November 28, 2004",9219127,1,0.088069238251,True,11282004: 1,1,1,0,0,0,0,0,0,0,0,0,0,0,0.000021902926
12032004,12/03/2004,"December 03, 2004",1329896,2,0.013210860470,True,12032004: 2; 120320040: 1; 1203200400: 1,2,0,1,0,0,1,0,0,0,0,0,0,0,0.000021902926
12062004,12/06/2004,"December 06, 2004",9286840,1,0.088686524918,False,12062004: 1,1,0,0,0,0,0,0,0,0,0,0,0,0,0.000021902926
12312004,12/31/2004,"December 31, 2004",5866829,1,0.056980417684,False,12312004: 1,1,0,0,0,0,0,0,0,0,0,0,0,0,0.000021902926
01182005,01/18/2005,"January 18, 2005",940303,1,0.009358900408,True,01182005: 1,1,1,0,0,0,0,0,0,0,0,0,0,0,0.000021902926
01292005,01/29/2005,"January 29, 2005",5387992,1,0.052454062679,False,01292005: 1,1,0,0,0,0,0,0,0,0,0,0,0,0,0.000021902926
02012005,02/01/2005,"February 01, 2005",8154748,1,0.078310998428,False,02012005: 1,1,0,0,0,0,0,0,0,0,0,0,0,0,0.000021902926
02212005,02/21/2005,"February 21, 2005",2750258,1,0.027127769356,False,02212005: 1,1,0,0,0,0,0,0,0,0,0,0,0,0,0.000021902926
02222005,02/22/2005,"February 22, 2005",253725,1,0.002533974079,False,02222005: 1,1,0,0,0,0,0,0,0,0,0,0,0,0,0.000021902926
02232005,02/23/2005,"February 23, 2005",8689755,1,0.083228931780,False,02232005: 1,1,0,0,0,0,0,0,0,0,0,0,0,0,0.000021902926
02262005,02/26/2005,"February 26, 2005",535417,1,0.005339802353,True,02262005: 1; 022620050: 1,1,0,1,0,0,0,0,0,0,0,0,0,0,0.000021902926
03062005,03/06/2005,"March 06, 2005",8795096,1,0.084194159121,True,03062005: 1,1,1,0,0,0,0,0,0,0,0,0,0,0,0.000021902926
03202005,03/20/2005,"March 20, 2005",9259887,1,0.088440865490,True,03202005: 1; 032020050: 1,1,0,1,0,0,0,0,0,0,0,0,0,0,0.000021902926
03222005,03/22/2005,"March 22, 2005",1763636,1,0.017481690881,False,03222005: 1,1,0,0,0,0,0,0,0,0,0,0,0,0,0.000021902926
04132005,04/13/2005,"April 13, 2005",4607234,2,0.045027066189,True,04132005: 2; 041320050: 1,2,0,1,0,0,0,0,0,0,0,0,0,0,0.000021902926
04262005,04/26/2005,"April 26, 2005",4690951,1,0.045826206333,True,04262005: 1,1,1,0,0,0,0,0,0,0,0,0,0,0,0.000021902926
05032005,05/03/2005,"May 03, 2005",3974489,1,0.038965365307,False,05032005: 1,1,0,0,0,0,0,0,0,0,0,0,0,0,0.000021902926
05212005,05/21/2005,"May 21, 2005",3281411,1,0.032281510206,False,05212005: 1,1,0,0,0,0,0,0,0,0,0,0,0,0,0.000021902926
05272005,05/27/2005,"May 27, 2005",1627643,1,0.016144625792,True,05272005: 1; 052720050: 1,1,0,1,0,0,0,0,0,0,0,0,0,0,0.000021902926
06072005,06/07/2005,"June 07, 2005",8780815,1,0.084063363549,False,06072005: 1,1,0,0,0,0,0,0,0,0,0,0,0,0,0.000021902926
06192005,06/19/2005,"June 19, 2005",2454408,1,0.024245264991,False,06192005: 1,1,0,0,0,0,0,0,0,0,0,0,0,0,0.000021902926
07132005,07/13/2005,"July 13, 2005",7997568,1,0.076861148503,False,07132005: 1,1,0,0,0,0,0,0,0,0,0,0,0,0,0.000021902926
07152005,07/15/2005,"July 15, 2005",5144392,1,0.050143027054,False,07152005: 1,1,0,0,0,0,0,0,0,0,0,0,0,0,0.000021902926
07192005,07/19/2005,"July 19, 2005",8929340,1,0.085422748688,False,07192005: 1,1,0,0,0,0,0,0,0,0,0,0,0,0,0.000021902926
08012005,08/01/2005,"August 01, 2005",8556165,1,0.082003398885,False,08012005: 1,1,0,0,0,0,0,0,0,0,0,0,0,0,0.000021902926
08262005,08/26/2005,"August 26, 2005",7981083,1,0.076708956517,False,08262005: 1,1,0,0,0,0,0,0,0,0,0,0,0,0,0.000021902926
09172005,09/17/2005,"September 17, 2005",7641767,1,0.073570761060,False,09172005: 1,1,0,0,0,0,0,0,0,0,0,0,0,0,0.000021902926
09202005,09/20/2005,"September 20, 2005",8858751,1,0.084776929834,False,09202005: 1,1,0,0,0,0,0,0,0,0,0,0,0,0,0.000021902926
09232005,09/23/2005,"September 23, 2005",6635603,1,0.064202311531,False,09232005: 1,1,0,0,0,0,0,0,0,0,0,0,0,0,0.000021902926
09242005,09/24/2005,"September 24, 2005",5851785,1,0.056838539145,False,09242005: 1,1,0,0,0,0,0,0,0,0,0,0,0,0,0.000021902926
10102005,10/10/2005,"October 10, 2005",1493281,1,0.014821809539,False,10102005: 1,1,0,0,0,0,0,0,0,0,0,0,0,0,0.000021902926
11122005,11/12/2005,"November 12, 2005",7944347,1,0.076369714008,False,11122005: 1,1,0,0,0,0,0,0,0,0,0,0,0,0,0.000021902926
11222005,11/22/2005,"November 22, 2005",9369038,1,0.089435298595,False,11222005: 1,1,0,0,0,0,0,0,0,0,0,0,0,0,0.000021902926
11242005,11/24/2005,"November 24, 2005",1495000,1,0.014838744607,False,11242005: 1,1,0,0,0,0,0,0,0,0,0,0,0,0,0.000021902926
12122005,12/12/2005,"December 12, 2005",1085492,1,0.010796158705,False,12122005: 1,1,0,0,0,0,0,0,0,0,0,0,0,0,0.000021902926
12202005,12/20/2005,"December 20, 2005",1500899,1,0.014896857555,False,12202005: 1,1,0,0,0,0,0,0,0,0,0,0,0,0,0.000021902926
12222005,12/22/2005,"December 22, 2005",5086995,1,0.049597681151,False,12222005: 1,1,0,0,0,0,0,0,0,0,0,0,0,0,0.000021902926
01042006,01/04/2006,"January 04, 2006",2484701,1,0.024540805609,False,01042006: 1,1,0,0,0,0,0,0,0,0,0,0,0,0,0.000021902926
01112006,01/11/2006,"January 11, 2006",8585955,1,0.082276829346,False,01112006: 1,1,0,0,0,0,0,0,0,0,0,0,0,0,0.000021902926
01282006,01/28/2006,"January 28, 2006",8619808,1,0.082587453593,False,01282006: 1,1,0,0,0,0,0,0,0,0,0,0,0,0,0.000021902926
01312006,01/31/2006,"January 31, 2006",9670220,1,0.092173629851,False,01312006: 1,1,0,0,0,0,0,0,0,0,0,0,0,0,0.000021902926
02012006,02/01/2006,"February 01, 2006",1090932,1,0.010849969931,False,02012006: 1,1,0,0,0,0,0,0,0,0,0,0,0,0,0.000021902926
02052006,02/05/2006,"February 05, 2006",5456614,1,0.053104064611,False,02052006: 1,1,0,0,0,0,0,0,0,0,0,0,0,0,0.000021902926
02152006,02/15/2006,"February 15, 2006",6582361,1,0.063703941461,False,02152006: 1,1,0,0,0,0,0,0,0,0,0,0,0,0,0.000021902926
02162006,02/16/2006,"February 16, 2006",1026271,1,0.010210168795,False,02162006: 1,1,0,0,0,0,0,0,0,0,0,0,0,0,0.000021902926
02222006,02/22/2006,"February 22, 2006",1306485,1,0.012979816218,True,02222006: 1,1,1,0,0,0,0,0,0,0,0,0,0,0,0.000021902926
03022006,03/02/2006,"March 02, 2006",1629115,1,0.016159108037,True,03022006: 1; 030220060: 1,1,0,1,0,0,0,0,0,0,0,0,0,0,0.000021902926
03082006,03/08/2006,"March 08, 2006",698954,1,0.006965110464,False,03082006: 1,1,0,0,0,0,0,0,0,0,0,0,0,0,0.000021902926
03122006,03/12/2006,"March 12, 2006",3657969,1,0.035918679309,False,03122006: 1,1,0,0,0,0,0,0,0,0,0,0,0,0,0.000021902926
03252006,03/25/2006,"March 25, 2006",7580355,1,0.073001647596,True,03252006: 1,1,1,0,0,0,0,0,0,0,0,0,0,0,0.000021902926
03302006,03/30/2006,"March 30, 2006",5993068,1,0.058170125092,True,03302006: 1; 0033020060: 1; 033020060: 1,1,1,1,1,0,0,0,0,0,0,0,0,0,0.000021902926
04022006,04/02/2006,"April 02, 2006",3831199,2,0.037587311695,False,04022006: 2,2,0,0,0,0,0,0,0,0,0,0,0,0,0.000021902926
04072006,04/07/2006,"April 07, 2006",3569768,1,0.035067974826,False,04072006: 1,1,0,0,0,0,0,0,0,0,0,0,0,0,0.000021902926
04152006,04/15/2006,"April 15, 2006",5982801,1,0.058073422453,False,04152006: 1,1,0,0,0,0,0,0,0,0,0,0,0,0,0.000021902926
04182006,04/18/2006,"April 18, 2006",3470801,1,0.034112537833,False,04182006: 1,1,0,0,0,0,0,0,0,0,0,0,0,0,0.000021902926
04262006,04/26/2006,"April 26, 2006",8304285,1,0.079688234529,True,04262006: 1; 042620060: 1,1,0,1,0,0,0,0,0,0,0,0,0,0,0.000021902926
05012006,05/01/2006,"May 01, 2006",7313052,1,0.070520438469,False,05012006: 1,1,0,0,0,0,0,0,0,0,0,0,0,0,0.000021902926
05212006,05/21/2006,"May 21, 2006",4022482,1,0.039426484003,False,05212006: 1,1,0,0,0,0,0,0,0,0,0,0,0,0,0.000021902926
06232006,06/23/2006,"June 23, 2006",8083000,1,0.077649467708,True,06232006: 1; 062320060: 1,1,0,1,0,0,0,0,0,0,0,0,0,0,0.000021902926
07092006,07/09/2006,"July 09, 2006",5876724,1,0.057073724857,False,07092006: 1,1,0,0,0,0,0,0,0,0,0,0,0,0,0.000021902926
07112006,07/11/2006,"July 11, 2006",6525059,1,0.063167271342,False,07112006: 1,1,0,0,0,0,0,0,0,0,0,0,0,0,0.000021902926
07232006,07/23/2006,"July 23, 2006",3354607,1,0.032989582267,False,07232006: 1,1,0,0,0,0,0,0,0,0,0,0,0,0,0.000021902926
07302006,07/30/2006,"July 30, 2006",539850,1,0.005383894663,False,07302006: 1,1,0,0,0,0,0,0,0,0,0,0,0,0,0.000021902926
08032006,08/03/2006,"August 03, 2006",6280214,1,0.060870672818,False,08032006: 1,1,0,0,0,0,0,0,0,0,0,0,0,0,0.000021902926
08122006,08/12/2006,"August 12, 2006",160381,1,0.001602464696,False,08122006: 1,1,0,0,0,0,0,0,0,0,0,0,0,0,0.000021902926
09072006,09/07/2006,"September 07, 2006",6878353,1,0.066471205458,False,09072006: 1,1,0,0,0,0,0,0,0,0,0,0,0,0,0.000021902926
09102006,09/10/2006,"September 10, 2006",2190351,1,0.021665311509,False,09102006: 1,1,0,0,0,0,0,0,0,0,0,0,0,0,0.000021902926
09202006,09/20/2006,"September 20, 2006",4526041,1,0.044251380148,False,09202006: 1,1,0,0,0,0,0,0,0,0,0,0,0,0,0.000021902926
11062006,11/06/2006,"November 06, 2006",3475474,1,0.034157672700,False,11062006: 1,1,0,0,0,0,0,0,0,0,0,0,0,0,0.000021902926
11192006,11/19/2006,"November 19, 2006",4645903,1,0.045396273287,False,11192006: 1,1,0,0,0,0,0,0,0,0,0,0,0,0,0.000021902926
12072006,12/07/2006,"December 07, 2006",9947284,1,0.094685408706,False,12072006: 1,1,0,0,0,0,0,0,0,0,0,0,0,0,0.000021902926
12142006,12/14/2006,"December 14, 2006",8686251,1,0.083196807559,False,12142006: 1,1,0,0,0,0,0,0,0,0,0,0,0,0,0.000021902926
12152006,12/15/2006,"December 15, 2006",6313216,1,0.061180553146,False,12152006: 1,1,0,0,0,0,0,0,0,0,0,0,0,0,0.000021902926
01032007,01/03/2007,"January 03, 2007",5534501,1,0.053841286318,False,01032007: 1,1,0,0,0,0,0,0,0,0,0,0,0,0,0.000021902926
01232007,01/23/2007,"January 23, 2007",3098549,1,0.030510301863,False,01232007: 1,1,0,0,0,0,0,0,0,0,0,0,0,0,0.000021902926
02012007,02/01/2007,"February 01, 2007",4545482,1,0.044437169179,False,02012007: 1,1,0,0,0,0,0,0,0,0,0,0,0,0,0.000021902926
02032007,02/03/2007,"February 03, 2007",5928064,1,0.057557698964,True,02032007: 1; 020320070: 1,1,0,1,0,0,0,0,0,0,0,0,0,0,0.000021902926
03032007,03/03/2007,"March 03, 2007",943251,2,0.009388104077,True,03032007: 2,2,1,0,0,0,0,0,0,0,0,0,0,0,0.000021902926
03102007,03/10/2007,"March 10, 2007",8833082,1,0.084541971067,False,03102007: 1,1,0,0,0,0,0,0,0,0,0,0,0,0,0.000021902926
03152007,03/15/2007,"March 15, 2007",7708864,1,0.074192158800,False,03152007: 1,1,0,0,0,0,0,0,0,0,0,0,0,0,0.000021902926
03202007,03/20/2007,"March 20, 2007",7989963,1,0.076790941123,False,03202007: 1,1,0,0,0,0,0,0,0,0,0,0,0,0,0.000021902926
03272007,03/27/2007,"March 27, 2007",7179571,1,0.069278931440,True,03272007: 1,1,1,0,0,0,0,0,0,0,0,0,0,0,0.000021902926
03282007,03/28/2007,"March 28, 2007",7644137,1,0.073592717173,False,03282007: 1,1,0,0,0,0,0,0,0,0,0,0,0,0,0.000021902926
03292007,03/29/2007,"March 29, 2007",7308744,1,0.070480395627,False,03292007: 1,1,0,0,0,0,0,0,0,0,0,0,0,0,0.000021902926
04122007,04/12/2007,"April 12, 2007",2930491,1,0.028879626994,False,04122007: 1,1,0,0,0,0,0,0,0,0,0,0,0,0,0.000021902926
04142007,04/14/2007,"April 14, 2007",5792728,1,0.056281371769,False,04142007: 1,1,0,0,0,0,0,0,0,0,0,0,0,0,0.000021902926
04262007,04/26/2007,"April 26, 2007",5343694,1,0.052034225793,False,04262007: 1,1,0,0,0,0,0,0,0,0,0,0,0,0,0.000021902926
04282007,04/28/2007,"April 28, 2007",57726,2,0.000577033458,False,04282007: 2,2,0,0,0,0,0,0,0,0,0,0,0,0,0.000021902926
05162007,05/16/2007,"May 16, 2007",1564179,1,0.015520033637,False,05162007: 1,1,0,0,0,0,0,0,0,0,0,0,0,0,0.000021902926
05272007,05/27/2007,"May 27, 2007",3480668,1,0.034207837248,False,05272007: 1,1,0,0,0,0,0,0,0,0,0,0,0,0,0.000021902926
05312007,05/31/2007,"May 31, 2007",1333945,1,0.013250814754,False,05312007: 1,1,0,0,0,0,0,0,0,0,0,0,0,0,0.000021902926
06042007,06/04/2007,"June 04, 2007",235580,1,0.002352967446,False,06042007: 1,1,0,0,0,0,0,0,0,0,0,0,0,0,0.000021902926
06142007,06/14/2007,"June 14, 2007",5651750,1,0.054949997856,False,06142007: 1,1,0,0,0,0,0,0,0,0,0,0,0,0,0.000021902926
06242007,06/24/2007,"June 24, 2007",9950891,1,0.094718062815,True,06242007: 1,1,1,0,0,0,0,0,0,0,0,0,0,0,0.000021902926
06292007,06/29/2007,"June 29, 2007",4873155,1,0.047563166284,False,06292007: 1,1,0,0,0,0,0,0,0,0,0,0,0,0,0.000021902926
07112007,07/11/2007,"July 11, 2007",4086404,1,0.040040305608,True,07112007: 1; 071120070: 1,1,0,1,0,0,0,0,0,0,0,0,0,0,0.000021902926
07232007,07/23/2007,"July 23, 2007",4014717,1,0.039351892573,False,07232007: 1,1,0,0,0,0,0,0,0,0,0,0,0,0,0.000021902926
08162007,08/16/2007,"August 16, 2007",7543068,1,0.072655933268,False,08162007: 1,1,0,0,0,0,0,0,0,0,0,0,0,0,0.000021902926
08202007,08/20/2007,"August 20, 2007",5373700,1,0.052318629734,True,08202007: 1,1,1,0,0,0,0,0,0,0,0,0,0,0,0.000021902926
08242007,08/24/2007,"August 24, 2007",3540560,1,0.034786096313,False,08242007: 1,1,0,0,0,0,0,0,0,0,0,0,0,0,0.000021902926
09032007,09/03/2007,"September 03, 2007",6914868,1,0.066812021273,True,09032007: 1; 090320070: 1,1,0,1,0,0,0,0,0,0,0,0,0,0,0.000021902926
09052007,09/05/2007,"September 05, 2007",1988590,2,0.019689421021,False,09052007: 2,2,0,0,0,0,0,0,0,0,0,0,0,0,0.000021902926
09102007,09/10/2007,"September 10, 2007",3166249,1,0.031166424273,False,09102007: 1,1,0,0,0,0,0,0,0,0,0,0,0,0,0.000021902926
09222007,09/22/2007,"September 22, 2007",6868236,1,0.066376755572,False,09222007: 1,1,0,0,0,0,0,0,0,0,0,0,0,0,0.000021902926
09232007,09/23/2007,"September 23, 2007",6142129,1,0.059572980321,False,09232007: 1,1,0,0,0,0,0,0,0,0,0,0,0,0,0.000021902926
10012007,10/01/2007,"October 01, 2007",2025899,1,0.020055096879,False,10012007: 1,1,0,0,0,0,0,0,0,0,0,0,0,0,0.000021902926
10082007,10/08/2007,"October 08, 2007",7443743,1,0.071734391179,False,10082007: 1,1,0,0,0,0,0,0,0,0,0,0,0,0,0.000021902926
10252007,10/25/2007,"October 25, 2007",9435124,1,0.090036855596,False,10252007: 1,1,0,0,0,0,0,0,0,0,0,0,0,0,0.000021902926
10262007,10/26/2007,"October 26, 2007",5464252,1,0.053176385761,False,10262007: 1,1,0,0,0,0,0,0,0,0,0,0,0,0,0.000021902926
10302007,10/30/2007,"October 30, 2007",6345204,1,0.061480814687,False,10302007: 1,1,0,0,0,0,0,0,0,0,0,0,0,0,0.000021902926
11062007,11/06/2007,"November 06, 2007",4992225,1,0.048696557934,False,11062007: 1,1,0,0,0,0,0,0,0,0,0,0,0,0,0.000021902926
11082007,11/08/2007,"November 08, 2007",2918231,1,0.028760560336,False,11082007: 1,1,0,0,0,0,0,0,0,0,0,0,0,0,0.000021902926
11172007,11/17/2007,"November 17, 2007",9522666,1,0.090833106961,True,11172007: 1,1,1,0,0,0,0,0,0,0,0,0,0,0,0.000021902926
12032007,12/03/2007,"December 03, 2007",3686077,1,0.036189625209,False,12032007: 1,1,0,0,0,0,0,0,0,0,0,0,0,0,0.000021902926
12132007,12/13/2007,"December 13, 2007",485666,1,0.004844825835,False,12132007: 1,1,0,0,0,0,0,0,0,0,0,0,0,0,0.000021902926
12142007,12/14/2007,"December 14, 2007",2155802,1,0.021327248259,False,12142007: 1,1,0,0,0,0,0,0,0,0,0,0,0,0,0.000021902926
12292007,12/29/2007,"December 29, 2007",2809851,1,0.027707360395,False,12292007: 1,1,0,0,0,0,0,0,0,0,0,0,0,0,0.000021902926
01032008,01/03/2008,"January 03, 2008",9519174,1,0.000951463750,True,01032008: 1; 0010320080: 1; 00103200800: 1; 010320080: 1; 0103200800: 1,1,1,1,2,0,1,0,0,0,0,0,0,0,0.000021902926
01082008,01/08/2008,"January 08, 2008",4409286,2,0.043134844157,True,01082008: 2; 010820080: 1,2,0,1,0,0,0,0,0,0,0,0,0,0,0.000021902926
01252008,01/25/2008,"January 25, 2008",2892913,1,0.028514630802,False,01252008: 1,1,0,0,0,0,0,0,0,0,0,0,0,0,0.000021902926
02052008,02/05/2008,"February 05, 2008",5555439,1,0.054039372293,False,02052008: 1,1,0,0,0,0,0,0,0,0,0,0,0,0,0.000021902926
02062008,02/06/2008,"February 06, 2008",9906614,1,0.094317142377,True,02062008: 1,1,1,0,0,0,0,0,0,0,0,0,0,0,0.000021902926
02182008,02/18/2008,"February 18, 2008",827683,1,0.008242611926,False,02182008: 1,1,0,0,0,0,0,0,0,0,0,0,0,0,0.000021902926
02282008,02/28/2008,"February 28, 2008",8803460,1,0.084270753919,False,02282008: 1,1,0,0,0,0,0,0,0,0,0,0,0,0,0.000021902926
03032008,03/03/2008,"March 03, 2008",5085543,1,0.049583881209,False,03032008: 1,1,0,0,0,0,0,0,0,0,0,0,0,0,0.000021902926
03312008,03/31/2008,"March 31, 2008",2902977,1,0.028612396171,False,03312008: 1,1,0,0,0,0,0,0,0,0,0,0,0,0,0.000021902926
04052008,04/05/2008,"April 05, 2008",6461979,1,0.062576130825,False,04052008: 1,1,0,0,0,0,0,0,0,0,0,0,0,0,0.000021902926
04142008,04/14/2008,"April 14, 2008",3999617,1,0.039206823755,False,04142008: 1,1,0,0,0,0,0,0,0,0,0,0,0,0,0.000021902926
05012008,05/01/2008,"May 01, 2008",4026909,1,0.039469007652,False,05012008: 1,1,0,0,0,0,0,0,0,0,0,0,0,0,0.000021902926
05032008,05/03/2008,"May 03, 2008",5235836,1,0.051011217259,False,05032008: 1,1,0,0,0,0,0,0,0,0,0,0,0,0,0.000021902926
05072008,05/07/2008,"May 07, 2008",2100128,1,0.020782230283,False,05072008: 1,1,0,0,0,0,0,0,0,0,0,0,0,0,0.000021902926
06092008,06/09/2008,"June 09, 2008",4826306,1,0.047116854609,False,06092008: 1,1,0,0,0,0,0,0,0,0,0,0,0,0,0.000021902926
06242008,06/24/2008,"June 24, 2008",2116307,1,0.020940645112,False,06242008: 1,1,0,0,0,0,0,0,0,0,0,0,0,0,0.000021902926
07032008,07/03/2008,"July 03, 2008",8667730,1,0.083026990712,False,07032008: 1,1,0,0,0,0,0,0,0,0,0,0,0,0,0.000021902926
07062008,07/06/2008,"July 06, 2008",7856041,1,0.075553732812,False,07062008: 1,1,0,0,0,0,0,0,0,0,0,0,0,0,0.000021902926
07072008,07/07/2008,"July 07, 2008",9154636,1,0.087480935296,False,07072008: 1,1,0,0,0,0,0,0,0,0,0,0,0,0,0.000021902926
07182008,07/18/2008,"July 18, 2008",5909171,1,0.057379626518,False,07182008: 1,1,0,0,0,0,0,0,0,0,0,0,0,0,0.000021902926
07192008,07/19/2008,"July 19, 2008",3728494,1,0.036598357968,False,07192008: 1,1,0,0,0,0,0,0,0,0,0,0,0,0,0.000021902926
08052008,08/05/2008,"August 05, 2008",7338407,1,0.070756078140,False,08052008: 1,1,0,0,0,0,0,0,0,0,0,0,0,0,0.000021902926
08172008,08/17/2008,"August 17, 2008",1421668,1,0.014116041193,True,08172008: 1; 081720080: 1; 0817200800: 1,1,0,1,0,0,1,0,0,0,0,0,0,0,0.000021902926
08192008,08/19/2008,"August 19, 2008",9434990,1,0.090035636244,False,08192008: 1,1,0,0,0,0,0,0,0,0,0,0,0,0,0.000021902926
08212008,08/21/2008,"August 21, 2008",7008301,1,0.067683519609,False,08212008: 1,1,0,0,0,0,0,0,0,0,0,0,0,0,0.000021902926
08232008,08/23/2008,"August 23, 2008",152755,1,0.001526323996,False,08232008: 1,1,0,0,0,0,0,0,0,0,0,0,0,0,0.000021902926
08252008,08/25/2008,"August 25, 2008",7121826,1,0.068741331350,False,08252008: 1,1,0,0,0,0,0,0,0,0,0,0,0,0,0.000021902926
08272008,08/27/2008,"August 27, 2008",4524669,1,0.044238267187,False,08272008: 1,1,0,0,0,0,0,0,0,0,0,0,0,0,0.000021902926
08282008,08/28/2008,"August 28, 2008",61818,1,0.000617929009,False,08282008: 1,1,0,0,0,0,0,0,0,0,0,0,0,0,0.000021902926
08312008,08/31/2008,"August 31, 2008",1875738,1,0.018582496439,False,08312008: 1,1,0,0,0,0,0,0,0,0,0,0,0,0,0.000021902926
09022008,09/02/2008,"September 02, 2008",9181538,1,0.087726388160,False,09022008: 1,1,0,0,0,0,0,0,0,0,0,0,0,0,0.000021902926
09112008,09/11/2008,"September 11, 2008",1476728,1,0.014658719494,False,09112008: 1,1,0,0,0,0,0,0,0,0,0,0,0,0,0.000021902926
09142008,09/14/2008,"September 14, 2008",5960840,1,0.057866543240,False,09142008: 1,1,0,0,0,0,0,0,0,0,0,0,0,0,0.000021902926
09282008,09/28/2008,"September 28, 2008",6306299,1,0.061115612758,False,09282008: 1,1,0,0,0,0,0,0,0,0,0,0,0,0,0.000021902926
10042008,10/04/2008,"October 04, 2008",5600842,1,0.054468769315,False,10042008: 1,1,0,0,0,0,0,0,0,0,0,0,0,0,0.000021902926
10162008,10/16/2008,"October 16, 2008",1420182,1,0.014101390849,False,10162008: 1,1,0,0,0,0,0,0,0,0,0,0,0,0,0.000021902926
10222008,10/22/2008,"October 22, 2008",4761187,1,0.046496144549,True,10222008: 1,1,1,0,0,0,0,0,0,0,0,0,0,0,0.000021902926
11062008,11/06/2008,"November 06, 2008",9149043,1,0.087429896677,False,11062008: 1,1,0,0,0,0,0,0,0,0,0,0,0,0,0.000021902926
11112008,11/11/2008,"November 11, 2008",2182688,1,0.021590338849,False,11112008: 1,1,0,0,0,0,0,0,0,0,0,0,0,0,0.000021902926
11132008,11/13/2008,"November 13, 2008",3198330,2,0.031477185925,True,11132008: 2; 0111320080: 1; 00111320080: 1; 111320080: 1,2,1,1,2,1,0,0,0,0,0,0,0,0,0.000021902926
11162008,11/16/2008,"November 16, 2008",7534397,1,0.072575519777,False,11162008: 1,1,0,0,0,0,0,0,0,0,0,0,0,0,0.000021902926
11192008,11/19/2008,"November 19, 2008",2404462,1,0.023757792799,False,11192008: 1,1,0,0,0,0,0,0,0,0,0,0,0,0,0.000021902926
11302008,11/30/2008,"November 30, 2008",8000339,1,0.076886728326,False,11302008: 1,1,0,0,0,0,0,0,0,0,0,0,0,0,0.000021902926
12142008,12/14/2008,"December 14, 2008",3495486,1,0.034350937730,False,12142008: 1,1,0,0,0,0,0,0,0,0,0,0,0,0,0.000021902926
01042009,01/04/2009,"January 04, 2009",4685997,1,0.045778935392,True,01042009: 1,1,1,0,0,0,0,0,0,0,0,0,0,0,0.000021902926
01232009,01/23/2009,"January 23, 2009",5821466,1,0.056552538665,False,01232009: 1,1,0,0,0,0,0,0,0,0,0,0,0,0,0.000021902926
02092009,02/09/2009,"February 09, 2009",7885371,1,0.075824833146,False,02092009: 1,1,0,0,0,0,0,0,0,0,0,0,0,0,0.000021902926
02172009,02/17/2009,"February 17, 2009",7893554,1,0.075900455307,False,02172009: 1,1,0,0,0,0,0,0,0,0,0,0,0,0,0.000021902926
03042009,03/04/2009,"March 04, 2009",5056428,1,0.049307127266,False,03042009: 1,1,0,0,0,0,0,0,0,0,0,0,0,0,0.000021902926
03192009,03/19/2009,"March 19, 2009",946518,1,0.009420466840,False,03192009: 1,1,0,0,0,0,0,0,0,0,0,0,0,0,0.000021902926
04042009,04/04/2009,"April 04, 2009",2027995,1,0.020075636309,False,04042009: 1,1,0,0,0,0,0,0,0,0,0,0,0,0,0.000021902926
04052009,04/05/2009,"April 05, 2009",6531310,1,0.063225830926,False,04052009: 1,1,0,0,0,0,0,0,0,0,0,0,0,0,0.000021902926
04162009,04/16/2009,"April 16, 2009",4688856,1,0.045806216182,False,04162009: 1,1,0,0,0,0,0,0,0,0,0,0,0,0,0.000021902926
04192009,04/19/2009,"April 19, 2009",5803924,1,0.056387024593,False,04192009: 1,1,0,0,0,0,0,0,0,0,0,0,0,0,0.000021902926
05072009,05/07/2009,"May 07, 2009",630246,1,0.006282581596,True,05072009: 1,1,1,0,0,0,0,0,0,0,0,0,0,0,0.000021902926
05102009,05/10/2009,"May 10, 2009",9110128,1,0.087074700910,False,05102009: 1,1,0,0,0,0,0,0,0,0,0,0,0,0,0.000021902926
05162009,05/16/2009,"May 16, 2009",6956163,1,0.067197301696,False,05162009: 1,1,0,0,0,0,0,0,0,0,0,0,0,0,0.000021902926
05182009,05/18/2009,"May 18, 2009",1719371,1,0.017046682876,False,05182009: 1,1,0,0,0,0,0,0,0,0,0,0,0,0,0.000021902926
05212009,05/21/2009,"May 21, 2009",1629255,1,0.016160485413,True,05212009: 1; 052120090: 1,1,0,1,0,0,0,0,0,0,0,0,0,0,0.000021902926
05302009,05/30/2009,"May 30, 2009",4271902,1,0.041819361093,False,05302009: 1,1,0,0,0,0,0,0,0,0,0,0,0,0,0.000021902926
06112009,06/11/2009,"June 11, 2009",7131577,1,0.068832133956,False,06112009: 1,1,0,0,0,0,0,0,0,0,0,0,0,0,0.000021902926
06132009,06/13/2009,"June 13, 2009",9045134,1,0.086481161374,False,06132009: 1,1,0,0,0,0,0,0,0,0,0,0,0,0,0.000021902926
06242009,06/24/2009,"June 24, 2009",2648527,1,0.026137553104,False,06242009: 1,1,0,0,0,0,0,0,0,0,0,0,0,0,0.000021902926
07222009,07/22/2009,"July 22, 2009",1931179,1,0.019126453321,False,07222009: 1,1,0,0,0,0,0,0,0,0,0,0,0,0,0.000021902926
07292009,07/29/2009,"July 29, 2009",6667273,1,0.064498631737,False,07292009: 1,1,0,0,0,0,0,0,0,0,0,0,0,0,0.000021902926
09012009,09/01/2009,"September 01, 2009",2810966,1,0.027718201398,False,09012009: 1,1,0,0,0,0,0,0,0,0,0,0,0,0,0.000021902926
09022009,09/02/2009,"September 02, 2009",5845765,1,0.056781759116,False,09022009: 1,1,0,0,0,0,0,0,0,0,0,0,0,0,0.000021902926
09132009,09/13/2009,"September 13, 2009",8381479,1,0.080398385868,False,09132009: 1,1,0,0,0,0,0,0,0,0,0,0,0,0,0.000021902926
09182009,09/18/2009,"September 18, 2009",3354841,1,0.032991845068,False,09182009: 1,1,0,0,0,0,0,0,0,0,0,0,0,0,0.000021902926
09282009,09/28/2009,"September 28, 2009",3822914,1,0.037507572500,False,09282009: 1,1,0,0,0,0,0,0,0,0,0,0,0,0,0.000021902926
09292009,09/29/2009,"September 29, 2009",8129954,1,0.078082446523,False,09292009: 1,1,0,0,0,0,0,0,0,0,0,0,0,0,0.000021902926
10082009,10/08/2009,"October 08, 2009",3674496,1,0.036077999865,False,10082009: 1,1,0,0,0,0,0,0,0,0,0,0,0,0,0.000021902926
10152009,10/15/2009,"October 15, 2009",8907995,1,0.085227511336,False,10152009: 1,1,0,0,0,0,0,0,0,0,0,0,0,0,0.000021902926
10162009,10/16/2009,"October 16, 2009",1711202,1,0.016966382139,False,10162009: 1,1,0,0,0,0,0,0,0,0,0,0,0,0,0.000021902926
10212009,10/21/2009,"October 21, 2009",5114303,1,0.049857181585,False,10212009: 1,1,0,0,0,0,0,0,0,0,0,0,0,0,0.000021902926
11042009,11/04/2009,"November 04, 2009",4586412,1,0.044828201019,False,11042009: 1,1,0,0,0,0,0,0,0,0,0,0,0,0,0.000021902926
11052009,11/05/2009,"November 05, 2009",4313869,1,0.042221396399,False,11052009: 1,1,0,0,0,0,0,0,0,0,0,0,0,0,0.000021902926
11212009,11/21/2009,"November 21, 2009",3730990,1,0.036622404173,True,11212009: 1; 112120090: 1,1,0,1,0,0,0,0,0,0,0,0,0,0,0.000021902926
12012009,12/01/2009,"December 01, 2009",2346008,1,0.023186973357,False,12012009: 1,1,0,0,0,0,0,0,0,0,0,0,0,0,0.000021902926
12042009,12/04/2009,"December 04, 2009",8856017,1,0.084751907293,False,12042009: 1,1,0,0,0,0,0,0,0,0,0,0,0,0,0.000021902926
12102009,12/10/2009,"December 10, 2009",4100509,1,0.040175698375,False,12102009: 1,1,0,0,0,0,0,0,0,0,0,0,0,0,0.000021902926
01052010,01/05/2010,"January 05, 2010",4339931,1,0.042470980136,False,01052010: 1,1,0,0,0,0,0,0,0,0,0,0,0,0,0.000021902926
01162010,01/16/2010,"January 16, 2010",8201085,1,0.078737982532,False,01162010: 1,1,0,0,0,0,0,0,0,0,0,0,0,0,0.000021902926
01182010,01/18/2010,"January 18, 2010",8404582,1,0.080610816891,False,01182010: 1,1,0,0,0,0,0,0,0,0,0,0,0,0,0.000021902926
01302010,01/30/2010,"January 30, 2010",9117428,1,0.087141342025,False,01302010: 1,1,0,0,0,0,0,0,0,0,0,0,0,0,0.000021902926
02102010,02/10/2010,"February 10, 2010",6948900,1,0.067129549775,False,02102010: 1,1,0,0,0,0,0,0,0,0,0,0,0,0,0.000021902926
02272010,02/27/2010,"February 27, 2010",6647380,1,0.064312513936,False,02272010: 1,1,0,0,0,0,0,0,0,0,0,0,0,0,0.000021902926
02282010,02/28/2010,"February 28, 2010",3105299,1,0.030575740210,False,02282010: 1,1,0,0,0,0,0,0,0,0,0,0,0,0,0.000021902926
03202010,03/20/2010,"March 20, 2010",9757965,1,0.092969852734,False,03202010: 1,1,0,0,0,0,0,0,0,0,0,0,0,0,0.000021902926
04072010,04/07/2010,"April 07, 2010",9545621,1,0.091041782272,False,04072010: 1,1,0,0,0,0,0,0,0,0,0,0,0,0,0.000021902926
04082010,04/08/2010,"April 08, 2010",226455,1,0.002261927999,False,04082010: 1,1,0,0,0,0,0,0,0,0,0,0,0,0,0.000021902926
05042010,05/04/2010,"May 04, 2010",2958459,1,0.029151191965,False,05042010: 1,1,0,0,0,0,0,0,0,0,0,0,0,0,0.000021902926
05252010,05/25/2010,"May 25, 2010",5797720,1,0.056328481027,False,05252010: 1,1,0,0,0,0,0,0,0,0,0,0,0,0,0.000021902926
05262010,05/26/2010,"May 26, 2010",3324240,1,0.032695885619,False,05262010: 1,1,0,0,0,0,0,0,0,0,0,0,0,0,0.000021902926
06072010,06/07/2010,"June 07, 2010",7867172,1,0.075656627201,False,06072010: 1,1,0,0,0,0,0,0,0,0,0,0,0,0,0.000021902926
06122010,06/12/2010,"June 12, 2010",3165955,1,0.031163575898,True,06122010: 1; 061220100: 1,1,0,1,0,0,0,0,0,0,0,0,0,0,0.000021902926
06182010,06/18/2010,"June 18, 2010",7028423,1,0.067871101460,False,06182010: 1,1,0,0,0,0,0,0,0,0,0,0,0,0,0.000021902926
06272010,06/27/2010,"June 27, 2010",2883811,1,0.028426202178,True,06272010: 1; 062720100: 1,1,0,1,0,0,0,0,0,0,0,0,0,0,0.000021902926
06302010,06/30/2010,"June 30, 2010",1094405,1,0.010884322516,False,06302010: 1,1,0,0,0,0,0,0,0,0,0,0,0,0,0.000021902926
07162010,07/16/2010,"July 16, 2010",6642522,1,0.064267057134,False,07162010: 1,1,0,0,0,0,0,0,0,0,0,0,0,0,0.000021902926
08172010,08/17/2010,"August 17, 2010",4522994,2,0.044222258044,False,08172010: 2,2,0,0,0,0,0,0,0,0,0,0,0,0,0.000021902926
08192010,08/19/2010,"August 19, 2010",3297429,1,0.032436506941,False,08192010: 1,1,0,0,0,0,0,0,0,0,0,0,0,0,0.000021902926
08262010,08/26/2010,"August 26, 2010",7916900,1,0.076116170407,False,08262010: 1,1,0,0,0,0,0,0,0,0,0,0,0,0,0.000021902926
08282010,08/28/2010,"August 28, 2010",9543243,1,0.091020166988,False,08282010: 1,1,0,0,0,0,0,0,0,0,0,0,0,0,0.000021902926
08302010,08/30/2010,"August 30, 2010",8214435,1,0.078860962803,False,08302010: 1,1,0,0,0,0,0,0,0,0,0,0,0,0,0.000021902926
09192010,09/19/2010,"September 19, 2010",6114650,1,0.059314524869,False,09192010: 1,1,0,0,0,0,0,0,0,0,0,0,0,0,0.000021902926
09202010,09/20/2010,"September 20, 2010",1644525,1,0.016310706239,True,09202010: 1; 0092020100: 1; 092020100: 1,1,1,1,1,0,0,0,0,0,0,0,0,0,0.000021902926
09232010,09/23/2010,"September 23, 2010",9770868,1,0.093086879285,False,09232010: 1,1,0,0,0,0,0,0,0,0,0,0,0,0,0.000021902926
09242010,09/24/2010,"September 24, 2010",1285885,1,0.012776469114,False,09242010: 1,1,0,0,0,0,0,0,0,0,0,0,0,0,0.000021902926
10042010,10/04/2010,"October 04, 2010",4237519,1,0.041489853197,False,10042010: 1,1,0,0,0,0,0,0,0,0,0,0,0,0,0.000021902926
10072010,10/07/2010,"October 07, 2010",2765624,1,0.027277249419,True,10072010: 1; 100720100: 1,1,0,1,0,0,0,0,0,0,0,0,0,0,0.000021902926
10132010,10/13/2010,"October 13, 2010",8683187,1,0.083168716278,True,10132010: 1,1,1,0,0,0,0,0,0,0,0,0,0,0,0.000021902926
11042010,11/04/2010,"November 04, 2010",6731611,1,0.065100321035,False,11042010: 1,1,0,0,0,0,0,0,0,0,0,0,0,0,0.000021902926
11192010,11/19/2010,"November 19, 2010",4293570,1,0.042026957184,True,11192010: 1; 111920100: 1,1,0,1,0,0,0,0,0,0,0,0,0,0,0.000021902926
12032010,12/03/2010,"December 03, 2010",3924061,1,0.038480612542,False,12032010: 1,1,0,0,0,0,0,0,0,0,0,0,0,0,0.000021902926
01032011,01/03/2011,"January 03, 2011",5245209,1,0.051100161810,False,01032011: 1,1,0,0,0,0,0,0,0,0,0,0,0,0,0.000021902926
01052011,01/05/2011,"January 05, 2011",9972629,1,0.094914831617,False,01052011: 1,1,0,0,0,0,0,0,0,0,0,0,0,0,0.000021902926
01132011,01/13/2011,"January 13, 2011",7504470,1,0.072297927914,False,01132011: 1,1,0,0,0,0,0,0,0,0,0,0,0,0,0.000021902926
01142011,01/14/2011,"January 14, 2011",4686585,1,0.045784546195,False,01142011: 1,1,0,0,0,0,0,0,0,0,0,0,0,0,0.000021902926
02082011,02/08/2011,"February 08, 2011",7805284,1,0.075084392514,False,02082011: 1,1,0,0,0,0,0,0,0,0,0,0,0,0,0.000021902926
02112011,02/11/2011,"February 11, 2011",6972682,1,0.067351378649,True,02112011: 1; 021120110: 1,1,0,1,0,0,0,0,0,0,0,0,0,0,0.000021902926
02122011,02/12/2011,"February 12, 2011",9913438,1,0.094378944067,False,02122011: 1,1,0,0,0,0,0,0,0,0,0,0,0,0,0.000021902926
02232011,02/23/2011,"February 23, 2011",6198112,1,0.060099312242,False,02232011: 1,1,0,0,0,0,0,0,0,0,0,0,0,0,0.000021902926
02272011,02/27/2011,"February 27, 2011",6119929,1,0.059364182345,False,02272011: 1,1,0,0,0,0,0,0,0,0,0,0,0,0,0.000021902926
03212011,03/21/2011,"March 21, 2011",3299930,1,0.032460705401,False,03212011: 1,1,0,0,0,0,0,0,0,0,0,0,0,0,0.000021902926
03302011,03/30/2011,"March 30, 2011",6701794,2,0.064821520432,False,03302011: 2,2,0,0,0,0,0,0,0,0,0,0,0,0,0.000021902926
03312011,03/31/2011,"March 31, 2011",3932824,1,0.038564866795,False,03312011: 1,1,0,0,0,0,0,0,0,0,0,0,0,0,0.000021902926
04122011,04/12/2011,"April 12, 2011",9705203,1,0.092491159210,False,04122011: 1,1,0,0,0,0,0,0,0,0,0,0,0,0,0.000021902926
04142011,04/14/2011,"April 14, 2011",9893625,1,0.094199495589,False,04142011: 1,1,0,0,0,0,0,0,0,0,0,0,0,0,0.000021902926
05052011,05/05/2011,"May 05, 2011",7652058,1,0.073666094989,False,05052011: 1,1,0,0,0,0,0,0,0,0,0,0,0,0,0.000021902926
05072011,05/07/2011,"May 07, 2011",9422308,1,0.089920227244,False,05072011: 1,1,0,0,0,0,0,0,0,0,0,0,0,0,0.000021902926
05192011,05/19/2011,"May 19, 2011",110509,1,0.001104419690,False,05192011: 1,1,0,0,0,0,0,0,0,0,0,0,0,0,0.000021902926
06172011,06/17/2011,"June 17, 2011",7918307,1,0.076129169362,False,06172011: 1,1,0,0,0,0,0,0,0,0,0,0,0,0,0.000021902926
06292011,06/29/2011,"June 29, 2011",7803968,1,0.075072220545,False,06292011: 1,1,0,0,0,0,0,0,0,0,0,0,0,0,0.000021902926
07022011,07/02/2011,"July 02, 2011",5089005,1,0.049616784045,False,07022011: 1,1,0,0,0,0,0,0,0,0,0,0,0,0,0.000021902926
07092011,07/09/2011,"July 09, 2011",4774504,1,0.046623114204,True,07092011: 1; 070920110: 1,1,0,1,0,0,0,0,0,0,0,0,0,0,0.000021902926
07292011,07/29/2011,"July 29, 2011",7317016,1,0.070557282309,False,07292011: 1,1,0,0,0,0,0,0,0,0,0,0,0,0,0.000021902926
08062011,08/06/2011,"August 06, 2011",6769747,1,0.065456786405,False,08062011: 1,1,0,0,0,0,0,0,0,0,0,0,0,0,0.000021902926
08072011,08/07/2011,"August 07, 2011",5336208,1,0.051963258418,True,08072011: 1; 0080720110: 1; 080720110: 1,1,1,1,1,0,0,0,0,0,0,0,0,0,0.000021902926
08142011,08/14/2011,"August 14, 2011",2785235,1,0.027467991376,False,08142011: 1,1,0,0,0,0,0,0,0,0,0,0,0,0,0.000021902926
09032011,09/03/2011,"September 03, 2011",2522484,1,0.024909293743,False,09032011: 1,1,0,0,0,0,0,0,0,0,0,0,0,0,0.000021902926
09112011,09/11/2011,"September 11, 2011",1859377,1,0.018421913584,False,09112011: 1,1,0,0,0,0,0,0,0,0,0,0,0,0,0.000021902926
09162011,09/16/2011,"September 16, 2011",3427787,1,0.033696981628,False,09162011: 1,1,0,0,0,0,0,0,0,0,0,0,0,0,0.000021902926
09172011,09/17/2011,"September 17, 2011",3856683,2,0.037832541698,True,09172011: 2; 091720110: 1,2,0,1,0,0,0,0,0,0,0,0,0,0,0.000021902926
09302011,09/30/2011,"September 30, 2011",1506041,1,0.014947510257,False,09302011: 1,1,0,0,0,0,0,0,0,0,0,0,0,0,0.000021902926
10012011,10/01/2011,"October 01, 2011",6181488,1,0.059943050162,True,10012011: 1; 100120110: 1,1,0,1,0,0,0,0,0,0,0,0,0,0,0.000021902926
10052011,10/05/2011,"October 05, 2011",7498619,1,0.072243646477,False,10052011: 1,1,0,0,0,0,0,0,0,0,0,0,0,0,0.000021902926
10072011,10/07/2011,"October 07, 2011",8829052,1,0.084505077365,False,10072011: 1,1,0,0,0,0,0,0,0,0,0,0,0,0,0.000021902926
10122011,10/12/2011,"October 12, 2011",4649612,1,0.045431678883,False,10122011: 1,1,0,0,0,0,0,0,0,0,0,0,0,0,0.000021902926
11202011,11/20/2011,"November 20, 2011",3558579,1,0.034960002540,False,11202011: 1,1,0,0,0,0,0,0,0,0,0,0,0,0,0.000021902926
11222011,11/22/2011,"November 22, 2011",4573276,1,0.044702721409,False,11222011: 1,1,0,0,0,0,0,0,0,0,0,0,0,0,0.000021902926
11292011,11/29/2011,"November 29, 2011",1038960,1,0.010335755260,False,11292011: 1,1,0,0,0,0,0,0,0,0,0,0,0,0,0.000021902926
12192011,12/19/2011,"December 19, 2011",5702,1,0.000056958378,False,12192011: 1,1,0,0,0,0,0,0,0,0,0,0,0,0,0.000021902926
12262011,12/26/2011,"December 26, 2011",7909013,1,0.076043300815,False,12262011: 1,1,0,0,0,0,0,0,0,0,0,0,0,0,0.000021902926
01032012,01/03/2012,"January 03, 2012",6404810,1,0.062040061749,False,01032012: 1,1,0,0,0,0,0,0,0,0,0,0,0,0,0.000021902926
01082012,01/08/2012,"January 08, 2012",4354454,1,0.042610031980,False,01082012: 1,1,0,0,0,0,0,0,0,0,0,0,0,0,0.000021902926
01122012,01/12/2012,"January 12, 2012",3160185,1,0.031107672423,False,01122012: 1,1,0,0,0,0,0,0,0,0,0,0,0,0,0.000021902926
01242012,01/24/2012,"January 24, 2012",1307012,1,0.012985017801,False,01242012: 1,1,0,0,0,0,0,0,0,0,0,0,0,0,0.000021902926
01262012,01/26/2012,"January 26, 2012",1981297,1,0.019617924362,False,01262012: 1,1,0,0,0,0,0,0,0,0,0,0,0,0,0.000021902926
01272012,01/27/2012,"January 27, 2012",5625216,1,0.054699205015,False,01272012: 1,1,0,0,0,0,0,0,0,0,0,0,0,0,0.000021902926
01312012,01/31/2012,"January 31, 2012",6156483,1,0.059707959529,False,01312012: 1,1,0,0,0,0,0,0,0,0,0,0,0,0,0.000021902926
02082012,02/08/2012,"February 08, 2012",8988625,1,0.085964795125,False,02082012: 1,1,0,0,0,0,0,0,0,0,0,0,0,0,0.000021902926
02202012,02/20/2012,"February 20, 2012",8300001,1,0.079648807528,False,02202012: 1,1,0,0,0,0,0,0,0,0,0,0,0,0,0.000021902926
02232012,02/23/2012,"February 23, 2012",2388558,1,0.023602518890,False,02232012: 1,1,0,0,0,0,0,0,0,0,0,0,0,0,0.000021902926
02282012,02/28/2012,"February 28, 2012",2255569,1,0.022303153816,False,02282012: 1,1,0,0,0,0,0,0,0,0,0,0,0,0,0.000021902926
03182012,03/18/2012,"March 18, 2012",7689265,1,0.074010691937,False,03182012: 1,1,0,0,0,0,0,0,0,0,0,0,0,0,0.000021902926
03192012,03/19/2012,"March 19, 2012",4210595,1,0.041231749178,False,03192012: 1,1,0,0,0,0,0,0,0,0,0,0,0,0,0.000021902926
03222012,03/22/2012,"March 22, 2012",4808427,1,0.046946473399,False,03222012: 1,1,0,0,0,0,0,0,0,0,0,0,0,0,0.000021902926
03232012,03/23/2012,"March 23, 2012",1561560,1,0.015494249768,False,03232012: 1,1,0,0,0,0,0,0,0,0,0,0,0,0,0.000021902926
04062012,04/06/2012,"April 06, 2012",8884621,1,0.085013667421,False,04062012: 1,1,0,0,0,0,0,0,0,0,0,0,0,0,0.000021902926
04132012,04/13/2012,"April 13, 2012",3468324,1,0.034088612504,False,04132012: 1,1,0,0,0,0,0,0,0,0,0,0,0,0,0.000021902926
04142012,04/14/2012,"April 14, 2012",9418494,1,0.089885516140,True,04142012: 1; 041420120: 1,1,0,1,0,0,0,0,0,0,0,0,0,0,0.000021902926
04202012,04/20/2012,"April 20, 2012",2146883,1,0.021239956543,False,04202012: 1,1,0,0,0,0,0,0,0,0,0,0,0,0,0.000021902926
05152012,05/15/2012,"May 15, 2012",7861652,1,0.075605602038,False,05152012: 1,1,0,0,0,0,0,0,0,0,0,0,0,0,0.000021902926
06062012,06/06/2012,"June 06, 2012",8373307,1,0.080323232953,False,06062012: 1,1,0,0,0,0,0,0,0,0,0,0,0,0,0.000021902926
06172012,06/17/2012,"June 17, 2012",846924,1,0.008433417610,False,06172012: 1,1,0,0,0,0,0,0,0,0,0,0,0,0,0.000021902926
06202012,06/20/2012,"June 20, 2012",6083561,1,0.059022029694,False,06202012: 1,1,0,0,0,0,0,0,0,0,0,0,0,0,0.000021902926
06232012,06/23/2012,"June 23, 2012",9186495,1,0.087771608443,False,06232012: 1,1,0,0,0,0,0,0,0,0,0,0,0,0,0.000021902926
07022012,07/02/2012,"July 02, 2012",2601424,1,0.025678726619,False,07022012: 1,1,0,0,0,0,0,0,0,0,0,0,0,0,0.000021902926
07162012,07/16/2012,"July 16, 2012",3302976,1,0.032490176200,False,07162012: 1,1,0,0,0,0,0,0,0,0,0,0,0,0,0.000021902926
07182012,07/18/2012,"July 18, 2012",9996008,1,0.095126406748,False,07182012: 1,1,0,0,0,0,0,0,0,0,0,0,0,0,0.000021902926
07202012,07/20/2012,"July 20, 2012",275477,1,0.002750919296,False,07202012: 1,1,0,0,0,0,0,0,0,0,0,0,0,0,0.000021902926
08292012,08/29/2012,"August 29, 2012",338774,1,0.003381948320,False,08292012: 1,1,0,0,0,0,0,0,0,0,0,0,0,0,0.000021902926
09192012,09/19/2012,"September 19, 2012",4326714,1,0.042344415161,False,09192012: 1,1,0,0,0,0,0,0,0,0,0,0,0,0,0.000021902926
09272012,09/27/2012,"September 27, 2012",1036074,1,0.010307193138,False,09272012: 1,1,0,0,0,0,0,0,0,0,0,0,0,0,0.000021902926
10302012,10/30/2012,"October 30, 2012",3760157,1,0.036903351545,False,10302012: 1,1,0,0,0,0,0,0,0,0,0,0,0,0,0.000021902926
11072012,11/07/2012,"November 07, 2012",358297,1,0.003576499073,False,11072012: 1,1,0,0,0,0,0,0,0,0,0,0,0,0,0.000021902926
11222012,11/22/2012,"November 22, 2012",1597721,1,0.015850192536,False,11222012: 1,1,0,0,0,0,0,0,0,0,0,0,0,0,0.000021902926
12302012,12/30/2012,"December 30, 2012",4935770,1,0.048159347944,True,12302012: 1,1,1,0,0,0,0,0,0,0,0,0,0,0,0.000021902926
01082013,01/08/2013,"January 08, 2013",6991565,1,0.067527474064,False,01082013: 1,1,0,0,0,0,0,0,0,0,0,0,0,0,0.000021902926
02052013,02/05/2013,"February 05, 2013",820873,1,0.008175070948,True,02052013: 1,1,1,0,0,0,0,0,0,0,0,0,0,0,0.000021902926
02212013,02/21/2013,"February 21, 2013",6389030,1,0.061892039991,False,02212013: 1,1,0,0,0,0,0,0,0,0,0,0,0,0,0.000021902926
03012013,03/01/2013,"March 01, 2013",6428042,1,0.062257943294,False,03012013: 1,1,0,0,0,0,0,0,0,0,0,0,0,0,0.000021902926
03172013,03/17/2013,"March 17, 2013",3873646,2,0.037995740324,False,03172013: 2,2,0,0,0,0,0,0,0,0,0,0,0,0,0.000021902926
03272013,03/27/2013,"March 27, 2013",8108322,1,0.077882995744,True,03272013: 1,1,1,0,0,0,0,0,0,0,0,0,0,0,0.000021902926
04072013,04/07/2013,"April 07, 2013",7580956,1,0.073007218839,True,04072013: 1; 040720130: 1,1,0,1,0,0,0,0,0,0,0,0,0,0,0.000021902926
04202013,04/20/2013,"April 20, 2013",7233812,1,0.069783626971,False,04202013: 1,1,0,0,0,0,0,0,0,0,0,0,0,0,0.000021902926
04212013,04/21/2013,"April 21, 2013",7068264,1,0.068242396969,False,04212013: 1,1,0,0,0,0,0,0,0,0,0,0,0,0,0.000021902926
04302013,04/30/2013,"April 30, 2013",2345021,1,0.023177332164,False,04302013: 1,1,0,0,0,0,0,0,0,0,0,0,0,0,0.000021902926
05112013,05/11/2013,"May 11, 2013",3606725,1,0.035424518870,False,05112013: 1,1,0,0,0,0,0,0,0,0,0,0,0,0,0.000021902926
06262013,06/26/2013,"June 26, 2013",1901906,2,0.018839280175,True,06262013: 2,2,1,0,0,0,0,0,0,0,0,0,0,0,0.000021902926
07092013,07/09/2013,"July 09, 2013",8167855,1,0.078431796290,False,07092013: 1,1,0,0,0,0,0,0,0,0,0,0,0,0,0.000021902926
07242013,07/24/2013,"July 24, 2013",5363820,1,0.052224994189,False,07242013: 1,1,0,0,0,0,0,0,0,0,0,0,0,0,0.000021902926
07252013,07/25/2013,"July 25, 2013",6507797,1,0.063005541316,False,07252013: 1,1,0,0,0,0,0,0,0,0,0,0,0,0,0.000021902926
08042013,08/04/2013,"August 04, 2013",2102633,1,0.020806759381,False,08042013: 1,1,0,0,0,0,0,0,0,0,0,0,0,0,0.000021902926
08112013,08/11/2013,"August 11, 2013",4202564,1,0.041154747407,False,08112013: 1,1,0,0,0,0,0,0,0,0,0,0,0,0,0.000021902926
08162013,08/16/2013,"August 16, 2013",1248355,1,0.012405894586,False,08162013: 1,1,0,0,0,0,0,0,0,0,0,0,0,0,0.000021902926
08312013,08/31/2013,"August 31, 2013",7683205,1,0.073954575284,False,08312013: 1,1,0,0,0,0,0,0,0,0,0,0,0,0,0.000021902926
09122013,09/12/2013,"September 12, 2013",4988061,1,0.048656944834,False,09122013: 1,1,0,0,0,0,0,0,0,0,0,0,0,0,0.000021902926
09232013,09/23/2013,"September 23, 2013",1116125,1,0.011099135113,False,09232013: 1,1,0,0,0,0,0,0,0,0,0,0,0,0,0.000021902926
10132013,10/13/2013,"October 13, 2013",7606206,1,0.073241254971,False,10132013: 1,1,0,0,0,0,0,0,0,0,0,0,0,0,0.000021902926
10182013,10/18/2013,"October 18, 2013",8499966,1,0.081487348976,False,10182013: 1,1,0,0,0,0,0,0,0,0,0,0,0,0,0.000021902926
10252013,10/25/2013,"October 25, 2013",4722203,1,0.046124358138,False,10252013: 1,1,0,0,0,0,0,0,0,0,0,0,0,0,0.000021902926
11112013,11/11/2013,"November 11, 2013",6620406,1,0.064060087548,False,11112013: 1,1,0,0,0,0,0,0,0,0,0,0,0,0,0.000021902926
11212013,11/21/2013,"November 21, 2013",6138106,1,0.059535146180,False,11212013: 1,1,0,0,0,0,0,0,0,0,0,0,0,0,0.000021902926
11232013,11/23/2013,"November 23, 2013",4214963,1,0.041273627261,False,11232013: 1,1,0,0,0,0,0,0,0,0,0,0,0,0,0.000021902926
11252013,11/25/2013,"November 25, 2013",5844816,1,0.056772807932,False,11252013: 1,1,0,0,0,0,0,0,0,0,0,0,0,0,0.000021902926
12052013,12/05/2013,"December 05, 2013",8453909,1,0.081064212166,False,12052013: 1,1,0,0,0,0,0,0,0,0,0,0,0,0,0.000021902926
12092013,12/09/2013,"December 09, 2013",6347432,1,0.061501724662,False,12092013: 1,1,0,0,0,0,0,0,0,0,0,0,0,0,0.000021902926
12152013,12/15/2013,"December 15, 2013",6870919,1,0.066401804347,False,12152013: 1,1,0,0,0,0,0,0,0,0,0,0,0,0,0.000021902926
01052014,01/05/2014,"January 05, 2014",3732453,1,0.036636498284,False,01052014: 1,1,0,0,0,0,0,0,0,0,0,0,0,0,0.000021902926
01172014,01/17/2014,"January 17, 2014",4281929,1,0.041915433050,False,01172014: 1,1,0,0,0,0,0,0,0,0,0,0,0,0,0.000021902926
01192014,01/19/2014,"January 19, 2014",9693430,1,0.092384311903,False,01192014: 1,1,0,0,0,0,0,0,0,0,0,0,0,0,0.000021902926
01232014,01/23/2014,"January 23, 2014",648893,1,0.006467862810,False,01232014: 1,1,0,0,0,0,0,0,0,0,0,0,0,0,0.000021902926
02032014,02/03/2014,"February 03, 2014",8162639,1,0.078383726039,False,02032014: 1,1,0,0,0,0,0,0,0,0,0,0,0,0,0.000021902926
04022014,04/02/2014,"April 02, 2014",9489172,1,0.090528539596,False,04022014: 1,1,0,0,0,0,0,0,0,0,0,0,0,0,0.000021902926
04042014,04/04/2014,"April 04, 2014",1850694,1,0.018336679457,False,04042014: 1,1,0,0,0,0,0,0,0,0,0,0,0,0,0.000021902926
05032014,05/03/2014,"May 03, 2014",9667971,1,0.092153212606,False,05032014: 1,1,0,0,0,0,0,0,0,0,0,0,0,0,0.000021902926
06072014,06/07/2014,"June 07, 2014",5328171,1,0.051887061642,False,06072014: 1,1,0,0,0,0,0,0,0,0,0,0,0,0,0.000021902926
06292014,06/29/2014,"June 29, 2014",1121545,1,0.011152732088,False,06292014: 1,1,0,0,0,0,0,0,0,0,0,0,0,0,0.000021902926
07072014,07/07/2014,"July 07, 2014",5702847,1,0.055432766710,False,07072014: 1,1,0,0,0,0,0,0,0,0,0,0,0,0,0.000021902926
07152014,07/15/2014,"July 15, 2014",4206878,1,0.041196111099,False,07152014: 1,1,0,0,0,0,0,0,0,0,0,0,0,0,0.000021902926
07302014,07/30/2014,"July 30, 2014",1063202,2,0.010575640591,True,07302014: 2; 073020140: 1,2,0,1,0,0,0,0,0,0,0,0,0,0,0.000021902926
08012014,08/01/2014,"August 01, 2014",7956033,1,0.076477643138,False,08012014: 1,1,0,0,0,0,0,0,0,0,0,0,0,0,0.000021902926
08232014,08/23/2014,"August 23, 2014",846059,2,0.008424840522,False,08232014: 2,2,0,0,0,0,0,0,0,0,0,0,0,0,0.000021902926
08242014,08/24/2014,"August 24, 2014",1943077,1,0.019243150715,False,08242014: 1,1,0,0,0,0,0,0,0,0,0,0,0,0,0.000021902926
09012014,09/01/2014,"September 01, 2014",3222251,1,0.031708838562,False,09012014: 1,1,0,0,0,0,0,0,0,0,0,0,0,0,0.000021902926
09022014,09/02/2014,"September 02, 2014",9657209,1,0.092055504877,False,09022014: 1,1,0,0,0,0,0,0,0,0,0,0,0,0,0.000021902926
09142014,09/14/2014,"September 14, 2014",2832473,1,0.027927287561,False,09142014: 1,1,0,0,0,0,0,0,0,0,0,0,0,0,0.000021902926
09162014,09/16/2014,"September 16, 2014",5964147,1,0.057897699078,False,09162014: 1,1,0,0,0,0,0,0,0,0,0,0,0,0,0.000021902926
10152014,10/15/2014,"October 15, 2014",7852801,1,0.075523780268,False,10152014: 1,1,0,0,0,0,0,0,0,0,0,0,0,0,0.000021902926
11062014,11/06/2014,"November 06, 2014",4943583,1,0.048233712350,False,11062014: 1,1,0,0,0,0,0,0,0,0,0,0,0,0,0.000021902926
12102014,12/10/2014,"December 10, 2014",6723692,1,0.065026283397,False,12102014: 1,1,0,0,0,0,0,0,0,0,0,0,0,0,0.000021902926
12142014,12/14/2014,"December 14, 2014",8998935,1,0.086059027298,False,12142014: 1,1,0,0,0,0,0,0,0,0,0,0,0,0,0.000021902926
12302014,12/30/2014,"December 30, 2014",9053160,1,0.086554477454,False,12302014: 1,1,0,0,0,0,0,0,0,0,0,0,0,0,0.000021902926
01012015,01/01/2015,"January 01, 2015",8044022,1,0.077289883839,False,01012015: 1,1,0,0,0,0,0,0,0,0,0,0,0,0,0.000021902926
01022015,01/02/2015,"January 02, 2015",1522780,1,0.015112384396,False,01022015: 1,1,0,0,0,0,0,0,0,0,0,0,0,0,0.000021902926
01082015,01/08/2015,"January 08, 2015",4170613,1,0.040848337809,False,01082015: 1,1,0,0,0,0,0,0,0,0,0,0,0,0,0.000021902926
02212015,02/21/2015,"February 21, 2015",6178195,1,0.059912093577,False,02212015: 1,1,0,0,0,0,0,0,0,0,0,0,0,0,0.000021902926
03012015,03/01/2015,"March 01, 2015",8571546,1,0.082144585086,False,03012015: 1,1,0,0,0,0,0,0,0,0,0,0,0,0,0.000021902926
03112015,03/11/2015,"March 11, 2015",8453362,1,0.081059185573,False,03112015: 1,1,0,0,0,0,0,0,0,0,0,0,0,0,0.000021902926
03252015,03/25/2015,"March 25, 2015",6172719,2,0.059860612953,False,03252015: 2,2,0,0,0,0,0,0,0,0,0,0,0,0,0.000021902926
03292015,03/29/2015,"March 29, 2015",5862665,1,0.056941149531,False,03292015: 1,1,0,0,0,0,0,0,0,0,0,0,0,0,0.000021902926
04102015,04/10/2015,"April 10, 2015",5084769,1,0.049576524959,False,04102015: 1,1,0,0,0,0,0,0,0,0,0,0,0,0,0.000021902926
04232015,04/23/2015,"April 23, 2015",8352602,1,0.080132794162,True,04232015: 1; 042320150: 1,1,0,1,0,0,0,0,0,0,0,0,0,0,0.000021902926
04282015,04/28/2015,"April 28, 2015",6419577,1,0.062178560069,False,04282015: 1,1,0,0,0,0,0,0,0,0,0,0,0,0,0.000021902926
05112015,05/11/2015,"May 11, 2015",9558534,1,0.091159148470,False,05112015: 1,1,0,0,0,0,0,0,0,0,0,0,0,0,0.000021902926
05202015,05/20/2015,"May 20, 2015",3221210,1,0.031698758598,False,05202015: 1,1,0,0,0,0,0,0,0,0,0,0,0,0,0.000021902926
06182015,06/18/2015,"June 18, 2015",5315275,1,0.051764785112,False,06182015: 1,1,0,0,0,0,0,0,0,0,0,0,0,0,0.000021902926
06192015,06/19/2015,"June 19, 2015",4497189,1,0.043975587770,True,06192015: 1; 061920150: 1,1,0,1,0,0,0,0,0,0,0,0,0,0,0.000021902926
06202015,06/20/2015,"June 20, 2015",4295020,1,0.042040847693,False,06202015: 1,1,0,0,0,0,0,0,0,0,0,0,0,0,0.000021902926
07122015,07/12/2015,"July 12, 2015",5873411,1,0.057042485191,False,07122015: 1,1,0,0,0,0,0,0,0,0,0,0,0,0,0.000021902926
07152015,07/15/2015,"July 15, 2015",29881,1,0.000298705382,False,07152015: 1,1,0,0,0,0,0,0,0,0,0,0,0,0,0.000021902926
07222015,07/22/2015,"July 22, 2015",1705913,1,0.016914388115,True,07222015: 1; 072220150: 1,1,0,1,0,0,0,0,0,0,0,0,0,0,0.000021902926
08022015,08/02/2015,"August 02, 2015",6266792,1,0.060744614419,False,08022015: 1,1,0,0,0,0,0,0,0,0,0,0,0,0,0.000021902926
08222015,08/22/2015,"August 22, 2015",2437276,1,0.024078084367,False,08222015: 1,1,0,0,0,0,0,0,0,0,0,0,0,0,0.000021902926
08252015,08/25/2015,"August 25, 2015",953117,1,0.009485833027,False,08252015: 1,1,0,0,0,0,0,0,0,0,0,0,0,0,0.000021902926
09022015,09/02/2015,"September 02, 2015",4831244,1,0.047163906817,False,09022015: 1,1,0,0,0,0,0,0,0,0,0,0,0,0,0.000021902926
10062015,10/06/2015,"October 06, 2015",536746,1,0.005353021299,True,10062015: 1,1,1,0,0,0,0,0,0,0,0,0,0,0,0.000021902926
10092015,10/09/2015,"October 09, 2015",2490800,1,0.024600297052,False,10092015: 1,1,0,0,0,0,0,0,0,0,0,0,0,0,0.000021902926
10252015,10/25/2015,"October 25, 2015",5188868,1,0.050565391513,False,10252015: 1,1,0,0,0,0,0,0,0,0,0,0,0,0,0.000021902926
11132015,11/13/2015,"November 13, 2015",6538971,1,0.063297594447,False,11132015: 1,1,0,0,0,0,0,0,0,0,0,0,0,0,0.000021902926
11142015,11/14/2015,"November 14, 2015",4645679,1,0.045394134972,False,11142015: 1,1,0,0,0,0,0,0,0,0,0,0,0,0,0.000021902926
12042015,12/04/2015,"December 04, 2015",1985416,1,0.019658305469,False,12042015: 1,1,0,0,0,0,0,0,0,0,0,0,0,0,0.000021902926
12102015,12/10/2015,"December 10, 2015",2746024,1,0.027086577073,False,12102015: 1,1,0,0,0,0,0,0,0,0,0,0,0,0,0.000021902926
12182015,12/18/2015,"December 18, 2015",848555,1,0.008449589929,False,12182015: 1,1,0,0,0,0,0,0,0,0,0,0,0,0,0.000021902926
12242015,12/24/2015,"December 24, 2015",6829369,1,0.066013813694,False,12242015: 1,1,0,0,0,0,0,0,0,0,0,0,0,0,0.000021902926
12252015,12/25/2015,"December 25, 2015",7563534,1,0.072845704086,False,12252015: 1,1,0,0,0,0,0,0,0,0,0,0,0,0,0.000021902926
12272015,12/27/2015,"December 27, 2015",7471359,1,0.071990705619,False,12272015: 1,1,0,0,0,0,0,0,0,0,0,0,0,0,0.000021902926
01072016,01/07/2016,"January 07, 2016",8625427,1,0.082639001556,False,01072016: 1,1,0,0,0,0,0,0,0,0,0,0,0,0,0.000021902926
01152016,01/15/2016,"January 15, 2016",7886599,1,0.075836181948,True,01152016: 1,1,1,0,0,0,0,0,0,0,0,0,0,0,0.000021902926
01172016,01/17/2016,"January 17, 2016",685511,2,0.006831607810,False,01172016: 2,2,0,0,0,0,0,0,0,0,0,0,0,0,0.000021902926
01192016,01/19/2016,"January 19, 2016",4107990,1,0.040247500146,True,01192016: 1; 011920160: 1,1,0,1,0,0,0,0,0,0,0,0,0,0,0.000021902926
01292016,01/29/2016,"January 29, 2016",1982911,1,0.019633747601,False,01292016: 1,1,0,0,0,0,0,0,0,0,0,0,0,0,0.000021902926
02042016,02/04/2016,"February 04, 2016",1539520,1,0.015277240785,False,02042016: 1,1,0,0,0,0,0,0,0,0,0,0,0,0,0.000021902926
02242016,02/24/2016,"February 24, 2016",4680516,1,0.045726633101,False,02242016: 1,1,0,0,0,0,0,0,0,0,0,0,0,0,0.000021902926
03112016,03/11/2016,"March 11, 2016",2014030,1,0.019938780315,False,03112016: 1,1,0,0,0,0,0,0,0,0,0,0,0,0,0.000021902926
03172016,03/17/2016,"March 17, 2016",1191569,2,0.011844920129,False,03172016: 2,2,0,0,0,0,0,0,0,0,0,0,0,0,0.000021902926
03182016,03/18/2016,"March 18, 2016",3010169,1,0.029653088112,False,03182016: 1,1,0,0,0,0,0,0,0,0,0,0,0,0,0.000021902926
03262016,03/26/2016,"March 26, 2016",2116740,1,0.020944884430,False,03262016: 1,1,0,0,0,0,0,0,0,0,0,0,0,0,0.000021902926
04072016,04/07/2016,"April 07, 2016",9922352,1,0.094459667531,False,04072016: 1,1,0,0,0,0,0,0,0,0,0,0,0,0,0.000021902926
04132016,04/13/2016,"April 13, 2016",3512449,1,0.034514726889,False,04132016: 1,1,0,0,0,0,0,0,0,0,0,0,0,0,0.000021902926
04192016,04/19/2016,"April 19, 2016",3839830,1,0.037670373950,False,04192016: 1,1,0,0,0,0,0,0,0,0,0,0,0,0,0.000021902926
04222016,04/22/2016,"April 22, 2016",177093,1,0.001769302953,False,04222016: 1,1,0,0,0,0,0,0,0,0,0,0,0,0,0.000021902926
04302016,04/30/2016,"April 30, 2016",4882495,1,0.047652119731,False,04302016: 1,1,0,0,0,0,0,0,0,0,0,0,0,0,0.000021902926
05032016,05/03/2016,"May 03, 2016",7147590,1,0.068981229930,False,05032016: 1,1,0,0,0,0,0,0,0,0,0,0,0,0,0.000021902926
05292016,05/29/2016,"May 29, 2016",4516867,1,0.044163695747,False,05292016: 1,1,0,0,0,0,0,0,0,0,0,0,0,0,0.000021902926
06072016,06/07/2016,"June 07, 2016",1839339,1,0.018225205257,False,06072016: 1,1,0,0,0,0,0,0,0,0,0,0,0,0,0.000021902926
06112016,06/11/2016,"June 11, 2016",8074805,1,0.077573877984,False,06112016: 1,1,0,0,0,0,0,0,0,0,0,0,0,0,0.000021902926
06152016,06/15/2016,"June 15, 2016",4040182,1,0.039596490471,False,06152016: 1,1,0,0,0,0,0,0,0,0,0,0,0,0,0.000021902926
06242016,06/24/2016,"June 24, 2016",1948603,1,0.019297345841,False,06242016: 1,1,0,0,0,0,0,0,0,0,0,0,0,0,0.000021902926
06282016,06/28/2016,"June 28, 2016",6004818,1,0.058280783602,False,06282016: 1,1,0,0,0,0,0,0,0,0,0,0,0,0,0.000021902926
07072016,07/07/2016,"July 07, 2016",5796880,1,0.056320554153,False,07072016: 1,1,0,0,0,0,0,0,0,0,0,0,0,0,0.000021902926
07102016,07/10/2016,"July 10, 2016",1155050,1,0.011483989872,False,07102016: 1,1,0,0,0,0,0,0,0,0,0,0,0,0,0.000021902926
07112016,07/11/2016,"July 11, 2016",6284760,1,0.060913364668,False,07112016: 1,1,0,0,0,0,0,0,0,0,0,0,0,0,0.000021902926
07192016,07/19/2016,"July 19, 2016",1419718,1,0.014096816269,True,07192016: 1,1,1,0,0,1,0,0,0,0,0,0,0,0,0.000021902926
07262016,07/26/2016,"July 26, 2016",8997703,1,0.086047767476,False,07262016: 1,1,0,0,0,0,0,0,0,0,0,0,0,0,0.000021902926
08072016,08/07/2016,"August 07, 2016",5046043,1,0.049208392684,True,08072016: 1; 080720160: 1,1,0,1,0,0,0,0,0,0,0,0,0,0,0.000021902926
08212016,08/21/2016,"August 21, 2016",5802809,1,0.056376503249,False,08212016: 1,1,0,0,0,0,0,0,0,0,0,0,0,0,0.000021902926
08282016,08/28/2016,"August 28, 2016",8607475,1,0.082474302125,False,08282016: 1,1,0,0,0,0,0,0,0,0,0,0,0,0,0.000021902926
09202016,09/20/2016,"September 20, 2016",5981968,1,0.058065576172,False,09202016: 1,1,0,0,0,0,0,0,0,0,0,0,0,0,0.000021902926
09252016,09/25/2016,"September 25, 2016",8463010,1,0.081147840707,True,09252016: 1; 092520160: 1,1,0,1,0,0,0,0,0,0,0,0,0,0,0.000021902926
10112016,10/11/2016,"October 11, 2016",3366781,1,0.033107298951,False,10112016: 1,1,0,0,0,0,0,0,0,0,0,0,0,0,0.000021902926
10152016,10/15/2016,"October 15, 2016",4347020,1,0.042538856963,False,10152016: 1,1,0,0,0,0,0,0,0,0,0,0,0,0,0.000021902926
10162016,10/16/2016,"October 16, 2016",7893407,1,0.075899096880,True,10162016: 1; 101620160: 1,1,0,1,0,0,0,0,0,0,0,0,0,0,0.000021902926
10182016,10/18/2016,"October 18, 2016",3213467,1,0.031623780130,False,10182016: 1,1,0,0,0,0,0,0,0,0,0,0,0,0,0.000021902926
11102016,11/10/2016,"November 10, 2016",8117868,1,0.077971016832,False,11102016: 1,1,0,0,0,0,0,0,0,0,0,0,0,0,0.000021902926
11172016,11/17/2016,"November 17, 2016",612089,1,0.006102135942,False,11172016: 1,1,0,0,0,0,0,0,0,0,0,0,0,0,0.000021902926
12212016,12/21/2016,"December 21, 2016",273893,1,0.002735122745,False,12212016: 1,1,0,0,0,0,0,0,0,0,0,0,0,0,0.000021902926
12282016,12/28/2016,"December 28, 2016",7752086,1,0.074592225004,False,12282016: 1,1,0,0,0,0,0,0,0,0,0,0,0,0,0.000021902926
01082017,01/08/2017,"January 08, 2017",2695804,1,0.026597857240,True,01082017: 1; 010820170: 1,1,0,1,0,0,0,0,0,0,0,0,0,0,0.000021902926
01102017,01/10/2017,"January 10, 2017",1513902,1,0.015024942191,False,01102017: 1,1,0,0,0,0,0,0,0,0,0,0,0,0,0.000021902926
01142017,01/14/2017,"January 14, 2017",6086182,1,0.059046692403,False,01142017: 1,1,0,0,0,0,0,0,0,0,0,0,0,0,0.000021902926
01162017,01/16/2017,"January 16, 2017",7667814,1,0.073812036662,False,01162017: 1,1,0,0,0,0,0,0,0,0,0,0,0,0,0.000021902926
01302017,01/30/2017,"January 30, 2017",7144838,1,0.068955607941,False,01302017: 1,1,0,0,0,0,0,0,0,0,0,0,0,0,0.000021902926
02032017,02/03/2017,"February 03, 2017",9756131,1,0.092953217648,False,02032017: 1,1,0,0,0,0,0,0,0,0,0,0,0,0,0.000021902926
02082017,02/08/2017,"February 08, 2017",249030,1,0.002487141949,False,02082017: 1,1,0,0,0,0,0,0,0,0,0,0,0,0,0.000021902926
02222017,02/22/2017,"February 22, 2017",438414,1,0.004374483993,False,02222017: 1,1,0,0,0,0,0,0,0,0,0,0,0,0,0.000021902926
02242017,02/24/2017,"February 24, 2017",3250930,1,0.031986494970,False,02242017: 1,1,0,0,0,0,0,0,0,0,0,0,0,0,0.000021902926
03232017,03/23/2017,"March 23, 2017",5622965,1,0.054677926054,False,03232017: 1,1,0,0,0,0,0,0,0,0,0,0,0,0,0.000021902926
04022017,04/02/2017,"April 02, 2017",2619601,1,0.025855812904,False,04022017: 1,1,0,0,0,0,0,0,0,0,0,0,0,0,0.000021902926
05012017,05/01/2017,"May 01, 2017",3897397,1,0.038224198826,False,05012017: 1,1,0,0,0,0,0,0,0,0,0,0,0,0,0.000021902926
05102017,05/10/2017,"May 10, 2017",2084842,1,0.020632535612,False,05102017: 1,1,0,0,0,0,0,0,0,0,0,0,0,0,0.000021902926
05252017,05/25/2017,"May 25, 2017",5551755,1,0.054004522462,True,05252017: 1,1,1,0,0,0,0,0,0,0,0,0,0,0,0.000021902926
06092017,06/09/2017,"June 09, 2017",5934017,1,0.057613800885,False,06092017: 1,1,0,0,0,0,0,0,0,0,0,0,0,0,0.000021902926
06182017,06/18/2017,"June 18, 2017",9287869,1,0.088695902286,False,06182017: 1,1,0,0,0,0,0,0,0,0,0,0,0,0,0.000021902926
06232017,06/23/2017,"June 23, 2017",3379368,1,0.033228994077,True,06232017: 1; 0062320170: 1; 062320170: 1,1,1,1,1,0,0,0,0,0,0,0,0,0,0.000021902926
06242017,06/24/2017,"June 24, 2017",5585971,1,0.054328148908,False,06242017: 1,1,0,0,0,0,0,0,0,0,0,0,0,0,0.000021902926
06252017,06/25/2017,"June 25, 2017",5544606,1,0.053936890827,False,06252017: 1,1,0,0,0,0,0,0,0,0,0,0,0,0,0.000021902926
07162017,07/16/2017,"July 16, 2017",938685,3,0.009342871705,False,07162017: 3,3,0,0,0,0,0,0,0,0,0,0,0,0,0.000021902926
07212017,07/21/2017,"July 21, 2017",1250191,1,0.012424026647,False,07212017: 1,1,0,0,0,0,0,0,0,0,0,0,0,0,0.000021902926
07282017,07/28/2017,"July 28, 2017",4065146,1,0.039836215682,False,07282017: 1,1,0,0,0,0,0,0,0,0,0,0,0,0,0.000021902926
09112017,09/11/2017,"September 11, 2017",9162893,1,0.087556278886,False,09112017: 1,1,0,0,0,0,0,0,0,0,0,0,0,0,0.000021902926
10022017,10/02/2017,"October 02, 2017",5669900,1,0.055121508868,True,10022017: 1,1,1,0,0,0,0,0,0,0,0,0,0,0,0.000021902926
10052017,10/05/2017,"October 05, 2017",5915531,1,0.057439575268,False,10052017: 1,1,0,0,0,0,0,0,0,0,0,0,0,0,0.000021902926
10092017,10/09/2017,"October 09, 2017",96816,1,0.000967631552,True,10092017: 1,1,1,0,0,0,0,0,0,0,0,0,0,0,0.000021902926
10172017,10/17/2017,"October 17, 2017",1838212,1,0.018214140593,False,10172017: 1,1,0,0,0,0,0,0,0,0,0,0,0,0,0.000021902926
10232017,10/23/2017,"October 23, 2017",2774147,1,0.027360151047,False,10232017: 1,1,0,0,0,0,0,0,0,0,0,0,0,0,0.000021902926
10242017,10/24/2017,"October 24, 2017",1166648,1,0.011598631311,False,10242017: 1,1,0,0,0,0,0,0,0,0,0,0,0,0,0.000021902926
11062017,11/06/2017,"November 06, 2017",5263486,1,0.051273576387,False,11062017: 1,1,0,0,0,0,0,0,0,0,0,0,0,0,0.000021902926
11142017,11/14/2017,"November 14, 2017",7419062,1,0.071505257667,False,11142017: 1,1,0,0,0,0,0,0,0,0,0,0,0,0,0.000021902926
11292017,11/29/2017,"November 29, 2017",1899922,1,0.018819813753,False,11292017: 1,1,0,0,0,0,0,0,0,0,0,0,0,0,0.000021902926
12022017,12/02/2017,"December 02, 2017",7523067,1,0.072470436629,False,12022017: 1,1,0,0,0,0,0,0,0,0,0,0,0,0,0.000021902926
12122017,12/12/2017,"December 12, 2017",1129311,1,0.011229522986,False,12122017: 1,1,0,0,0,0,0,0,0,0,0,0,0,0,0.000021902926
12162017,12/16/2017,"December 16, 2017",9136311,1,0.087313700854,False,12162017: 1,1,0,0,0,0,0,0,0,0,0,0,0,0,0.000021902926
12282017,12/28/2017,"December 28, 2017",7844765,1,0.075449486373,False,12282017: 1,1,0,0,0,0,0,0,0,0,0,0,0,0,0.000021902926
12312017,12/31/2017,"December 31, 2017",8492153,1,0.081415582779,True,12312017: 1,1,1,0,0,0,0,0,0,0,0,0,0,0,0.000021902926
01042018,01/04/2018,"January 04, 2018",3442596,1,0.033840070849,True,01042018: 1; 010420180: 1,1,0,1,0,0,0,0,0,0,0,0,0,0,0.000021902926
01212018,01/21/2018,"January 21, 2018",3153926,1,0.031047027554,False,01212018: 1,1,0,0,0,0,0,0,0,0,0,0,0,0,0.000021902926
02042018,02/04/2018,"February 04, 2018",3299233,1,0.032453961629,True,02042018: 1; 020420180: 1,1,0,1,0,0,0,0,0,0,0,0,0,0,0.000021902926
02062018,02/06/2018,"February 06, 2018",9385547,1,0.089585611315,False,02062018: 1,1,0,0,0,0,0,0,0,0,0,0,0,0,0.000021902926
02132018,02/13/2018,"February 13, 2018",8513356,1,0.081610329588,False,02132018: 1,1,0,0,0,0,0,0,0,0,0,0,0,0,0.000021902926
03082018,03/08/2018,"March 08, 2018",6165736,1,0.059794960727,True,03082018: 1; 030820180: 1,1,0,1,0,0,0,0,0,0,0,0,0,0,0.000021902926
03212018,03/21/2018,"March 21, 2018",4225790,1,0.041377422947,False,03212018: 1,1,0,0,0,0,0,0,0,0,0,0,0,0,0.000021902926
04172018,04/17/2018,"April 17, 2018",6252120,1,0.060606796758,False,04172018: 1,1,0,0,0,0,0,0,0,0,0,0,0,0,0.000021902926
04242018,04/24/2018,"April 24, 2018",7668405,1,0.073817510417,False,04242018: 1,1,0,0,0,0,0,0,0,0,0,0,0,0,0.000021902926
05012018,05/01/2018,"May 01, 2018",5865421,1,0.056967139875,False,05012018: 1,1,0,0,0,0,0,0,0,0,0,0,0,0,0.000021902926
05072018,05/07/2018,"May 07, 2018",8636919,1,0.082744418626,True,05072018: 1,1,1,0,0,0,0,0,0,0,0,0,0,0,0.000021902926
05242018,05/24/2018,"May 24, 2018",7774751,1,0.074801944911,False,05242018: 1,1,0,0,0,0,0,0,0,0,0,0,0,0,0.000021902926
06082018,06/08/2018,"June 08, 2018",3197868,1,0.031472711339,False,06082018: 1,1,0,0,0,0,0,0,0,0,0,0,0,0,0.000021902926
06152018,06/15/2018,"June 15, 2018",9302064,1,0.088825252723,True,06152018: 1,1,1,0,0,0,0,0,0,0,0,0,0,0,0.000021902926
06172018,06/17/2018,"June 17, 2018",2032217,1,0.020117007843,True,06172018: 1,1,1,0,0,0,0,0,0,0,0,0,0,0,0.000021902926
07062018,07/06/2018,"July 06, 2018",3067606,1,0.030210266245,False,07062018: 1,1,0,0,0,0,0,0,0,0,0,0,0,0,0.000021902926
07082018,07/08/2018,"July 08, 2018",4175180,1,0.040892141266,False,07082018: 1,1,0,0,0,0,0,0,0,0,0,0,0,0,0.000021902926
07102018,07/10/2018,"July 10, 2018",6216322,1,0.060270452577,False,07102018: 1,1,0,0,0,0,0,0,0,0,0,0,0,0,0.000021902926
07122018,07/12/2018,"July 12, 2018",4026733,1,0.039467317116,False,07122018: 1,1,0,0,0,0,0,0,0,0,0,0,0,0,0.000021902926
07142018,07/14/2018,"July 14, 2018",9836833,1,0.093684927258,True,07142018: 1,1,1,0,0,0,0,0,0,0,0,0,0,0,0.000021902926
07312018,07/31/2018,"July 31, 2018",4601667,1,0.044973901365,False,07312018: 1,1,0,0,0,0,0,0,0,0,0,0,0,0,0.000021902926
08192018,08/19/2018,"August 19, 2018",5079987,1,0.049531074622,False,08192018: 1,1,0,0,0,0,0,0,0,0,0,0,0,0,0.000021902926
08222018,08/22/2018,"August 22, 2018",9704846,1,0.092487919397,False,08222018: 1,1,0,0,0,0,0,0,0,0,0,0,0,0,0.000021902926
08312018,08/31/2018,"August 31, 2018",6829695,1,0.066016858484,False,08312018: 1,1,0,0,0,0,0,0,0,0,0,0,0,0,0.000021902926
09212018,09/21/2018,"September 21, 2018",1969439,2,0.019501663762,False,09212018: 2,2,0,0,0,0,0,0,0,0,0,0,0,0,0.000021902926
10072018,10/07/2018,"October 07, 2018",3046644,1,0.030006957611,True,10072018: 1; 100720180: 1,1,0,1,0,0,0,0,0,0,0,0,0,0,0.000021902926
10082018,10/08/2018,"October 08, 2018",3908159,1,0.038327699569,False,10082018: 1,1,0,0,0,0,0,0,0,0,0,0,0,0,0.000021902926
10132018,10/13/2018,"October 13, 2018",4876238,1,0.047592529459,False,10132018: 1,1,0,0,0,0,0,0,0,0,0,0,0,0,0.000021902926
10142018,10/14/2018,"October 14, 2018",7256719,1,0.069996687234,False,10142018: 1,1,0,0,0,0,0,0,0,0,0,0,0,0,0.000021902926
10212018,10/21/2018,"October 21, 2018",2362791,1,0.023350898133,False,10212018: 1,1,0,0,0,0,0,0,0,0,0,0,0,0,0.000021902926
10242018,10/24/2018,"October 24, 2018",4211291,1,0.041238422182,False,10242018: 1,1,0,0,0,0,0,0,0,0,0,0,0,0,0.000021902926
10262018,10/26/2018,"October 26, 2018",6778822,2,0.065541592355,False,10262018: 2,2,0,0,0,0,0,0,0,0,0,0,0,0,0.000021902926
11222018,11/22/2018,"November 22, 2018",7627439,1,0.073438012768,False,11222018: 1,1,0,0,0,0,0,0,0,0,0,0,0,0,0.000021902926
11242018,11/24/2018,"November 24, 2018",3809045,1,0.037374075166,True,11242018: 1,1,1,0,0,0,0,0,0,0,0,0,0,0,0.000021902926
12042018,12/04/2018,"December 04, 2018",2818140,1,0.027787950393,False,12042018: 1,1,0,0,0,0,0,0,0,0,0,0,0,0,0.000021902926
12062018,12/06/2018,"December 06, 2018",5053466,2,0.049278967326,True,12062018: 2,2,1,0,0,0,0,0,0,0,0,0,0,0,0.000021902926
12312018,12/31/2018,"December 31, 2018",9902468,1,0.094279591987,False,12312018: 1,1,0,0,0,0,0,0,0,0,0,0,0,0,0.000021902926
01252019,01/25/2019,"January 25, 2019",7374015,2,0.071086904415,False,01252019: 2,2,0,0,0,0,0,0,0,0,0,0,0,0,0.000021902926
01282019,01/28/2019,"January 28, 2019",772828,1,0.007698434165,False,01282019: 1,1,0,0,0,0,0,0,0,0,0,0,0,0,0.000021902926
01312019,01/31/2019,"January 31, 2019",4261140,1,0.041716236143,False,01312019: 1,1,0,0,0,0,0,0,0,0,0,0,0,0,0.000021902926
02012019,02/01/2019,"February 01, 2019",8611833,1,0.082514287024,False,02012019: 1,1,0,0,0,0,0,0,0,0,0,0,0,0,0.000021902926
02022019,02/02/2019,"February 02, 2019",258075,1,0.002577362908,False,02022019: 1,1,0,0,0,0,0,0,0,0,0,0,0,0,0.000021902926
02052019,02/05/2019,"February 05, 2019",3429853,2,0.033716945243,False,02052019: 2,2,0,0,0,0,0,0,0,0,0,0,0,0,0.000021902926
02192019,02/19/2019,"February 19, 2019",8037355,1,0.077228364704,False,02192019: 1,1,0,0,0,0,0,0,0,0,0,0,0,0,0.000021902926
02242019,02/24/2019,"February 24, 2019",8107842,1,0.077878569571,False,02242019: 1,1,0,0,0,0,0,0,0,0,0,0,0,0,0.000021902926
02282019,02/28/2019,"February 28, 2019",522062,1,0.005206956612,False,02282019: 1,1,0,0,0,0,0,0,0,0,0,0,0,0,0.000021902926
03202019,03/20/2019,"March 20, 2019",8478404,1,0.081289277923,True,03202019: 1; 032020190: 1,1,0,1,0,0,0,0,0,0,0,0,0,0,0.000021902926
03232019,03/23/2019,"March 23, 2019",6884890,1,0.066532228242,False,03232019: 1,1,0,0,0,0,0,0,0,0,0,0,0,0,0.000021902926
03312019,03/31/2019,"March 31, 2019",7119493,1,0.068719604831,True,03312019: 1; 0033120190: 1; 033120190: 1,1,1,1,1,0,0,0,0,0,0,0,0,0,0.000021902926
04042019,04/04/2019,"April 04, 2019",1809125,1,0.017928527001,False,04042019: 1,1,0,0,0,0,0,0,0,0,0,0,0,0,0.000021902926
04212019,04/21/2019,"April 21, 2019",3904963,1,0.038296964031,False,04212019: 1,1,0,0,0,0,0,0,0,0,0,0,0,0,0.000021902926
04222019,04/22/2019,"April 22, 2019",9238353,1,0.088244549207,False,04222019: 1,1,0,0,0,0,0,0,0,0,0,0,0,0,0.000021902926
04282019,04/28/2019,"April 28, 2019",1499826,2,0.014886287342,False,04282019: 2,2,0,0,0,0,0,0,0,0,0,0,0,0,0.000021902926
04292019,04/29/2019,"April 29, 2019",5854461,1,0.056863777809,False,04292019: 1,1,0,0,0,0,0,0,0,0,0,0,0,0,0.000021902926
05052019,05/05/2019,"May 05, 2019",9441341,1,0.090093426246,True,05052019: 1,1,1,0,0,0,0,0,0,0,0,0,0,0,0.000021902926
05162019,05/16/2019,"May 16, 2019",2355986,1,0.023284434899,False,05162019: 1,1,0,0,0,0,0,0,0,0,0,0,0,0,0.000021902926
07182019,07/18/2019,"July 18, 2019",7979137,1,0.076690989099,True,07182019: 1,1,1,0,0,0,0,0,0,0,0,0,0,0,0.000021902926
07282019,07/28/2019,"July 28, 2019",4294522,1,0.042036077044,False,07282019: 1,1,0,0,0,0,0,0,0,0,0,0,0,0,0.000021902926
08202019,08/20/2019,"August 20, 2019",2244151,1,0.022191514016,False,08202019: 1,1,0,0,0,0,0,0,0,0,0,0,0,0,0.000021902926
08212019,08/21/2019,"August 21, 2019",1005593,1,0.010005478890,True,08212019: 1,1,1,0,0,0,0,0,0,0,0,0,0,0,0.000021902926
09082019,09/08/2019,"September 08, 2019",4675894,1,0.045682525567,False,09082019: 1,1,0,0,0,0,0,0,0,0,0,0,0,0,0.000021902926
09212019,09/21/2019,"September 21, 2019",8692067,1,0.083250127282,False,09212019: 1,1,0,0,0,0,0,0,0,0,0,0,0,0,0.000021902926
10022019,10/02/2019,"October 02, 2019",3764205,1,0.036942336909,True,10022019: 1,1,1,0,0,0,0,0,0,0,0,0,0,0,0.000021902926
10182019,10/18/2019,"October 18, 2019",5111394,2,0.049829541528,True,10182019: 2,2,1,0,0,0,0,0,0,0,0,0,0,0,0.000021902926
11012019,11/01/2019,"November 01, 2019",6723630,1,0.065025703714,False,11012019: 1,1,0,0,0,0,0,0,0,0,0,0,0,0,0.000021902926
11092019,11/09/2019,"November 09, 2019",1869661,1,0.018522853885,False,11092019: 1,1,0,0,0,0,0,0,0,0,0,0,0,0,0.000021902926
11102019,11/10/2019,"November 10, 2019",4955055,1,0.048342892717,False,11102019: 1,1,0,0,0,0,0,0,0,0,0,0,0,0,0.000021902926
11162019,11/16/2019,"November 16, 2019",345133,1,0.003445321248,False,11162019: 1,1,0,0,0,0,0,0,0,0,0,0,0,0,0.000021902926
11232019,11/23/2019,"November 23, 2019",6099366,1,0.059170739511,False,11232019: 1,1,0,0,0,0,0,0,0,0,0,0,0,0,0.000021902926
12102019,12/10/2019,"December 10, 2019",3123527,1,0.030752430762,False,12102019: 1,1,0,0,0,0,0,0,0,0,0,0,0,0,0.000021902926
12152019,12/15/2019,"December 15, 2019",7254816,1,0.069978989103,False,12152019: 1,1,0,0,0,0,0,0,0,0,0,0,0,0,0.000021902926
12202019,12/20/2019,"December 20, 2019",475940,1,0.004748032335,False,12202019: 1,1,0,0,0,0,0,0,0,0,0,0,0,0,0.000021902926
12312019,12/31/2019,"December 31, 2019",9886630,1,0.094136132627,False,12312019: 1,1,0,0,0,0,0,0,0,0,0,0,0,0,0.000021902926
01032020,01/03/2020,"January 03, 2020",7648719,1,0.073635164183,False,01032020: 1,1,0,0,0,0,0,0,0,0,0,0,0,0,0.000021902926
01042020,01/04/2020,"January 04, 2020",3127806,1,0.030793903978,False,01042020: 1,1,0,0,0,0,0,0,0,0,0,0,0,0,0.000021902926
01092020,01/09/2020,"January 09, 2020",5981966,1,0.058065557333,False,01092020: 1,1,0,0,0,0,0,0,0,0,0,0,0,0,0.000021902926
01272020,01/27/2020,"January 27, 2020",5586297,1,0.054331231794,False,01272020: 1,1,0,0,0,0,0,0,0,0,0,0,0,0,0.000021902926
02032020,02/03/2020,"February 03, 2020",4837170,1,0.047220370212,False,02032020: 1,1,0,0,0,0,0,0,0,0,0,0,0,0,0.000021902926
02052020,02/05/2020,"February 05, 2020",898892,1,0.008948581065,False,02052020: 1,1,0,0,0,0,0,0,0,0,0,0,0,0,0.000021902926
03042020,03/04/2020,"March 04, 2020",2955277,2,0.029120299064,False,03042020: 2,2,0,0,0,0,0,0,0,0,0,0,0,0,0.000021902926
03122020,03/12/2020,"March 12, 2020",467451,1,0.004663541809,False,03122020: 1,1,0,0,0,0,0,0,0,0,0,0,0,0,0.000021902926
03132020,03/13/2020,"March 13, 2020",7847495,1,0.075474726258,False,03132020: 1,1,0,0,0,0,0,0,0,0,0,0,0,0,0.000021902926
03232020,03/23/2020,"March 23, 2020",9450330,1,0.090175214073,True,03232020: 1,1,1,0,0,0,0,0,0,0,0,0,0,0,0.000021902926
03262020,03/26/2020,"March 26, 2020",638434,3,0.006363943848,True,03262020: 3; 032620200: 1,3,0,1,0,0,0,0,0,0,0,0,0,0,0.000021902926
03302020,03/30/2020,"March 30, 2020",28116,1,0.000281060498,False,03302020: 1,1,0,0,0,0,0,0,0,0,0,0,0,0,0.000021902926
04202020,04/20/2020,"April 20, 2020",8249625,1,0.079185054606,True,04202020: 1; 042020200: 1,1,0,1,0,0,0,0,0,0,0,0,0,0,0.000021902926
04242020,04/24/2020,"April 24, 2020",3686053,1,0.036189393895,True,04242020: 1; 042420200: 1,1,0,1,0,0,0,0,0,0,0,0,0,0,0.000021902926
04262020,04/26/2020,"April 26, 2020",4951289,1,0.048307052635,True,04262020: 1,1,1,0,0,0,0,0,0,0,0,0,0,0,0.000021902926
04292020,04/29/2020,"April 29, 2020",5981354,1,0.058059792677,False,04292020: 1,1,0,0,0,0,0,0,0,0,0,0,0,0,0.000021902926
05062020,05/06/2020,"May 06, 2020",6083559,1,0.059022010874,False,05062020: 1,1,0,0,0,0,0,0,0,0,0,0,0,0,0.000021902926
05112020,05/11/2020,"May 11, 2020",6778913,1,0.065542442711,False,05112020: 1,1,0,0,0,0,0,0,0,0,0,0,0,0,0.000021902926
05232020,05/23/2020,"May 23, 2020",4228240,1,0.041400908913,True,05232020: 1; 052320200: 1,1,0,1,0,0,0,0,0,0,0,0,0,0,0.000021902926
05282020,05/28/2020,"May 28, 2020",548213,1,0.005467070930,False,05282020: 1,1,0,0,0,0,0,0,0,0,0,0,0,0,0.000021902926
06142020,06/14/2020,"June 14, 2020",8308254,1,0.079724760979,True,06142020: 1,1,1,0,0,0,0,0,0,0,0,0,0,0,0.000021902926
06262020,06/26/2020,"June 26, 2020",9227949,1,0.088149685235,False,06262020: 1,1,0,0,0,0,0,0,0,0,0,0,0,0,0.000021902926
06282020,06/28/2020,"June 28, 2020",710166,1,0.007076443296,True,06282020: 1; 062820200: 1,1,0,1,0,0,0,0,0,0,0,0,0,0,0.000021902926
07142020,07/14/2020,"July 14, 2020",4255930,1,0.041666308257,False,07142020: 1,1,0,0,0,0,0,0,0,0,0,0,0,0,0.000021902926
07182020,07/18/2020,"July 18, 2020",9243607,1,0.088292451581,False,07182020: 1,1,0,0,0,0,0,0,0,0,0,0,0,0,0.000021902926
07232020,07/23/2020,"July 23, 2020",1192280,1,0.011851945887,False,07232020: 1,1,0,0,0,0,0,0,0,0,0,0,0,0,0.000021902926
07272020,07/27/2020,"July 27, 2020",1580566,2,0.015681347153,False,07272020: 2,2,0,0,0,0,0,0,0,0,0,0,0,0,0.000021902926
08032020,08/03/2020,"August 03, 2020",1532360,1,0.015206732111,False,08032020: 1,1,0,0,0,0,0,0,0,0,0,0,0,0,0.000021902926
08052020,08/05/2020,"August 05, 2020",9694085,1,0.092390256767,False,08052020: 1,1,0,0,0,0,0,0,0,0,0,0,0,0,0.000021902926
08112020,08/11/2020,"August 11, 2020",5020365,1,0.048964217064,False,08112020: 1,1,0,0,0,0,0,0,0,0,0,0,0,0,0.000021902926
09122020,09/12/2020,"September 12, 2020",7164565,1,0.069139256955,False,09122020: 1,1,0,0,0,0,0,0,0,0,0,0,0,0,0.000021902926
09192020,09/19/2020,"September 19, 2020",2481447,1,0.024509063650,False,09192020: 1,1,0,0,0,0,0,0,0,0,0,0,0,0,0.000021902926
09202020,09/20/2020,"September 20, 2020",9266779,1,0.088503687981,False,09202020: 1,1,0,0,0,0,0,0,0,0,0,0,0,0,0.000021902926
09222020,09/22/2020,"September 22, 2020",4087913,1,0.040054791290,True,09222020: 1; 092220200: 1,1,0,1,0,0,0,0,0,0,0,0,0,0,0.000021902926
09282020,09/28/2020,"September 28, 2020",8420393,1,0.080756170025,True,09282020: 1; 092820200: 1,1,0,1,0,0,0,0,0,0,0,0,0,0,0.000021902926
10092020,10/09/2020,"October 09, 2020",379434,1,0.003787090853,False,10092020: 1,1,0,0,0,0,0,0,0,0,0,0,0,0,0.000021902926
10242020,10/24/2020,"October 24, 2020",9595253,1,0.091492804484,False,10242020: 1,1,0,0,0,0,0,0,0,0,0,0,0,0,0.000021902926
10292020,10/29/2020,"October 29, 2020",9566812,1,0.091234379203,False,10292020: 1,1,0,0,0,0,0,0,0,0,0,0,0,0,0.000021902926
11062020,11/06/2020,"November 06, 2020",6002118,1,0.058255356839,False,11062020: 1,1,0,0,0,0,0,0,0,0,0,0,0,0,0.000021902926
11112020,11/11/2020,"November 11, 2020",3833432,1,0.037608802130,False,11112020: 1,1,0,0,0,0,0,0,0,0,0,0,0,0,0.000021902926
11282020,11/28/2020,"November 28, 2020",5028843,1,0.049044842461,False,11282020: 1,1,0,0,0,0,0,0,0,0,0,0,0,0,0.000021902926
12032020,12/03/2020,"December 03, 2020",8478402,1,0.081289259549,False,12032020: 1,1,0,0,0,0,0,0,0,0,0,0,0,0,0.000021902926
12212020,12/21/2020,"December 21, 2020",4914800,1,0.047959726028,True,12212020: 1,1,1,0,0,0,0,0,0,0,0,0,0,0,0.000021902926
01022021,01/02/2021,"January 02, 2021",3615179,2,0.035506060635,False,01022021: 2,2,0,0,0,0,0,0,0,0,0,0,0,0,0.000021902926
01042021,01/04/2021,"January 04, 2021",98563,1,0.000009855452,True,01042021: 1; 0010420210: 1; 00104202100: 1; 010420210: 1; 0104202100: 1,1,1,1,2,0,1,0,0,0,0,0,0,0,0.000021902926
01112021,01/11/2021,"January 11, 2021",3587828,1,0.035242225816,False,01112021: 1,1,0,0,0,0,0,0,0,0,0,0,0,0,0.000021902926
01182021,01/18/2021,"January 18, 2021",2201916,1,0.021778449375,False,01182021: 1,1,0,0,0,0,0,0,0,0,0,0,0,0,0.000021902926
02072021,02/07/2021,"February 07, 2021",5734690,1,0.055733497374,True,02072021: 1; 020720210: 1,1,0,1,0,0,0,0,0,0,0,0,0,0,0.000021902926
02092021,02/09/2021,"February 09, 2021",6417561,1,0.062159653398,False,02092021: 1,1,0,0,0,0,0,0,0,0,0,0,0,0,0.000021902926
03012021,03/01/2021,"March 01, 2021",7400956,1,0.071337129187,False,03012021: 1,1,0,0,0,0,0,0,0,0,0,0,0,0,0.000021902926
03102021,03/10/2021,"March 10, 2021",5452849,2,0.053068413308,False,03102021: 2,2,0,0,0,0,0,0,0,0,0,0,0,0,0.000021902926
03112021,03/11/2021,"March 11, 2021",6759216,1,0.065358364476,False,03112021: 1,1,0,0,0,0,0,0,0,0,0,0,0,0,0.000021902926
03212021,03/21/2021,"March 21, 2021",8025050,1,0.077114810667,False,03212021: 1,1,0,0,0,0,0,0,0,0,0,0,0,0,0.000021902926
03252021,03/25/2021,"March 25, 2021",7764365,1,0.074705848850,False,03252021: 1,1,0,0,0,0,0,0,0,0,0,0,0,0,0.000021902926
03272021,03/27/2021,"March 27, 2021",8105650,1,0.077858356448,False,03272021: 1,1,0,0,0,0,0,0,0,0,0,0,0,0,0.000021902926
03292021,03/29/2021,"March 29, 2021",3257633,1,0.032051378742,True,03292021: 1; 032920210: 1; 0329202100: 1,1,0,1,0,0,1,0,0,0,0,0,0,0,0.000021902926
03302021,03/30/2021,"March 30, 2021",4592862,1,0.044889807614,True,03302021: 1,1,1,0,0,0,0,0,0,0,0,0,0,0,0.000021902926
04112021,04/11/2021,"April 11, 2021",1991700,1,0.019719908206,True,04112021: 1,1,1,0,0,0,0,0,0,0,0,0,0,0,0.000021902926
04242021,04/24/2021,"April 24, 2021",2745744,1,0.027083852912,False,04242021: 1,1,0,0,0,0,0,0,0,0,0,0,0,0,0.000021902926
06052021,06/05/2021,"June 05, 2021",6402938,1,0.062022502975,False,06052021: 1,1,0,0,0,0,0,0,0,0,0,0,0,0,0.000021902926
06182021,06/18/2021,"June 18, 2021",5269547,1,0.051331076953,False,06182021: 1,1,0,0,0,0,0,0,0,0,0,0,0,0,0.000021902926
06192021,06/19/2021,"June 19, 2021",5977933,1,0.058027568351,False,06192021: 1,1,0,0,0,0,0,0,0,0,0,0,0,0,0.000021902926
07042021,07/04/2021,"July 04, 2021",6384676,1,0.061851193881,False,07042021: 1,1,0,0,0,0,0,0,0,0,0,0,0,0,0.000021902926
07262021,07/26/2021,"July 26, 2021",8974026,1,0.085831345383,False,07262021: 1,1,0,0,0,0,0,0,0,0,0,0,0,0,0.000021902926
08172021,08/17/2021,"August 17, 2021",344537,1,0.003439381764,True,08172021: 1,1,1,0,0,0,0,0,0,0,0,0,0,0,0.000021902926
08282021,08/28/2021,"August 28, 2021",5282208,1,0.051451180324,False,08282021: 1,1,0,0,0,0,0,0,0,0,0,0,0,0,0.000021902926
09042021,09/04/2021,"September 04, 2021",2652947,1,0.026180596873,False,09042021: 1,1,0,0,0,0,0,0,0,0,0,0,0,0,0.000021902926
09192021,09/19/2021,"September 19, 2021",1870562,1,0.018531696954,False,09192021: 1,1,0,0,0,0,0,0,0,0,0,0,0,0,0.000021902926
10202021,10/20/2021,"October 20, 2021",1497903,1,0.014867343423,False,10202021: 1,1,0,0,0,0,0,0,0,0,0,0,0,0,0.000021902926
10212021,10/21/2021,"October 21, 2021",7244441,1,0.069882494416,False,10212021: 1,1,0,0,0,0,0,0,0,0,0,0,0,0,0.000021902926
10282021,10/28/2021,"October 28, 2021",8182907,1,0.078570500299,False,10282021: 1,1,0,0,0,0,0,0,0,0,0,0,0,0,0.000021902926
11242021,11/24/2021,"November 24, 2021",8723891,1,0.083541827347,False,11242021: 1,1,0,0,0,0,0,0,0,0,0,0,0,0,0.000021902926
12032021,12/03/2021,"December 03, 2021",9181048,1,0.087721918008,False,12032021: 1,1,0,0,0,0,0,0,0,0,0,0,0,0,0.000021902926
12082021,12/08/2021,"December 08, 2021",8353155,1,0.080137881013,False,12082021: 1,1,0,0,0,0,0,0,0,0,0,0,0,0,0.000021902926
12162021,12/16/2021,"December 16, 2021",1059204,1,0.010536082614,True,12162021: 1; 121620210: 1,1,0,1,0,0,0,0,0,0,0,0,0,0,0.000021902926
12192021,12/19/2021,"December 19, 2021",8012295,1,0.076997089152,False,12192021: 1,1,0,0,0,0,0,0,0,0,0,0,0,0,0.000021902926
12242021,12/24/2021,"December 24, 2021",2547126,1,0.025149545994,False,12242021: 1,1,0,0,0,0,0,0,0,0,0,0,0,0,0.000021902926
01222022,01/22/2022,"January 22, 2022",9064913,1,0.086661828399,True,01222022: 1; 012220220: 1,1,0,1,0,0,0,0,0,0,0,0,0,0,0.000021902926
01242022,01/24/2022,"January 24, 2022",4994847,2,0.048721500784,True,01242022: 2; 012420220: 1,2,0,1,0,0,0,0,0,0,0,0,0,0,0.000021902926
02052022,02/05/2022,"February 05, 2022",4434933,1,0.043380219899,False,02052022: 1,1,0,0,0,0,0,0,0,0,0,0,0,0,0.000021902926
02242022,02/24/2022,"February 24, 2022",6516311,1,0.063085313629,False,02242022: 1,1,0,0,0,0,0,0,0,0,0,0,0,0,0.000021902926
04022022,04/02/2022,"April 02, 2022",1777673,1,0.017619597298,False,04022022: 1,1,0,0,0,0,0,0,0,0,0,0,0,0,0.000021902926
04102022,04/10/2022,"April 10, 2022",9731280,1,0.092727779439,False,04102022: 1,1,0,0,0,0,0,0,0,0,0,0,0,0,0.000021902926
04252022,04/25/2022,"April 25, 2022",5346311,1,0.052059033733,False,04252022: 1,1,0,0,0,0,0,0,0,0,0,0,0,0,0.000021902926
04262022,04/26/2022,"April 26, 2022",218840,1,0.002185947352,False,04262022: 1,1,0,0,0,0,0,0,0,0,0,0,0,0,0.000021902926
05142022,05/14/2022,"May 14, 2022",2746716,1,0.027093309611,False,05142022: 1,1,0,0,0,0,0,0,0,0,0,0,0,0,0.000021902926
06212022,06/21/2022,"June 21, 2022",4367678,1,0.042736628860,False,06212022: 1,1,0,0,0,0,0,0,0,0,0,0,0,0,0.000021902926
07012022,07/01/2022,"July 01, 2022",2473408,1,0.024430640781,False,07012022: 1,1,0,0,0,0,0,0,0,0,0,0,0,0,0.000021902926
07132022,07/13/2022,"July 13, 2022",994259,1,0.009893266551,False,07132022: 1,1,0,0,0,0,0,0,0,0,0,0,0,0,0.000021902926
07152022,07/15/2022,"July 15, 2022",8472332,1,0.081233492114,False,07152022: 1,1,0,0,0,0,0,0,0,0,0,0,0,0,0.000021902926
07282022,07/28/2022,"July 28, 2022",2461575,1,0.024315194827,False,07282022: 1,1,0,0,0,0,0,0,0,0,0,0,0,0,0.000021902926
08032022,08/03/2022,"August 03, 2022",2100386,1,0.020784756662,False,08032022: 1,1,0,0,0,0,0,0,0,0,0,0,0,0,0.000021902926
08102022,08/10/2022,"August 10, 2022",3929935,1,0.038537090532,False,08102022: 1,1,0,0,0,0,0,0,0,0,0,0,0,0,0.000021902926
09112022,09/11/2022,"September 11, 2022",2360685,1,0.023330329686,False,09112022: 1,1,0,0,0,0,0,0,0,0,0,0,0,0,0.000021902926
10192022,10/19/2022,"October 19, 2022",9936707,1,0.094589648517,False,10192022: 1,1,0,0,0,0,0,0,0,0,0,0,0,0,0.000021902926
11082022,11/08/2022,"November 08, 2022",8881816,1,0.084988001694,False,11082022: 1,1,0,0,0,0,0,0,0,0,0,0,0,0,0.000021902926
11122022,11/12/2022,"November 12, 2022",7737107,1,0.074453597790,False,11122022: 1,1,0,0,0,0,0,0,0,0,0,0,0,0,0.000021902926
11132022,11/13/2022,"November 13, 2022",3557625,1,0.034950796014,False,11132022: 1,1,0,0,0,0,0,0,0,0,0,0,0,0,0.000021902926
12082022,12/08/2022,"December 08, 2022",7773319,1,0.074788695980,False,12082022: 1,1,0,0,0,0,0,0,0,0,0,0,0,0,0.000021902926
12162022,12/16/2022,"December 16, 2022",2038386,1,0.020177454961,False,12162022: 1,1,0,0,0,0,0,0,0,0,0,0,0,0,0.000021902926
12222022,12/22/2022,"December 22, 2022",4374815,1,0.042804946309,False,12222022: 1,1,0,0,0,0,0,0,0,0,0,0,0,0,0.000021902926
12252022,12/25/2022,"December 25, 2022",4494073,1,0.043945797584,False,12252022: 1,1,0,0,0,0,0,0,0,0,0,0,0,0,0.000021902926
01032023,01/03/2023,"January 03, 2023",7606179,1,0.073241004746,False,01032023: 1,1,0,0,0,0,0,0,0,0,0,0,0,0,0.000021902926
01052023,01/05/2023,"January 05, 2023",1484639,1,0.014736666760,False,01052023: 1,1,0,0,0,0,0,0,0,0,0,0,0,0,0.000021902926
01102023,01/10/2023,"January 10, 2023",1321417,1,0.013127187071,False,01102023: 1,1,0,0,0,0,0,0,0,0,0,0,0,0,0.000021902926
01232023,01/23/2023,"January 23, 2023",6960948,1,0.067241935238,True,01232023: 1; 012320230: 1,1,0,1,0,0,0,0,0,0,0,0,0,0,0.000021902926
02012023,02/01/2023,"February 01, 2023",919074,1,0.009148574882,False,02012023: 1,1,0,0,0,0,0,0,0,0,0,0,0,0,0.000021902926
02022023,02/02/2023,"February 02, 2023",611908,1,0.006100336985,False,02022023: 1,1,0,0,0,0,0,0,0,0,0,0,0,0,0.000021902926
02112023,02/11/2023,"February 11, 2023",7995459,1,0.076841679299,False,02112023: 1,1,0,0,0,0,0,0,0,0,0,0,0,0,0.000021902926
02182023,02/18/2023,"February 18, 2023",3219264,1,0.031679915273,False,02182023: 1,1,0,0,0,0,0,0,0,0,0,0,0,0,0.000021902926
02192023,02/19/2023,"February 19, 2023",7542353,1,0.072649302734,False,02192023: 1,1,0,0,0,0,0,0,0,0,0,0,0,0,0.000021902926
02242023,02/24/2023,"February 24, 2023",4923198,1,0.048039675013,False,02242023: 1,1,0,0,0,0,0,0,0,0,0,0,0,0,0.000021902926
03212023,03/21/2023,"March 21, 2023",777852,1,0.007748286144,True,03212023: 1; 032120230: 1; 0321202300: 1,1,0,1,0,0,1,0,0,0,0,0,0,0,0.000021902926
03252023,03/25/2023,"March 25, 2023",1604779,1,0.015919651379,False,03252023: 1,1,0,0,0,0,0,0,0,0,0,0,0,0,0.000021902926
04062023,04/06/2023,"April 06, 2023",7999753,1,0.076881318866,False,04062023: 1,1,0,0,0,0,0,0,0,0,0,0,0,0,0.000021902926
04082023,04/08/2023,"April 08, 2023",9057016,1,0.086589699235,False,04082023: 1,1,0,0,0,0,0,0,0,0,0,0,0,0,0.000021902926
04152023,04/15/2023,"April 15, 2023",3897634,1,0.038226478232,False,04152023: 1,1,0,0,0,0,0,0,0,0,0,0,0,0,0.000021902926
04182023,04/18/2023,"April 18, 2023",4437623,1,0.043405952625,False,04182023: 1,1,0,0,0,0,0,0,0,0,0,0,0,0,0.000021902926
04272023,04/27/2023,"April 27, 2023",3340593,1,0.032854055929,False,04272023: 1,1,0,0,0,0,0,0,0,0,0,0,0,0,0.000021902926
04282023,04/28/2023,"April 28, 2023",944780,1,0.009403250417,True,04282023: 1,1,1,0,0,0,0,0,0,0,0,0,0,0,0.000021902926
04292023,04/29/2023,"April 29, 2023",1839574,1,0.018227512425,False,04292023: 1,1,0,0,0,0,0,0,0,0,0,0,0,0,0.000021902926
05212023,05/21/2023,"May 21, 2023",9303083,1,0.088834537546,False,05212023: 1,1,0,0,0,0,0,0,0,0,0,0,0,0,0.000021902926
06162023,06/16/2023,"June 16, 2023",9775178,1,0.093125966398,True,06162023: 1,1,1,0,0,0,0,0,0,0,0,0,0,0,0.000021902926
06172023,06/17/2023,"June 17, 2023",7809019,1,0.075118937467,False,06172023: 1,1,0,0,0,0,0,0,0,0,0,0,0,0,0.000021902926
07162023,07/16/2023,"July 16, 2023",661442,1,0.006592533337,False,07162023: 1,1,0,0,0,0,0,0,0,0,0,0,0,0,0.000021902926
07172023,07/17/2023,"July 17, 2023",5738913,1,0.055773372906,True,07172023: 1; 071720230: 1,1,0,1,0,0,0,0,0,0,0,0,0,0,0.000021902926
08022023,08/02/2023,"August 02, 2023",3551591,1,0.034892563188,False,08022023: 1,1,0,0,0,0,0,0,0,0,0,0,0,0,0.000021902926
08132023,08/13/2023,"August 13, 2023",9441981,1,0.090099249630,False,08132023: 1,1,0,0,0,0,0,0,0,0,0,0,0,0,0.000021902926
08222023,08/22/2023,"August 22, 2023",722404,1,0.007197949847,False,08222023: 1,1,0,0,0,0,0,0,0,0,0,0,0,0,0.000021902926
09052023,09/05/2023,"September 05, 2023",6583320,1,0.063712920498,True,09052023: 1; 090520230: 1,1,0,1,0,0,0,0,0,0,0,0,0,0,0.000021902926
09072023,09/07/2023,"September 07, 2023",563775,1,0.005621828104,False,09072023: 1,1,0,0,0,0,0,0,0,0,0,0,0,0,0.000021902926
09122023,09/12/2023,"September 12, 2023",4919464,1,0.048004128151,False,09122023: 1,1,0,0,0,0,0,0,0,0,0,0,0,0,0.000021902926
10312023,10/31/2023,"October 31, 2023",8512730,1,0.081604580450,False,10312023: 1,1,0,0,0,0,0,0,0,0,0,0,0,0,0.000021902926
11062023,11/06/2023,"November 06, 2023",1581206,1,0.015687646772,False,11062023: 1,1,0,0,0,0,0,0,0,0,0,0,0,0,0.000021902926
11112023,11/11/2023,"November 11, 2023",8026321,1,0.077126540463,True,11112023: 1; 111120230: 1; 1111202300: 1,1,0,1,0,0,1,0,0,0,0,0,0,0,0.000021902926
11302023,11/30/2023,"November 30, 2023",3443461,1,0.033848428096,False,11302023: 1,1,0,0,0,0,0,0,0,0,0,0,0,0,0.000021902926
12052023,12/05/2023,"December 05, 2023",3790708,1,0.037197542264,False,12052023: 1,1,0,0,0,0,0,0,0,0,0,0,0,0,0.000021902926
12092023,12/09/2023,"December 09, 2023",1802095,1,0.017859484949,False,12092023: 1,1,0,0,0,0,0,0,0,0,0,0,0,0,0.000021902926
12172023,12/17/2023,"December 17, 2023",62441,1,0.000624155140,False,12172023: 1,1,0,0,0,0,0,0,0,0,0,0,0,0,0.000021902926
12252023,12/25/2023,"December 25, 2023",9435630,1,0.090041459997,True,12252023: 1; 0122520230: 1; 122520230: 1,1,1,1,1,0,0,0,0,0,0,0,0,0,0.000021902926
12262023,12/26/2023,"December 26, 2023",8116658,1,0.077959860214,False,12262023: 1,1,0,0,0,0,0,0,0,0,0,0,0,0,0.000021902926
01082024,01/08/2024,"January 08, 2024",3263185,1,0.032105117758,False,01082024: 1,1,0,0,0,0,0,0,0,0,0,0,0,0,0.000021902926
01172024,01/17/2024,"January 17, 2024",6140848,1,0.059560933373,False,01172024: 1,1,0,0,0,0,0,0,0,0,0,0,0,0,0.000021902926
01272024,01/27/2024,"January 27, 2024",8772217,1,0.083984607930,False,01272024: 1,1,0,0,0,0,0,0,0,0,0,0,0,0,0.000021902926
02182024,02/18/2024,"February 18, 2024",4767980,1,0.046560913867,False,02182024: 1,1,0,0,0,0,0,0,0,0,0,0,0,0,0.000021902926
03082024,03/08/2024,"March 08, 2024",3144535,1,0.030956028906,False,03082024: 1,1,0,0,0,0,0,0,0,0,0,0,0,0,0.000021902926
03122024,03/12/2024,"March 12, 2024",8846295,1,0.084662922547,False,03122024: 1,1,0,0,0,0,0,0,0,0,0,0,0,0,0.000021902926
03282024,03/28/2024,"March 28, 2024",6595869,1,0.063830407792,True,03282024: 1,1,1,0,0,1,0,0,0,0,0,0,0,0,0.000021902926
04082024,04/08/2024,"April 08, 2024",5046699,1,0.049214629856,False,04082024: 1,1,0,0,0,0,0,0,0,0,0,0,0,0,0.000021902926
04112024,04/11/2024,"April 11, 2024",751399,1,0.007485771075,False,04112024: 1,1,0,0,0,0,0,0,0,0,0,0,0,0,0.000021902926
04162024,04/16/2024,"April 16, 2024",6253777,1,0.060622362374,True,04162024: 1; 041620240: 1,1,0,1,0,0,0,0,0,0,0,0,0,0,0.000021902926
04212024,04/21/2024,"April 21, 2024",7308122,1,0.070474613997,False,04212024: 1,1,0,0,0,0,0,0,0,0,0,0,0,0,0.000021902926
04252024,04/25/2024,"April 25, 2024",1535338,1,0.015236058818,False,04252024: 1,1,0,0,0,0,0,0,0,0,0,0,0,0,0.000021902926
05022024,05/02/2024,"May 02, 2024",3078066,1,0.030311700947,False,05022024: 1,1,0,0,0,0,0,0,0,0,0,0,0,0,0.000021902926
05252024,05/25/2024,"May 25, 2024",7751457,1,0.074586404171,False,05252024: 1,1,0,0,0,0,0,0,0,0,0,0,0,0,0.000021902926
06042024,06/04/2024,"June 04, 2024",4017156,1,0.039375322495,False,06042024: 1,1,0,0,0,0,0,0,0,0,0,0,0,0,0.000021902926
06102024,06/10/2024,"June 10, 2024",7706547,1,0.074170707583,False,06102024: 1,1,0,0,0,0,0,0,0,0,0,0,0,0,0.000021902926
06212024,06/21/2024,"June 21, 2024",8363816,1,0.080235942288,False,06212024: 1,1,0,0,0,0,0,0,0,0,0,0,0,0,0.000021902926
07262024,07/26/2024,"July 26, 2024",8856288,1,0.084754387612,False,07262024: 1,1,0,0,0,0,0,0,0,0,0,0,0,0,0.000021902926
08052024,08/05/2024,"August 05, 2024",9025072,1,0.086297872837,False,08052024: 1,1,0,0,0,0,0,0,0,0,0,0,0,0,0.000021902926
08282024,08/28/2024,"August 28, 2024",1640302,1,0.016269164162,False,08282024: 1,1,0,0,0,0,0,0,0,0,0,0,0,0,0.000021902926
08312024,08/31/2024,"August 31, 2024",8672019,1,0.083066318841,False,08312024: 1,1,0,0,0,0,0,0,0,0,0,0,0,0,0.000021902926
09022024,09/02/2024,"September 02, 2024",5487955,1,0.053400784769,False,09022024: 1,1,0,0,0,0,0,0,0,0,0,0,0,0,0.000021902926
09032024,09/03/2024,"September 03, 2024",9786109,1,0.093225091382,False,09032024: 1,1,0,0,0,0,0,0,0,0,0,0,0,0,0.000021902926
09062024,09/06/2024,"September 06, 2024",3856809,1,0.037833754028,False,09062024: 1,1,0,0,0,0,0,0,0,0,0,0,0,0,0.000021902926
10012024,10/01/2024,"October 01, 2024",4460080,1,0.043620750833,False,10012024: 1,1,0,0,0,0,0,0,0,0,0,0,0,0,0.000021902926
10082024,10/08/2024,"October 08, 2024",7172865,1,0.069216515192,False,10082024: 1,1,0,0,0,0,0,0,0,0,0,0,0,0,0.000021902926
10172024,10/17/2024,"October 17, 2024",9512017,1,0.090736284623,False,10172024: 1,1,0,0,0,0,0,0,0,0,0,0,0,0,0.000021902926
10242024,10/24/2024,"October 24, 2024",9574144,1,0.091301007456,False,10242024: 1,1,0,0,0,0,0,0,0,0,0,0,0,0,0.000021902926
11092024,11/09/2024,"November 09, 2024",5762857,1,0.055999431467,False,11092024: 1,1,0,0,0,0,0,0,0,0,0,0,0,0,0.000021902926
12132024,12/13/2024,"December 13, 2024",5760916,2,0.055981108238,True,12132024: 2,2,1,0,0,0,0,0,0,0,0,0,0,0,0.000021902926
12202024,12/20/2024,"December 20, 2024",7164567,1,0.069139275573,True,12202024: 1; 122020240: 1,1,0,1,0,0,0,0,0,0,0,0,0,0,0.000021902926
