e_digits_Birthday (MMDDYYYY),e_digits_Birthday (MM/DD/YYYY),"e_digits_Birthday (Month Day, Year)",e_digits_FirstIdx,e_digits_Count,e_digits_Odds (by position)
01061900,01/06/1900,"January 06, 1900",0,2,0.000000010000
01101900,01/10/1900,"January 10, 1900",43,2,0.000000440000
01201900,01/20/1900,"January 20, 1900",86,2,0.000000870000
01301900,01/30/1900,"January 30, 1900",129,2,0.000001299999
01311900,01/31/1900,"January 31, 1900",172,2,0.000001729999
02021900,02/02/1900,"February 02, 1900",215,2,0.000002159998
02081900,02/08/1900,"February 08, 1900",258,2,0.000002589997
02141900,02/14/1900,"February 14, 1900",301,2,0.000003019995
03011900,03/01/1900,"March 01, 1900",344,2,0.000003449994
03151900,03/15/1900,"March 15, 1900",387,2,0.000003879993
04011900,04/01/1900,"April 01, 1900",430,2,0.000004309991
04101900,04/10/1900,"April 10, 1900",472,2,0.000004729989
04281900,04/28/1900,"April 28, 1900",515,2,0.000005159987
05271900,05/27/1900,"May 27, 1900",558,2,0.000005589984
05311900,05/31/1900,"May 31, 1900",601,2,0.000006019982
06081900,06/08/1900,"June 08, 1900",644,2,0.000006449979
06131900,06/13/1900,"June 13, 1900",687,2,0.000006879976
06151900,06/15/1900,"June 15, 1900",730,2,0.000007309973
06171900,06/17/1900,"June 17, 1900",773,2,0.000007739970
07041900,07/04/1900,"July 04, 1900",816,2,0.000008169967
07081900,07/08/1900,"July 08, 1900",859,2,0.000008599963
07131900,07/13/1900,"July 13, 1900",902,2,0.000009029959
07161900,07/16/1900,"July 16, 1900",944,2,0.000009449955
07221900,07/22/1900,"July 22, 1900",987,2,0.000009879951
07261900,07/26/1900,"July 26, 1900",1030,2,0.000010309947
07301900,07/30/1900,"July 30, 1900",1071,2,0.000010719943
08101900,08/10/1900,"August 10, 1900",1112,2,0.000011129938
08131900,08/13/1900,"August 13, 1900",1154,2,0.000011549933
08181900,08/18/1900,"August 18, 1900",1197,2,0.000011979928
08221900,08/22/1900,"August 22, 1900",1240,2,0.000012409923
08251900,08/25/1900,"August 25, 1900",1283,2,0.000012839918
09071900,09/07/1900,"September 07, 1900",1325,2,0.000013259912
09161900,09/16/1900,"September 16, 1900",1368,2,0.000013689906
09261900,09/26/1900,"September 26, 1900",1411,2,0.000014119900
10271900,10/27/1900,"October 27, 1900",1454,2,0.000014549894
11091900,11/09/1900,"November 09, 1900",1497,2,0.000014979888
11111900,11/11/1900,"November 11, 1900",1540,2,0.000015409881
11161900,11/16/1900,"November 16, 1900",1583,2,0.000015839875
11241900,11/24/1900,"November 24, 1900",1626,2,0.000016269868
11301900,11/30/1900,"November 30, 1900",1669,2,0.000016699861
12131900,12/13/1900,"December 13, 1900",1712,2,0.000017129853
12151900,12/15/1900,"December 15, 1900",1755,2,0.000017559846
12221900,12/22/1900,"December 22, 1900",1798,2,0.000017989838
01041901,01/04/1901,"January 04, 1901",2027,1,0.000020279795
01061901,01/06/1901,"January 06, 1901",2070,3,0.000020709786
01071901,01/07/1901,"January 07, 1901",2328,2,0.000023289729
01091901,01/09/1901,"January 09, 1901",2712,2,0.000027129632
01101901,01/10/1901,"January 10, 1901",1841,4,0.000018419831
01111901,01/11/1901,"January 11, 1901",2499,2,0.000024999688
01121901,01/12/1901,"January 12, 1901",2755,1,0.000027559621
01141901,01/14/1901,"January 14, 1901",1884,6,0.000018849823
01151901,01/15/1901,"January 15, 1901",2371,3,0.000023719719
01161901,01/16/1901,"January 16, 1901",3228,1,0.000032289479
01181901,01/18/1901,"January 18, 1901",2798,2,0.000027989609
01191901,01/19/1901,"January 19, 1901",1927,5,0.000019279814
01201901,01/20/1901,"January 20, 1901",2113,2,0.000021139777
01211901,01/21/1901,"January 21, 1901",2540,1,0.000025409677
01231901,01/23/1901,"January 23, 1901",1970,3,0.000019709806
01251901,01/25/1901,"January 25, 1901",2626,2,0.000026269655
01261901,01/26/1901,"January 26, 1901",2156,2,0.000021569768
01271901,01/27/1901,"January 27, 1901",2242,3,0.000022429749
02041901,02/04/1901,"February 04, 1901",2013,2,0.000020139797
02061901,02/06/1901,"February 06, 1901",2056,2,0.000020569789
02191901,02/19/1901,"February 19, 1901",27987,1,0.000279840840
02201901,02/20/1901,"February 20, 1901",2099,2,0.000020999780
02261901,02/26/1901,"February 26, 1901",2142,2,0.000021429771
03141901,03/14/1901,"March 14, 1901",2185,2,0.000021859761
03271901,03/27/1901,"March 27, 1901",2228,2,0.000022289752
04061901,04/06/1901,"April 06, 1901",2271,2,0.000022719742
04071901,04/07/1901,"April 07, 1901",2314,2,0.000023149732
04151901,04/15/1901,"April 15, 1901",2357,2,0.000023579722
04201901,04/20/1901,"April 20, 1901",176028,1,0.001758741616
05101901,05/10/1901,"May 10, 1901",2400,2,0.000024009712
05191901,05/19/1901,"May 19, 1901",28030,1,0.000280270720
05271901,05/27/1901,"May 27, 1901",2443,2,0.000024439702
06111901,06/11/1901,"June 11, 1901",2485,2,0.000024859691
06211901,06/21/1901,"June 21, 1901",2526,2,0.000025269681
07141901,07/14/1901,"July 14, 1901",2569,2,0.000025699670
07251901,07/25/1901,"July 25, 1901",2612,2,0.000026129659
09061901,09/06/1901,"September 06, 1901",2655,2,0.000026559648
09091901,09/09/1901,"September 09, 1901",2698,2,0.000026989636
09121901,09/12/1901,"September 12, 1901",2741,2,0.000027419624
09181901,09/18/1901,"September 18, 1901",2784,2,0.000027849612
09261901,09/26/1901,"September 26, 1901",2827,2,0.000028279600
11091901,11/09/1901,"November 09, 1901",2870,2,0.000028709588
11151901,11/15/1901,"November 15, 1901",2913,2,0.000029139576
11251901,11/25/1901,"November 25, 1901",2956,2,0.000029569563
11271901,11/27/1901,"November 27, 1901",2999,3,0.000029999550
12071901,12/07/1901,"December 07, 1901",3042,2,0.000030429537
12111901,12/11/1901,"December 11, 1901",3085,2,0.000030859524
12141901,12/14/1901,"December 14, 1901",3128,2,0.000031289511
12151901,12/15/1901,"December 15, 1901",3171,2,0.000031719497
12161901,12/16/1901,"December 16, 1901",3214,2,0.000032149484
12181901,12/18/1901,"December 18, 1901",3257,2,0.000032579470
01021902,01/02/1902,"January 02, 1902",3299,2,0.000032999456
01061902,01/06/1902,"January 06, 1902",3342,2,0.000033429442
01261902,01/26/1902,"January 26, 1902",3385,2,0.000033859427
01271902,01/27/1902,"January 27, 1902",3428,2,0.000034289412
01281902,01/28/1902,"January 28, 1902",3471,2,0.000034719398
02021902,02/02/1902,"February 02, 1902",3313,1,0.000033139451
02031902,02/03/1902,"February 03, 1902",3829,2,0.000038299267
02051902,02/05/1902,"February 05, 1902",3514,5,0.000035149383
02061902,02/06/1902,"February 06, 1902",3356,3,0.000033569437
02081902,02/08/1902,"February 08, 1902",4172,1,0.000041729130
02101902,02/10/1902,"February 10, 1902",3557,5,0.000035579367
02121902,02/12/1902,"February 12, 1902",3957,3,0.000039579217
02141902,02/14/1902,"February 14, 1902",4602,1,0.000046028941
02161902,02/16/1902,"February 16, 1902",3743,1,0.000037439300
02171902,02/17/1902,"February 17, 1902",4086,1,0.000040869165
02181902,02/18/1902,"February 18, 1902",4215,1,0.000042159112
02191902,02/19/1902,"February 19, 1902",27995,1,0.000279920818
02201902,02/20/1902,"February 20, 1902",4301,3,0.000043019075
02211902,02/21/1902,"February 21, 1902",4129,1,0.000041299148
02231902,02/23/1902,"February 23, 1902",3600,4,0.000036009352
02241902,02/24/1902,"February 24, 1902",4430,1,0.000044309019
02251902,02/25/1902,"February 25, 1902",4731,1,0.000047318881
02261902,02/26/1902,"February 26, 1902",3399,1,0.000033999422
02271902,02/27/1902,"February 27, 1902",3442,1,0.000034429408
02281902,02/28/1902,"February 28, 1902",3485,5,0.000034859393
03281902,03/28/1902,"March 28, 1902",3686,2,0.000036869321
04161902,04/16/1902,"April 16, 1902",3729,2,0.000037299305
04301902,04/30/1902,"April 30, 1902",3772,2,0.000037729289
05031902,05/03/1902,"May 03, 1902",3815,2,0.000038159272
05051902,05/05/1902,"May 05, 1902",3858,2,0.000038589256
05061902,05/06/1902,"May 06, 1902",3901,2,0.000039019239
05121902,05/12/1902,"May 12, 1902",3943,2,0.000039439223
05301902,05/30/1902,"May 30, 1902",3986,2,0.000039869206
06031902,06/03/1902,"June 03, 1902",4029,2,0.000040299188
06171902,06/17/1902,"June 17, 1902",4072,2,0.000040729171
06201902,06/20/1902,"June 20, 1902",176114,1,0.001759600103
06211902,06/21/1902,"June 21, 1902",4115,2,0.000041159153
07081902,07/08/1902,"July 08, 1902",4158,2,0.000041589136
07181902,07/18/1902,"July 18, 1902",4201,2,0.000042019118
08101902,08/10/1902,"August 10, 1902",4244,2,0.000042449099
08201902,08/20/1902,"August 20, 1902",4287,2,0.000042879081
09101902,09/10/1902,"September 10, 1902",4330,2,0.000043309063
09121902,09/12/1902,"September 12, 1902",4373,2,0.000043739044
09241902,09/24/1902,"September 24, 1902",4416,2,0.000044169025
10061902,10/06/1902,"October 06, 1902",4459,2,0.000044599006
11051902,11/05/1902,"November 05, 1902",4502,2,0.000045028987
11121902,11/12/1902,"November 12, 1902",4545,2,0.000045458967
11141902,11/14/1902,"November 14, 1902",4588,2,0.000045888948
11201902,11/20/1902,"November 20, 1902",4631,2,0.000046318928
12231902,12/23/1902,"December 23, 1902",4674,2,0.000046748908
12251902,12/25/1902,"December 25, 1902",4717,2,0.000047178888
12291902,12/29/1902,"December 29, 1902",4760,2,0.000047608867
12311902,12/31/1902,"December 31, 1902",4803,2,0.000048038847
01071903,01/07/1903,"January 07, 1903",4846,2,0.000048468826
01091903,01/09/1903,"January 09, 1903",110235,1,0.001101752635
01181903,01/18/1903,"January 18, 1903",4889,2,0.000048898805
01291903,01/29/1903,"January 29, 1903",4932,2,0.000049328784
02151903,02/15/1903,"February 15, 1903",4974,2,0.000049748763
02211903,02/21/1903,"February 21, 1903",5017,2,0.000050178742
02271903,02/27/1903,"February 27, 1903",5060,2,0.000050608720
02281903,02/28/1903,"February 28, 1903",5103,2,0.000051038698
03021903,03/02/1903,"March 02, 1903",5717,1,0.000057178366
03031903,03/03/1903,"March 03, 1903",5145,3,0.000051458676
03041903,03/04/1903,"March 04, 1903",5287,2,0.000052878602
03051903,03/05/1903,"March 05, 1903",5932,1,0.000059328241
03071903,03/07/1903,"March 07, 1903",4860,1,0.000048608819
03081903,03/08/1903,"March 08, 1903",5975,1,0.000059758215
03101903,03/10/1903,"March 10, 1903",6276,1,0.000062768031
03111903,03/11/1903,"March 11, 1903",5588,3,0.000055888439
03121903,03/12/1903,"March 12, 1903",5846,1,0.000058468291
03131903,03/13/1903,"March 13, 1903",5188,4,0.000051888654
03151903,03/15/1903,"March 15, 1903",4988,2,0.000049888756
03161903,03/16/1903,"March 16, 1903",6104,1,0.000061048137
03181903,03/18/1903,"March 18, 1903",4903,1,0.000049038798
03191903,03/19/1903,"March 19, 1903",5330,2,0.000053308580
03201903,03/20/1903,"March 20, 1903",6147,2,0.000061478111
03211903,03/21/1903,"March 21, 1903",5031,1,0.000050318734
03231903,03/23/1903,"March 23, 1903",5373,2,0.000053738557
03241903,03/24/1903,"March 24, 1903",5416,1,0.000054168533
03251903,03/25/1903,"March 25, 1903",5502,2,0.000055028486
03261903,03/26/1903,"March 26, 1903",5230,3,0.000052308632
03271903,03/27/1903,"March 27, 1903",5074,4,0.000050748713
03281903,03/28/1903,"March 28, 1903",5117,2,0.000051178691
03291903,03/29/1903,"March 29, 1903",4946,1,0.000049468777
03301903,03/30/1903,"March 30, 1903",5803,1,0.000058038316
03311903,03/31/1903,"March 31, 1903",6404,1,0.000064047949
04041903,04/04/1903,"April 04, 1903",5273,2,0.000052738610
04191903,04/19/1903,"April 19, 1903",5316,2,0.000053168587
04231903,04/23/1903,"April 23, 1903",5359,2,0.000053598564
04241903,04/24/1903,"April 24, 1903",5402,2,0.000054028541
04271903,04/27/1903,"April 27, 1903",5445,2,0.000054458518
05251903,05/25/1903,"May 25, 1903",5488,2,0.000054888494
05281903,05/28/1903,"May 28, 1903",5531,2,0.000055318470
06111903,06/11/1903,"June 11, 1903",5574,2,0.000055748447
06191903,06/19/1903,"June 19, 1903",28243,1,0.000282400120
06251903,06/25/1903,"June 25, 1903",5617,2,0.000056178422
06271903,06/27/1903,"June 27, 1903",5660,2,0.000056608398
07021903,07/02/1903,"July 02, 1903",5703,2,0.000057038374
07111903,07/11/1903,"July 11, 1903",5746,2,0.000057468349
07301903,07/30/1903,"July 30, 1903",5789,2,0.000057898324
08121903,08/12/1903,"August 12, 1903",5832,2,0.000058328299
08271903,08/27/1903,"August 27, 1903",5875,2,0.000058758274
09051903,09/05/1903,"September 05, 1903",5918,2,0.000059188249
09081903,09/08/1903,"September 08, 1903",5961,2,0.000059618223
09151903,09/15/1903,"September 15, 1903",6004,2,0.000060048198
10011903,10/01/1903,"October 01, 1903",173997,1,0.001738467130
10111903,10/11/1903,"October 11, 1903",6047,2,0.000060478172
10161903,10/16/1903,"October 16, 1903",6090,2,0.000060908146
10201903,10/20/1903,"October 20, 1903",6133,2,0.000061338119
10231903,10/23/1903,"October 23, 1903",6176,2,0.000061768093
12041903,12/04/1903,"December 04, 1903",6219,2,0.000062198066
12101903,12/10/1903,"December 10, 1903",6262,2,0.000062628039
12131903,12/13/1903,"December 13, 1903",6305,2,0.000063058012
12191903,12/19/1903,"December 19, 1903",6347,2,0.000063477986
12311903,12/31/1903,"December 31, 1903",6390,2,0.000063907958
01051904,01/05/1904,"January 05, 1904",6433,2,0.000064337931
01081904,01/08/1904,"January 08, 1904",6476,2,0.000064767903
01101904,01/10/1904,"January 10, 1904",6519,2,0.000065197875
01181904,01/18/1904,"January 18, 1904",6562,2,0.000065627847
01211904,01/21/1904,"January 21, 1904",6605,2,0.000066057819
01311904,01/31/1904,"January 31, 1904",6648,2,0.000066487790
02251904,02/25/1904,"February 25, 1904",6690,2,0.000066907762
03111904,03/11/1904,"March 11, 1904",6733,2,0.000067337733
03181904,03/18/1904,"March 18, 1904",6776,2,0.000067767704
04011904,04/01/1904,"April 01, 1904",6819,5,0.000068197675
04021904,04/02/1904,"April 02, 1904",7477,1,0.000074777205
04051904,04/05/1904,"April 05, 1904",6447,1,0.000064477922
04061904,04/06/1904,"April 06, 1904",7305,1,0.000073057332
04081904,04/08/1904,"April 08, 1904",6490,2,0.000064907894
04101904,04/10/1904,"April 10, 1904",6533,5,0.000065337866
04111904,04/11/1904,"April 11, 1904",6747,1,0.000067477724
04121904,04/12/1904,"April 12, 1904",6905,4,0.000069057616
04151904,04/15/1904,"April 15, 1904",7177,1,0.000071777425
04161904,04/16/1904,"April 16, 1904",7734,1,0.000077347009
04171904,04/17/1904,"April 17, 1904",7220,1,0.000072207394
04181904,04/18/1904,"April 18, 1904",6576,5,0.000065767838
04191904,04/19/1904,"April 19, 1904",6991,6,0.000069917556
04201904,04/20/1904,"April 20, 1904",7391,3,0.000073917269
04211904,04/21/1904,"April 21, 1904",6619,6,0.000066197809
04221904,04/22/1904,"April 22, 1904",7263,1,0.000072637363
04231904,04/23/1904,"April 23, 1904",8077,1,0.000080776738
04251904,04/25/1904,"April 25, 1904",6704,1,0.000067047753
04271904,04/27/1904,"April 27, 1904",7992,1,0.000079926806
04281904,04/28/1904,"April 28, 1904",7077,4,0.000070777496
04291904,04/29/1904,"April 29, 1904",7120,5,0.000071207465
04301904,04/30/1904,"April 30, 1904",7563,1,0.000075637140
05151904,05/15/1904,"May 15, 1904",7163,2,0.000071637435
05171904,05/17/1904,"May 17, 1904",7206,2,0.000072067404
05221904,05/22/1904,"May 22, 1904",7249,2,0.000072497373
06061904,06/06/1904,"June 06, 1904",7291,2,0.000072917342
06081904,06/08/1904,"June 08, 1904",7334,2,0.000073347311
06201904,06/20/1904,"June 20, 1904",7377,2,0.000073777279
07011904,07/01/1904,"July 01, 1904",7420,2,0.000074207247
07021904,07/02/1904,"July 02, 1904",7463,2,0.000074637215
07201904,07/20/1904,"July 20, 1904",176286,1,0.001761317075
07291904,07/29/1904,"July 29, 1904",7506,2,0.000075067183
07301904,07/30/1904,"July 30, 1904",7549,2,0.000075497151
08201904,08/20/1904,"August 20, 1904",7592,2,0.000075927118
08291904,08/29/1904,"August 29, 1904",7635,2,0.000076357085
09121904,09/12/1904,"September 12, 1904",7677,2,0.000076777053
09161904,09/16/1904,"September 16, 1904",7720,2,0.000077207020
09211904,09/21/1904,"September 21, 1904",7763,2,0.000077636987
09281904,09/28/1904,"September 28, 1904",7806,2,0.000078066953
10191904,10/19/1904,"October 19, 1904",7849,2,0.000078496920
11011904,11/01/1904,"November 01, 1904",7892,2,0.000078926886
11101904,11/10/1904,"November 10, 1904",7935,2,0.000079356852
11271904,11/27/1904,"November 27, 1904",7978,2,0.000079786818
12191904,12/19/1904,"December 19, 1904",28372,1,0.000283689755
12211904,12/21/1904,"December 21, 1904",8021,2,0.000080216783
12231904,12/23/1904,"December 23, 1904",8063,2,0.000080636749
02081905,02/08/1905,"February 08, 1905",8106,2,0.000081066715
02261905,02/26/1905,"February 26, 1905",8149,2,0.000081496680
03051905,03/05/1905,"March 05, 1905",8192,2,0.000081926645
03131905,03/13/1905,"March 13, 1905",8235,2,0.000082356609
03141905,03/14/1905,"March 14, 1905",8277,2,0.000082776575
03261905,03/26/1905,"March 26, 1905",8320,2,0.000083206539
03291905,03/29/1905,"March 29, 1905",8363,2,0.000083636503
04201905,04/20/1905,"April 20, 1905",8406,2,0.000084066467
04221905,04/22/1905,"April 22, 1905",8449,2,0.000084496431
05021905,05/02/1905,"May 02, 1905",8492,3,0.000084926394
05051905,05/05/1905,"May 05, 1905",8206,1,0.000082066633
05081905,05/08/1905,"May 08, 1905",8120,1,0.000081206703
05121905,05/12/1905,"May 12, 1905",8635,1,0.000086356272
05131905,05/13/1905,"May 13, 1905",8249,2,0.000082496598
05141905,05/14/1905,"May 14, 1905",8291,1,0.000082916563
05161905,05/16/1905,"May 16, 1905",8934,1,0.000089346009
05171905,05/17/1905,"May 17, 1905",9063,1,0.000090635893
05191905,05/19/1905,"May 19, 1905",28038,3,0.000280350697
05201905,05/20/1905,"May 20, 1905",8420,5,0.000084206455
05211905,05/21/1905,"May 21, 1905",8977,1,0.000089775971
05221905,05/22/1905,"May 22, 1905",8463,1,0.000084636419
05241905,05/24/1905,"May 24, 1905",9147,1,0.000091475817
05261905,05/26/1905,"May 26, 1905",8163,5,0.000081636668
05281905,05/28/1905,"May 28, 1905",8549,2,0.000085496346
05291905,05/29/1905,"May 29, 1905",8377,2,0.000083776491
05301905,05/30/1905,"May 30, 1905",8592,1,0.000085926309
05311905,05/31/1905,"May 31, 1905",9020,1,0.000090205932
06281905,06/28/1905,"June 28, 1905",8535,2,0.000085356358
06301905,06/30/1905,"June 30, 1905",8578,2,0.000085786321
07121905,07/12/1905,"July 12, 1905",8621,2,0.000086216284
07201905,07/20/1905,"July 20, 1905",8664,2,0.000086646247
07261905,07/26/1905,"July 26, 1905",8707,2,0.000087076210
08201905,08/20/1905,"August 20, 1905",8750,3,0.000087506172
08281905,08/28/1905,"August 28, 1905",8793,2,0.000087936134
08291905,08/29/1905,"August 29, 1905",8836,2,0.000088366096
09131905,09/13/1905,"September 13, 1905",8877,2,0.000088776060
10071905,10/07/1905,"October 07, 1905",61624,1,0.000616060163
10161905,10/16/1905,"October 16, 1905",8920,2,0.000089206022
10211905,10/21/1905,"October 21, 1905",8963,2,0.000089635983
10311905,10/31/1905,"October 31, 1905",9006,2,0.000090065945
11171905,11/17/1905,"November 17, 1905",9049,2,0.000090495906
11201905,11/20/1905,"November 20, 1905",9092,2,0.000090925867
11241905,11/24/1905,"November 24, 1905",9133,2,0.000091335830
11261905,11/26/1905,"November 26, 1905",9176,2,0.000091765790
12261905,12/26/1905,"December 26, 1905",9219,2,0.000092195751
01011906,01/01/1906,"January 01, 1906",9262,2,0.000092625711
01061906,01/06/1906,"January 06, 1906",9305,2,0.000093055671
01091906,01/09/1906,"January 09, 1906",9348,2,0.000093485631
01241906,01/24/1906,"January 24, 1906",9390,2,0.000093905592
01271906,01/27/1906,"January 27, 1906",9433,2,0.000094335551
02041906,02/04/1906,"February 04, 1906",9476,2,0.000094765510
02061906,02/06/1906,"February 06, 1906",9519,2,0.000095195470
02141906,02/14/1906,"February 14, 1906",9562,2,0.000095625429
02181906,02/18/1906,"February 18, 1906",9605,2,0.000096055387
02261906,02/26/1906,"February 26, 1906",9648,2,0.000096485346
03171906,03/17/1906,"March 17, 1906",9691,2,0.000096915304
03181906,03/18/1906,"March 18, 1906",9734,2,0.000097345263
04131906,04/13/1906,"April 13, 1906",9777,2,0.000097775221
04191906,04/19/1906,"April 19, 1906",28715,1,0.000287118776
04301906,04/30/1906,"April 30, 1906",9820,2,0.000098205179
05191906,05/19/1906,"May 19, 1906",28758,1,0.000287548653
06011906,06/01/1906,"June 01, 1906",9276,1,0.000092765698
06031906,06/03/1906,"June 03, 1906",10436,1,0.000104364555
06041906,06/04/1906,"June 04, 1906",9490,1,0.000094905497
06051906,06/05/1906,"June 05, 1906",10264,1,0.000102644733
06061906,06/06/1906,"June 06, 1906",9319,3,0.000093195658
06071906,06/07/1906,"June 07, 1906",10307,1,0.000103074688
06081906,06/08/1906,"June 08, 1906",10350,1,0.000103504644
06091906,06/09/1906,"June 09, 1906",9362,1,0.000093625618
06111906,06/11/1906,"June 11, 1906",9963,1,0.000099635037
06131906,06/13/1906,"June 13, 1906",9791,2,0.000097915207
06141906,06/14/1906,"June 14, 1906",9576,2,0.000095765415
06171906,06/17/1906,"June 17, 1906",9705,1,0.000097055291
06181906,06/18/1906,"June 18, 1906",9619,3,0.000096195374
06191906,06/19/1906,"June 19, 1906",10135,3,0.000101354864
06201906,06/20/1906,"June 20, 1906",10479,3,0.000104794510
06231906,06/23/1906,"June 23, 1906",10393,1,0.000103934599
06241906,06/24/1906,"June 24, 1906",9404,1,0.000094045578
06261906,06/26/1906,"June 26, 1906",9662,1,0.000096625332
06271906,06/27/1906,"June 27, 1906",9447,1,0.000094475538
06281906,06/28/1906,"June 28, 1906",9863,3,0.000098635136
06301906,06/30/1906,"June 30, 1906",9834,5,0.000098345165
07111906,07/11/1906,"July 11, 1906",9949,2,0.000099495051
08201906,08/20/1906,"August 20, 1906",176501,1,0.001763463286
09061906,09/06/1906,"September 06, 1906",9992,2,0.000099925008
09131906,09/13/1906,"September 13, 1906",10035,2,0.000100354965
09181906,09/18/1906,"September 18, 1906",10078,2,0.000100784922
09191906,09/19/1906,"September 19, 1906",10121,2,0.000101214878
10141906,10/14/1906,"October 14, 1906",10164,2,0.000101644835
10301906,10/30/1906,"October 30, 1906",10207,2,0.000102074791
11051906,11/05/1906,"November 05, 1906",10250,2,0.000102504747
11071906,11/07/1906,"November 07, 1906",10293,2,0.000102934703
11081906,11/08/1906,"November 08, 1906",10336,2,0.000103364659
11231906,11/23/1906,"November 23, 1906",10379,2,0.000103794614
12031906,12/03/1906,"December 03, 1906",10422,2,0.000104224569
12201906,12/20/1906,"December 20, 1906",10465,2,0.000104654524
01101907,01/10/1907,"January 10, 1907",10508,2,0.000105084479
01201907,01/20/1907,"January 20, 1907",10551,2,0.000105514434
02081907,02/08/1907,"February 08, 1907",10594,2,0.000105944389
03201907,03/20/1907,"March 20, 1907",176673,1,0.001765180251
03281907,03/28/1907,"March 28, 1907",10637,2,0.000106374343
04191907,04/19/1907,"April 19, 1907",28973,1,0.000289698032
04291907,04/29/1907,"April 29, 1907",10680,2,0.000106804297
05291907,05/29/1907,"May 29, 1907",10723,2,0.000107234251
05301907,05/30/1907,"May 30, 1907",10766,2,0.000107664205
06301907,06/30/1907,"June 30, 1907",10809,2,0.000108094158
07011907,07/01/1907,"July 01, 1907",10851,3,0.000108514113
07031907,07/03/1907,"July 03, 1907",11208,1,0.000112083719
07041907,07/04/1907,"July 04, 1907",11037,1,0.000110373909
07061907,07/06/1907,"July 06, 1907",10894,3,0.000108944066
07071907,07/07/1907,"July 07, 1907",10937,3,0.000109374019
07081907,07/08/1907,"July 08, 1907",10608,2,0.000106084374
07091907,07/09/1907,"July 09, 1907",11251,1,0.000112513671
07101907,07/10/1907,"July 10, 1907",10522,1,0.000105224465
07111907,07/11/1907,"July 11, 1907",10980,4,0.000109803972
07131907,07/13/1907,"July 13, 1907",11507,1,0.000115073380
07151907,07/15/1907,"July 15, 1907",11080,1,0.000110803862
07161907,07/16/1907,"July 16, 1907",11593,1,0.000115933280
07171907,07/17/1907,"July 17, 1907",11123,1,0.000111233814
07181907,07/18/1907,"July 18, 1907",11166,1,0.000111663766
07191907,07/19/1907,"July 19, 1907",29367,1,0.000293636883
07201907,07/20/1907,"July 20, 1907",10565,3,0.000105654419
07211907,07/21/1907,"July 21, 1907",11337,1,0.000113373574
07241907,07/24/1907,"July 24, 1907",11380,1,0.000113803525
07271907,07/27/1907,"July 27, 1907",11636,1,0.000116363230
07281907,07/28/1907,"July 28, 1907",10651,1,0.000106514328
07291907,07/29/1907,"July 29, 1907",10694,4,0.000106944282
07301907,07/30/1907,"July 30, 1907",10780,2,0.000107804190
07311907,07/31/1907,"July 31, 1907",11421,1,0.000114213478
08041907,08/04/1907,"August 04, 1907",11023,2,0.000110233925
08151907,08/15/1907,"August 15, 1907",11066,2,0.000110663877
08171907,08/17/1907,"August 17, 1907",11109,2,0.000111093830
08181907,08/18/1907,"August 18, 1907",11152,2,0.000111523782
09031907,09/03/1907,"September 03, 1907",11194,2,0.000111943735
09091907,09/09/1907,"September 09, 1907",11237,2,0.000112373687
09111907,09/11/1907,"September 11, 1907",11280,2,0.000112803638
09211907,09/21/1907,"September 21, 1907",11323,2,0.000113233590
10201907,10/20/1907,"October 20, 1907",176716,1,0.001765609492
10241907,10/24/1907,"October 24, 1907",11366,2,0.000113663541
10311907,10/31/1907,"October 31, 1907",11407,2,0.000114073494
11081907,11/08/1907,"November 08, 1907",11450,2,0.000114503445
11131907,11/13/1907,"November 13, 1907",11493,2,0.000114933396
11291907,11/29/1907,"November 29, 1907",11536,2,0.000115363346
12161907,12/16/1907,"December 16, 1907",11579,2,0.000115793297
12271907,12/27/1907,"December 27, 1907",11622,2,0.000116223247
12291907,12/29/1907,"December 29, 1907",11665,2,0.000116653197
01081908,01/08/1908,"January 08, 1908",24809,1,0.000248069228
01111908,01/11/1908,"January 11, 1908",11708,2,0.000117083146
01131908,01/13/1908,"January 13, 1908",11751,2,0.000117513096
01151908,01/15/1908,"January 15, 1908",11794,2,0.000117943045
01191908,01/19/1908,"January 19, 1908",11837,2,0.000118372995
01201908,01/20/1908,"January 20, 1908",176845,1,0.001766897214
03071908,03/07/1908,"March 07, 1908",11880,2,0.000118802944
03161908,03/16/1908,"March 16, 1908",11923,2,0.000119232892
03231908,03/23/1908,"March 23, 1908",11966,2,0.000119662841
03241908,03/24/1908,"March 24, 1908",12009,2,0.000120092789
04261908,04/26/1908,"April 26, 1908",12052,2,0.000120522738
04271908,04/27/1908,"April 27, 1908",12095,2,0.000120952686
04281908,04/28/1908,"April 28, 1908",12138,2,0.000121382634
04291908,04/29/1908,"April 29, 1908",12180,2,0.000121802583
05091908,05/09/1908,"May 09, 1908",12223,2,0.000122232530
05121908,05/12/1908,"May 12, 1908",12266,2,0.000122662478
05251908,05/25/1908,"May 25, 1908",12309,2,0.000123092425
06121908,06/12/1908,"June 12, 1908",12352,2,0.000123522372
06251908,06/25/1908,"June 25, 1908",12395,2,0.000123952319
07021908,07/02/1908,"July 02, 1908",12438,2,0.000124382265
07041908,07/04/1908,"July 04, 1908",12481,2,0.000124812212
07291908,07/29/1908,"July 29, 1908",12524,2,0.000125242158
08021908,08/02/1908,"August 02, 1908",12452,1,0.000124522248
08041908,08/04/1908,"August 04, 1908",12495,1,0.000124952194
08051908,08/05/1908,"August 05, 1908",12796,1,0.000127961813
08061908,08/06/1908,"August 06, 1908",12710,2,0.000127101923
08071908,08/07/1908,"August 07, 1908",11894,1,0.000118942927
08091908,08/09/1908,"August 09, 1908",12237,1,0.000122372513
08101908,08/10/1908,"August 10, 1908",12624,1,0.000126242032
08111908,08/11/1908,"August 11, 1908",11722,1,0.000117223130
08121908,08/12/1908,"August 12, 1908",12280,3,0.000122802460
08131908,08/13/1908,"August 13, 1908",11765,1,0.000117653080
08151908,08/15/1908,"August 15, 1908",11808,1,0.000118083029
08161908,08/16/1908,"August 16, 1908",11937,1,0.000119372876
08171908,08/17/1908,"August 17, 1908",12839,1,0.000128391758
08191908,08/19/1908,"August 19, 1908",11851,5,0.000118512978
08201908,08/20/1908,"August 20, 1908",176337,4,0.001761826177
08211908,08/21/1908,"August 21, 1908",12667,1,0.000126671978
08231908,08/23/1908,"August 23, 1908",11980,1,0.000119802824
08241908,08/24/1908,"August 24, 1908",12023,1,0.000120232773
08251908,08/25/1908,"August 25, 1908",12323,2,0.000123232407
08261908,08/26/1908,"August 26, 1908",12066,1,0.000120662721
08271908,08/27/1908,"August 27, 1908",12109,2,0.000121092669
08281908,08/28/1908,"August 28, 1908",12152,1,0.000121522617
08291908,08/29/1908,"August 29, 1908",12194,2,0.000121942566
09101908,09/10/1908,"September 10, 1908",12610,2,0.000126102050
09211908,09/21/1908,"September 21, 1908",12653,2,0.000126531995
10061908,10/06/1908,"October 06, 1908",12696,3,0.000126961941
10121908,10/12/1908,"October 12, 1908",12739,2,0.000127391886
11051908,11/05/1908,"November 05, 1908",12782,2,0.000127821831
11171908,11/17/1908,"November 17, 1908",12825,2,0.000128251776
11271908,11/27/1908,"November 27, 1908",12867,2,0.000128671722
12061908,12/06/1908,"December 06, 1908",12910,2,0.000129101667
12191908,12/19/1908,"December 19, 1908",29059,1,0.000290557783
01111909,01/11/1909,"January 11, 1909",12952,2,0.000129521613
01291909,01/29/1909,"January 29, 1909",12995,2,0.000129951557
03121909,03/12/1909,"March 12, 1909",13038,2,0.000130381501
03301909,03/30/1909,"March 30, 1909",13081,2,0.000130811445
04261909,04/26/1909,"April 26, 1909",13124,2,0.000131241388
05021909,05/02/1909,"May 02, 1909",13166,2,0.000131661333
05061909,05/06/1909,"May 06, 1909",13209,2,0.000132091277
05091909,05/09/1909,"May 09, 1909",13252,2,0.000132521220
05101909,05/10/1909,"May 10, 1909",13295,2,0.000132951163
05151909,05/15/1909,"May 15, 1909",13338,2,0.000133381105
05191909,05/19/1909,"May 19, 1909",13381,2,0.000133811048
05211909,05/21/1909,"May 21, 1909",13424,2,0.000134240990
05241909,05/24/1909,"May 24, 1909",13467,2,0.000134670932
05251909,05/25/1909,"May 25, 1909",13510,2,0.000135100874
05311909,05/31/1909,"May 31, 1909",13552,2,0.000135520818
06021909,06/02/1909,"June 02, 1909",13595,2,0.000135950759
07171909,07/17/1909,"July 17, 1909",13638,2,0.000136380701
07291909,07/29/1909,"July 29, 1909",13681,2,0.000136810642
08121909,08/12/1909,"August 12, 1909",13722,2,0.000137220586
08301909,08/30/1909,"August 30, 1909",13765,2,0.000137650527
09011909,09/01/1909,"September 01, 1909",13808,4,0.000138080467
09021909,09/02/1909,"September 02, 1909",13180,3,0.000131801315
09041909,09/04/1909,"September 04, 1909",13851,3,0.000138510408
09061909,09/06/1909,"September 06, 1909",13223,2,0.000132231258
09071909,09/07/1909,"September 07, 1909",13893,4,0.000138930350
09091909,09/09/1909,"September 09, 1909",13266,1,0.000132661201
09101909,09/10/1909,"September 10, 1909",13309,1,0.000133091144
09111909,09/11/1909,"September 11, 1909",12966,3,0.000129661595
09121909,09/12/1909,"September 12, 1909",13052,3,0.000130521483
09131909,09/13/1909,"September 13, 1909",14207,1,0.000142069909
09151909,09/15/1909,"September 15, 1909",13352,1,0.000133521087
09161909,09/16/1909,"September 16, 1909",14379,1,0.000143789663
09171909,09/17/1909,"September 17, 1909",13652,1,0.000136520682
09191909,09/19/1909,"September 19, 1909",13395,3,0.000133951029
09201909,09/20/1909,"September 20, 1909",177192,1,0.001770361077
09211909,09/21/1909,"September 21, 1909",13438,1,0.000134380971
09241909,09/24/1909,"September 24, 1909",13481,1,0.000134810914
09251909,09/25/1909,"September 25, 1909",13524,1,0.000135240855
09261909,09/26/1909,"September 26, 1909",13138,2,0.000131381370
09291909,09/29/1909,"September 29, 1909",13009,2,0.000130091539
09301909,09/30/1909,"September 30, 1909",13095,2,0.000130951426
10011909,10/01/1909,"October 01, 1909",13935,2,0.000139350291
10021909,10/02/1909,"October 02, 1909",13978,2,0.000139780231
10111909,10/11/1909,"October 11, 1909",14021,2,0.000140210171
10261909,10/26/1909,"October 26, 1909",14064,2,0.000140640111
11071909,11/07/1909,"November 07, 1909",14107,2,0.000141070050
11121909,11/12/1909,"November 12, 1909",14150,2,0.000141499989
11131909,11/13/1909,"November 13, 1909",14193,2,0.000141929928
11191909,11/19/1909,"November 19, 1909",14236,2,0.000142359867
12061909,12/06/1909,"December 06, 1909",14279,2,0.000142789806
12111909,12/11/1909,"December 11, 1909",14322,2,0.000143219745
12161909,12/16/1909,"December 16, 1909",14365,2,0.000143649683
12191909,12/19/1909,"December 19, 1909",14408,2,0.000144079621
12311909,12/31/1909,"December 31, 1909",14451,2,0.000144509559
01241910,01/24/1910,"January 24, 1910",140471,1,0.001403733857
01251910,01/25/1910,"January 25, 1910",14494,3,0.000144939497
02051910,02/05/1910,"February 05, 1910",14536,2,0.000145359436
02261910,02/26/1910,"February 26, 1910",14579,2,0.000145789373
03011910,03/01/1910,"March 01, 1910",14621,2,0.000146209312
03081910,03/08/1910,"March 08, 1910",14664,2,0.000146639249
04081910,04/08/1910,"April 08, 1910",14705,2,0.000147049189
04151910,04/15/1910,"April 15, 1910",14748,2,0.000147479125
04191910,04/19/1910,"April 19, 1910",14790,2,0.000147899063
04241910,04/24/1910,"April 24, 1910",14833,2,0.000148329000
04301910,04/30/1910,"April 30, 1910",14876,2,0.000148758936
05171910,05/17/1910,"May 17, 1910",14919,2,0.000149188872
05191910,05/19/1910,"May 19, 1910",29273,1,0.000292697159
06091910,06/09/1910,"June 09, 1910",14962,2,0.000149618807
06201910,06/20/1910,"June 20, 1910",177283,1,0.001771269465
06251910,06/25/1910,"June 25, 1910",15005,2,0.000150048743
06271910,06/27/1910,"June 27, 1910",15048,2,0.000150478678
07221910,07/22/1910,"July 22, 1910",15091,2,0.000150908614
07241910,07/24/1910,"July 24, 1910",15134,2,0.000151338549
08081910,08/08/1910,"August 08, 1910",15177,2,0.000151768484
08291910,08/29/1910,"August 29, 1910",15220,2,0.000152198418
09101910,09/10/1910,"September 10, 1910",15263,2,0.000152628353
09111910,09/11/1910,"September 11, 1910",15306,2,0.000153058287
09201910,09/20/1910,"September 20, 1910",177184,1,0.001770281218
09241910,09/24/1910,"September 24, 1910",15349,2,0.000153488221
09271910,09/27/1910,"September 27, 1910",15392,2,0.000153918155
10011910,10/01/1910,"October 01, 1910",14635,2,0.000146349291
10021910,10/02/1910,"October 02, 1910",15621,2,0.000156207800
10051910,10/05/1910,"October 05, 1910",14550,1,0.000145499415
10071910,10/07/1910,"October 07, 1910",15435,4,0.000154348089
10081910,10/08/1910,"October 08, 1910",14678,4,0.000146779228
10091910,10/09/1910,"October 09, 1910",14976,1,0.000149758787
10101910,10/10/1910,"October 10, 1910",15277,1,0.000152768331
10111910,10/11/1910,"October 11, 1910",15320,4,0.000153198265
10151910,10/15/1910,"October 15, 1910",14762,1,0.000147619105
10171910,10/17/1910,"October 17, 1910",14933,1,0.000149328851
10191910,10/19/1910,"October 19, 1910",14804,2,0.000148039043
10201910,10/20/1910,"October 20, 1910",176724,1,0.001765689351
10221910,10/22/1910,"October 22, 1910",15105,1,0.000151048593
10241910,10/24/1910,"October 24, 1910",14847,6,0.000148468979
10251910,10/25/1910,"October 25, 1910",14508,2,0.000145079476
10261910,10/26/1910,"October 26, 1910",14593,1,0.000145929353
10271910,10/27/1910,"October 27, 1910",15062,2,0.000150618657
10281910,10/28/1910,"October 28, 1910",15707,1,0.000157067665
10291910,10/29/1910,"October 29, 1910",15234,1,0.000152338397
10301910,10/30/1910,"October 30, 1910",14890,1,0.000148898915
11011910,11/01/1910,"November 01, 1910",15564,2,0.000155637889
11021910,11/02/1910,"November 02, 1910",15607,2,0.000156067822
11071910,11/07/1910,"November 07, 1910",15650,2,0.000156497755
11281910,11/28/1910,"November 28, 1910",15693,2,0.000156927687
12021910,12/02/1910,"December 02, 1910",15736,2,0.000157357620
12191910,12/19/1910,"December 19, 1910",15779,2,0.000157787552
01041911,01/04/1911,"January 04, 1911",15822,2,0.000158217484
01081911,01/08/1911,"January 08, 1911",15865,2,0.000158647416
01111911,01/11/1911,"January 11, 1911",15908,2,0.000159077347
01131911,01/13/1911,"January 13, 1911",15951,2,0.000159507279
02111911,02/11/1911,"February 11, 1911",15994,2,0.000159937210
02241911,02/24/1911,"February 24, 1911",16037,2,0.000160367141
02251911,02/25/1911,"February 25, 1911",16080,2,0.000160797072
03201911,03/20/1911,"March 20, 1911",16123,2,0.000161227003
03211911,03/21/1911,"March 21, 1911",16166,2,0.000161656934
03241911,03/24/1911,"March 24, 1911",16208,2,0.000162076866
03291911,03/29/1911,"March 29, 1911",16251,2,0.000162506796
04041911,04/04/1911,"April 04, 1911",16294,2,0.000162936726
04091911,04/09/1911,"April 09, 1911",16337,2,0.000163366656
04111911,04/11/1911,"April 11, 1911",16380,2,0.000163796586
04131911,04/13/1911,"April 13, 1911",16423,2,0.000164226515
04201911,04/20/1911,"April 20, 1911",16466,2,0.000164656444
04221911,04/22/1911,"April 22, 1911",16509,2,0.000165086373
05121911,05/12/1911,"May 12, 1911",16551,2,0.000165506304
05201911,05/20/1911,"May 20, 1911",16593,2,0.000165926234
05221911,05/22/1911,"May 22, 1911",16636,2,0.000166356163
05311911,05/31/1911,"May 31, 1911",16679,2,0.000166786091
06171911,06/17/1911,"June 17, 1911",16722,2,0.000167216020
06191911,06/19/1911,"June 19, 1911",16765,2,0.000167645948
06201911,06/20/1911,"June 20, 1911",177269,1,0.001771129713
06291911,06/29/1911,"June 29, 1911",16808,2,0.000168075875
07051911,07/05/1911,"July 05, 1911",16851,2,0.000168505803
07191911,07/19/1911,"July 19, 1911",29359,1,0.000293556907
07201911,07/20/1911,"July 20, 1911",16894,2,0.000168935730
07301911,07/30/1911,"July 30, 1911",16937,2,0.000169365658
08131911,08/13/1911,"August 13, 1911",16980,2,0.000169795585
08181911,08/18/1911,"August 18, 1911",17023,2,0.000170225512
08271911,08/27/1911,"August 27, 1911",17066,2,0.000170655438
08281911,08/28/1911,"August 28, 1911",17109,2,0.000171085365
08301911,08/30/1911,"August 30, 1911",17151,2,0.000171505293
09221911,09/22/1911,"September 22, 1911",97680,1,0.000976333086
09261911,09/26/1911,"September 26, 1911",17194,2,0.000171935219
10011911,10/01/1911,"October 01, 1911",17237,2,0.000172365145
10051911,10/05/1911,"October 05, 1911",58752,1,0.000587357444
10091911,10/09/1911,"October 09, 1911",51638,1,0.000516256699
10111911,10/11/1911,"October 11, 1911",17280,2,0.000172795071
10131911,10/13/1911,"October 13, 1911",17323,2,0.000173224997
10211911,10/21/1911,"October 21, 1911",17366,2,0.000173654922
10221911,10/22/1911,"October 22, 1911",17409,2,0.000174084847
11011911,11/01/1911,"November 01, 1911",17251,1,0.000172505121
11041911,11/04/1911,"November 04, 1911",15836,2,0.000158357462
11051911,11/05/1911,"November 05, 1911",16865,2,0.000168645779
11071911,11/07/1911,"November 07, 1911",17452,3,0.000174514772
11081911,11/08/1911,"November 08, 1911",15879,1,0.000158787394
11091911,11/09/1911,"November 09, 1911",16351,4,0.000163506633
11111911,11/11/1911,"November 11, 1911",15922,4,0.000159217325
11121911,11/12/1911,"November 12, 1911",16565,1,0.000165646281
11131911,11/13/1911,"November 13, 1911",15965,7,0.000159647257
11171911,11/17/1911,"November 17, 1911",16736,1,0.000167355996
11181911,11/18/1911,"November 18, 1911",17037,4,0.000170365488
11191911,11/19/1911,"November 19, 1911",16779,1,0.000167785924
11201911,11/20/1911,"November 20, 1911",16137,5,0.000161366981
11211911,11/21/1911,"November 21, 1911",16180,2,0.000161796911
11221911,11/22/1911,"November 22, 1911",16523,3,0.000165226350
11241911,11/24/1911,"November 24, 1911",16051,2,0.000160507119
11251911,11/25/1911,"November 25, 1911",16094,1,0.000160937050
11261911,11/26/1911,"November 26, 1911",17208,1,0.000172075195
11271911,11/27/1911,"November 27, 1911",17080,1,0.000170795415
11281911,11/28/1911,"November 28, 1911",17123,1,0.000171225341
11291911,11/29/1911,"November 29, 1911",16265,2,0.000162646773
11301911,11/30/1911,"November 30, 1911",16951,2,0.000169505634
12051911,12/05/1911,"December 05, 1911",17624,2,0.000176234471
01011912,01/01/1912,"January 01, 1912",17667,2,0.000176664395
01081912,01/08/1912,"January 08, 1912",17710,2,0.000177094319
01201912,01/20/1912,"January 20, 1912",17753,2,0.000177524242
01231912,01/23/1912,"January 23, 1912",17796,2,0.000177954166
01241912,01/24/1912,"January 24, 1912",17839,2,0.000178384089
02061912,02/06/1912,"February 06, 1912",17882,2,0.000178814013
02201912,02/20/1912,"February 20, 1912",177355,1,0.001771988190
02211912,02/21/1912,"February 21, 1912",17925,2,0.000179243936
02281912,02/28/1912,"February 28, 1912",81212,1,0.000811800320
03281912,03/28/1912,"March 28, 1912",17968,2,0.000179673859
04101912,04/10/1912,"April 10, 1912",18011,2,0.000180103781
04141912,04/14/1912,"April 14, 1912",18054,2,0.000180533704
05131912,05/13/1912,"May 13, 1912",18097,2,0.000180963626
05201912,05/20/1912,"May 20, 1912",177398,1,0.001772417428
05261912,05/26/1912,"May 26, 1912",18140,2,0.000181393548
06011912,06/01/1912,"June 01, 1912",18183,2,0.000181823470
06031912,06/03/1912,"June 03, 1912",18225,2,0.000182243393
06191912,06/19/1912,"June 19, 1912",29531,1,0.000295276400
06211912,06/21/1912,"June 21, 1912",18268,2,0.000182673315
06301912,06/30/1912,"June 30, 1912",18311,2,0.000183103236
07061912,07/06/1912,"July 06, 1912",18354,2,0.000183533158
07131912,07/13/1912,"July 13, 1912",18396,2,0.000183953080
07181912,07/18/1912,"July 18, 1912",18439,2,0.000184383001
07201912,07/20/1912,"July 20, 1912",177441,1,0.001772846665
07281912,07/28/1912,"July 28, 1912",18482,2,0.000184812922
08041912,08/04/1912,"August 04, 1912",18525,2,0.000185242842
08101912,08/10/1912,"August 10, 1912",18568,2,0.000185672763
08191912,08/19/1912,"August 19, 1912",29574,1,0.000295706273
08271912,08/27/1912,"August 27, 1912",18609,2,0.000186082686
09101912,09/10/1912,"September 10, 1912",18652,2,0.000186512606
09171912,09/17/1912,"September 17, 1912",18695,2,0.000186942526
09181912,09/18/1912,"September 18, 1912",18738,2,0.000187372445
09191912,09/19/1912,"September 19, 1912",18781,2,0.000187802365
10081912,10/08/1912,"October 08, 1912",18824,2,0.000188232284
10101912,10/10/1912,"October 10, 1912",18866,2,0.000188652205
10241912,10/24/1912,"October 24, 1912",18909,2,0.000189082124
10261912,10/26/1912,"October 26, 1912",18952,2,0.000189512042
10311912,10/31/1912,"October 31, 1912",18994,2,0.000189931963
11171912,11/17/1912,"November 17, 1912",19037,2,0.000190361881
11201912,11/20/1912,"November 20, 1912",19080,3,0.000190791799
12011912,12/01/1912,"December 01, 1912",17681,2,0.000176804370
12031912,12/03/1912,"December 03, 1912",18239,1,0.000182383368
12041912,12/04/1912,"December 04, 1912",18539,1,0.000185382816
12061912,12/06/1912,"December 06, 1912",17896,2,0.000178953988
12081912,12/08/1912,"December 08, 1912",17724,5,0.000177234294
12101912,12/10/1912,"December 10, 1912",18025,4,0.000180243756
12131912,12/13/1912,"December 13, 1912",18111,2,0.000181103601
12141912,12/14/1912,"December 14, 1912",18068,1,0.000180673678
12171912,12/17/1912,"December 17, 1912",18709,5,0.000187082500
12181912,12/18/1912,"December 18, 1912",18453,2,0.000184522975
12191912,12/19/1912,"December 19, 1912",18795,3,0.000187942339
12201912,12/20/1912,"December 20, 1912",17767,2,0.000177664218
12211912,12/21/1912,"December 21, 1912",17939,2,0.000179383911
12231912,12/23/1912,"December 23, 1912",17810,1,0.000178094141
12241912,12/24/1912,"December 24, 1912",17853,2,0.000178524064
12261912,12/26/1912,"December 26, 1912",18154,2,0.000181533523
12271912,12/27/1912,"December 27, 1912",18623,1,0.000186222660
12281912,12/28/1912,"December 28, 1912",17982,2,0.000179813833
12301912,12/30/1912,"December 30, 1912",18325,1,0.000183243211
12311912,12/31/1912,"December 31, 1912",19008,1,0.000190071936
01031913,01/03/1913,"January 03, 1913",19208,2,0.000192071554
01301913,01/30/1913,"January 30, 1913",19251,2,0.000192501471
02141913,02/14/1913,"February 14, 1913",19293,2,0.000192921390
02221913,02/22/1913,"February 22, 1913",19336,2,0.000193351307
02251913,02/25/1913,"February 25, 1913",19379,2,0.000193781224
03171913,03/17/1913,"March 17, 1913",19422,2,0.000194211141
03201913,03/20/1913,"March 20, 1913",19465,2,0.000194641057
03231913,03/23/1913,"March 23, 1913",19508,2,0.000195070973
03261913,03/26/1913,"March 26, 1913",19551,2,0.000195500889
04031913,04/03/1913,"April 03, 1913",19594,2,0.000195930805
04151913,04/15/1913,"April 15, 1913",19637,2,0.000196360721
05071913,05/07/1913,"May 07, 1913",19680,2,0.000196790636
05181913,05/18/1913,"May 18, 1913",19723,2,0.000197220551
06051913,06/05/1913,"June 05, 1913",19765,2,0.000197640469
06211913,06/21/1913,"June 21, 1913",19808,2,0.000198070383
07031913,07/03/1913,"July 03, 1913",19851,2,0.000198500298
07281913,07/28/1913,"July 28, 1913",19894,2,0.000198930213
07301913,07/30/1913,"July 30, 1913",19937,2,0.000199360127
08061913,08/06/1913,"August 06, 1913",19979,2,0.000199780043
08101913,08/10/1913,"August 10, 1913",20022,2,0.000200209957
08151913,08/15/1913,"August 15, 1913",20065,2,0.000200639871
08201913,08/20/1913,"August 20, 1913",20108,2,0.000201069785
08301913,08/30/1913,"August 30, 1913",20151,2,0.000201499698
09081913,09/08/1913,"September 08, 1913",20194,2,0.000201929611
09101913,09/10/1913,"September 10, 1913",20237,2,0.000202359525
09181913,09/18/1913,"September 18, 1913",20280,2,0.000202789437
09211913,09/21/1913,"September 21, 1913",20323,2,0.000203219350
09261913,09/26/1913,"September 26, 1913",20366,2,0.000203649263
10051913,10/05/1913,"October 05, 1913",20409,2,0.000204079175
10081913,10/08/1913,"October 08, 1913",117011,1,0.001169435688
10121913,10/12/1913,"October 12, 1913",20452,2,0.000204509087
10151913,10/15/1913,"October 15, 1913",20495,2,0.000204938999
10171913,10/17/1913,"October 17, 1913",20538,2,0.000205368911
10201913,10/20/1913,"October 20, 1913",20581,2,0.000205798823
11061913,11/06/1913,"November 06, 1913",20624,2,0.000206228734
11101913,11/10/1913,"November 10, 1913",20667,2,0.000206658645
11201913,11/20/1913,"November 20, 1913",20710,2,0.000207088556
11271913,11/27/1913,"November 27, 1913",20750,2,0.000207488473
12121913,12/12/1913,"December 12, 1913",20793,2,0.000207918384
12211913,12/21/1913,"December 21, 1913",20836,2,0.000208348295
12261913,12/26/1913,"December 26, 1913",20879,2,0.000208778205
01071914,01/07/1914,"January 07, 1914",20922,2,0.000209208115
02041914,02/04/1914,"February 04, 1914",20965,2,0.000209638025
02051914,02/05/1914,"February 05, 1914",21008,2,0.000210067935
02091914,02/09/1914,"February 09, 1914",21051,2,0.000210497844
02141914,02/14/1914,"February 14, 1914",21094,2,0.000210927754
03141914,03/14/1914,"March 14, 1914",21137,2,0.000211357663
04171914,04/17/1914,"April 17, 1914",21180,2,0.000211787572
05091914,05/09/1914,"May 09, 1914",21222,2,0.000212207483
05111914,05/11/1914,"May 11, 1914",21265,2,0.000212637392
05271914,05/27/1914,"May 27, 1914",21308,2,0.000213067300
05311914,05/31/1914,"May 31, 1914",21351,2,0.000213497208
06071914,06/07/1914,"June 07, 1914",21394,2,0.000213927116
06261914,06/26/1914,"June 26, 1914",21437,2,0.000214357024
07011914,07/01/1914,"July 01, 1914",21480,2,0.000214786932
07031914,07/03/1914,"July 03, 1914",21523,2,0.000215216840
07131914,07/13/1914,"July 13, 1914",21566,2,0.000215646747
07221914,07/22/1914,"July 22, 1914",21609,2,0.000216076654
08021914,08/02/1914,"August 02, 1914",21652,2,0.000216506561
08061914,08/06/1914,"August 06, 1914",21694,2,0.000216926470
08271914,08/27/1914,"August 27, 1914",21736,2,0.000217346379
09191914,09/19/1914,"September 19, 1914",21779,2,0.000217776285
09201914,09/20/1914,"September 20, 1914",21821,2,0.000218196194
09231914,09/23/1914,"September 23, 1914",21864,2,0.000218626100
10041914,10/04/1914,"October 04, 1914",21907,2,0.000219056006
10051914,10/05/1914,"October 05, 1914",21950,2,0.000219485912
10161914,10/16/1914,"October 16, 1914",21993,2,0.000219915817
11101914,11/10/1914,"November 10, 1914",22036,2,0.000220345723
11151914,11/15/1914,"November 15, 1914",22079,2,0.000220775628
11191914,11/19/1914,"November 19, 1914",22121,2,0.000221195535
12231914,12/23/1914,"December 23, 1914",22164,2,0.000221625440
12311914,12/31/1914,"December 31, 1914",22207,2,0.000222055344
01131915,01/13/1915,"January 13, 1915",22250,2,0.000222485249
01151915,01/15/1915,"January 15, 1915",22293,2,0.000222915153
01161915,01/16/1915,"January 16, 1915",22336,2,0.000223345057
01261915,01/26/1915,"January 26, 1915",22378,2,0.000223764963
01311915,01/31/1915,"January 31, 1915",22419,2,0.000224174871
02151915,02/15/1915,"February 15, 1915",22460,2,0.000224584779
02201915,02/20/1915,"February 20, 1915",22503,2,0.000225014683
02231915,02/23/1915,"February 23, 1915",22546,2,0.000225444586
03021915,03/02/1915,"March 02, 1915",22589,2,0.000225874489
03041915,03/04/1915,"March 04, 1915",22632,2,0.000226304392
03071915,03/07/1915,"March 07, 1915",22674,2,0.000226724296
03161915,03/16/1915,"March 16, 1915",22717,2,0.000227154199
03191915,03/19/1915,"March 19, 1915",22760,2,0.000227584101
03201915,03/20/1915,"March 20, 1915",22803,2,0.000228014003
04211915,04/21/1915,"April 21, 1915",22846,2,0.000228443905
05051915,05/05/1915,"May 05, 1915",22889,2,0.000228873807
05081915,05/08/1915,"May 08, 1915",22932,2,0.000229303708
05181915,05/18/1915,"May 18, 1915",22974,2,0.000229723612
06081915,06/08/1915,"June 08, 1915",23017,2,0.000230153513
08071915,08/07/1915,"August 07, 1915",23060,2,0.000230583414
08111915,08/11/1915,"August 11, 1915",23103,2,0.000231013315
08191915,08/19/1915,"August 19, 1915",23146,2,0.000231443215
09041915,09/04/1915,"September 04, 1915",23189,2,0.000231873116
09141915,09/14/1915,"September 14, 1915",23232,2,0.000232303016
09301915,09/30/1915,"September 30, 1915",23275,2,0.000232732916
10191915,10/19/1915,"October 19, 1915",23318,2,0.000233162816
10211915,10/21/1915,"October 21, 1915",23360,2,0.000233582718
10221915,10/22/1915,"October 22, 1915",23403,2,0.000234012617
10291915,10/29/1915,"October 29, 1915",23445,2,0.000234432519
11011915,11/01/1915,"November 01, 1915",23488,2,0.000234862418
11031915,11/03/1915,"November 03, 1915",23531,2,0.000235292317
11121915,11/12/1915,"November 12, 1915",23574,2,0.000235722216
11231915,11/23/1915,"November 23, 1915",23617,2,0.000236152114
12031915,12/03/1915,"December 03, 1915",23660,2,0.000236582012
12161915,12/16/1915,"December 16, 1915",23703,2,0.000237011911
12241915,12/24/1915,"December 24, 1915",23746,2,0.000237441809
01061916,01/06/1916,"January 06, 1916",23789,2,0.000237871706
01131916,01/13/1916,"January 13, 1916",23831,2,0.000238291606
01191916,01/19/1916,"January 19, 1916",23874,2,0.000238721504
01261916,01/26/1916,"January 26, 1916",23916,2,0.000239141404
01271916,01/27/1916,"January 27, 1916",23959,2,0.000239571301
01291916,01/29/1916,"January 29, 1916",24002,2,0.000240001198
02171916,02/17/1916,"February 17, 1916",24045,2,0.000240431094
02281916,02/28/1916,"February 28, 1916",24088,2,0.000240860991
03011916,03/01/1916,"March 01, 1916",24131,2,0.000241290887
03101916,03/10/1916,"March 10, 1916",24174,2,0.000241720783
03141916,03/14/1916,"March 14, 1916",24215,2,0.000242130684
03171916,03/17/1916,"March 17, 1916",24258,2,0.000242560580
03211916,03/21/1916,"March 21, 1916",24300,2,0.000242980478
03281916,03/28/1916,"March 28, 1916",24343,2,0.000243410373
04021916,04/02/1916,"April 02, 1916",24386,2,0.000243840269
04091916,04/09/1916,"April 09, 1916",24429,2,0.000244270164
04161916,04/16/1916,"April 16, 1916",24472,2,0.000244700059
05071916,05/07/1916,"May 07, 1916",24515,2,0.000245129953
05121916,05/12/1916,"May 12, 1916",24557,2,0.000245549850
05141916,05/14/1916,"May 14, 1916",24600,2,0.000245979744
05281916,05/28/1916,"May 28, 1916",24643,2,0.000246409639
06081916,06/08/1916,"June 08, 1916",24686,2,0.000246839533
06191916,06/19/1916,"June 19, 1916",24729,2,0.000247269426
06251916,06/25/1916,"June 25, 1916",24772,2,0.000247699320
08171916,08/17/1916,"August 17, 1916",24815,2,0.000248129213
08211916,08/21/1916,"August 21, 1916",24858,2,0.000248559107
08251916,08/25/1916,"August 25, 1916",24901,2,0.000248989000
08261916,08/26/1916,"August 26, 1916",24943,2,0.000249408895
08281916,08/28/1916,"August 28, 1916",24986,2,0.000249838788
09181916,09/18/1916,"September 18, 1916",25029,2,0.000250268680
11031916,11/03/1916,"November 03, 1916",25072,2,0.000250698572
11181916,11/18/1916,"November 18, 1916",25115,2,0.000251128464
11241916,11/24/1916,"November 24, 1916",25158,2,0.000251558356
12051916,12/05/1916,"December 05, 1916",25201,2,0.000251988248
12101916,12/10/1916,"December 10, 1916",25244,2,0.000252418140
01181917,01/18/1917,"January 18, 1917",25287,2,0.000252848031
02121917,02/12/1917,"February 12, 1917",25330,2,0.000253277922
02141917,02/14/1917,"February 14, 1917",25373,2,0.000253707813
02261917,02/26/1917,"February 26, 1917",25416,2,0.000254137704
03101917,03/10/1917,"March 10, 1917",25459,2,0.000254567595
03171917,03/17/1917,"March 17, 1917",25502,2,0.000254997485
03231917,03/23/1917,"March 23, 1917",25545,2,0.000255427375
03241917,03/24/1917,"March 24, 1917",25588,2,0.000255857266
03271917,03/27/1917,"March 27, 1917",25631,2,0.000256287155
04091917,04/09/1917,"April 09, 1917",25673,2,0.000256707048
05171917,05/17/1917,"May 17, 1917",25716,2,0.000257136937
05261917,05/26/1917,"May 26, 1917",25759,2,0.000257566827
06161917,06/16/1917,"June 16, 1917",25802,2,0.000257996716
07201917,07/20/1917,"July 20, 1917",177455,1,0.001772986417
07251917,07/25/1917,"July 25, 1917",25845,2,0.000258426605
07281917,07/28/1917,"July 28, 1917",25888,2,0.000258856493
08011917,08/01/1917,"August 01, 1917",25931,2,0.000259286382
08021917,08/02/1917,"August 02, 1917",25974,2,0.000259716270
08191917,08/19/1917,"August 19, 1917",29588,1,0.000295846232
08311917,08/31/1917,"August 31, 1917",26016,2,0.000260136161
09121917,09/12/1917,"September 12, 1917",26059,2,0.000260566049
09161917,09/16/1917,"September 16, 1917",26102,2,0.000260995937
09241917,09/24/1917,"September 24, 1917",26145,2,0.000261425825
10041917,10/04/1917,"October 04, 1917",26188,2,0.000261855712
10081917,10/08/1917,"October 08, 1917",26231,2,0.000262285600
11011917,11/01/1917,"November 01, 1917",26274,2,0.000262715487
11061917,11/06/1917,"November 06, 1917",26317,2,0.000263145374
11111917,11/11/1917,"November 11, 1917",26359,2,0.000263565263
11241917,11/24/1917,"November 24, 1917",26402,2,0.000263995150
11291917,11/29/1917,"November 29, 1917",26445,2,0.000264425036
12041917,12/04/1917,"December 04, 1917",26488,2,0.000264854922
12051917,12/05/1917,"December 05, 1917",26531,2,0.000265284808
12141917,12/14/1917,"December 14, 1917",26574,2,0.000265714694
12201917,12/20/1917,"December 20, 1917",26617,2,0.000266144580
12211917,12/21/1917,"December 21, 1917",26660,2,0.000266574465
02041918,02/04/1918,"February 04, 1918",26703,2,0.000267004351
02111918,02/11/1918,"February 11, 1918",26746,2,0.000267434236
02251918,02/25/1918,"February 25, 1918",26789,2,0.000267864121
03121918,03/12/1918,"March 12, 1918",26832,2,0.000268294005
03131918,03/13/1918,"March 13, 1918",26874,2,0.000268713893
03281918,03/28/1918,"March 28, 1918",26916,2,0.000269133780
04041918,04/04/1918,"April 04, 1918",26958,2,0.000269553667
04141918,04/14/1918,"April 14, 1918",27001,2,0.000269983551
04191918,04/19/1918,"April 19, 1918",27043,2,0.000270403437
04301918,04/30/1918,"April 30, 1918",27086,2,0.000270833321
05151918,05/15/1918,"May 15, 1918",27129,2,0.000271263204
06141918,06/14/1918,"June 14, 1918",27171,2,0.000271683090
07061918,07/06/1918,"July 06, 1918",27214,2,0.000272112973
07141918,07/14/1918,"July 14, 1918",27255,2,0.000272522862
07151918,07/15/1918,"July 15, 1918",27298,2,0.000272952744
07281918,07/28/1918,"July 28, 1918",27341,2,0.000273382627
08081918,08/08/1918,"August 08, 1918",27384,2,0.000273812509
08311918,08/31/1918,"August 31, 1918",27427,2,0.000274242391
09021918,09/02/1918,"September 02, 1918",27470,2,0.000274672273
09241918,09/24/1918,"September 24, 1918",27513,2,0.000275102155
10181918,10/18/1918,"October 18, 1918",27556,2,0.000275532037
10221918,10/22/1918,"October 22, 1918",27599,2,0.000275961918
11171918,11/17/1918,"November 17, 1918",27642,2,0.000276391800
11201918,11/20/1918,"November 20, 1918",27685,2,0.000276821681
11281918,11/28/1918,"November 28, 1918",27728,2,0.000277251561
11301918,11/30/1918,"November 30, 1918",27770,2,0.000277671445
12081918,12/08/1918,"December 08, 1918",27813,2,0.000278101325
12101918,12/10/1918,"December 10, 1918",27856,2,0.000278531206
12191918,12/19/1918,"December 19, 1918",29073,1,0.000290697742
12201918,12/20/1918,"December 20, 1918",27899,2,0.000278961086
01011919,01/01/1919,"January 01, 1919",1933,3,0.000019339813
01021919,01/02/1919,"January 02, 1919",27985,2,0.000279820846
01051919,01/05/1919,"January 05, 1919",28028,2,0.000280250725
01081919,01/08/1919,"January 08, 1919",30300,1,0.000302964100
01161919,01/16/1919,"January 16, 1919",28071,2,0.000280680605
01311919,01/31/1919,"January 31, 1919",28113,2,0.000281100487
02081919,02/08/1919,"February 08, 1919",73463,1,0.000734370225
02241919,02/24/1919,"February 24, 1919",28155,2,0.000281520369
02271919,02/27/1919,"February 27, 1919",28198,2,0.000281950247
03041919,03/04/1919,"March 04, 1919",5322,1,0.000053228584
03061919,03/06/1919,"March 06, 1919",28241,2,0.000282380126
03121919,03/12/1919,"March 12, 1919",6353,1,0.000063537982
03191919,03/19/1919,"March 19, 1919",28284,2,0.000282810005
03221919,03/22/1919,"March 22, 1919",28327,2,0.000283239883
04021919,04/02/1919,"April 02, 1919",41840,1,0.000418322483
04041919,04/04/1919,"April 04, 1919",6997,1,0.000069977552
04071919,04/07/1919,"April 07, 1919",73378,1,0.000733520849
04101919,04/10/1919,"April 10, 1919",7855,1,0.000078556915
04121919,04/12/1919,"April 12, 1919",28370,2,0.000283669761
04181919,04/18/1919,"April 18, 1919",28413,2,0.000284099639
04191919,04/19/1919,"April 19, 1919",28456,2,0.000284529517
04211919,04/21/1919,"April 21, 1919",28499,2,0.000284959394
05141919,05/14/1919,"May 14, 1919",28542,2,0.000285389272
05161919,05/16/1919,"May 16, 1919",28585,2,0.000285819149
05181919,05/18/1919,"May 18, 1919",28627,2,0.000286239029
05271919,05/27/1919,"May 27, 1919",28670,2,0.000286668905
06041919,06/04/1919,"June 04, 1919",28713,2,0.000287098782
06051919,06/05/1919,"June 05, 1919",28756,2,0.000287528659
06091919,06/09/1919,"June 09, 1919",10127,1,0.000101274872
06131919,06/13/1919,"June 13, 1919",28799,2,0.000287958535
06211919,06/21/1919,"June 21, 1919",28842,2,0.000288388411
06251919,06/25/1919,"June 25, 1919",28885,2,0.000288818287
06281919,06/28/1919,"June 28, 1919",28928,2,0.000289248163
07041919,07/04/1919,"July 04, 1919",28971,2,0.000289678038
07221919,07/22/1919,"July 22, 1919",29014,2,0.000290107913
08011919,08/01/1919,"August 01, 1919",11843,1,0.000118432987
08081919,08/08/1919,"August 08, 1919",12573,1,0.000125732096
08121919,08/12/1919,"August 12, 1919",29057,2,0.000290537789
08191919,08/19/1919,"August 19, 1919",29100,2,0.000290967664
09051919,09/05/1919,"September 05, 1919",13387,1,0.000133871040
09061919,09/06/1919,"September 06, 1919",16763,1,0.000167625951
09081919,09/08/1919,"September 08, 1919",96109,1,0.000960638301
09111919,09/11/1919,"September 11, 1919",14242,1,0.000142419859
09121919,09/12/1919,"September 12, 1919",14414,1,0.000144139612
09231919,09/23/1919,"September 23, 1919",29143,2,0.000291397538
09261919,09/26/1919,"September 26, 1919",29186,2,0.000291827413
09291919,09/29/1919,"September 29, 1919",29228,2,0.000292247290
10041919,10/04/1919,"October 04, 1919",14796,1,0.000147959054
10051919,10/05/1919,"October 05, 1919",29271,2,0.000292677165
10061919,10/06/1919,"October 06, 1919",83023,1,0.000829895454
10121919,10/12/1919,"October 12, 1919",15785,1,0.000157847542
10131919,10/13/1919,"October 13, 1919",29314,2,0.000293107039
11031919,11/03/1919,"November 03, 1919",134169,1,0.001340800336
11061919,11/06/1919,"November 06, 1919",16771,1,0.000167705937
11071919,11/07/1919,"November 07, 1919",29357,2,0.000293536913
11081919,11/08/1919,"November 08, 1919",55120,1,0.000551058117
11091919,11/09/1919,"November 09, 1919",10119,1,0.000101194880
11101919,11/10/1919,"November 10, 1919",30601,1,0.000305973184
11151919,11/15/1919,"November 15, 1919",29400,2,0.000293966786
11211919,11/21/1919,"November 21, 1919",29443,2,0.000294396660
11281919,11/28/1919,"November 28, 1919",29486,2,0.000294826533
12051919,12/05/1919,"December 05, 1919",69006,2,0.000689831963
12061919,12/06/1919,"December 06, 1919",29529,2,0.000295256406
12081919,12/08/1919,"December 08, 1919",29572,2,0.000295686279
12091919,12/09/1919,"December 09, 1919",18787,1,0.000187862354
01121920,01/12/1920,"January 12, 1920",150852,1,0.001507392756
01211920,01/21/1920,"January 21, 1920",29615,2,0.000296116152
01301920,01/30/1920,"January 30, 1920",29658,2,0.000296546025
02041920,02/04/1920,"February 04, 1920",151668,1,0.001515540422
02091920,02/09/1920,"February 09, 1920",29701,2,0.000296975897
02101920,02/10/1920,"February 10, 1920",152654,1,0.001525385431
02271920,02/27/1920,"February 27, 1920",29744,2,0.000297405769
03011920,03/01/1920,"March 01, 1920",29787,2,0.000297835641
03021920,03/02/1920,"March 02, 1920",153126,1,0.001530098220
03071920,03/07/1920,"March 07, 1920",29830,2,0.000298265513
03131920,03/13/1920,"March 13, 1920",29873,2,0.000298695385
03171920,03/17/1920,"March 17, 1920",29916,2,0.000299125256
03271920,03/27/1920,"March 27, 1920",29959,2,0.000299555127
04071920,04/07/1920,"April 07, 1920",30002,2,0.000299984999
04141920,04/14/1920,"April 14, 1920",30045,2,0.000300414869
04231920,04/23/1920,"April 23, 1920",30088,2,0.000300844740
06241920,06/24/1920,"June 24, 1920",30131,2,0.000301274611
07051920,07/05/1920,"July 05, 1920",30173,2,0.000301694484
07111920,07/11/1920,"July 11, 1920",30216,2,0.000302124354
07181920,07/18/1920,"July 18, 1920",30259,2,0.000302554224
08061920,08/06/1920,"August 06, 1920",161365,1,0.001612358767
08071920,08/07/1920,"August 07, 1920",161580,1,0.001614505298
08191920,08/19/1920,"August 19, 1920",30302,2,0.000302984094
08231920,08/23/1920,"August 23, 1920",30345,2,0.000303413964
09031920,09/03/1920,"September 03, 1920",30388,3,0.000303843833
09131920,09/13/1920,"September 13, 1920",30431,2,0.000304273702
09191920,09/19/1920,"September 19, 1920",30474,2,0.000304703571
09221920,09/22/1920,"September 22, 1920",30517,2,0.000305133440
09231920,09/23/1920,"September 23, 1920",30560,2,0.000305563309
10081920,10/08/1920,"October 08, 1920",164406,1,0.001642719274
10191920,10/19/1920,"October 19, 1920",30603,2,0.000305993178
10261920,10/26/1920,"October 26, 1920",30646,2,0.000306423046
11091920,11/09/1920,"November 09, 1920",166466,1,0.001663285222
11181920,11/18/1920,"November 18, 1920",30689,2,0.000306852914
12011920,12/01/1920,"December 01, 1920",30732,2,0.000307282782
12261920,12/26/1920,"December 26, 1920",30775,2,0.000307712650
01041921,01/04/1921,"January 04, 1921",30818,2,0.000308142517
01101921,01/10/1921,"January 10, 1921",30861,2,0.000308572385
01131921,01/13/1921,"January 13, 1921",30904,2,0.000309002252
01141921,01/14/1921,"January 14, 1921",30947,2,0.000309432119
01161921,01/16/1921,"January 16, 1921",30990,2,0.000309861986
01171921,01/17/1921,"January 17, 1921",31033,2,0.000310291853
02031921,02/03/1921,"February 03, 1921",31076,2,0.000310721719
02051921,02/05/1921,"February 05, 1921",31119,2,0.000311151585
02111921,02/11/1921,"February 11, 1921",31162,2,0.000311581452
02121921,02/12/1921,"February 12, 1921",31205,2,0.000312011317
02191921,02/19/1921,"February 19, 1921",31248,2,0.000312441183
02261921,02/26/1921,"February 26, 1921",31291,2,0.000312871049
03281921,03/28/1921,"March 28, 1921",31333,2,0.000313290917
04081921,04/08/1921,"April 08, 1921",31376,2,0.000313720782
04101921,04/10/1921,"April 10, 1921",31419,2,0.000314150647
04221921,04/22/1921,"April 22, 1921",31462,2,0.000314580512
04251921,04/25/1921,"April 25, 1921",31505,2,0.000315010377
04261921,04/26/1921,"April 26, 1921",31547,2,0.000315430245
04271921,04/27/1921,"April 27, 1921",31590,2,0.000315860109
05051921,05/05/1921,"May 05, 1921",31633,2,0.000316289973
05141921,05/14/1921,"May 14, 1921",31676,2,0.000316719837
06041921,06/04/1921,"June 04, 1921",31719,2,0.000317149701
07101921,07/10/1921,"July 10, 1921",31762,2,0.000317579564
07191921,07/19/1921,"July 19, 1921",31805,2,0.000318009427
07251921,07/25/1921,"July 25, 1921",31848,2,0.000318439291
07261921,07/26/1921,"July 26, 1921",31891,2,0.000318869154
08141921,08/14/1921,"August 14, 1921",31934,2,0.000319299016
08181921,08/18/1921,"August 18, 1921",31977,2,0.000319728879
08231921,08/23/1921,"August 23, 1921",32020,2,0.000320158741
08241921,08/24/1921,"August 24, 1921",32063,2,0.000320588604
09011921,09/01/1921,"September 01, 1921",32106,2,0.000321018466
09171921,09/17/1921,"September 17, 1921",32149,2,0.000321448328
10041921,10/04/1921,"October 04, 1921",32192,2,0.000321878189
10051921,10/05/1921,"October 05, 1921",117826,1,0.001177576124
10091921,10/09/1921,"October 09, 1921",32235,2,0.000322308051
10221921,10/22/1921,"October 22, 1921",32278,2,0.000322737912
10271921,10/27/1921,"October 27, 1921",32321,2,0.000323167773
11041921,11/04/1921,"November 04, 1921",32364,2,0.000323597634
11251921,11/25/1921,"November 25, 1921",32407,2,0.000324027495
12121921,12/12/1921,"December 12, 1921",32450,2,0.000324457356
01171922,01/17/1922,"January 17, 1922",32493,2,0.000324887216
02181922,02/18/1922,"February 18, 1922",32536,2,0.000325317076
03021922,03/02/1922,"March 02, 1922",32579,2,0.000325746936
03041922,03/04/1922,"March 04, 1922",32622,2,0.000326176796
03131922,03/13/1922,"March 13, 1922",32665,2,0.000326606656
03141922,03/14/1922,"March 14, 1922",32707,2,0.000327026518
03151922,03/15/1922,"March 15, 1922",32750,2,0.000327456378
03171922,03/17/1922,"March 17, 1922",32793,2,0.000327886237
03281922,03/28/1922,"March 28, 1922",32836,2,0.000328316096
04061922,04/06/1922,"April 06, 1922",32879,2,0.000328745954
04151922,04/15/1922,"April 15, 1922",32922,2,0.000329175813
04161922,04/16/1922,"April 16, 1922",32965,2,0.000329605671
04181922,04/18/1922,"April 18, 1922",33008,2,0.000330035530
04221922,04/22/1922,"April 22, 1922",33051,2,0.000330465388
05051922,05/05/1922,"May 05, 1922",33094,2,0.000330895245
05141922,05/14/1922,"May 14, 1922",33136,2,0.000331315106
05151922,05/15/1922,"May 15, 1922",33179,2,0.000331744964
05181922,05/18/1922,"May 18, 1922",33222,2,0.000332174821
05291922,05/29/1922,"May 29, 1922",33264,2,0.000332594681
06031922,06/03/1922,"June 03, 1922",33307,2,0.000333024538
06081922,06/08/1922,"June 08, 1922",33350,2,0.000333454395
06131922,06/13/1922,"June 13, 1922",33393,2,0.000333884252
07141922,07/14/1922,"July 14, 1922",33436,2,0.000334314108
08071922,08/07/1922,"August 07, 1922",33479,2,0.000334743964
08081922,08/08/1922,"August 08, 1922",33522,2,0.000335173820
08111922,08/11/1922,"August 11, 1922",33565,2,0.000335603676
09011922,09/01/1922,"September 01, 1922",33608,2,0.000336033531
09091922,09/09/1922,"September 09, 1922",33651,2,0.000336463387
09141922,09/14/1922,"September 14, 1922",33694,2,0.000336893242
10121922,10/12/1922,"October 12, 1922",33737,2,0.000337323097
10151922,10/15/1922,"October 15, 1922",33780,2,0.000337752952
10241922,10/24/1922,"October 24, 1922",33822,2,0.000338172810
10261922,10/26/1922,"October 26, 1922",33865,2,0.000338602665
11041922,11/04/1922,"November 04, 1922",33908,2,0.000339032519
11201922,11/20/1922,"November 20, 1922",33950,2,0.000339452376
12081922,12/08/1922,"December 08, 1922",33993,2,0.000339882230
12101922,12/10/1922,"December 10, 1922",34035,2,0.000340302088
12311922,12/31/1922,"December 31, 1922",34078,2,0.000340731941
01061923,01/06/1923,"January 06, 1923",34121,2,0.000341161794
01111923,01/11/1923,"January 11, 1923",34164,2,0.000341591648
01271923,01/27/1923,"January 27, 1923",34207,2,0.000342021501
01291923,01/29/1923,"January 29, 1923",34250,2,0.000342451354
02151923,02/15/1923,"February 15, 1923",34293,2,0.000342881206
02161923,02/16/1923,"February 16, 1923",34336,2,0.000343311059
02171923,02/17/1923,"February 17, 1923",34379,2,0.000343740911
03071923,03/07/1923,"March 07, 1923",34422,2,0.000344170763
03241923,03/24/1923,"March 24, 1923",34465,2,0.000344600615
03281923,03/28/1923,"March 28, 1923",34508,2,0.000345030467
03291923,03/29/1923,"March 29, 1923",34551,2,0.000345460318
04011923,04/01/1923,"April 01, 1923",34594,2,0.000345890170
04151923,04/15/1923,"April 15, 1923",34637,2,0.000346320021
04191923,04/19/1923,"April 19, 1923",34680,2,0.000346749872
04211923,04/21/1923,"April 21, 1923",34723,2,0.000347179723
04281923,04/28/1923,"April 28, 1923",34766,2,0.000347609573
05031923,05/03/1923,"May 03, 1923",34809,2,0.000348039424
05131923,05/13/1923,"May 13, 1923",34852,2,0.000348469274
05151923,05/15/1923,"May 15, 1923",34895,2,0.000348899124
06021923,06/02/1923,"June 02, 1923",34938,2,0.000349328974
06111923,06/11/1923,"June 11, 1923",34981,2,0.000349758824
06221923,06/22/1923,"June 22, 1923",35023,2,0.000350178677
06261923,06/26/1923,"June 26, 1923",35066,2,0.000350608526
07231923,07/23/1923,"July 23, 1923",35109,2,0.000351038375
07251923,07/25/1923,"July 25, 1923",35152,2,0.000351468224
07301923,07/30/1923,"July 30, 1923",35195,2,0.000351898073
08091923,08/09/1923,"August 09, 1923",35238,2,0.000352327921
08131923,08/13/1923,"August 13, 1923",35281,2,0.000352757770
08161923,08/16/1923,"August 16, 1923",35323,2,0.000353177622
08271923,08/27/1923,"August 27, 1923",35365,2,0.000353597473
09131923,09/13/1923,"September 13, 1923",35408,2,0.000354027321
09231923,09/23/1923,"September 23, 1923",35451,2,0.000354457169
09291923,09/29/1923,"September 29, 1923",35494,2,0.000354887016
10041923,10/04/1923,"October 04, 1923",6634,1,0.000066347800
10291923,10/29/1923,"October 29, 1923",35537,2,0.000355316864
11121923,11/12/1923,"November 12, 1923",35580,2,0.000355746711
12111923,12/11/1923,"December 11, 1923",35623,2,0.000356176558
12121923,12/12/1923,"December 12, 1923",35665,2,0.000356596408
12181923,12/18/1923,"December 18, 1923",35708,2,0.000357026255
12251923,12/25/1923,"December 25, 1923",35751,2,0.000357456101
12271923,12/27/1923,"December 27, 1923",35794,2,0.000357885947
12281923,12/28/1923,"December 28, 1923",35837,2,0.000358315793
01221924,01/22/1924,"January 22, 1924",35880,2,0.000358745639
02121924,02/12/1924,"February 12, 1924",35923,2,0.000359175485
02201924,02/20/1924,"February 20, 1924",35966,2,0.000359605330
02241924,02/24/1924,"February 24, 1924",36009,2,0.000360035175
03101924,03/10/1924,"March 10, 1924",36052,2,0.000360465020
03111924,03/11/1924,"March 11, 1924",36095,2,0.000360894865
03201924,03/20/1924,"March 20, 1924",36138,2,0.000361324710
03211924,03/21/1924,"March 21, 1924",36181,2,0.000361754555
04121924,04/12/1924,"April 12, 1924",36224,2,0.000362184399
04171924,04/17/1924,"April 17, 1924",36267,2,0.000362614243
04201924,04/20/1924,"April 20, 1924",36309,2,0.000363034091
05011924,05/01/1924,"May 01, 1924",36352,2,0.000363463935
05021924,05/02/1924,"May 02, 1924",36395,2,0.000363893778
06181924,06/18/1924,"June 18, 1924",36438,2,0.000364323622
06301924,06/30/1924,"June 30, 1924",36481,2,0.000364753465
08141924,08/14/1924,"August 14, 1924",36524,2,0.000365183308
09011924,09/01/1924,"September 01, 1924",36567,2,0.000365613151
09061924,09/06/1924,"September 06, 1924",36610,2,0.000366042994
09071924,09/07/1924,"September 07, 1924",36653,2,0.000366472836
09131924,09/13/1924,"September 13, 1924",36696,2,0.000366902678
09291924,09/29/1924,"September 29, 1924",36739,2,0.000367332521
10091924,10/09/1924,"October 09, 1924",142604,1,0.001425033688
10211924,10/21/1924,"October 21, 1924",36782,2,0.000367762363
10301924,10/30/1924,"October 30, 1924",36825,2,0.000368192204
11031924,11/03/1924,"November 03, 1924",36868,2,0.000368622046
11111924,11/11/1924,"November 11, 1924",36911,2,0.000369051887
11131924,11/13/1924,"November 13, 1924",36954,2,0.000369481729
11261924,11/26/1924,"November 26, 1924",36997,2,0.000369911570
12061924,12/06/1924,"December 06, 1924",37040,2,0.000370341410
01231925,01/23/1925,"January 23, 1925",37083,2,0.000370771251
01281925,01/28/1925,"January 28, 1925",37126,2,0.000371201092
02231925,02/23/1925,"February 23, 1925",37169,2,0.000371630932
02241925,02/24/1925,"February 24, 1925",37212,2,0.000372060772
03011925,03/01/1925,"March 01, 1925",37255,2,0.000372490612
03041925,03/04/1925,"March 04, 1925",37298,2,0.000372920452
03051925,03/05/1925,"March 05, 1925",37341,2,0.000373350291
03131925,03/13/1925,"March 13, 1925",37384,2,0.000373780131
03161925,03/16/1925,"March 16, 1925",37427,2,0.000374209970
03221925,03/22/1925,"March 22, 1925",37470,2,0.000374639809
03271925,03/27/1925,"March 27, 1925",37513,2,0.000375069648
04151925,04/15/1925,"April 15, 1925",37556,2,0.000375499486
04191925,04/19/1925,"April 19, 1925",37599,2,0.000375929325
04301925,04/30/1925,"April 30, 1925",37642,2,0.000376359163
05021925,05/02/1925,"May 02, 1925",37685,2,0.000376789001
05091925,05/09/1925,"May 09, 1925",37728,2,0.000377218839
05111925,05/11/1925,"May 11, 1925",37771,2,0.000377648677
05121925,05/12/1925,"May 12, 1925",37814,2,0.000378078514
05131925,05/13/1925,"May 13, 1925",37857,2,0.000378508351
06301925,06/30/1925,"June 30, 1925",37900,2,0.000378938189
07021925,07/02/1925,"July 02, 1925",37943,2,0.000379368026
07131925,07/13/1925,"July 13, 1925",37986,2,0.000379797862
07171925,07/17/1925,"July 17, 1925",38029,2,0.000380227699
07301925,07/30/1925,"July 30, 1925",38071,2,0.000380647539
08141925,08/14/1925,"August 14, 1925",38114,2,0.000381077375
08151925,08/15/1925,"August 15, 1925",38157,2,0.000381507211
08191925,08/19/1925,"August 19, 1925",38200,2,0.000381937047
08221925,08/22/1925,"August 22, 1925",38243,2,0.000382366883
09241925,09/24/1925,"September 24, 1925",177002,1,0.001768464438
10141925,10/14/1925,"October 14, 1925",38286,2,0.000382796718
10151925,10/15/1925,"October 15, 1925",38329,2,0.000383226554
10161925,10/16/1925,"October 16, 1925",38372,2,0.000383656389
11061925,11/06/1925,"November 06, 1925",38415,2,0.000384086224
11101925,11/10/1925,"November 10, 1925",38458,2,0.000384516059
11281925,11/28/1925,"November 28, 1925",38501,2,0.000384945893
11301925,11/30/1925,"November 30, 1925",38544,2,0.000385375728
12131925,12/13/1925,"December 13, 1925",38587,2,0.000385805562
12201925,12/20/1925,"December 20, 1925",38630,2,0.000386235396
12301925,12/30/1925,"December 30, 1925",38673,2,0.000386665230
12311925,12/31/1925,"December 31, 1925",38715,2,0.000387085067
01181926,01/18/1926,"January 18, 1926",38757,2,0.000387504904
01201926,01/20/1926,"January 20, 1926",38800,2,0.000387934738
01211926,01/21/1926,"January 21, 1926",38843,2,0.000388364571
01241926,01/24/1926,"January 24, 1926",38886,2,0.000388794404
01261926,01/26/1926,"January 26, 1926",38929,2,0.000389224236
02251926,02/25/1926,"February 25, 1926",38972,2,0.000389654069
03071926,03/07/1926,"March 07, 1926",39015,2,0.000390083901
03111926,03/11/1926,"March 11, 1926",39058,2,0.000390513734
03191926,03/19/1926,"March 19, 1926",39101,2,0.000390943566
03281926,03/28/1926,"March 28, 1926",39144,2,0.000391373397
04011926,04/01/1926,"April 01, 1926",39187,2,0.000391803229
04051926,04/05/1926,"April 05, 1926",39229,2,0.000392223064
05031926,05/03/1926,"May 03, 1926",39272,2,0.000392652896
05211926,05/21/1926,"May 21, 1926",39315,2,0.000393082727
05241926,05/24/1926,"May 24, 1926",39358,2,0.000393512558
05271926,05/27/1926,"May 27, 1926",39401,2,0.000393942388
05301926,05/30/1926,"May 30, 1926",39444,2,0.000394372219
06191926,06/19/1926,"June 19, 1926",28257,1,0.000282540081
06241926,06/24/1926,"June 24, 1926",39486,2,0.000394792053
06281926,06/28/1926,"June 28, 1926",39529,2,0.000395221883
06301926,06/30/1926,"June 30, 1926",39572,2,0.000395651713
07021926,07/02/1926,"July 02, 1926",39615,2,0.000396081543
07161926,07/16/1926,"July 16, 1926",39657,2,0.000396501377
07221926,07/22/1926,"July 22, 1926",39700,2,0.000396931206
08061926,08/06/1926,"August 06, 1926",39743,2,0.000397361035
08111926,08/11/1926,"August 11, 1926",39786,2,0.000397790864
08311926,08/31/1926,"August 31, 1926",39829,2,0.000398220693
09051926,09/05/1926,"September 05, 1926",39871,2,0.000398640526
10041926,10/04/1926,"October 04, 1926",39913,2,0.000399060358
10091926,10/09/1926,"October 09, 1926",39956,2,0.000399490187
10131926,10/13/1926,"October 13, 1926",39999,2,0.000399920015
10191926,10/19/1926,"October 19, 1926",40041,2,0.000400339847
11181926,11/18/1926,"November 18, 1926",40084,2,0.000400769674
11251926,11/25/1926,"November 25, 1926",40127,2,0.000401199502
12011926,12/01/1926,"December 01, 1926",40170,2,0.000401629329
12071926,12/07/1926,"December 07, 1926",40213,2,0.000402059157
12131926,12/13/1926,"December 13, 1926",40256,2,0.000402488984
12271926,12/27/1926,"December 27, 1926",40299,2,0.000402918810
12311926,12/31/1926,"December 31, 1926",40342,2,0.000403348637
01041927,01/04/1927,"January 04, 1927",40385,2,0.000403778464
01311927,01/31/1927,"January 31, 1927",40428,2,0.000404208290
02191927,02/19/1927,"February 19, 1927",28001,3,0.000279980801
02211927,02/21/1927,"February 21, 1927",40514,2,0.000405067942
02251927,02/25/1927,"February 25, 1927",40557,2,0.000405497768
03051927,03/05/1927,"March 05, 1927",40600,2,0.000405927593
03071927,03/07/1927,"March 07, 1927",40643,2,0.000406357419
03131927,03/13/1927,"March 13, 1927",40686,2,0.000406787244
03251927,03/25/1927,"March 25, 1927",40729,2,0.000407217069
04051927,04/05/1927,"April 05, 1927",40772,2,0.000407646894
04071927,04/07/1927,"April 07, 1927",40815,2,0.000408076718
04111927,04/11/1927,"April 11, 1927",40858,2,0.000408506543
07261927,07/26/1927,"July 26, 1927",40901,2,0.000408936367
08181927,08/18/1927,"August 18, 1927",40944,2,0.000409366191
08191927,08/19/1927,"August 19, 1927",40987,2,0.000409796015
08271927,08/27/1927,"August 27, 1927",41030,2,0.000410225838
09131927,09/13/1927,"September 13, 1927",41073,2,0.000410655662
09161927,09/16/1927,"September 16, 1927",41116,2,0.000411085485
09281927,09/28/1927,"September 28, 1927",41159,2,0.000411515308
10121927,10/12/1927,"October 12, 1927",41201,2,0.000411935136
10211927,10/21/1927,"October 21, 1927",41243,2,0.000412354962
10251927,10/25/1927,"October 25, 1927",41286,2,0.000412784785
11141927,11/14/1927,"November 14, 1927",41329,2,0.000413214607
12021927,12/02/1927,"December 02, 1927",41372,2,0.000413644430
12061927,12/06/1927,"December 06, 1927",41415,2,0.000414074252
12291927,12/29/1927,"December 29, 1927",41457,2,0.000414494078
01031928,01/03/1928,"January 03, 1928",41500,2,0.000414923899
01041928,01/04/1928,"January 04, 1928",41543,2,0.000415353721
01081928,01/08/1928,"January 08, 1928",41586,2,0.000415783542
01111928,01/11/1928,"January 11, 1928",41628,2,0.000416203368
01161928,01/16/1928,"January 16, 1928",41671,2,0.000416633188
01291928,01/29/1928,"January 29, 1928",41713,2,0.000417053013
01311928,01/31/1928,"January 31, 1928",41756,2,0.000417482834
02071928,02/07/1928,"February 07, 1928",41799,2,0.000417912654
02191928,02/19/1928,"February 19, 1928",41842,2,0.000418342475
02251928,02/25/1928,"February 25, 1928",41885,2,0.000418772295
03181928,03/18/1928,"March 18, 1928",41928,2,0.000419202114
03201928,03/20/1928,"March 20, 1928",41970,2,0.000419621938
03221928,03/22/1928,"March 22, 1928",42012,2,0.000420041762
05181928,05/18/1928,"May 18, 1928",42055,2,0.000420471581
05231928,05/23/1928,"May 23, 1928",42098,2,0.000420901400
05281928,05/28/1928,"May 28, 1928",42140,2,0.000421321224
06011928,06/01/1928,"June 01, 1928",42183,2,0.000421751042
06111928,06/11/1928,"June 11, 1928",42225,2,0.000422170865
06271928,06/27/1928,"June 27, 1928",42268,2,0.000422600683
07251928,07/25/1928,"July 25, 1928",42311,2,0.000423030502
07271928,07/27/1928,"July 27, 1928",42353,2,0.000423450324
08041928,08/04/1928,"August 04, 1928",42396,2,0.000423880142
08191928,08/19/1928,"August 19, 1928",42439,2,0.000424309959
08281928,08/28/1928,"August 28, 1928",42482,2,0.000424739777
09081928,09/08/1928,"September 08, 1928",42525,2,0.000425169594
09211928,09/21/1928,"September 21, 1928",42568,2,0.000425599411
10011928,10/01/1928,"October 01, 1928",82411,2,0.000823780515
10211928,10/21/1928,"October 21, 1928",42610,2,0.000426019232
10241928,10/24/1928,"October 24, 1928",42653,2,0.000426449049
11141928,11/14/1928,"November 14, 1928",42696,2,0.000426878866
11271928,11/27/1928,"November 27, 1928",42739,2,0.000427308682
12091928,12/09/1928,"December 09, 1928",42782,2,0.000427738498
12121928,12/12/1928,"December 12, 1928",42825,2,0.000428168314
12161928,12/16/1928,"December 16, 1928",42868,2,0.000428598130
01181929,01/18/1929,"January 18, 1929",42911,2,0.000429027945
01271929,01/27/1929,"January 27, 1929",42954,2,0.000429457761
04041929,04/04/1929,"April 04, 1929",42996,2,0.000429877580
04201929,04/20/1929,"April 20, 1929",43039,2,0.000430307396
05191929,05/19/1929,"May 19, 1929",29287,1,0.000292837118
05281929,05/28/1929,"May 28, 1929",43082,2,0.000430737210
06261929,06/26/1929,"June 26, 1929",43125,2,0.000431167025
07101929,07/10/1929,"July 10, 1929",43168,2,0.000431596840
07151929,07/15/1929,"July 15, 1929",43210,2,0.000432016658
08051929,08/05/1929,"August 05, 1929",43253,2,0.000432446472
08191929,08/19/1929,"August 19, 1929",43295,2,0.000432866291
09141929,09/14/1929,"September 14, 1929",43338,2,0.000433296104
09241929,09/24/1929,"September 24, 1929",43381,2,0.000433725918
10151929,10/15/1929,"October 15, 1929",43423,2,0.000434145736
10271929,10/27/1929,"October 27, 1929",43466,2,0.000434575549
10291929,10/29/1929,"October 29, 1929",43509,2,0.000435005362
11211929,11/21/1929,"November 21, 1929",43551,2,0.000435425179
11271929,11/27/1929,"November 27, 1929",43594,2,0.000435854992
11291929,11/29/1929,"November 29, 1929",43637,2,0.000436284804
12071929,12/07/1929,"December 07, 1929",43680,2,0.000436714617
12231929,12/23/1929,"December 23, 1929",43723,2,0.000437144429
01091930,01/09/1930,"January 09, 1930",43766,2,0.000437574241
01141930,01/14/1930,"January 14, 1930",43809,2,0.000438004053
01171930,01/17/1930,"January 17, 1930",43852,2,0.000438433864
02081930,02/08/1930,"February 08, 1930",43895,2,0.000438863676
02181930,02/18/1930,"February 18, 1930",43938,2,0.000439293487
02251930,02/25/1930,"February 25, 1930",43981,2,0.000439723298
03091930,03/09/1930,"March 09, 1930",44024,2,0.000440153109
03131930,03/13/1930,"March 13, 1930",44067,2,0.000440582919
03191930,03/19/1930,"March 19, 1930",44110,2,0.000441012730
03281930,03/28/1930,"March 28, 1930",44153,2,0.000441442540
04281930,04/28/1930,"April 28, 1930",44196,2,0.000441872350
05131930,05/13/1930,"May 13, 1930",44239,2,0.000442302160
05271930,05/27/1930,"May 27, 1930",44281,2,0.000442721974
06171930,06/17/1930,"June 17, 1930",44324,2,0.000443151784
06181930,06/18/1930,"June 18, 1930",44367,2,0.000443581593
07041930,07/04/1930,"July 04, 1930",44410,2,0.000444011402
07211930,07/21/1930,"July 21, 1930",44453,2,0.000444441211
07281930,07/28/1930,"July 28, 1930",44495,2,0.000444861024
08011930,08/01/1930,"August 01, 1930",44538,2,0.000445290833
08131930,08/13/1930,"August 13, 1930",44581,2,0.000445720641
08181930,08/18/1930,"August 18, 1930",44624,2,0.000446150450
08211930,08/21/1930,"August 21, 1930",44667,2,0.000446580258
09161930,09/16/1930,"September 16, 1930",44710,2,0.000447010066
09221930,09/22/1930,"September 22, 1930",44753,2,0.000447439873
10011930,10/01/1930,"October 01, 1930",44796,2,0.000447869681
10211930,10/21/1930,"October 21, 1930",44839,2,0.000448299488
11031930,11/03/1930,"November 03, 1930",44881,2,0.000448719300
11041930,11/04/1930,"November 04, 1930",44924,2,0.000449149107
11051930,11/05/1930,"November 05, 1930",44967,2,0.000449578914
11151930,11/15/1930,"November 15, 1930",45010,2,0.000450008720
11301930,11/30/1930,"November 30, 1930",45053,2,0.000450438527
12311930,12/31/1930,"December 31, 1930",45096,2,0.000450868333
01101931,01/10/1931,"January 10, 1931",45139,2,0.000451298139
01181931,01/18/1931,"January 18, 1931",45182,2,0.000451727945
01271931,01/27/1931,"January 27, 1931",45225,2,0.000452157750
01301931,01/30/1931,"January 30, 1931",27121,1,0.000271183226
01311931,01/31/1931,"January 31, 1931",45268,2,0.000452587556
02031931,02/03/1931,"February 03, 1931",45311,2,0.000453017361
02131931,02/13/1931,"February 13, 1931",45354,2,0.000453447166
02241931,02/24/1931,"February 24, 1931",45397,2,0.000453876971
03041931,03/04/1931,"March 04, 1931",45440,2,0.000454306776
03161931,03/16/1931,"March 16, 1931",45483,2,0.000454736581
04191931,04/19/1931,"April 19, 1931",45526,2,0.000455166385
04261931,04/26/1931,"April 26, 1931",45569,2,0.000455596189
05161931,05/16/1931,"May 16, 1931",45611,2,0.000456015998
05201931,05/20/1931,"May 20, 1931",177412,1,0.001772557179
05231931,05/23/1931,"May 23, 1931",45654,2,0.000456445801
05251931,05/25/1931,"May 25, 1931",45697,2,0.000456875605
06011931,06/01/1931,"June 01, 1931",45740,2,0.000457305409
06201931,06/20/1931,"June 20, 1931",45783,2,0.000457735212
06301931,06/30/1931,"June 30, 1931",45826,2,0.000458165015
07011931,07/01/1931,"July 01, 1931",45869,2,0.000458594818
07091931,07/09/1931,"July 09, 1931",45912,2,0.000459024621
07111931,07/11/1931,"July 11, 1931",45955,2,0.000459454423
07131931,07/13/1931,"July 13, 1931",45998,2,0.000459884225
07301931,07/30/1931,"July 30, 1931",46041,2,0.000460314028
08021931,08/02/1931,"August 02, 1931",46084,2,0.000460743830
08151931,08/15/1931,"August 15, 1931",46126,2,0.000461163636
08291931,08/29/1931,"August 29, 1931",46169,2,0.000461593438
09061931,09/06/1931,"September 06, 1931",46212,2,0.000462023239
09181931,09/18/1931,"September 18, 1931",46255,2,0.000462453040
09191931,09/19/1931,"September 19, 1931",46298,2,0.000462882841
10121931,10/12/1931,"October 12, 1931",46340,2,0.000463302647
10151931,10/15/1931,"October 15, 1931",46383,2,0.000463732448
10201931,10/20/1931,"October 20, 1931",46426,2,0.000464162248
10251931,10/25/1931,"October 25, 1931",46469,2,0.000464592048
10271931,10/27/1931,"October 27, 1931",46512,2,0.000465021848
11201931,11/20/1931,"November 20, 1931",46554,2,0.000465441653
01071932,01/07/1932,"January 07, 1932",46597,2,0.000465871453
01241932,01/24/1932,"January 24, 1932",46640,2,0.000466301252
02061932,02/06/1932,"February 06, 1932",46683,2,0.000466731052
02101932,02/10/1932,"February 10, 1932",46726,2,0.000467160851
02151932,02/15/1932,"February 15, 1932",46768,2,0.000467580655
03091932,03/09/1932,"March 09, 1932",46810,2,0.000468000458
03101932,03/10/1932,"March 10, 1932",46853,2,0.000468430257
04091932,04/09/1932,"April 09, 1932",46896,2,0.000468860055
04121932,04/12/1932,"April 12, 1932",46939,2,0.000469289854
04241932,04/24/1932,"April 24, 1932",46982,2,0.000469719652
05111932,05/11/1932,"May 11, 1932",47025,2,0.000470149450
05121932,05/12/1932,"May 12, 1932",47068,2,0.000470579248
05151932,05/15/1932,"May 15, 1932",47111,2,0.000471009045
05191932,05/19/1932,"May 19, 1932",28772,1,0.000287688613
05301932,05/30/1932,"May 30, 1932",47154,2,0.000471438842
06021932,06/02/1932,"June 02, 1932",47197,2,0.000471868640
06301932,06/30/1932,"June 30, 1932",47240,2,0.000472298437
07031932,07/03/1932,"July 03, 1932",47283,2,0.000472728234
07261932,07/26/1932,"July 26, 1932",47326,2,0.000473158030
08081932,08/08/1932,"August 08, 1932",47369,2,0.000473587827
08141932,08/14/1932,"August 14, 1932",47412,2,0.000474017623
08211932,08/21/1932,"August 21, 1932",47455,2,0.000474447419
09051932,09/05/1932,"September 05, 1932",47498,2,0.000474877215
09121932,09/12/1932,"September 12, 1932",47540,2,0.000475297015
09291932,09/29/1932,"September 29, 1932",47583,2,0.000475726811
10071932,10/07/1932,"October 07, 1932",171511,1,0.001713650039
10141932,10/14/1932,"October 14, 1932",47625,2,0.000476146611
10151932,10/15/1932,"October 15, 1932",47668,2,0.000476576406
10251932,10/25/1932,"October 25, 1932",47711,2,0.000477006201
10261932,10/26/1932,"October 26, 1932",47754,2,0.000477435996
11021932,11/02/1932,"November 02, 1932",47797,2,0.000477865791
11261932,11/26/1932,"November 26, 1932",47840,2,0.000478295585
12221932,12/22/1932,"December 22, 1932",47883,2,0.000478725379
12231932,12/23/1932,"December 23, 1932",47926,2,0.000479155173
12311932,12/31/1932,"December 31, 1932",47968,2,0.000479574972
01091933,01/09/1933,"January 09, 1933",48011,2,0.000480004766
02251933,02/25/1933,"February 25, 1933",48054,2,0.000480434559
03051933,03/05/1933,"March 05, 1933",48097,2,0.000480864352
03071933,03/07/1933,"March 07, 1933",48140,2,0.000481294146
03081933,03/08/1933,"March 08, 1933",48183,2,0.000481723939
03121933,03/12/1933,"March 12, 1933",48226,2,0.000482153731
04091933,04/09/1933,"April 09, 1933",48269,2,0.000482583524
04181933,04/18/1933,"April 18, 1933",48312,2,0.000483013316
05041933,05/04/1933,"May 04, 1933",48354,2,0.000483433113
05221933,05/22/1933,"May 22, 1933",48397,2,0.000483862905
05251933,05/25/1933,"May 25, 1933",48440,2,0.000484292697
06081933,06/08/1933,"June 08, 1933",48483,2,0.000484722489
06121933,06/12/1933,"June 12, 1933",48526,2,0.000485152280
06211933,06/21/1933,"June 21, 1933",48569,2,0.000485582072
06221933,06/22/1933,"June 22, 1933",48612,2,0.000486011863
07021933,07/02/1933,"July 02, 1933",48655,2,0.000486441654
07061933,07/06/1933,"July 06, 1933",48698,2,0.000486871444
07121933,07/12/1933,"July 12, 1933",48740,2,0.000487291240
07131933,07/13/1933,"July 13, 1933",48782,2,0.000487711035
07161933,07/16/1933,"July 16, 1933",48825,2,0.000488140825
07211933,07/21/1933,"July 21, 1933",48868,2,0.000488570615
07291933,07/29/1933,"July 29, 1933",48911,2,0.000489000405
08011933,08/01/1933,"August 01, 1933",48953,2,0.000489420200
08031933,08/03/1933,"August 03, 1933",48996,2,0.000489849989
08231933,08/23/1933,"August 23, 1933",49038,2,0.000490269783
09061933,09/06/1933,"September 06, 1933",49081,2,0.000490699572
09131933,09/13/1933,"September 13, 1933",49123,2,0.000491119366
09141933,09/14/1933,"September 14, 1933",49166,2,0.000491549155
09151933,09/15/1933,"September 15, 1933",49209,2,0.000491978944
09211933,09/21/1933,"September 21, 1933",49252,2,0.000492408732
09261933,09/26/1933,"September 26, 1933",49295,2,0.000492838520
10011933,10/01/1933,"October 01, 1933",49338,2,0.000493268308
10071933,10/07/1933,"October 07, 1933",49381,2,0.000493698096
10091933,10/09/1933,"October 09, 1933",49424,2,0.000494127884
12031933,12/03/1933,"December 03, 1933",49467,2,0.000494557671
12041933,12/04/1933,"December 04, 1933",49510,2,0.000494987458
12141933,12/14/1933,"December 14, 1933",49552,2,0.000495407250
12161933,12/16/1933,"December 16, 1933",49595,2,0.000495837037
12201933,12/20/1933,"December 20, 1933",49638,2,0.000496266824
01031934,01/03/1934,"January 03, 1934",49681,2,0.000496696610
01171934,01/17/1934,"January 17, 1934",49724,2,0.000497126397
02071934,02/07/1934,"February 07, 1934",49767,2,0.000497556183
02131934,02/13/1934,"February 13, 1934",49810,2,0.000497985969
02161934,02/16/1934,"February 16, 1934",49853,2,0.000498415755
02281934,02/28/1934,"February 28, 1934",49896,2,0.000498845540
03071934,03/07/1934,"March 07, 1934",49938,2,0.000499265331
03281934,03/28/1934,"March 28, 1934",49981,2,0.000499695116
04031934,04/03/1934,"April 03, 1934",50023,2,0.000500114906
04191934,04/19/1934,"April 19, 1934",28987,1,0.000289837992
04271934,04/27/1934,"April 27, 1934",50066,2,0.000500544691
05011934,05/01/1934,"May 01, 1934",50108,2,0.000500964480
05121934,05/12/1934,"May 12, 1934",50151,2,0.000501394265
06071934,06/07/1934,"June 07, 1934",50194,2,0.000501824049
06081934,06/08/1934,"June 08, 1934",50237,2,0.000502253833
06141934,06/14/1934,"June 14, 1934",50280,2,0.000502683617
06151934,06/15/1934,"June 15, 1934",50323,2,0.000503113401
06161934,06/16/1934,"June 16, 1934",50366,2,0.000503543185
06201934,06/20/1934,"June 20, 1934",50409,2,0.000503972968
06261934,06/26/1934,"June 26, 1934",50452,2,0.000504402751
07091934,07/09/1934,"July 09, 1934",50495,2,0.000504832534
08051934,08/05/1934,"August 05, 1934",50538,2,0.000505262317
08121934,08/12/1934,"August 12, 1934",50581,2,0.000505692100
08131934,08/13/1934,"August 13, 1934",50624,2,0.000506121882
08201934,08/20/1934,"August 20, 1934",50667,2,0.000506551664
08271934,08/27/1934,"August 27, 1934",50710,2,0.000506981447
09061934,09/06/1934,"September 06, 1934",50753,2,0.000507411228
09131934,09/13/1934,"September 13, 1934",50795,2,0.000507831015
09201934,09/20/1934,"September 20, 1934",50838,2,0.000508260797
10011934,10/01/1934,"October 01, 1934",50881,2,0.000508690578
10021934,10/02/1934,"October 02, 1934",50924,2,0.000509120359
10091934,10/09/1934,"October 09, 1934",50967,2,0.000509550140
11211934,11/21/1934,"November 21, 1934",51010,2,0.000509979921
11301934,11/30/1934,"November 30, 1934",51052,2,0.000510399707
12081934,12/08/1934,"December 08, 1934",51095,2,0.000510829487
01021935,01/02/1935,"January 02, 1935",51138,2,0.000511259268
01091935,01/09/1935,"January 09, 1935",51181,2,0.000511689048
01141935,01/14/1935,"January 14, 1935",51224,2,0.000512118828
02051935,02/05/1935,"February 05, 1935",51267,2,0.000512548607
02231935,02/23/1935,"February 23, 1935",51310,2,0.000512978387
02251935,02/25/1935,"February 25, 1935",51352,2,0.000513398171
03031935,03/03/1935,"March 03, 1935",51395,2,0.000513827950
03091935,03/09/1935,"March 09, 1935",51437,2,0.000514247734
03281935,03/28/1935,"March 28, 1935",51480,2,0.000514677513
04121935,04/12/1935,"April 12, 1935",51523,2,0.000515107292
04201935,04/20/1935,"April 20, 1935",51566,2,0.000515537070
04291935,04/29/1935,"April 29, 1935",51609,2,0.000515966848
05071935,05/07/1935,"May 07, 1935",51652,2,0.000516396627
06041935,06/04/1935,"June 04, 1935",51695,2,0.000516826404
06051935,06/05/1935,"June 05, 1935",51738,2,0.000517256182
07011935,07/01/1935,"July 01, 1935",51781,2,0.000517685960
07231935,07/23/1935,"July 23, 1935",51824,2,0.000518115737
07241935,07/24/1935,"July 24, 1935",51867,2,0.000518545514
08211935,08/21/1935,"August 21, 1935",51910,2,0.000518975291
08271935,08/27/1935,"August 27, 1935",51953,2,0.000519405068
09211935,09/21/1935,"September 21, 1935",51995,2,0.000519824849
09221935,09/22/1935,"September 22, 1935",52038,2,0.000520254626
09261935,09/26/1935,"September 26, 1935",52080,2,0.000520674407
09281935,09/28/1935,"September 28, 1935",52123,2,0.000521104183
09301935,09/30/1935,"September 30, 1935",52166,2,0.000521533959
10011935,10/01/1935,"October 01, 1935",52209,2,0.000521963735
10061935,10/06/1935,"October 06, 1935",52252,2,0.000522393510
10191935,10/19/1935,"October 19, 1935",52295,2,0.000522823285
10211935,10/21/1935,"October 21, 1935",52337,2,0.000523243066
10241935,10/24/1935,"October 24, 1935",52380,2,0.000523672841
11121935,11/12/1935,"November 12, 1935",52423,2,0.000524102615
12191935,12/19/1935,"December 19, 1935",52466,2,0.000524532390
01021936,01/02/1936,"January 02, 1936",52509,2,0.000524962164
01101936,01/10/1936,"January 10, 1936",52552,2,0.000525391939
01131936,01/13/1936,"January 13, 1936",52595,2,0.000525821713
01181936,01/18/1936,"January 18, 1936",52638,2,0.000526251486
02091936,02/09/1936,"February 09, 1936",52681,2,0.000526681260
02161936,02/16/1936,"February 16, 1936",52724,2,0.000527111033
02171936,02/17/1936,"February 17, 1936",52767,2,0.000527540807
02201936,02/20/1936,"February 20, 1936",52810,2,0.000527970580
02271936,02/27/1936,"February 27, 1936",52853,2,0.000528400353
02281936,02/28/1936,"February 28, 1936",52896,2,0.000528830125
03041936,03/04/1936,"March 04, 1936",52939,2,0.000529259898
03061936,03/06/1936,"March 06, 1936",52982,2,0.000529689670
03181936,03/18/1936,"March 18, 1936",53025,2,0.000530119442
03221936,03/22/1936,"March 22, 1936",53068,2,0.000530549214
03241936,03/24/1936,"March 24, 1936",53110,2,0.000530968991
03271936,03/27/1936,"March 27, 1936",53153,2,0.000531398763
03291936,03/29/1936,"March 29, 1936",53196,2,0.000531828534
04181936,04/18/1936,"April 18, 1936",53239,2,0.000532258306
04191936,04/19/1936,"April 19, 1936",53282,2,0.000532688077
05011936,05/01/1936,"May 01, 1936",53325,2,0.000533117847
05091936,05/09/1936,"May 09, 1936",126048,1,0.001259695929
05271936,05/27/1936,"May 27, 1936",53368,2,0.000533547618
05311936,05/31/1936,"May 31, 1936",53411,2,0.000533977389
06111936,06/11/1936,"June 11, 1936",53454,2,0.000534407159
06141936,06/14/1936,"June 14, 1936",53496,2,0.000534826934
07091936,07/09/1936,"July 09, 1936",53539,2,0.000535256704
07141936,07/14/1936,"July 14, 1936",53581,2,0.000535676479
07231936,07/23/1936,"July 23, 1936",53624,2,0.000536106249
07251936,07/25/1936,"July 25, 1936",53667,2,0.000536536018
08041936,08/04/1936,"August 04, 1936",53710,2,0.000536965788
08171936,08/17/1936,"August 17, 1936",53753,2,0.000537395557
08201936,08/20/1936,"August 20, 1936",53794,2,0.000537805336
09041936,09/04/1936,"September 04, 1936",53837,2,0.000538235105
09221936,09/22/1936,"September 22, 1936",53880,2,0.000538664873
09261936,09/26/1936,"September 26, 1936",53923,2,0.000539094642
09271936,09/27/1936,"September 27, 1936",53966,2,0.000539524410
09291936,09/29/1936,"September 29, 1936",54009,2,0.000539954178
10021936,10/02/1936,"October 02, 1936",54052,2,0.000540383945
10031936,10/03/1936,"October 03, 1936",54095,2,0.000540813713
10061936,10/06/1936,"October 06, 1936",54137,2,0.000541233486
10071936,10/07/1936,"October 07, 1936",54180,2,0.000541663253
10101936,10/10/1936,"October 10, 1936",54223,2,0.000542093020
10151936,10/15/1936,"October 15, 1936",54266,2,0.000542522787
10171936,10/17/1936,"October 17, 1936",54309,2,0.000542952553
10201936,10/20/1936,"October 20, 1936",54352,2,0.000543382320
10231936,10/23/1936,"October 23, 1936",54395,2,0.000543812086
11071936,11/07/1936,"November 07, 1936",54438,2,0.000544241852
11271936,11/27/1936,"November 27, 1936",54481,2,0.000544671618
12241936,12/24/1936,"December 24, 1936",54524,2,0.000545101384
02091937,02/09/1937,"February 09, 1937",54567,2,0.000545531149
03051937,03/05/1937,"March 05, 1937",54610,2,0.000545960915
03311937,03/31/1937,"March 31, 1937",54652,2,0.000546380685
04031937,04/03/1937,"April 03, 1937",54695,2,0.000546810450
04231937,04/23/1937,"April 23, 1937",54738,2,0.000547240215
04261937,04/26/1937,"April 26, 1937",54780,2,0.000547659985
05191937,05/19/1937,"May 19, 1937",54823,2,0.000548089749
05281937,05/28/1937,"May 28, 1937",54866,2,0.000548519514
06031937,06/03/1937,"June 03, 1937",54909,2,0.000548949278
06271937,06/27/1937,"June 27, 1937",54952,2,0.000549379042
07041937,07/04/1937,"July 04, 1937",54995,2,0.000549808805
08081937,08/08/1937,"August 08, 1937",55036,2,0.000550218580
08161937,08/16/1937,"August 16, 1937",55079,2,0.000550648343
08191937,08/19/1937,"August 19, 1937",55122,2,0.000551078106
08251937,08/25/1937,"August 25, 1937",55165,2,0.000551507869
08271937,08/27/1937,"August 27, 1937",55208,2,0.000551937632
09191937,09/19/1937,"September 19, 1937",55249,2,0.000552347406
10111937,10/11/1937,"October 11, 1937",55292,2,0.000552777168
10141937,10/14/1937,"October 14, 1937",55335,2,0.000553206930
10171937,10/17/1937,"October 17, 1937",55378,2,0.000553636692
10191937,10/19/1937,"October 19, 1937",55421,2,0.000554066454
10261937,10/26/1937,"October 26, 1937",55464,2,0.000554496216
11111937,11/11/1937,"November 11, 1937",55507,2,0.000554925977
11241937,11/24/1937,"November 24, 1937",55550,2,0.000555355738
12191937,12/19/1937,"December 19, 1937",55593,2,0.000555785500
12231937,12/23/1937,"December 23, 1937",55636,2,0.000556215260
01031938,01/03/1938,"January 03, 1938",55679,2,0.000556645021
01151938,01/15/1938,"January 15, 1938",55722,2,0.000557074782
01211938,01/21/1938,"January 21, 1938",55765,2,0.000557504542
01291938,01/29/1938,"January 29, 1938",55808,2,0.000557934302
02071938,02/07/1938,"February 07, 1938",59140,1,0.000591235158
02151938,02/15/1938,"February 15, 1938",55851,2,0.000558364062
03101938,03/10/1938,"March 10, 1938",55894,2,0.000558793822
04041938,04/04/1938,"April 04, 1938",55936,2,0.000559213587
04181938,04/18/1938,"April 18, 1938",55979,2,0.000559643347
04191938,04/19/1938,"April 19, 1938",56022,2,0.000560073106
04251938,04/25/1938,"April 25, 1938",56065,2,0.000560502865
05021938,05/02/1938,"May 02, 1938",56108,2,0.000560932624
05061938,05/06/1938,"May 06, 1938",56151,2,0.000561362383
05081938,05/08/1938,"May 08, 1938",56194,2,0.000561792141
05121938,05/12/1938,"May 12, 1938",56237,2,0.000562221900
05181938,05/18/1938,"May 18, 1938",56280,2,0.000562651658
05251938,05/25/1938,"May 25, 1938",56323,2,0.000563081416
05261938,05/26/1938,"May 26, 1938",56366,2,0.000563511174
06041938,06/04/1938,"June 04, 1938",56409,2,0.000563940931
06281938,06/28/1938,"June 28, 1938",56452,2,0.000564370689
07071938,07/07/1938,"July 07, 1938",56495,2,0.000564800446
07311938,07/31/1938,"July 31, 1938",56538,2,0.000565230203
08091938,08/09/1938,"August 09, 1938",56581,2,0.000565659960
08231938,08/23/1938,"August 23, 1938",56624,2,0.000566089716
09121938,09/12/1938,"September 12, 1938",56667,2,0.000566519473
09151938,09/15/1938,"September 15, 1938",56709,2,0.000566939235
09181938,09/18/1938,"September 18, 1938",56752,2,0.000567368991
10031938,10/03/1938,"October 03, 1938",56795,2,0.000567798747
10051938,10/05/1938,"October 05, 1938",104151,1,0.001040977817
10141938,10/14/1938,"October 14, 1938",56838,2,0.000568228503
11061938,11/06/1938,"November 06, 1938",56881,2,0.000568658258
11191938,11/19/1938,"November 19, 1938",56924,2,0.000569088014
11211938,11/21/1938,"November 21, 1938",56967,2,0.000569517769
11241938,11/24/1938,"November 24, 1938",57009,2,0.000569937530
11261938,11/26/1938,"November 26, 1938",57052,2,0.000570367284
12101938,12/10/1938,"December 10, 1938",57095,2,0.000570797039
12151938,12/15/1938,"December 15, 1938",57138,2,0.000571226794
12161938,12/16/1938,"December 16, 1938",57181,2,0.000571656548
12191938,12/19/1938,"December 19, 1938",57224,2,0.000572086302
12221938,12/22/1938,"December 22, 1938",57267,2,0.000572516056
01091939,01/09/1939,"January 09, 1939",57310,2,0.000572945810
01121939,01/12/1939,"January 12, 1939",57352,2,0.000573365569
01141939,01/14/1939,"January 14, 1939",57394,2,0.000573785328
02071939,02/07/1939,"February 07, 1939",57437,2,0.000574215081
02091939,02/09/1939,"February 09, 1939",57480,2,0.000574644834
02251939,02/25/1939,"February 25, 1939",57523,2,0.000575074587
03031939,03/03/1939,"March 03, 1939",57566,2,0.000575504340
03091939,03/09/1939,"March 09, 1939",57609,2,0.000575934092
03131939,03/13/1939,"March 13, 1939",57652,2,0.000576363844
03281939,03/28/1939,"March 28, 1939",57694,2,0.000576783602
04081939,04/08/1939,"April 08, 1939",57737,2,0.000577213354
04101939,04/10/1939,"April 10, 1939",57780,2,0.000577643106
05051939,05/05/1939,"May 05, 1939",57823,2,0.000578072857
05221939,05/22/1939,"May 22, 1939",57865,2,0.000578492614
05271939,05/27/1939,"May 27, 1939",57908,2,0.000578922366
05311939,05/31/1939,"May 31, 1939",57951,2,0.000579352117
06061939,06/06/1939,"June 06, 1939",57994,2,0.000579781867
06151939,06/15/1939,"June 15, 1939",58037,2,0.000580211618
06181939,06/18/1939,"June 18, 1939",58078,2,0.000580621380
07091939,07/09/1939,"July 09, 1939",58121,2,0.000581051130
07141939,07/14/1939,"July 14, 1939",58164,2,0.000581480880
08091939,08/09/1939,"August 09, 1939",58207,2,0.000581910630
08131939,08/13/1939,"August 13, 1939",58250,2,0.000582340380
08171939,08/17/1939,"August 17, 1939",58293,2,0.000582770129
08301939,08/30/1939,"August 30, 1939",58336,2,0.000583199879
09061939,09/06/1939,"September 06, 1939",58379,2,0.000583629628
09171939,09/17/1939,"September 17, 1939",58422,2,0.000584059377
10021939,10/02/1939,"October 02, 1939",58465,2,0.000584489126
10031939,10/03/1939,"October 03, 1939",59224,1,0.000592074661
10111939,10/11/1939,"October 11, 1939",58508,2,0.000584918874
10211939,10/21/1939,"October 21, 1939",58551,2,0.000585348622
11051939,11/05/1939,"November 05, 1939",58594,2,0.000585778371
11061939,11/06/1939,"November 06, 1939",58637,2,0.000586208119
12021939,12/02/1939,"December 02, 1939",58680,2,0.000586637867
12181939,12/18/1939,"December 18, 1939",58723,2,0.000587067614
01101940,01/10/1940,"January 10, 1940",58766,2,0.000587497362
01131940,01/13/1940,"January 13, 1940",58809,2,0.000587927109
02121940,02/12/1940,"February 12, 1940",58852,2,0.000588356856
03141940,03/14/1940,"March 14, 1940",58895,2,0.000588786603
03181940,03/18/1940,"March 18, 1940",58937,2,0.000589206356
03191940,03/19/1940,"March 19, 1940",58980,2,0.000589636102
03221940,03/22/1940,"March 22, 1940",59023,2,0.000590065849
03251940,03/25/1940,"March 25, 1940",59066,2,0.000590495595
03301940,03/30/1940,"March 30, 1940",59109,2,0.000590925341
04171940,04/17/1940,"April 17, 1940",59152,2,0.000591355087
04301940,04/30/1940,"April 30, 1940",59195,2,0.000591784832
05021940,05/02/1940,"May 02, 1940",59238,2,0.000592214578
05101940,05/10/1940,"May 10, 1940",59281,2,0.000592644323
05151940,05/15/1940,"May 15, 1940",59323,2,0.000593064074
06031940,06/03/1940,"June 03, 1940",59366,2,0.000593493819
06111940,06/11/1940,"June 11, 1940",59409,2,0.000593923563
06141940,06/14/1940,"June 14, 1940",59452,2,0.000594353308
06161940,06/16/1940,"June 16, 1940",59495,2,0.000594783052
06171940,06/17/1940,"June 17, 1940",59538,2,0.000595212797
06191940,06/19/1940,"June 19, 1940",59581,2,0.000595642540
06231940,06/23/1940,"June 23, 1940",59624,2,0.000596072284
06271940,06/27/1940,"June 27, 1940",59667,2,0.000596502028
07111940,07/11/1940,"July 11, 1940",59710,2,0.000596931771
07181940,07/18/1940,"July 18, 1940",59753,2,0.000597361515
07231940,07/23/1940,"July 23, 1940",59796,2,0.000597791258
08021940,08/02/1940,"August 02, 1940",59839,2,0.000598221000
08051940,08/05/1940,"August 05, 1940",59881,2,0.000598640749
08211940,08/21/1940,"August 21, 1940",59923,2,0.000599060498
09111940,09/11/1940,"September 11, 1940",59966,2,0.000599490240
09171940,09/17/1940,"September 17, 1940",60009,2,0.000599919982
10021940,10/02/1940,"October 02, 1940",131153,1,0.001310680320
10061940,10/06/1940,"October 06, 1940",96654,1,0.000966083051
10091940,10/09/1940,"October 09, 1940",60052,2,0.000600349724
10271940,10/27/1940,"October 27, 1940",60095,2,0.000600779466
10291940,10/29/1940,"October 29, 1940",60138,2,0.000601209207
10301940,10/30/1940,"October 30, 1940",60180,2,0.000601628955
11051940,11/05/1940,"November 05, 1940",60223,2,0.000602058696
11061940,11/06/1940,"November 06, 1940",60266,2,0.000602488437
11221940,11/22/1940,"November 22, 1940",60309,2,0.000602918178
12021940,12/02/1940,"December 02, 1940",60352,2,0.000603347918
12121940,12/12/1940,"December 12, 1940",60395,2,0.000603777659
12191940,12/19/1940,"December 19, 1940",60438,2,0.000604207399
01021941,01/02/1941,"January 02, 1941",60481,2,0.000604637139
01031941,01/03/1941,"January 03, 1941",60524,2,0.000605066879
01201941,01/20/1941,"January 20, 1941",60567,2,0.000605496619
02041941,02/04/1941,"February 04, 1941",60610,2,0.000605926359
02091941,02/09/1941,"February 09, 1941",60653,2,0.000606356098
02131941,02/13/1941,"February 13, 1941",60696,2,0.000606785837
03121941,03/12/1941,"March 12, 1941",60739,2,0.000607215576
03161941,03/16/1941,"March 16, 1941",60782,2,0.000607645315
03261941,03/26/1941,"March 26, 1941",60825,2,0.000608075053
04121941,04/12/1941,"April 12, 1941",60868,2,0.000608504792
04191941,04/19/1941,"April 19, 1941",60911,2,0.000608934530
05301941,05/30/1941,"May 30, 1941",60952,2,0.000609344280
06131941,06/13/1941,"June 13, 1941",60995,2,0.000609774018
06181941,06/18/1941,"June 18, 1941",61038,2,0.000610203756
06201941,06/20/1941,"June 20, 1941",61081,2,0.000610633494
06291941,06/29/1941,"June 29, 1941",61124,2,0.000611063231
07101941,07/10/1941,"July 10, 1941",61167,2,0.000611492968
07251941,07/25/1941,"July 25, 1941",61210,2,0.000611922705
08241941,08/24/1941,"August 24, 1941",61252,2,0.000612342448
08301941,08/30/1941,"August 30, 1941",61295,2,0.000612772185
09041941,09/04/1941,"September 04, 1941",61338,2,0.000613201921
09081941,09/08/1941,"September 08, 1941",61381,2,0.000613631657
09091941,09/09/1941,"September 09, 1941",61424,2,0.000614061393
10201941,10/20/1941,"October 20, 1941",61466,2,0.000614481135
10251941,10/25/1941,"October 25, 1941",61509,2,0.000614910871
11031941,11/03/1941,"November 03, 1941",61552,2,0.000615340606
11051941,11/05/1941,"November 05, 1941",61595,2,0.000615770342
11091941,11/09/1941,"November 09, 1941",61638,2,0.000616200077
11141941,11/14/1941,"November 14, 1941",61681,2,0.000616629812
12141941,12/14/1941,"December 14, 1941",61724,2,0.000617059547
01061942,01/06/1942,"January 06, 1942",61767,2,0.000617489281
01071942,01/07/1942,"January 07, 1942",61809,2,0.000617909022
01271942,01/27/1942,"January 27, 1942",61852,2,0.000618338756
01281942,01/28/1942,"January 28, 1942",61895,2,0.000618768490
02251942,02/25/1942,"February 25, 1942",61938,2,0.000619198224
02271942,02/27/1942,"February 27, 1942",61981,2,0.000619627957
03041942,03/04/1942,"March 04, 1942",62024,2,0.000620057691
03211942,03/21/1942,"March 21, 1942",62067,2,0.000620487424
03221942,03/22/1942,"March 22, 1942",62110,2,0.000620917157
04111942,04/11/1942,"April 11, 1942",62153,2,0.000621346890
04161942,04/16/1942,"April 16, 1942",62196,2,0.000621776623
04211942,04/21/1942,"April 21, 1942",62239,2,0.000622206356
04241942,04/24/1942,"April 24, 1942",62282,2,0.000622636088
04251942,04/25/1942,"April 25, 1942",62325,2,0.000623065820
05021942,05/02/1942,"May 02, 1942",62368,2,0.000623495552
05071942,05/07/1942,"May 07, 1942",62410,2,0.000623915290
05301942,05/30/1942,"May 30, 1942",62453,2,0.000624345022
06021942,06/02/1942,"June 02, 1942",62496,2,0.000624774753
06031942,06/03/1942,"June 03, 1942",62538,2,0.000625194491
06081942,06/08/1942,"June 08, 1942",62581,2,0.000625624222
06101942,06/10/1942,"June 10, 1942",62624,2,0.000626053953
06161942,06/16/1942,"June 16, 1942",62667,2,0.000626483683
07081942,07/08/1942,"July 08, 1942",62710,2,0.000626913414
07201942,07/20/1942,"July 20, 1942",62752,2,0.000627333151
08181942,08/18/1942,"August 18, 1942",62794,2,0.000627752887
08281942,08/28/1942,"August 28, 1942",62837,2,0.000628182617
09051942,09/05/1942,"September 05, 1942",62880,2,0.000628612347
09181942,09/18/1942,"September 18, 1942",62922,2,0.000629032083
09211942,09/21/1942,"September 21, 1942",62965,2,0.000629461812
09251942,09/25/1942,"September 25, 1942",63008,2,0.000629891541
09301942,09/30/1942,"September 30, 1942",63051,2,0.000630321270
10111942,10/11/1942,"October 11, 1942",63094,2,0.000630750999
10151942,10/15/1942,"October 15, 1942",63137,2,0.000631180728
10181942,10/18/1942,"October 18, 1942",63178,2,0.000631590469
10241942,10/24/1942,"October 24, 1942",63218,2,0.000631990216
11111942,11/11/1942,"November 11, 1942",63260,2,0.000632409951
11121942,11/12/1942,"November 12, 1942",63303,2,0.000632839679
11131942,11/13/1942,"November 13, 1942",63346,2,0.000633269407
11171942,11/17/1942,"November 17, 1942",63389,2,0.000633699134
11211942,11/21/1942,"November 21, 1942",63432,2,0.000634128862
11221942,11/22/1942,"November 22, 1942",63475,2,0.000634558589
12061942,12/06/1942,"December 06, 1942",63517,2,0.000634978322
12081942,12/08/1942,"December 08, 1942",63560,2,0.000635408049
12091942,12/09/1942,"December 09, 1942",63603,2,0.000635837776
12111942,12/11/1942,"December 11, 1942",63646,2,0.000636267502
12151942,12/15/1942,"December 15, 1942",63689,2,0.000636697229
12221942,12/22/1942,"December 22, 1942",63732,2,0.000637126955
01081943,01/08/1943,"January 08, 1943",63775,2,0.000637556681
01121943,01/12/1943,"January 12, 1943",63817,2,0.000637976413
01191943,01/19/1943,"January 19, 1943",63860,2,0.000638406138
02011943,02/01/1943,"February 01, 1943",63903,2,0.000638835864
02131943,02/13/1943,"February 13, 1943",63946,2,0.000639265589
02161943,02/16/1943,"February 16, 1943",63989,2,0.000639695314
02211943,02/21/1943,"February 21, 1943",64032,2,0.000640125039
02271943,02/27/1943,"February 27, 1943",64075,2,0.000640554764
03101943,03/10/1943,"March 10, 1943",64118,2,0.000640984488
03261943,03/26/1943,"March 26, 1943",64160,2,0.000641404219
03311943,03/31/1943,"March 31, 1943",64203,2,0.000641833943
04021943,04/02/1943,"April 02, 1943",64246,2,0.000642263667
04291943,04/29/1943,"April 29, 1943",64289,2,0.000642693391
05151943,05/15/1943,"May 15, 1943",64332,2,0.000643123114
05181943,05/18/1943,"May 18, 1943",64375,2,0.000643552837
05261943,05/26/1943,"May 26, 1943",64418,2,0.000643982561
06211943,06/21/1943,"June 21, 1943",64461,2,0.000644412284
06221943,06/22/1943,"June 22, 1943",64504,2,0.000644842006
07021943,07/02/1943,"July 02, 1943",64547,2,0.000645271729
07031943,07/03/1943,"July 03, 1943",64590,2,0.000645701452
07071943,07/07/1943,"July 07, 1943",64633,2,0.000646131174
07081943,07/08/1943,"July 08, 1943",64676,2,0.000646560896
07151943,07/15/1943,"July 15, 1943",64718,2,0.000646980624
07271943,07/27/1943,"July 27, 1943",64761,2,0.000647410346
08131943,08/13/1943,"August 13, 1943",64804,2,0.000647840067
08151943,08/15/1943,"August 15, 1943",64847,2,0.000648269789
09041943,09/04/1943,"September 04, 1943",64890,2,0.000648699510
09111943,09/11/1943,"September 11, 1943",64933,2,0.000649129231
10071943,10/07/1943,"October 07, 1943",64976,2,0.000649558952
10081943,10/08/1943,"October 08, 1943",65019,2,0.000649988672
10101943,10/10/1943,"October 10, 1943",65062,2,0.000650418393
10151943,10/15/1943,"October 15, 1943",65105,2,0.000650848113
10231943,10/23/1943,"October 23, 1943",65148,2,0.000651277833
10261943,10/26/1943,"October 26, 1943",65191,2,0.000651707553
11091943,11/09/1943,"November 09, 1943",65233,2,0.000652127279
11221943,11/22/1943,"November 22, 1943",65274,2,0.000652537012
11251943,11/25/1943,"November 25, 1943",65317,2,0.000652966731
12041943,12/04/1943,"December 04, 1943",65360,2,0.000653396450
12141943,12/14/1943,"December 14, 1943",65403,2,0.000653826169
12221943,12/22/1943,"December 22, 1943",65446,2,0.000654255888
01021944,01/02/1944,"January 02, 1944",65489,2,0.000654685606
01091944,01/09/1944,"January 09, 1944",65532,2,0.000655115325
02201944,02/20/1944,"February 20, 1944",177369,1,0.001772127942
03171944,03/17/1944,"March 17, 1944",65575,2,0.000655545043
04031944,04/03/1944,"April 03, 1944",65618,2,0.000655974761
04091944,04/09/1944,"April 09, 1944",65661,2,0.000656404479
04161944,04/16/1944,"April 16, 1944",149846,1,0.001497347869
04291944,04/29/1944,"April 29, 1944",65704,2,0.000656834196
05171944,05/17/1944,"May 17, 1944",65747,2,0.000657263914
05271944,05/27/1944,"May 27, 1944",65790,2,0.000657693631
05311944,05/31/1944,"May 31, 1944",65833,2,0.000658123348
06131944,06/13/1944,"June 13, 1944",65876,2,0.000658553065
06141944,06/14/1944,"June 14, 1944",65919,2,0.000658982782
06161944,06/16/1944,"June 16, 1944",65962,2,0.000659412499
06291944,06/29/1944,"June 29, 1944",66004,2,0.000659832222
06301944,06/30/1944,"June 30, 1944",66047,2,0.000660261938
07111944,07/11/1944,"July 11, 1944",66090,2,0.000660691654
07191944,07/19/1944,"July 19, 1944",66133,2,0.000661121370
07271944,07/27/1944,"July 27, 1944",66176,2,0.000661551085
08121944,08/12/1944,"August 12, 1944",66219,2,0.000661980801
08201944,08/20/1944,"August 20, 1944",66262,2,0.000662410516
09031944,09/03/1944,"September 03, 1944",66305,2,0.000662840231
09141944,09/14/1944,"September 14, 1944",66348,2,0.000663269946
09161944,09/16/1944,"September 16, 1944",66391,2,0.000663699661
09171944,09/17/1944,"September 17, 1944",66434,2,0.000664129375
09221944,09/22/1944,"September 22, 1944",66477,2,0.000664559089
09291944,09/29/1944,"September 29, 1944",66519,2,0.000664978810
10051944,10/05/1944,"October 05, 1944",66561,2,0.000665398531
10101944,10/10/1944,"October 10, 1944",66604,2,0.000665828245
10171944,10/17/1944,"October 17, 1944",66646,2,0.000666247965
10281944,10/28/1944,"October 28, 1944",66689,2,0.000666677678
11041944,11/04/1944,"November 04, 1944",66732,2,0.000667107392
11131944,11/13/1944,"November 13, 1944",66775,2,0.000667537105
11181944,11/18/1944,"November 18, 1944",66818,2,0.000667966817
11291944,11/29/1944,"November 29, 1944",66861,2,0.000668396530
12281944,12/28/1944,"December 28, 1944",66904,2,0.000668826243
12291944,12/29/1944,"December 29, 1944",66946,2,0.000669245962
01051945,01/05/1945,"January 05, 1945",66989,2,0.000669675674
01061945,01/06/1945,"January 06, 1945",67032,2,0.000670105386
01121945,01/12/1945,"January 12, 1945",67075,2,0.000670535098
01151945,01/15/1945,"January 15, 1945",67118,2,0.000670964809
01161945,01/16/1945,"January 16, 1945",67161,2,0.000671394520
02171945,02/17/1945,"February 17, 1945",67204,2,0.000671824232
04021945,04/02/1945,"April 02, 1945",67247,2,0.000672253943
04031945,04/03/1945,"April 03, 1945",67289,2,0.000672673660
04121945,04/12/1945,"April 12, 1945",67331,2,0.000673093378
04171945,04/17/1945,"April 17, 1945",67374,2,0.000673523088
04241945,04/24/1945,"April 24, 1945",67417,2,0.000673952798
05041945,05/04/1945,"May 04, 1945",67460,2,0.000674382509
05131945,05/13/1945,"May 13, 1945",67503,2,0.000674812219
05151945,05/15/1945,"May 15, 1945",67546,2,0.000675241928
05191945,05/19/1945,"May 19, 1945",67589,2,0.000675671638
05261945,05/26/1945,"May 26, 1945",67632,2,0.000676101347
06031945,06/03/1945,"June 03, 1945",67675,2,0.000676531056
06131945,06/13/1945,"June 13, 1945",67718,2,0.000676960765
06201945,06/20/1945,"June 20, 1945",67761,2,0.000677390474
07091945,07/09/1945,"July 09, 1945",67804,2,0.000677820183
08031945,08/03/1945,"August 03, 1945",67847,2,0.000678249891
08201945,08/20/1945,"August 20, 1945",67890,2,0.000678679600
08241945,08/24/1945,"August 24, 1945",67933,2,0.000679109308
08251945,08/25/1945,"August 25, 1945",67976,2,0.000679539016
09021945,09/02/1945,"September 02, 1945",68019,2,0.000679968723
09041945,09/04/1945,"September 04, 1945",68062,2,0.000680398431
09101945,09/10/1945,"September 10, 1945",68105,2,0.000680828138
09301945,09/30/1945,"September 30, 1945",68148,2,0.000681257845
10051945,10/05/1945,"October 05, 1945",68191,2,0.000681687552
11011945,11/01/1945,"November 01, 1945",68234,2,0.000682117259
11041945,11/04/1945,"November 04, 1945",68277,2,0.000682546966
11051945,11/05/1945,"November 05, 1945",68320,2,0.000682976672
11151945,11/15/1945,"November 15, 1945",68363,2,0.000683406378
11171945,11/17/1945,"November 17, 1945",68406,2,0.000683836084
11221945,11/22/1945,"November 22, 1945",68449,2,0.000684265790
11301945,11/30/1945,"November 30, 1945",68492,2,0.000684695496
12101945,12/10/1945,"December 10, 1945",68535,2,0.000685125201
12281945,12/28/1945,"December 28, 1945",68578,2,0.000685554907
12301945,12/30/1945,"December 30, 1945",68621,2,0.000685984612
01291946,01/29/1946,"January 29, 1946",68664,2,0.000686414317
03231946,03/23/1946,"March 23, 1946",68707,2,0.000686844021
04081946,04/08/1946,"April 08, 1946",68750,2,0.000687273726
04131946,04/13/1946,"April 13, 1946",68793,2,0.000687703430
05031946,05/03/1946,"May 03, 1946",68836,2,0.000688133135
05061946,05/06/1946,"May 06, 1946",68879,2,0.000688562839
05101946,05/10/1946,"May 10, 1946",68922,2,0.000688992542
05171946,05/17/1946,"May 17, 1946",68965,2,0.000689422246
05191946,05/19/1946,"May 19, 1946",28044,3,0.000280410680
05221946,05/22/1946,"May 22, 1946",69051,2,0.000690281653
06101946,06/10/1946,"June 10, 1946",69094,2,0.000690711356
06181946,06/18/1946,"June 18, 1946",69136,2,0.000691131066
06301946,06/30/1946,"June 30, 1946",69179,2,0.000691560768
07111946,07/11/1946,"July 11, 1946",69222,2,0.000691990471
07151946,07/15/1946,"July 15, 1946",69265,2,0.000692420173
07231946,07/23/1946,"July 23, 1946",69308,2,0.000692849876
07311946,07/31/1946,"July 31, 1946",69351,2,0.000693279578
08101946,08/10/1946,"August 10, 1946",69394,2,0.000693709279
08181946,08/18/1946,"August 18, 1946",69437,2,0.000694138981
08281946,08/28/1946,"August 28, 1946",69479,2,0.000694558689
09121946,09/12/1946,"September 12, 1946",69521,2,0.000694978398
09151946,09/15/1946,"September 15, 1946",69564,2,0.000695408099
09201946,09/20/1946,"September 20, 1946",69607,2,0.000695837799
09301946,09/30/1946,"September 30, 1946",69650,2,0.000696267500
10041946,10/04/1946,"October 04, 1946",69693,2,0.000696697201
10091946,10/09/1946,"October 09, 1946",58451,1,0.000584349207
10111946,10/11/1946,"October 11, 1946",69736,2,0.000697126901
11051946,11/05/1946,"November 05, 1946",69779,2,0.000697556601
11201946,11/20/1946,"November 20, 1946",69821,2,0.000697976308
11261946,11/26/1946,"November 26, 1946",69864,2,0.000698406008
12061946,12/06/1946,"December 06, 1946",69907,2,0.000698835708
12121946,12/12/1946,"December 12, 1946",69950,2,0.000699265407
12181946,12/18/1946,"December 18, 1946",69993,2,0.000699695106
01051947,01/05/1947,"January 05, 1947",70036,2,0.000700124805
03061947,03/06/1947,"March 06, 1947",70079,2,0.000700554504
03211947,03/21/1947,"March 21, 1947",70122,2,0.000700984203
04211947,04/21/1947,"April 21, 1947",70165,2,0.000701413901
05111947,05/11/1947,"May 11, 1947",70208,2,0.000701843600
05261947,05/26/1947,"May 26, 1947",70251,2,0.000702273298
05271947,05/27/1947,"May 27, 1947",70294,2,0.000702702996
06141947,06/14/1947,"June 14, 1947",70337,2,0.000703132693
06181947,06/18/1947,"June 18, 1947",70380,2,0.000703562391
07151947,07/15/1947,"July 15, 1947",70423,2,0.000703992088
07241947,07/24/1947,"July 24, 1947",70466,2,0.000704421785
07281947,07/28/1947,"July 28, 1947",70509,2,0.000704851482
08051947,08/05/1947,"August 05, 1947",70552,2,0.000705281179
09071947,09/07/1947,"September 07, 1947",70594,2,0.000705700883
09101947,09/10/1947,"September 10, 1947",70636,2,0.000706120587
09231947,09/23/1947,"September 23, 1947",70678,2,0.000706540290
09241947,09/24/1947,"September 24, 1947",29689,1,0.000296855933
10261947,10/26/1947,"October 26, 1947",70721,2,0.000706969986
11071947,11/07/1947,"November 07, 1947",70764,2,0.000707399682
11181947,11/18/1947,"November 18, 1947",70807,2,0.000707829378
11301947,11/30/1947,"November 30, 1947",70850,2,0.000708259073
12081947,12/08/1947,"December 08, 1947",70893,2,0.000708688769
12131947,12/13/1947,"December 13, 1947",70936,2,0.000709118464
12171947,12/17/1947,"December 17, 1947",70979,2,0.000709548159
12261947,12/26/1947,"December 26, 1947",71022,2,0.000709977853
01061948,01/06/1948,"January 06, 1948",71065,2,0.000710407548
01071948,01/07/1948,"January 07, 1948",71108,2,0.000710837243
01091948,01/09/1948,"January 09, 1948",71150,2,0.000711256944
02031948,02/03/1948,"February 03, 1948",71193,2,0.000711686638
02051948,02/05/1948,"February 05, 1948",71236,2,0.000712116332
03051948,03/05/1948,"March 05, 1948",71278,2,0.000712536033
03181948,03/18/1948,"March 18, 1948",71321,2,0.000712965726
04201948,04/20/1948,"April 20, 1948",71364,2,0.000713395420
04211948,04/21/1948,"April 21, 1948",71407,2,0.000713825113
04301948,04/30/1948,"April 30, 1948",71450,2,0.000714254806
05091948,05/09/1948,"May 09, 1948",71493,2,0.000714684498
05171948,05/17/1948,"May 17, 1948",71536,2,0.000715114191
05221948,05/22/1948,"May 22, 1948",71578,2,0.000715533891
06051948,06/05/1948,"June 05, 1948",71621,2,0.000715963583
06121948,06/12/1948,"June 12, 1948",71664,2,0.000716393275
06141948,06/14/1948,"June 14, 1948",71707,2,0.000716822967
06231948,06/23/1948,"June 23, 1948",71750,2,0.000717252658
07031948,07/03/1948,"July 03, 1948",71793,2,0.000717682350
07081948,07/08/1948,"July 08, 1948",71836,2,0.000718112041
07131948,07/13/1948,"July 13, 1948",71879,2,0.000718541732
07151948,07/15/1948,"July 15, 1948",71922,2,0.000718971423
07201948,07/20/1948,"July 20, 1948",71965,2,0.000719401114
07231948,07/23/1948,"July 23, 1948",72008,2,0.000719830805
07291948,07/29/1948,"July 29, 1948",72051,2,0.000720260495
07311948,07/31/1948,"July 31, 1948",72093,2,0.000720680192
08061948,08/06/1948,"August 06, 1948",72136,2,0.000721109882
08111948,08/11/1948,"August 11, 1948",72179,2,0.000721539572
08141948,08/14/1948,"August 14, 1948",72222,2,0.000721969262
08181948,08/18/1948,"August 18, 1948",72265,2,0.000722398951
08201948,08/20/1948,"August 20, 1948",72308,2,0.000722828641
09051948,09/05/1948,"September 05, 1948",72351,2,0.000723258330
09081948,09/08/1948,"September 08, 1948",72394,2,0.000723688019
09171948,09/17/1948,"September 17, 1948",72437,2,0.000724117707
09281948,09/28/1948,"September 28, 1948",72480,2,0.000724547396
10291948,10/29/1948,"October 29, 1948",72523,2,0.000724977084
11111948,11/11/1948,"November 11, 1948",72566,2,0.000725406772
12101948,12/10/1948,"December 10, 1948",72609,2,0.000725836460
01021949,01/02/1949,"January 02, 1949",72652,2,0.000726266148
01061949,01/06/1949,"January 06, 1949",72695,2,0.000726695836
01161949,01/16/1949,"January 16, 1949",72738,2,0.000727125523
02051949,02/05/1949,"February 05, 1949",72780,2,0.000727545218
02171949,02/17/1949,"February 17, 1949",72823,2,0.000727974905
02191949,02/19/1949,"February 19, 1949",72866,2,0.000728404592
02211949,02/21/1949,"February 21, 1949",72909,2,0.000728834278
02231949,02/23/1949,"February 23, 1949",72952,2,0.000729263965
03011949,03/01/1949,"March 01, 1949",72995,2,0.000729693651
03171949,03/17/1949,"March 17, 1949",73038,2,0.000730123337
03181949,03/18/1949,"March 18, 1949",73080,2,0.000730543031
03211949,03/21/1949,"March 21, 1949",73123,2,0.000730972717
04061949,04/06/1949,"April 06, 1949",73166,2,0.000731402402
05311949,05/31/1949,"May 31, 1949",73209,2,0.000731832088
06151949,06/15/1949,"June 15, 1949",73252,2,0.000732261773
06181949,06/18/1949,"June 18, 1949",73294,2,0.000732681465
07111949,07/11/1949,"July 11, 1949",73337,2,0.000733111150
07191949,07/19/1949,"July 19, 1949",73380,2,0.000733540835
08101949,08/10/1949,"August 10, 1949",73423,2,0.000733970519
08191949,08/19/1949,"August 19, 1949",73465,2,0.000734390211
08211949,08/21/1949,"August 21, 1949",73508,2,0.000734819895
09041949,09/04/1949,"September 04, 1949",73551,2,0.000735249579
09081949,09/08/1949,"September 08, 1949",73594,2,0.000735679263
09201949,09/20/1949,"September 20, 1949",73637,2,0.000736108946
10051949,10/05/1949,"October 05, 1949",73680,2,0.000736538630
10061949,10/06/1949,"October 06, 1949",17610,1,0.000176094495
10301949,10/30/1949,"October 30, 1949",73723,2,0.000736968313
11131949,11/13/1949,"November 13, 1949",73765,2,0.000737388003
11241949,11/24/1949,"November 24, 1949",73808,2,0.000737817686
11261949,11/26/1949,"November 26, 1949",73851,2,0.000738247369
12171949,12/17/1949,"December 17, 1949",73894,2,0.000738677051
01011950,01/01/1950,"January 01, 1950",73937,2,0.000739106733
01131950,01/13/1950,"January 13, 1950",73980,2,0.000739536415
01151950,01/15/1950,"January 15, 1950",74023,2,0.000739966097
01201950,01/20/1950,"January 20, 1950",74065,2,0.000740385787
01311950,01/31/1950,"January 31, 1950",74108,2,0.000740815468
02161950,02/16/1950,"February 16, 1950",74151,2,0.000741245149
02241950,02/24/1950,"February 24, 1950",74194,2,0.000741674831
03051950,03/05/1950,"March 05, 1950",74237,2,0.000742104512
03201950,03/20/1950,"March 20, 1950",74280,2,0.000742534192
03311950,03/31/1950,"March 31, 1950",74323,2,0.000742963873
04031950,04/03/1950,"April 03, 1950",74366,2,0.000743393553
04291950,04/29/1950,"April 29, 1950",74409,2,0.000743823234
05131950,05/13/1950,"May 13, 1950",74452,2,0.000744252914
06051950,06/05/1950,"June 05, 1950",74495,2,0.000744682594
06131950,06/13/1950,"June 13, 1950",74538,2,0.000745112273
07191950,07/19/1950,"July 19, 1950",74581,2,0.000745541953
08031950,08/03/1950,"August 03, 1950",74624,2,0.000745971632
08041950,08/04/1950,"August 04, 1950",74667,2,0.000746401311
08061950,08/06/1950,"August 06, 1950",74710,2,0.000746830990
08071950,08/07/1950,"August 07, 1950",74753,2,0.000747260669
09011950,09/01/1950,"September 01, 1950",74796,2,0.000747690348
09021950,09/02/1950,"September 02, 1950",74839,2,0.000748120026
09151950,09/15/1950,"September 15, 1950",74882,2,0.000748549704
09191950,09/19/1950,"September 19, 1950",74925,2,0.000748979382
09241950,09/24/1950,"September 24, 1950",74968,2,0.000749409060
09251950,09/25/1950,"September 25, 1950",75011,2,0.000749838738
09271950,09/27/1950,"September 27, 1950",75054,2,0.000750268415
10061950,10/06/1950,"October 06, 1950",38015,1,0.000380087752
10071950,10/07/1950,"October 07, 1950",110404,1,0.001103440772
10111950,10/11/1950,"October 11, 1950",75096,2,0.000750688100
10141950,10/14/1950,"October 14, 1950",75139,2,0.000751117777
10211950,10/21/1950,"October 21, 1950",75182,2,0.000751547454
11011950,11/01/1950,"November 01, 1950",75225,2,0.000751977131
11071950,11/07/1950,"November 07, 1950",75268,2,0.000752406807
11301950,11/30/1950,"November 30, 1950",75311,2,0.000752836484
12021950,12/02/1950,"December 02, 1950",75354,2,0.000753266160
12041950,12/04/1950,"December 04, 1950",75396,2,0.000753685844
12101950,12/10/1950,"December 10, 1950",75439,2,0.000754115519
12151950,12/15/1950,"December 15, 1950",75482,2,0.000754545195
12241950,12/24/1950,"December 24, 1950",75525,2,0.000754974871
12261950,12/26/1950,"December 26, 1950",75568,2,0.000755404546
01111951,01/11/1951,"January 11, 1951",75611,2,0.000755834221
01311951,01/31/1951,"January 31, 1951",75654,2,0.000756263896
02031951,02/03/1951,"February 03, 1951",75697,2,0.000756693571
02041951,02/04/1951,"February 04, 1951",75740,2,0.000757123245
02261951,02/26/1951,"February 26, 1951",75783,2,0.000757552919
03091951,03/09/1951,"March 09, 1951",75826,2,0.000757982594
03231951,03/23/1951,"March 23, 1951",75869,2,0.000758412268
03261951,03/26/1951,"March 26, 1951",75912,2,0.000758841941
05061951,05/06/1951,"May 06, 1951",75955,2,0.000759271615
05111951,05/11/1951,"May 11, 1951",75998,2,0.000759701288
05131951,05/13/1951,"May 13, 1951",76041,2,0.000760130962
05151951,05/15/1951,"May 15, 1951",76084,2,0.000760560635
05171951,05/17/1951,"May 17, 1951",76127,2,0.000760990308
05271951,05/27/1951,"May 27, 1951",76169,2,0.000761409988
06121951,06/12/1951,"June 12, 1951",76212,2,0.000761839660
06181951,06/18/1951,"June 18, 1951",76255,2,0.000762269333
07061951,07/06/1951,"July 06, 1951",76298,2,0.000762699005
07121951,07/12/1951,"July 12, 1951",76341,2,0.000763128677
07141951,07/14/1951,"July 14, 1951",76384,2,0.000763558349
09021951,09/02/1951,"September 02, 1951",76427,2,0.000763988020
09071951,09/07/1951,"September 07, 1951",76470,2,0.000764417691
09131951,09/13/1951,"September 13, 1951",76511,2,0.000764827378
10051951,10/05/1951,"October 05, 1951",103549,1,0.001034964065
10091951,10/09/1951,"October 09, 1951",12811,1,0.000128111794
10221951,10/22/1951,"October 22, 1951",76554,2,0.000765257049
10251951,10/25/1951,"October 25, 1951",76597,2,0.000765686720
10311951,10/31/1951,"October 31, 1951",76640,2,0.000766116391
11041951,11/04/1951,"November 04, 1951",76683,2,0.000766546061
11061951,11/06/1951,"November 06, 1951",76726,2,0.000766975731
11121951,11/12/1951,"November 12, 1951",76769,2,0.000767405401
11161951,11/16/1951,"November 16, 1951",76812,2,0.000767835071
11251951,11/25/1951,"November 25, 1951",76855,2,0.000768264741
12031951,12/03/1951,"December 03, 1951",76898,2,0.000768694411
12041951,12/04/1951,"December 04, 1951",76941,2,0.000769124080
12271951,12/27/1951,"December 27, 1951",76982,2,0.000769533765
12311951,12/31/1951,"December 31, 1951",77024,2,0.000769953441
01101952,01/10/1952,"January 10, 1952",77067,2,0.000770383110
01111952,01/11/1952,"January 11, 1952",77110,2,0.000770812779
01141952,01/14/1952,"January 14, 1952",77153,2,0.000771242447
01181952,01/18/1952,"January 18, 1952",77193,2,0.000771642139
01241952,01/24/1952,"January 24, 1952",77236,2,0.000772071807
02021952,02/02/1952,"February 02, 1952",77279,2,0.000772501475
02091952,02/09/1952,"February 09, 1952",77322,2,0.000772931142
02121952,02/12/1952,"February 12, 1952",77365,2,0.000773360810
02201952,02/20/1952,"February 20, 1952",77408,2,0.000773790477
02271952,02/27/1952,"February 27, 1952",77451,2,0.000774220145
03061952,03/06/1952,"March 06, 1952",77494,2,0.000774649812
04061952,04/06/1952,"April 06, 1952",77536,2,0.000775069486
04101952,04/10/1952,"April 10, 1952",77579,2,0.000775499153
04171952,04/17/1952,"April 17, 1952",77622,2,0.000775928819
05221952,05/22/1952,"May 22, 1952",77665,2,0.000776358485
05231952,05/23/1952,"May 23, 1952",77708,2,0.000776788152
06111952,06/11/1952,"June 11, 1952",77751,2,0.000777217817
06251952,06/25/1952,"June 25, 1952",77794,2,0.000777647483
07211952,07/21/1952,"July 21, 1952",77837,2,0.000778077149
08051952,08/05/1952,"August 05, 1952",77880,2,0.000778506814
08171952,08/17/1952,"August 17, 1952",77923,2,0.000778936479
08211952,08/21/1952,"August 21, 1952",77966,2,0.000779366144
08241952,08/24/1952,"August 24, 1952",78009,2,0.000779795809
08281952,08/28/1952,"August 28, 1952",78052,2,0.000780225474
09191952,09/19/1952,"September 19, 1952",78095,2,0.000780655138
09261952,09/26/1952,"September 26, 1952",78138,2,0.000781084802
10011952,10/01/1952,"October 01, 1952",78181,2,0.000781514466
10041952,10/04/1952,"October 04, 1952",78224,2,0.000781944130
10051952,10/05/1952,"October 05, 1952",78267,2,0.000782373794
10071952,10/07/1952,"October 07, 1952",78310,2,0.000782803457
10131952,10/13/1952,"October 13, 1952",78353,2,0.000783233121
10251952,10/25/1952,"October 25, 1952",78396,2,0.000783662784
11251952,11/25/1952,"November 25, 1952",78439,2,0.000784092447
12041952,12/04/1952,"December 04, 1952",78482,2,0.000784522109
02101953,02/10/1953,"February 10, 1953",78525,2,0.000784951772
02221953,02/22/1953,"February 22, 1953",78568,2,0.000785381434
03261953,03/26/1953,"March 26, 1953",78611,2,0.000785811096
04041953,04/04/1953,"April 04, 1953",78653,2,0.000786230766
04131953,04/13/1953,"April 13, 1953",78696,2,0.000786660428
04151953,04/15/1953,"April 15, 1953",78739,2,0.000787090090
04191953,04/19/1953,"April 19, 1953",78781,2,0.000787509759
04251953,04/25/1953,"April 25, 1953",78824,2,0.000787939420
04261953,04/26/1953,"April 26, 1953",78867,2,0.000788369082
05041953,05/04/1953,"May 04, 1953",78910,2,0.000788798742
05071953,05/07/1953,"May 07, 1953",78953,2,0.000789228403
05081953,05/08/1953,"May 08, 1953",78996,2,0.000789658064
05131953,05/13/1953,"May 13, 1953",79039,2,0.000790087724
05151953,05/15/1953,"May 15, 1953",79082,2,0.000790517384
05231953,05/23/1953,"May 23, 1953",79125,2,0.000790947044
05291953,05/29/1953,"May 29, 1953",79168,2,0.000791376704
06011953,06/01/1953,"June 01, 1953",79210,2,0.000791796372
06061953,06/06/1953,"June 06, 1953",79253,2,0.000792226031
06091953,06/09/1953,"June 09, 1953",79296,2,0.000792655690
06231953,06/23/1953,"June 23, 1953",79339,2,0.000793085349
07121953,07/12/1953,"July 12, 1953",79382,2,0.000793515008
07151953,07/15/1953,"July 15, 1953",79425,2,0.000793944667
07171953,07/17/1953,"July 17, 1953",79468,2,0.000794374325
07241953,07/24/1953,"July 24, 1953",79511,2,0.000794803984
07251953,07/25/1953,"July 25, 1953",79554,2,0.000795233642
08051953,08/05/1953,"August 05, 1953",79597,2,0.000795663300
08131953,08/13/1953,"August 13, 1953",79640,2,0.000796092958
08191953,08/19/1953,"August 19, 1953",79683,2,0.000796522615
08221953,08/22/1953,"August 22, 1953",79725,2,0.000796942281
08241953,08/24/1953,"August 24, 1953",79768,2,0.000797371938
09041953,09/04/1953,"September 04, 1953",79811,2,0.000797801595
09181953,09/18/1953,"September 18, 1953",79854,2,0.000798231252
10101953,10/10/1953,"October 10, 1953",79897,2,0.000798660908
10271953,10/27/1953,"October 27, 1953",79940,2,0.000799090565
11181953,11/18/1953,"November 18, 1953",79983,2,0.000799520221
11191953,11/19/1953,"November 19, 1953",80026,2,0.000799949877
11201953,11/20/1953,"November 20, 1953",177498,1,0.001773415655
11221953,11/22/1953,"November 22, 1953",80069,2,0.000800379533
12021953,12/02/1953,"December 02, 1953",80112,2,0.000800809189
12141953,12/14/1953,"December 14, 1953",80155,2,0.000801238845
01081954,01/08/1954,"January 08, 1954",80198,2,0.000801668500
01111954,01/11/1954,"January 11, 1954",80241,2,0.000802098155
01261954,01/26/1954,"January 26, 1954",80284,2,0.000802527810
01291954,01/29/1954,"January 29, 1954",80327,2,0.000802957465
01301954,01/30/1954,"January 30, 1954",80370,2,0.000803387120
02021954,02/02/1954,"February 02, 1954",179211,1,0.001790515130
02131954,02/13/1954,"February 13, 1954",80412,2,0.000803806782
02151954,02/15/1954,"February 15, 1954",80455,2,0.000804236436
02181954,02/18/1954,"February 18, 1954",80497,2,0.000804656099
02191954,02/19/1954,"February 19, 1954",80540,2,0.000805085752
02201954,02/20/1954,"February 20, 1954",80583,2,0.000805515406
03091954,03/09/1954,"March 09, 1954",80626,2,0.000805945060
03131954,03/13/1954,"March 13, 1954",80669,2,0.000806374713
03151954,03/15/1954,"March 15, 1954",80711,2,0.000806794374
03181954,03/18/1954,"March 18, 1954",80753,2,0.000807214035
04071954,04/07/1954,"April 07, 1954",80795,2,0.000807633696
04221954,04/22/1954,"April 22, 1954",80838,2,0.000808063349
04291954,04/29/1954,"April 29, 1954",80881,2,0.000808493001
05071954,05/07/1954,"May 07, 1954",80923,2,0.000808912662
05111954,05/11/1954,"May 11, 1954",80966,2,0.000809342314
05131954,05/13/1954,"May 13, 1954",81009,2,0.000809771966
05221954,05/22/1954,"May 22, 1954",81052,2,0.000810201617
05241954,05/24/1954,"May 24, 1954",81095,2,0.000810631269
05251954,05/25/1954,"May 25, 1954",81138,2,0.000811060920
05291954,05/29/1954,"May 29, 1954",81181,2,0.000811490571
06101954,06/10/1954,"June 10, 1954",81224,2,0.000811920222
06111954,06/11/1954,"June 11, 1954",81267,2,0.000812349873
06241954,06/24/1954,"June 24, 1954",81310,2,0.000812779524
07241954,07/24/1954,"July 24, 1954",81353,2,0.000813209174
07311954,07/31/1954,"July 31, 1954",81396,2,0.000813638824
08021954,08/02/1954,"August 02, 1954",81439,2,0.000814068474
08101954,08/10/1954,"August 10, 1954",81482,2,0.000814498124
08151954,08/15/1954,"August 15, 1954",81525,2,0.000814927774
08171954,08/17/1954,"August 17, 1954",81568,2,0.000815357424
09031954,09/03/1954,"September 03, 1954",81610,2,0.000815777081
09181954,09/18/1954,"September 18, 1954",81653,2,0.000816206730
10041954,10/04/1954,"October 04, 1954",81696,2,0.000816636379
10091954,10/09/1954,"October 09, 1954",105777,1,0.001057220759
11041954,11/04/1954,"November 04, 1954",81738,2,0.000817056036
11221954,11/22/1954,"November 22, 1954",81781,2,0.000817485685
12051954,12/05/1954,"December 05, 1954",81824,2,0.000817915333
12091954,12/09/1954,"December 09, 1954",81867,2,0.000818344981
12181954,12/18/1954,"December 18, 1954",81910,2,0.000818774629
12201954,12/20/1954,"December 20, 1954",81953,2,0.000819204277
01011955,01/01/1955,"January 01, 1955",81996,2,0.000819633925
01101955,01/10/1955,"January 10, 1955",82039,2,0.000820063572
01201955,01/20/1955,"January 20, 1955",82082,2,0.000820493219
01251955,01/25/1955,"January 25, 1955",82125,2,0.000820922867
01311955,01/31/1955,"January 31, 1955",82167,2,0.000821342522
02031955,02/03/1955,"February 03, 1955",82210,2,0.000821772168
02101955,02/10/1955,"February 10, 1955",82253,2,0.000822201815
02151955,02/15/1955,"February 15, 1955",82296,2,0.000822631461
02231955,02/23/1955,"February 23, 1955",82339,2,0.000823061107
02251955,02/25/1955,"February 25, 1955",82382,2,0.000823490753
02261955,02/26/1955,"February 26, 1955",82425,2,0.000823920399
03031955,03/03/1955,"March 03, 1955",82468,2,0.000824350045
03061955,03/06/1955,"March 06, 1955",82510,2,0.000824769699
03071955,03/07/1955,"March 07, 1955",82553,2,0.000825199344
03131955,03/13/1955,"March 13, 1955",82596,2,0.000825628989
04151955,04/15/1955,"April 15, 1955",82639,2,0.000826058634
04161955,04/16/1955,"April 16, 1955",125238,1,0.001251606099
04191955,04/19/1955,"April 19, 1955",82681,2,0.000826478287
05051955,05/05/1955,"May 05, 1955",82724,2,0.000826907931
05081955,05/08/1955,"May 08, 1955",82767,2,0.000827337576
05291955,05/29/1955,"May 29, 1955",82810,2,0.000827767220
05311955,05/31/1955,"May 31, 1955",82853,2,0.000828196864
06021955,06/02/1955,"June 02, 1955",82896,2,0.000828626508
06081955,06/08/1955,"June 08, 1955",82939,2,0.000829056151
06091955,06/09/1955,"June 09, 1955",82982,2,0.000829485795
06191955,06/19/1955,"June 19, 1955",83025,2,0.000829915438
06211955,06/21/1955,"June 21, 1955",83067,2,0.000830335089
07241955,07/24/1955,"July 24, 1955",83110,2,0.000830764732
08201955,08/20/1955,"August 20, 1955",176515,1,0.001763603039
08241955,08/24/1955,"August 24, 1955",83153,2,0.000831194375
08291955,08/29/1955,"August 29, 1955",83196,2,0.000831624017
09071955,09/07/1955,"September 07, 1955",83239,2,0.000832053660
09201955,09/20/1955,"September 20, 1955",177198,1,0.001770420970
09221955,09/22/1955,"September 22, 1955",83282,2,0.000832483302
09241955,09/24/1955,"September 24, 1955",83323,2,0.000832892960
10021955,10/02/1955,"October 02, 1955",83366,2,0.000833322602
10141955,10/14/1955,"October 14, 1955",83409,2,0.000833752244
10261955,10/26/1955,"October 26, 1955",83452,2,0.000834181885
10301955,10/30/1955,"October 30, 1955",83495,2,0.000834611526
11081955,11/08/1955,"November 08, 1955",83538,2,0.000835041167
11171955,11/17/1955,"November 17, 1955",83581,2,0.000835470808
12011955,12/01/1955,"December 01, 1955",83624,2,0.000835900449
12041955,12/04/1955,"December 04, 1955",83667,2,0.000836330089
12101955,12/10/1955,"December 10, 1955",83710,2,0.000836759730
12221955,12/22/1955,"December 22, 1955",83753,2,0.000837189370
01241956,01/24/1956,"January 24, 1956",83796,2,0.000837619010
02061956,02/06/1956,"February 06, 1956",83839,2,0.000838048649
03011956,03/01/1956,"March 01, 1956",83882,2,0.000838478289
03101956,03/10/1956,"March 10, 1956",83925,2,0.000838907928
03231956,03/23/1956,"March 23, 1956",83968,2,0.000839337567
04151956,04/15/1956,"April 15, 1956",84011,2,0.000839767206
05041956,05/04/1956,"May 04, 1956",84054,2,0.000840196845
05111956,05/11/1956,"May 11, 1956",84097,2,0.000840626484
05131956,05/13/1956,"May 13, 1956",84140,2,0.000841056122
05141956,05/14/1956,"May 14, 1956",84183,2,0.000841485761
05191956,05/19/1956,"May 19, 1956",84226,2,0.000841915399
06131956,06/13/1956,"June 13, 1956",84269,2,0.000842345037
06221956,06/22/1956,"June 22, 1956",84311,2,0.000842764683
06301956,06/30/1956,"June 30, 1956",84354,2,0.000843194320
07041956,07/04/1956,"July 04, 1956",84397,2,0.000843623958
08021956,08/02/1956,"August 02, 1956",84440,2,0.000844053595
08061956,08/06/1956,"August 06, 1956",84483,2,0.000844483232
08101956,08/10/1956,"August 10, 1956",84526,2,0.000844912868
09101956,09/10/1956,"September 10, 1956",84569,2,0.000845342505
09161956,09/16/1956,"September 16, 1956",84612,2,0.000845772141
09231956,09/23/1956,"September 23, 1956",84655,2,0.000846201778
10041956,10/04/1956,"October 04, 1956",139990,1,0.001398930597
10201956,10/20/1956,"October 20, 1956",84698,2,0.000846631414
10271956,10/27/1956,"October 27, 1956",84741,2,0.000847061050
11081956,11/08/1956,"November 08, 1956",84782,2,0.000847470702
11121956,11/12/1956,"November 12, 1956",84825,2,0.000847900338
11221956,11/22/1956,"November 22, 1956",84868,2,0.000848329973
12071956,12/07/1956,"December 07, 1956",84911,2,0.000848759608
12121956,12/12/1956,"December 12, 1956",84954,2,0.000849189243
01071957,01/07/1957,"January 07, 1957",84997,2,0.000849618878
02131957,02/13/1957,"February 13, 1957",85040,2,0.000850048512
02201957,02/20/1957,"February 20, 1957",85083,2,0.000850478147
03021957,03/02/1957,"March 02, 1957",85125,2,0.000850897790
03031957,03/03/1957,"March 03, 1957",85168,2,0.000851327424
03091957,03/09/1957,"March 09, 1957",85211,2,0.000851757057
03141957,03/14/1957,"March 14, 1957",85254,2,0.000852186691
03201957,03/20/1957,"March 20, 1957",85297,2,0.000852616325
03251957,03/25/1957,"March 25, 1957",85340,2,0.000853045958
03311957,03/31/1957,"March 31, 1957",85383,2,0.000853475591
04241957,04/24/1957,"April 24, 1957",85426,2,0.000853905224
04271957,04/27/1957,"April 27, 1957",85469,2,0.000854334857
05031957,05/03/1957,"May 03, 1957",85512,2,0.000854764489
05061957,05/06/1957,"May 06, 1957",85555,2,0.000855194121
05231957,05/23/1957,"May 23, 1957",85598,2,0.000855623754
05261957,05/26/1957,"May 26, 1957",85641,2,0.000856053386
06021957,06/02/1957,"June 02, 1957",85684,2,0.000856483017
06121957,06/12/1957,"June 12, 1957",85727,2,0.000856912649
06241957,06/24/1957,"June 24, 1957",85770,2,0.000857342281
06281957,06/28/1957,"June 28, 1957",85813,2,0.000857771912
08031957,08/03/1957,"August 03, 1957",85856,2,0.000858201543
08091957,08/09/1957,"August 09, 1957",85899,2,0.000858631174
08161957,08/16/1957,"August 16, 1957",85942,2,0.000859060804
08171957,08/17/1957,"August 17, 1957",85985,2,0.000859490435
08271957,08/27/1957,"August 27, 1957",86028,2,0.000859920065
09011957,09/01/1957,"September 01, 1957",86071,2,0.000860349695
09101957,09/10/1957,"September 10, 1957",134893,1,0.001348030603
10041957,10/04/1957,"October 04, 1957",86114,2,0.000860779325
10241957,10/24/1957,"October 24, 1957",86156,2,0.000861198964
10261957,10/26/1957,"October 26, 1957",86199,2,0.000861628593
11011957,11/01/1957,"November 01, 1957",86241,2,0.000862048231
11051957,11/05/1957,"November 05, 1957",86284,2,0.000862477861
11091957,11/09/1957,"November 09, 1957",86327,2,0.000862907490
11251957,11/25/1957,"November 25, 1957",86369,2,0.000863327127
12021957,12/02/1957,"December 02, 1957",86411,2,0.000863746764
12121957,12/12/1957,"December 12, 1957",86454,2,0.000864176393
12171957,12/17/1957,"December 17, 1957",86497,2,0.000864606021
12191957,12/19/1957,"December 19, 1957",86540,2,0.000865035649
12271957,12/27/1957,"December 27, 1957",86583,2,0.000865465277
01101958,01/10/1958,"January 10, 1958",86626,2,0.000865894905
01211958,01/21/1958,"January 21, 1958",86669,2,0.000866324533
02141958,02/14/1958,"February 14, 1958",86712,2,0.000866754160
02171958,02/17/1958,"February 17, 1958",86754,2,0.000867173796
03181958,03/18/1958,"March 18, 1958",86797,2,0.000867603423
03251958,03/25/1958,"March 25, 1958",86840,2,0.000868033050
04071958,04/07/1958,"April 07, 1958",86883,2,0.000868462677
04231958,04/23/1958,"April 23, 1958",86926,2,0.000868892303
05011958,05/01/1958,"May 01, 1958",86969,2,0.000869321929
05031958,05/03/1958,"May 03, 1958",87012,2,0.000869751555
05041958,05/04/1958,"May 04, 1958",87055,2,0.000870181181
05171958,05/17/1958,"May 17, 1958",87098,2,0.000870610807
05231958,05/23/1958,"May 23, 1958",87141,2,0.000871040433
05241958,05/24/1958,"May 24, 1958",87183,2,0.000871460067
06011958,06/01/1958,"June 01, 1958",87226,2,0.000871889692
06071958,06/07/1958,"June 07, 1958",87269,2,0.000872319317
06231958,06/23/1958,"June 23, 1958",87312,2,0.000872748942
06251958,06/25/1958,"June 25, 1958",87354,2,0.000873168575
07091958,07/09/1958,"July 09, 1958",87397,2,0.000873598199
08121958,08/12/1958,"August 12, 1958",87440,2,0.000874027824
08301958,08/30/1958,"August 30, 1958",87483,2,0.000874457448
09031958,09/03/1958,"September 03, 1958",87526,2,0.000874887072
09051958,09/05/1958,"September 05, 1958",87569,2,0.000875316695
09071958,09/07/1958,"September 07, 1958",87612,2,0.000875746319
09151958,09/15/1958,"September 15, 1958",87655,2,0.000876175942
09271958,09/27/1958,"September 27, 1958",87698,2,0.000876605565
10091958,10/09/1958,"October 09, 1958",87741,2,0.000877035188
10131958,10/13/1958,"October 13, 1958",87784,2,0.000877464811
10271958,10/27/1958,"October 27, 1958",87827,2,0.000877894434
11131958,11/13/1958,"November 13, 1958",87870,2,0.000878324056
11151958,11/15/1958,"November 15, 1958",87913,2,0.000878753678
11201958,11/20/1958,"November 20, 1958",87956,2,0.000879183301
12011958,12/01/1958,"December 01, 1958",87999,2,0.000879612922
12071958,12/07/1958,"December 07, 1958",88042,2,0.000880042544
01071959,01/07/1959,"January 07, 1959",88085,2,0.000880472166
01281959,01/28/1959,"January 28, 1959",88127,2,0.000880891796
02041959,02/04/1959,"February 04, 1959",88170,2,0.000881321417
02101959,02/10/1959,"February 10, 1959",88213,2,0.000881751038
02141959,02/14/1959,"February 14, 1959",88256,2,0.000882180658
02191959,02/19/1959,"February 19, 1959",88299,2,0.000882610279
02201959,02/20/1959,"February 20, 1959",88342,2,0.000883039899
02261959,02/26/1959,"February 26, 1959",88385,2,0.000883469520
03031959,03/03/1959,"March 03, 1959",88428,2,0.000883899140
03091959,03/09/1959,"March 09, 1959",88471,2,0.000884328760
03111959,03/11/1959,"March 11, 1959",88513,2,0.000884748388
03131959,03/13/1959,"March 13, 1959",88556,2,0.000885178007
03201959,03/20/1959,"March 20, 1959",88598,2,0.000885597636
03231959,03/23/1959,"March 23, 1959",88641,2,0.000886027255
04041959,04/04/1959,"April 04, 1959",88684,2,0.000886456874
04051959,04/05/1959,"April 05, 1959",88727,2,0.000886886492
04181959,04/18/1959,"April 18, 1959",88770,2,0.000887316111
04301959,04/30/1959,"April 30, 1959",88813,2,0.000887745729
05161959,05/16/1959,"May 16, 1959",88856,2,0.000888175347
06041959,06/04/1959,"June 04, 1959",88899,2,0.000888604965
06071959,06/07/1959,"June 07, 1959",88942,2,0.000889034583
06131959,06/13/1959,"June 13, 1959",88985,2,0.000889464201
06201959,06/20/1959,"June 20, 1959",89028,3,0.000889893818
06231959,06/23/1959,"June 23, 1959",151049,1,0.001509359784
06261959,06/26/1959,"June 26, 1959",89071,2,0.000890323436
07131959,07/13/1959,"July 13, 1959",89114,2,0.000890753053
07161959,07/16/1959,"July 16, 1959",89156,2,0.000891172678
07181959,07/18/1959,"July 18, 1959",89199,2,0.000891602295
08071959,08/07/1959,"August 07, 1959",89242,2,0.000892031912
08081959,08/08/1959,"August 08, 1959",112164,1,0.001121021197
08111959,08/11/1959,"August 11, 1959",89285,2,0.000892461528
08121959,08/12/1959,"August 12, 1959",89328,2,0.000892891144
08191959,08/19/1959,"August 19, 1959",89371,2,0.000893320760
08271959,08/27/1959,"August 27, 1959",89414,2,0.000893750376
09121959,09/12/1959,"September 12, 1959",89456,2,0.000894170001
09151959,09/15/1959,"September 15, 1959",89499,2,0.000894599616
09221959,09/22/1959,"September 22, 1959",89542,2,0.000895029231
10181959,10/18/1959,"October 18, 1959",89585,2,0.000895458846
10271959,10/27/1959,"October 27, 1959",89628,2,0.000895888461
11271959,11/27/1959,"November 27, 1959",89671,2,0.000896318076
12121959,12/12/1959,"December 12, 1959",89714,2,0.000896747690
12141959,12/14/1959,"December 14, 1959",89757,2,0.000897177305
12281959,12/28/1959,"December 28, 1959",89800,2,0.000897606919
01011960,01/01/1960,"January 01, 1960",89843,2,0.000898036533
01031960,01/03/1960,"January 03, 1960",89886,2,0.000898466146
01251960,01/25/1960,"January 25, 1960",89929,2,0.000898895760
02091960,02/09/1960,"February 09, 1960",89972,2,0.000899325373
02191960,02/19/1960,"February 19, 1960",90015,2,0.000899754987
04061960,04/06/1960,"April 06, 1960",90058,2,0.000900184600
04081960,04/08/1960,"April 08, 1960",90101,2,0.000900614212
04091960,04/09/1960,"April 09, 1960",90144,2,0.000901043825
04171960,04/17/1960,"April 17, 1960",90187,2,0.000901473438
04251960,04/25/1960,"April 25, 1960",90230,2,0.000901903050
05041960,05/04/1960,"May 04, 1960",90273,2,0.000902332662
05131960,05/13/1960,"May 13, 1960",90316,2,0.000902762274
06101960,06/10/1960,"June 10, 1960",90359,2,0.000903191886
06131960,06/13/1960,"June 13, 1960",90402,2,0.000903621497
07011960,07/01/1960,"July 01, 1960",90445,2,0.000904051108
07151960,07/15/1960,"July 15, 1960",90488,2,0.000904480720
07291960,07/29/1960,"July 29, 1960",90531,2,0.000904910331
08011960,08/01/1960,"August 01, 1960",90574,2,0.000905339941
08031960,08/03/1960,"August 03, 1960",90616,2,0.000905759561
08071960,08/07/1960,"August 07, 1960",90659,2,0.000906189171
08181960,08/18/1960,"August 18, 1960",90702,2,0.000906618782
08201960,08/20/1960,"August 20, 1960",176902,1,0.001767466206
08251960,08/25/1960,"August 25, 1960",90745,2,0.000907048392
08261960,08/26/1960,"August 26, 1960",90788,2,0.000907478002
09051960,09/05/1960,"September 05, 1960",90831,2,0.000907907611
09081960,09/08/1960,"September 08, 1960",90874,2,0.000908337221
09131960,09/13/1960,"September 13, 1960",90917,2,0.000908766830
09281960,09/28/1960,"September 28, 1960",90960,2,0.000909196439
09301960,09/30/1960,"September 30, 1960",91003,2,0.000909626048
10051960,10/05/1960,"October 05, 1960",114696,1,0.001146312493
10251960,10/25/1960,"October 25, 1960",91046,2,0.000910055657
10291960,10/29/1960,"October 29, 1960",91089,2,0.000910485266
11011960,11/01/1960,"November 01, 1960",91132,2,0.000910914874
11091960,11/09/1960,"November 09, 1960",91174,2,0.000911334491
11181960,11/18/1960,"November 18, 1960",91217,2,0.000911764099
11191960,11/19/1960,"November 19, 1960",91260,2,0.000912193707
12121960,12/12/1960,"December 12, 1960",91303,2,0.000912623315
01131961,01/13/1961,"January 13, 1961",91346,2,0.000913052922
01181961,01/18/1961,"January 18, 1961",91389,2,0.000913482530
02061961,02/06/1961,"February 06, 1961",91432,2,0.000913912137
02091961,02/09/1961,"February 09, 1961",91475,2,0.000914341744
02261961,02/26/1961,"February 26, 1961",91518,2,0.000914771351
03041961,03/04/1961,"March 04, 1961",91561,2,0.000915200957
03281961,03/28/1961,"March 28, 1961",91604,2,0.000915630563
04051961,04/05/1961,"April 05, 1961",91647,2,0.000916060170
04261961,04/26/1961,"April 26, 1961",91690,2,0.000916489776
05121961,05/12/1961,"May 12, 1961",91733,2,0.000916919381
05301961,05/30/1961,"May 30, 1961",91776,2,0.000917348987
06011961,06/01/1961,"June 01, 1961",91819,2,0.000917778593
06021961,06/02/1961,"June 02, 1961",13112,1,0.000131121404
07041961,07/04/1961,"July 04, 1961",91862,2,0.000918208198
07291961,07/29/1961,"July 29, 1961",91905,2,0.000918637803
07311961,07/31/1961,"July 31, 1961",91948,2,0.000919067408
08261961,08/26/1961,"August 26, 1961",91991,2,0.000919497013
08271961,08/27/1961,"August 27, 1961",92034,2,0.000919926617
09091961,09/09/1961,"September 09, 1961",92077,2,0.000920356221
09211961,09/21/1961,"September 21, 1961",92120,2,0.000920785826
09241961,09/24/1961,"September 24, 1961",92162,2,0.000921205439
10011961,10/01/1961,"October 01, 1961",92205,2,0.000921635043
10021961,10/02/1961,"October 02, 1961",92248,2,0.000922064646
10081961,10/08/1961,"October 08, 1961",92291,2,0.000922494250
10161961,10/16/1961,"October 16, 1961",92334,2,0.000922923853
10201961,10/20/1961,"October 20, 1961",92377,2,0.000923353456
10261961,10/26/1961,"October 26, 1961",92420,2,0.000923783059
11031961,11/03/1961,"November 03, 1961",92463,2,0.000924212661
01021962,01/02/1962,"January 02, 1962",92506,2,0.000924642264
02061962,02/06/1962,"February 06, 1962",92549,2,0.000925071866
02131962,02/13/1962,"February 13, 1962",92592,2,0.000925501468
02201962,02/20/1962,"February 20, 1962",92635,2,0.000925931070
02241962,02/24/1962,"February 24, 1962",92678,2,0.000926360672
03011962,03/01/1962,"March 01, 1962",92720,2,0.000926780283
03071962,03/07/1962,"March 07, 1962",92763,2,0.000927209884
03141962,03/14/1962,"March 14, 1962",92806,2,0.000927639486
03291962,03/29/1962,"March 29, 1962",92848,2,0.000928059096
04031962,04/03/1962,"April 03, 1962",92891,2,0.000928488697
04161962,04/16/1962,"April 16, 1962",92934,2,0.000928918297
04191962,04/19/1962,"April 19, 1962",92977,2,0.000929347898
04301962,04/30/1962,"April 30, 1962",93020,2,0.000929777498
05091962,05/09/1962,"May 09, 1962",93063,2,0.000930207098
05171962,05/17/1962,"May 17, 1962",93106,2,0.000930636698
05301962,05/30/1962,"May 30, 1962",93149,2,0.000931066298
06271962,06/27/1962,"June 27, 1962",93192,2,0.000931495897
06291962,06/29/1962,"June 29, 1962",93235,2,0.000931925497
07031962,07/03/1962,"July 03, 1962",93278,2,0.000932355096
07101962,07/10/1962,"July 10, 1962",93321,2,0.000932784695
07211962,07/21/1962,"July 21, 1962",93364,2,0.000933214294
08151962,08/15/1962,"August 15, 1962",93407,2,0.000933643892
09071962,09/07/1962,"September 07, 1962",93450,2,0.000934073491
10271962,10/27/1962,"October 27, 1962",93493,2,0.000934503089
11051962,11/05/1962,"November 05, 1962",93536,2,0.000934932687
11061962,11/06/1962,"November 06, 1962",93578,2,0.000935352294
12061962,12/06/1962,"December 06, 1962",93621,2,0.000935781892
12081962,12/08/1962,"December 08, 1962",93664,2,0.000936211490
12111962,12/11/1962,"December 11, 1962",93707,2,0.000936641087
12171962,12/17/1962,"December 17, 1962",93750,2,0.000937070684
12181962,12/18/1962,"December 18, 1962",93793,2,0.000937500281
12271962,12/27/1962,"December 27, 1962",93836,2,0.000937929878
01071963,01/07/1963,"January 07, 1963",93879,2,0.000938359475
02081963,02/08/1963,"February 08, 1963",93922,2,0.000938789071
02121963,02/12/1963,"February 12, 1963",93965,2,0.000939218667
02131963,02/13/1963,"February 13, 1963",94008,2,0.000939648263
02281963,02/28/1963,"February 28, 1963",94050,2,0.000940067869
03091963,03/09/1963,"March 09, 1963",94093,2,0.000940497464
04091963,04/09/1963,"April 09, 1963",94136,2,0.000940927060
04131963,04/13/1963,"April 13, 1963",94179,2,0.000941356655
04231963,04/23/1963,"April 23, 1963",94222,2,0.000941786250
04291963,04/29/1963,"April 29, 1963",94265,2,0.000942215845
05031963,05/03/1963,"May 03, 1963",94308,2,0.000942645440
05151963,05/15/1963,"May 15, 1963",94351,2,0.000943075034
06051963,06/05/1963,"June 05, 1963",94393,2,0.000943494638
06191963,06/19/1963,"June 19, 1963",94436,2,0.000943924232
06271963,06/27/1963,"June 27, 1963",94479,2,0.000944353826
07031963,07/03/1963,"July 03, 1963",94522,2,0.000944783420
08011963,08/01/1963,"August 01, 1963",94565,2,0.000945213014
08101963,08/10/1963,"August 10, 1963",94608,2,0.000945642607
08201963,08/20/1963,"August 20, 1963",176343,1,0.001761886071
08271963,08/27/1963,"August 27, 1963",94651,2,0.000946072201
09071963,09/07/1963,"September 07, 1963",94694,2,0.000946501794
10061963,10/06/1963,"October 06, 1963",94737,2,0.000946931387
10131963,10/13/1963,"October 13, 1963",94780,2,0.000947360979
10161963,10/16/1963,"October 16, 1963",94823,2,0.000947790572
10221963,10/22/1963,"October 22, 1963",94866,2,0.000948220164
10261963,10/26/1963,"October 26, 1963",94909,2,0.000948649757
10311963,10/31/1963,"October 31, 1963",94952,2,0.000949079349
11041963,11/04/1963,"November 04, 1963",94994,2,0.000949498950
11081963,11/08/1963,"November 08, 1963",95037,2,0.000949928541
11131963,11/13/1963,"November 13, 1963",95080,2,0.000950358133
11231963,11/23/1963,"November 23, 1963",95123,2,0.000950787724
12251963,12/25/1963,"December 25, 1963",95166,2,0.000951217315
12291963,12/29/1963,"December 29, 1963",95209,2,0.000951646906
01181964,01/18/1964,"January 18, 1964",95252,2,0.000952076497
01201964,01/20/1964,"January 20, 1964",176859,1,0.001767036966
01261964,01/26/1964,"January 26, 1964",95295,2,0.000952506087
03061964,03/06/1964,"March 06, 1964",95338,2,0.000952935678
03101964,03/10/1964,"March 10, 1964",95381,2,0.000953365268
03111964,03/11/1964,"March 11, 1964",95424,2,0.000953794858
03151964,03/15/1964,"March 15, 1964",95467,2,0.000954224448
03161964,03/16/1964,"March 16, 1964",95510,2,0.000954654037
03191964,03/19/1964,"March 19, 1964",95553,2,0.000955083627
04161964,04/16/1964,"April 16, 1964",95596,2,0.000955513216
04231964,04/23/1964,"April 23, 1964",95639,2,0.000955942805
05011964,05/01/1964,"May 01, 1964",95682,2,0.000956372394
05031964,05/03/1964,"May 03, 1964",95724,2,0.000956791992
05101964,05/10/1964,"May 10, 1964",95767,2,0.000957221580
06041964,06/04/1964,"June 04, 1964",95810,2,0.000957651169
06211964,06/21/1964,"June 21, 1964",95853,2,0.000958080757
06251964,06/25/1964,"June 25, 1964",95896,2,0.000958510345
06261964,06/26/1964,"June 26, 1964",95939,2,0.000958939933
07061964,07/06/1964,"July 06, 1964",95982,2,0.000959369520
07121964,07/12/1964,"July 12, 1964",96025,2,0.000959799108
07281964,07/28/1964,"July 28, 1964",96068,2,0.000960228695
08191964,08/19/1964,"August 19, 1964",96111,2,0.000960658282
08241964,08/24/1964,"August 24, 1964",96154,2,0.000961087869
09071964,09/07/1964,"September 07, 1964",96197,2,0.000961517455
09261964,09/26/1964,"September 26, 1964",96239,2,0.000961937051
10041964,10/04/1964,"October 04, 1964",96282,2,0.000962366638
10051964,10/05/1964,"October 05, 1964",128322,1,0.001282407025
10171964,10/17/1964,"October 17, 1964",96325,2,0.000962796224
10271964,10/27/1964,"October 27, 1964",96368,2,0.000963225810
11171964,11/17/1964,"November 17, 1964",96411,2,0.000963655395
12061964,12/06/1964,"December 06, 1964",96454,2,0.000964084981
12071964,12/07/1964,"December 07, 1964",96497,2,0.000964514566
12111964,12/11/1964,"December 11, 1964",96540,2,0.000964944151
12151964,12/15/1964,"December 15, 1964",96583,2,0.000965373736
12181964,12/18/1964,"December 18, 1964",96625,2,0.000965793331
01051965,01/05/1965,"January 05, 1965",96668,2,0.000966222915
01141965,01/14/1965,"January 14, 1965",96711,2,0.000966652500
01171965,01/17/1965,"January 17, 1965",96753,2,0.000967072094
02011965,02/01/1965,"February 01, 1965",96796,2,0.000967501678
02211965,02/21/1965,"February 21, 1965",96839,2,0.000967931262
02221965,02/22/1965,"February 22, 1965",96882,2,0.000968360845
03071965,03/07/1965,"March 07, 1965",96925,2,0.000968790429
03161965,03/16/1965,"March 16, 1965",96968,2,0.000969220012
04141965,04/14/1965,"April 14, 1965",97010,2,0.000969639605
04221965,04/22/1965,"April 22, 1965",97053,2,0.000970069188
04241965,04/24/1965,"April 24, 1965",97096,2,0.000970498771
05011965,05/01/1965,"May 01, 1965",97136,2,0.000970898383
05031965,05/03/1965,"May 03, 1965",97179,2,0.000971327965
05121965,05/12/1965,"May 12, 1965",97222,2,0.000971757547
05131965,05/13/1965,"May 13, 1965",97265,2,0.000972187129
05181965,05/18/1965,"May 18, 1965",97307,2,0.000972606721
06041965,06/04/1965,"June 04, 1965",97349,2,0.000973026312
06061965,06/06/1965,"June 06, 1965",97392,2,0.000973455894
06141965,06/14/1965,"June 14, 1965",97435,2,0.000973885475
07011965,07/01/1965,"July 01, 1965",97478,2,0.000974315056
07051965,07/05/1965,"July 05, 1965",97521,2,0.000974744637
07071965,07/07/1965,"July 07, 1965",97564,2,0.000975174218
07221965,07/22/1965,"July 22, 1965",97607,2,0.000975603799
07231965,07/23/1965,"July 23, 1965",97649,2,0.000976023389
07271965,07/27/1965,"July 27, 1965",97692,2,0.000976452969
08051965,08/05/1965,"August 05, 1965",97735,2,0.000976882549
09041965,09/04/1965,"September 04, 1965",97778,2,0.000977312129
09141965,09/14/1965,"September 14, 1965",97821,2,0.000977741709
09151965,09/15/1965,"September 15, 1965",97863,2,0.000978161298
12131965,12/13/1965,"December 13, 1965",97906,2,0.000978590877
12191965,12/19/1965,"December 19, 1965",97949,2,0.000979020456
01061966,01/06/1966,"January 06, 1966",97992,2,0.000979450035
01211966,01/21/1966,"January 21, 1966",98035,2,0.000979879614
01221966,01/22/1966,"January 22, 1966",98078,2,0.000980309193
01231966,01/23/1966,"January 23, 1966",98120,2,0.000980728781
02021966,02/02/1966,"February 02, 1966",98163,2,0.000981158359
02091966,02/09/1966,"February 09, 1966",98205,2,0.000981577947
02111966,02/11/1966,"February 11, 1966",98248,2,0.000982007525
02121966,02/12/1966,"February 12, 1966",98290,2,0.000982427112
02261966,02/26/1966,"February 26, 1966",98333,2,0.000982856690
03141966,03/14/1966,"March 14, 1966",98376,2,0.000983286267
03151966,03/15/1966,"March 15, 1966",98419,2,0.000983715844
03201966,03/20/1966,"March 20, 1966",98462,2,0.000984145421
04021966,04/02/1966,"April 02, 1966",98505,2,0.000984574998
04111966,04/11/1966,"April 11, 1966",98548,2,0.000985004574
05151966,05/15/1966,"May 15, 1966",98591,2,0.000985434150
06101966,06/10/1966,"June 10, 1966",98634,2,0.000985863727
06141966,06/14/1966,"June 14, 1966",98677,2,0.000986293303
06161966,06/16/1966,"June 16, 1966",98717,2,0.000986692908
06171966,06/17/1966,"June 17, 1966",98760,2,0.000987122484
06261966,06/26/1966,"June 26, 1966",98803,2,0.000987552059
07111966,07/11/1966,"July 11, 1966",98846,2,0.000987981634
08031966,08/03/1966,"August 03, 1966",98889,2,0.000988411209
08051966,08/05/1966,"August 05, 1966",98932,2,0.000988840784
08141966,08/14/1966,"August 14, 1966",98975,2,0.000989270359
08251966,08/25/1966,"August 25, 1966",99018,2,0.000989699934
09181966,09/18/1966,"September 18, 1966",99061,2,0.000990129508
09191966,09/19/1966,"September 19, 1966",99103,2,0.000990549092
09221966,09/22/1966,"September 22, 1966",99146,2,0.000990978666
09291966,09/29/1966,"September 29, 1966",99189,2,0.000991408240
10101966,10/10/1966,"October 10, 1966",99232,2,0.000991837813
10301966,10/30/1966,"October 30, 1966",99274,2,0.000992257397
11011966,11/01/1966,"November 01, 1966",99317,2,0.000992686970
11061966,11/06/1966,"November 06, 1966",99360,2,0.000993116543
11281966,11/28/1966,"November 28, 1966",99403,2,0.000993546116
12271966,12/27/1966,"December 27, 1966",99446,2,0.000993975689
01091967,01/09/1967,"January 09, 1967",99489,2,0.000994405261
01101967,01/10/1967,"January 10, 1967",99532,2,0.000994834833
01111967,01/11/1967,"January 11, 1967",99575,2,0.000995264405
01301967,01/30/1967,"January 30, 1967",99618,2,0.000995693977
02091967,02/09/1967,"February 09, 1967",99661,2,0.000996123549
02161967,02/16/1967,"February 16, 1967",99704,2,0.000996553121
02201967,02/20/1967,"February 20, 1967",99747,2,0.000996982692
02231967,02/23/1967,"February 23, 1967",64835,3,0.000648149867
02261967,02/26/1967,"February 26, 1967",99833,2,0.000997841834
03011967,03/01/1967,"March 01, 1967",99876,2,0.000998271405
03061967,03/06/1967,"March 06, 1967",99919,2,0.000998700976
04031967,04/03/1967,"April 03, 1967",99961,2,0.000999120556
04071967,04/07/1967,"April 07, 1967",100004,2,0.000999550127
04091967,04/09/1967,"April 09, 1967",100047,2,0.000999979697
04121967,04/12/1967,"April 12, 1967",100090,2,0.001000409267
05201967,05/20/1967,"May 20, 1967",100133,2,0.001000838836
06181967,06/18/1967,"June 18, 1967",100176,2,0.001001268406
06191967,06/19/1967,"June 19, 1967",100219,2,0.001001697975
07021967,07/02/1967,"July 02, 1967",100262,2,0.001002127545
07031967,07/03/1967,"July 03, 1967",100305,2,0.001002557114
07071967,07/07/1967,"July 07, 1967",100348,2,0.001002986682
07201967,07/20/1967,"July 20, 1967",100391,2,0.001003416251
07301967,07/30/1967,"July 30, 1967",100434,2,0.001003845819
08051967,08/05/1967,"August 05, 1967",100477,2,0.001004275388
08071967,08/07/1967,"August 07, 1967",100519,2,0.001004694966
08211967,08/21/1967,"August 21, 1967",100562,2,0.001005124534
09271967,09/27/1967,"September 27, 1967",100605,2,0.001005554101
09291967,09/29/1967,"September 29, 1967",100648,2,0.001005983669
10121967,10/12/1967,"October 12, 1967",100691,2,0.001006413236
10131967,10/13/1967,"October 13, 1967",100734,2,0.001006842803
10161967,10/16/1967,"October 16, 1967",100777,2,0.001007272370
10221967,10/22/1967,"October 22, 1967",100820,2,0.001007701937
10291967,10/29/1967,"October 29, 1967",100863,2,0.001008131504
11181967,11/18/1967,"November 18, 1967",100906,2,0.001008561070
12041967,12/04/1967,"December 04, 1967",100949,2,0.001008990636
12091967,12/09/1967,"December 09, 1967",100992,2,0.001009420202
12101967,12/10/1967,"December 10, 1967",101035,2,0.001009849768
12221967,12/22/1967,"December 22, 1967",101078,2,0.001010279334
01051968,01/05/1968,"January 05, 1968",101121,2,0.001010708899
01061968,01/06/1968,"January 06, 1968",101164,2,0.001011138465
01121968,01/12/1968,"January 12, 1968",101207,2,0.001011568030
01301968,01/30/1968,"January 30, 1968",101250,2,0.001011997595
01311968,01/31/1968,"January 31, 1968",101293,2,0.001012427160
02071968,02/07/1968,"February 07, 1968",101336,2,0.001012856724
03031968,03/03/1968,"March 03, 1968",101379,2,0.001013286289
03061968,03/06/1968,"March 06, 1968",101422,2,0.001013715853
03071968,03/07/1968,"March 07, 1968",101465,2,0.001014145417
03101968,03/10/1968,"March 10, 1968",101508,2,0.001014574981
03151968,03/15/1968,"March 15, 1968",101551,2,0.001015004544
03191968,03/19/1968,"March 19, 1968",101594,2,0.001015434108
04141968,04/14/1968,"April 14, 1968",101637,2,0.001015863671
04181968,04/18/1968,"April 18, 1968",101680,2,0.001016293234
04211968,04/21/1968,"April 21, 1968",101721,2,0.001016702817
05191968,05/19/1968,"May 19, 1968",101764,2,0.001017132380
05281968,05/28/1968,"May 28, 1968",101807,2,0.001017561943
06051968,06/05/1968,"June 05, 1968",101850,2,0.001017991505
06141968,06/14/1968,"June 14, 1968",101893,2,0.001018421067
06231968,06/23/1968,"June 23, 1968",101936,2,0.001018850629
06271968,06/27/1968,"June 27, 1968",101979,2,0.001019280191
06281968,06/28/1968,"June 28, 1968",102022,2,0.001019709753
07091968,07/09/1968,"July 09, 1968",102065,2,0.001020139314
08041968,08/04/1968,"August 04, 1968",102108,2,0.001020568875
08071968,08/07/1968,"August 07, 1968",102151,2,0.001020998436
08111968,08/11/1968,"August 11, 1968",102194,2,0.001021427997
08221968,08/22/1968,"August 22, 1968",102237,2,0.001021857558
09081968,09/08/1968,"September 08, 1968",102280,2,0.001022287118
09141968,09/14/1968,"September 14, 1968",102323,2,0.001022716679
09161968,09/16/1968,"September 16, 1968",102366,2,0.001023146239
09191968,09/19/1968,"September 19, 1968",102409,2,0.001023575799
09281968,09/28/1968,"September 28, 1968",102452,2,0.001024005359
10201968,10/20/1968,"October 20, 1968",102495,2,0.001024434918
10211968,10/21/1968,"October 21, 1968",102538,2,0.001024864478
10251968,10/25/1968,"October 25, 1968",102580,2,0.001025284047
11091968,11/09/1968,"November 09, 1968",102623,2,0.001025713606
11201968,11/20/1968,"November 20, 1968",102666,2,0.001026143165
11211968,11/21/1968,"November 21, 1968",102709,2,0.001026572724
11271968,11/27/1968,"November 27, 1968",102752,2,0.001027002282
12141968,12/14/1968,"December 14, 1968",102794,2,0.001027421851
12161968,12/16/1968,"December 16, 1968",102837,2,0.001027851409
01061969,01/06/1969,"January 06, 1969",102880,2,0.001028280967
01111969,01/11/1969,"January 11, 1969",102923,2,0.001028710524
01181969,01/18/1969,"January 18, 1969",102966,2,0.001029140082
01291969,01/29/1969,"January 29, 1969",103009,2,0.001029569639
01301969,01/30/1969,"January 30, 1969",103052,2,0.001029999197
02021969,02/02/1969,"February 02, 1969",103094,2,0.001030418764
02111969,02/11/1969,"February 11, 1969",103136,2,0.001030838331
02131969,02/13/1969,"February 13, 1969",103177,2,0.001031247908
02211969,02/21/1969,"February 21, 1969",103220,2,0.001031677465
03061969,03/06/1969,"March 06, 1969",103263,2,0.001032107021
03171969,03/17/1969,"March 17, 1969",103306,2,0.001032536577
03181969,03/18/1969,"March 18, 1969",103349,2,0.001032966133
03281969,03/28/1969,"March 28, 1969",103392,2,0.001033395689
03291969,03/29/1969,"March 29, 1969",103435,2,0.001033825244
03311969,03/31/1969,"March 31, 1969",103478,2,0.001034254800
04031969,04/03/1969,"April 03, 1969",103520,2,0.001034674365
04131969,04/13/1969,"April 13, 1969",103563,2,0.001035103920
04201969,04/20/1969,"April 20, 1969",103606,2,0.001035533475
04291969,04/29/1969,"April 29, 1969",103649,2,0.001035963030
05031969,05/03/1969,"May 03, 1969",103692,2,0.001036392584
05251969,05/25/1969,"May 25, 1969",103735,2,0.001036822139
06031969,06/03/1969,"June 03, 1969",103778,2,0.001037251693
06081969,06/08/1969,"June 08, 1969",103821,2,0.001037681246
06161969,06/16/1969,"June 16, 1969",103864,2,0.001038110800
07011969,07/01/1969,"July 01, 1969",103907,2,0.001038540354
07141969,07/14/1969,"July 14, 1969",103950,2,0.001038969907
07181969,07/18/1969,"July 18, 1969",103993,2,0.001039399460
07291969,07/29/1969,"July 29, 1969",104036,2,0.001039829013
07301969,07/30/1969,"July 30, 1969",104079,2,0.001040258566
08131969,08/13/1969,"August 13, 1969",104122,2,0.001040688119
08181969,08/18/1969,"August 18, 1969",104165,2,0.001041117671
08231969,08/23/1969,"August 23, 1969",104208,2,0.001041547223
08251969,08/25/1969,"August 25, 1969",104251,2,0.001041976775
08291969,08/29/1969,"August 29, 1969",104294,2,0.001042406327
09091969,09/09/1969,"September 09, 1969",104337,2,0.001042835879
10071969,10/07/1969,"October 07, 1969",104379,2,0.001043255441
10191969,10/19/1969,"October 19, 1969",104422,2,0.001043684992
10201969,10/20/1969,"October 20, 1969",104465,2,0.001044114543
10211969,10/21/1969,"October 21, 1969",104508,2,0.001044544094
10241969,10/24/1969,"October 24, 1969",104551,2,0.001044973645
11041969,11/04/1969,"November 04, 1969",104594,2,0.001045403195
11301969,11/30/1969,"November 30, 1969",104637,2,0.001045832746
12061969,12/06/1969,"December 06, 1969",104680,2,0.001046262296
12171969,12/17/1969,"December 17, 1969",104721,2,0.001046671867
12261969,12/26/1969,"December 26, 1969",104764,2,0.001047101417
01011970,01/01/1970,"January 01, 1970",104807,2,0.001047530966
01051970,01/05/1970,"January 05, 1970",104850,2,0.001047960516
01061970,01/06/1970,"January 06, 1970",104893,2,0.001048390065
01071970,01/07/1970,"January 07, 1970",104936,2,0.001048819614
01091970,01/09/1970,"January 09, 1970",104979,2,0.001049249163
01151970,01/15/1970,"January 15, 1970",105022,2,0.001049678712
02101970,02/10/1970,"February 10, 1970",105064,2,0.001050098271
02211970,02/21/1970,"February 21, 1970",105107,2,0.001050527819
02241970,02/24/1970,"February 24, 1970",105150,2,0.001050957368
03111970,03/11/1970,"March 11, 1970",105193,2,0.001051386916
03121970,03/12/1970,"March 12, 1970",105235,2,0.001051806474
03291970,03/29/1970,"March 29, 1970",105278,2,0.001052236022
04041970,04/04/1970,"April 04, 1970",105321,2,0.001052665569
04101970,04/10/1970,"April 10, 1970",105364,2,0.001053095116
04171970,04/17/1970,"April 17, 1970",105407,2,0.001053524663
04301970,04/30/1970,"April 30, 1970",105450,2,0.001053954210
05081970,05/08/1970,"May 08, 1970",105493,2,0.001054383757
06161970,06/16/1970,"June 16, 1970",105536,2,0.001054813304
07211970,07/21/1970,"July 21, 1970",105579,2,0.001055242850
08031970,08/03/1970,"August 03, 1970",105621,2,0.001055662407
08271970,08/27/1970,"August 27, 1970",105663,2,0.001056081963
09161970,09/16/1970,"September 16, 1970",105705,2,0.001056501519
10071970,10/07/1970,"October 07, 1970",98448,1,0.000984005559
10141970,10/14/1970,"October 14, 1970",105748,2,0.001056931065
10311970,10/31/1970,"October 31, 1970",105791,2,0.001057360611
11211970,11/21/1970,"November 21, 1970",105834,2,0.001057790156
12061970,12/06/1970,"December 06, 1970",105877,2,0.001058219701
12071970,12/07/1970,"December 07, 1970",105920,2,0.001058649246
12111970,12/11/1970,"December 11, 1970",105963,2,0.001059078790
12131970,12/13/1970,"December 13, 1970",106005,2,0.001059498345
12171970,12/17/1970,"December 17, 1970",106048,2,0.001059927890
12261970,12/26/1970,"December 26, 1970",106091,2,0.001060357434
01091971,01/09/1971,"January 09, 1971",106134,2,0.001060786978
01291971,01/29/1971,"January 29, 1971",106177,2,0.001061216522
01301971,01/30/1971,"January 30, 1971",106220,2,0.001061646065
02021971,02/02/1971,"February 02, 1971",106263,2,0.001062075609
02051971,02/05/1971,"February 05, 1971",106306,2,0.001062505152
02111971,02/11/1971,"February 11, 1971",106349,2,0.001062934695
02211971,02/21/1971,"February 21, 1971",106392,2,0.001063364238
02221971,02/22/1971,"February 22, 1971",106435,2,0.001063793780
02231971,02/23/1971,"February 23, 1971",106478,2,0.001064223323
02251971,02/25/1971,"February 25, 1971",106521,2,0.001064652865
04011971,04/01/1971,"April 01, 1971",106564,2,0.001065082407
04051971,04/05/1971,"April 05, 1971",106607,2,0.001065511949
04061971,04/06/1971,"April 06, 1971",106650,2,0.001065941491
04111971,04/11/1971,"April 11, 1971",106693,2,0.001066371033
04131971,04/13/1971,"April 13, 1971",106736,2,0.001066800574
04181971,04/18/1971,"April 18, 1971",106779,2,0.001067230115
04201971,04/20/1971,"April 20, 1971",176042,1,0.001758881370
04241971,04/24/1971,"April 24, 1971",106822,2,0.001067659656
04251971,04/25/1971,"April 25, 1971",106865,2,0.001068089197
05171971,05/17/1971,"May 17, 1971",106908,2,0.001068518738
06041971,06/04/1971,"June 04, 1971",106951,2,0.001068948278
06101971,06/10/1971,"June 10, 1971",106994,2,0.001069377818
06191971,06/19/1971,"June 19, 1971",29545,1,0.000295416359
06271971,06/27/1971,"June 27, 1971",107037,2,0.001069807358
07121971,07/12/1971,"July 12, 1971",107080,2,0.001070236898
07271971,07/27/1971,"July 27, 1971",107122,2,0.001070656449
08071971,08/07/1971,"August 07, 1971",107165,2,0.001071085988
09111971,09/11/1971,"September 11, 1971",107207,2,0.001071505538
09121971,09/12/1971,"September 12, 1971",107250,2,0.001071935077
10081971,10/08/1971,"October 08, 1971",154524,1,0.001544056731
10201971,10/20/1971,"October 20, 1971",107293,2,0.001072364616
11041971,11/04/1971,"November 04, 1971",107335,2,0.001072784166
11191971,11/19/1971,"November 19, 1971",107378,2,0.001073213705
11291971,11/29/1971,"November 29, 1971",107421,2,0.001073643243
12031971,12/03/1971,"December 03, 1971",107463,2,0.001074062792
12211971,12/21/1971,"December 21, 1971",107506,2,0.001074492330
12241971,12/24/1971,"December 24, 1971",107548,2,0.001074911879
12281971,12/28/1971,"December 28, 1971",107591,2,0.001075341416
01111972,01/11/1972,"January 11, 1972",107634,2,0.001075770954
02101972,02/10/1972,"February 10, 1972",107677,2,0.001076200491
02151972,02/15/1972,"February 15, 1972",107719,2,0.001076620039
02211972,02/21/1972,"February 21, 1972",107762,2,0.001077049576
03121972,03/12/1972,"March 12, 1972",107805,2,0.001077479113
03201972,03/20/1972,"March 20, 1972",176687,1,0.001765320004
03261972,03/26/1972,"March 26, 1972",107847,2,0.001077898660
03301972,03/30/1972,"March 30, 1972",107890,2,0.001078328197
05031972,05/03/1972,"May 03, 1972",107933,2,0.001078757733
05081972,05/08/1972,"May 08, 1972",107976,2,0.001079187269
05181972,05/18/1972,"May 18, 1972",108019,2,0.001079616805
05191972,05/19/1972,"May 19, 1972",108062,2,0.001080046340
05221972,05/22/1972,"May 22, 1972",108105,2,0.001080475876
05241972,05/24/1972,"May 24, 1972",108148,2,0.001080905411
06201972,06/20/1972,"June 20, 1972",108191,2,0.001081334946
06251972,06/25/1972,"June 25, 1972",108234,2,0.001081764481
07071972,07/07/1972,"July 07, 1972",108277,2,0.001082194016
07111972,07/11/1972,"July 11, 1972",108320,2,0.001082623551
07141972,07/14/1972,"July 14, 1972",108363,2,0.001083053085
07171972,07/17/1972,"July 17, 1972",108406,2,0.001083482619
07251972,07/25/1972,"July 25, 1972",108448,2,0.001083902164
07261972,07/26/1972,"July 26, 1972",108490,2,0.001084321709
07281972,07/28/1972,"July 28, 1972",108533,2,0.001084751242
08251972,08/25/1972,"August 25, 1972",108576,2,0.001085180776
09081972,09/08/1972,"September 08, 1972",108619,2,0.001085610309
09121972,09/12/1972,"September 12, 1972",108662,2,0.001086039842
10021972,10/02/1972,"October 02, 1972",36725,1,0.000367192572
10031972,10/03/1972,"October 03, 1972",78296,1,0.000782663567
10141972,10/14/1972,"October 14, 1972",108704,2,0.001086459386
10221972,10/22/1972,"October 22, 1972",108747,2,0.001086888919
10281972,10/28/1972,"October 28, 1972",108790,2,0.001087318451
11111972,11/11/1972,"November 11, 1972",108832,2,0.001087737995
12291972,12/29/1972,"December 29, 1972",108875,2,0.001088167527
01091973,01/09/1973,"January 09, 1973",108917,2,0.001088587070
01181973,01/18/1973,"January 18, 1973",108960,2,0.001089016601
02201973,02/20/1973,"February 20, 1973",109001,2,0.001089426155
03121973,03/12/1973,"March 12, 1973",109044,2,0.001089855686
03201973,03/20/1973,"March 20, 1973",109087,2,0.001090285218
03301973,03/30/1973,"March 30, 1973",109130,2,0.001090714749
04151973,04/15/1973,"April 15, 1973",109173,2,0.001091144280
04231973,04/23/1973,"April 23, 1973",109216,2,0.001091573810
05101973,05/10/1973,"May 10, 1973",109259,2,0.001092003341
06121973,06/12/1973,"June 12, 1973",109302,2,0.001092432871
06131973,06/13/1973,"June 13, 1973",109345,2,0.001092862401
06141973,06/14/1973,"June 14, 1973",109388,2,0.001093291931
06171973,06/17/1973,"June 17, 1973",109431,2,0.001093721461
06201973,06/20/1973,"June 20, 1973",109474,2,0.001094150991
07121973,07/12/1973,"July 12, 1973",109517,2,0.001094580520
08111973,08/11/1973,"August 11, 1973",109560,2,0.001095010049
08241973,08/24/1973,"August 24, 1973",109603,2,0.001095439579
09061973,09/06/1973,"September 06, 1973",109646,2,0.001095869107
09101973,09/10/1973,"September 10, 1973",109689,2,0.001096298636
10061973,10/06/1973,"October 06, 1973",109732,3,0.001096728165
10071973,10/07/1973,"October 07, 1973",109775,2,0.001097157693
10091973,10/09/1973,"October 09, 1973",109818,2,0.001097587221
11051973,11/05/1973,"November 05, 1973",109861,2,0.001098016749
11191973,11/19/1973,"November 19, 1973",109904,2,0.001098446277
11201973,11/20/1973,"November 20, 1973",109947,2,0.001098875804
11231973,11/23/1973,"November 23, 1973",109990,2,0.001099305332
12021973,12/02/1973,"December 02, 1973",110033,2,0.001099734859
12061973,12/06/1973,"December 06, 1973",110076,2,0.001100164386
12121973,12/12/1973,"December 12, 1973",110119,2,0.001100593913
12211973,12/21/1973,"December 21, 1973",110162,2,0.001101023439
01011974,01/01/1974,"January 01, 1974",110204,2,0.001101442977
01081974,01/08/1974,"January 08, 1974",110246,2,0.001101862514
01131974,01/13/1974,"January 13, 1974",110289,2,0.001102292040
01211974,01/21/1974,"January 21, 1974",110332,2,0.001102721566
02121974,02/12/1974,"February 12, 1974",110375,2,0.001103151092
02131974,02/13/1974,"February 13, 1974",110418,2,0.001103580618
02151974,02/15/1974,"February 15, 1974",110461,2,0.001104010143
03271974,03/27/1974,"March 27, 1974",110504,2,0.001104439668
03311974,03/31/1974,"March 31, 1974",110547,2,0.001104869193
04011974,04/01/1974,"April 01, 1974",110589,2,0.001105288729
04091974,04/09/1974,"April 09, 1974",110631,2,0.001105708265
04191974,04/19/1974,"April 19, 1974",110674,2,0.001106137789
04251974,04/25/1974,"April 25, 1974",110717,2,0.001106567313
04281974,04/28/1974,"April 28, 1974",110760,2,0.001106996838
05031974,05/03/1974,"May 03, 1974",110803,2,0.001107426361
05101974,05/10/1974,"May 10, 1974",110846,2,0.001107855885
05241974,05/24/1974,"May 24, 1974",110889,2,0.001108285409
06031974,06/03/1974,"June 03, 1974",110932,2,0.001108714932
06081974,06/08/1974,"June 08, 1974",110975,2,0.001109144455
06191974,06/19/1974,"June 19, 1974",111018,2,0.001109573978
06211974,06/21/1974,"June 21, 1974",111060,2,0.001109993512
06261974,06/26/1974,"June 26, 1974",111103,2,0.001110423035
07151974,07/15/1974,"July 15, 1974",111146,2,0.001110852557
07191974,07/19/1974,"July 19, 1974",111189,2,0.001111282079
07221974,07/22/1974,"July 22, 1974",111232,2,0.001111711601
07271974,07/27/1974,"July 27, 1974",111275,2,0.001112141123
07311974,07/31/1974,"July 31, 1974",111318,2,0.001112570645
08051974,08/05/1974,"August 05, 1974",111361,2,0.001113000167
08081974,08/08/1974,"August 08, 1974",111404,2,0.001113429688
08161974,08/16/1974,"August 16, 1974",111447,2,0.001113859209
08241974,08/24/1974,"August 24, 1974",111490,2,0.001114288730
08261974,08/26/1974,"August 26, 1974",111533,2,0.001114718251
08291974,08/29/1974,"August 29, 1974",111576,2,0.001115147771
09011974,09/01/1974,"September 01, 1974",111619,2,0.001115577292
09301974,09/30/1974,"September 30, 1974",111662,2,0.001116006812
10021974,10/02/1974,"October 02, 1974",111705,2,0.001116436332
10071974,10/07/1974,"October 07, 1974",27200,1,0.000271973011
10111974,10/11/1974,"October 11, 1974",111748,2,0.001116865852
10161974,10/16/1974,"October 16, 1974",111791,2,0.001117295371
11031974,11/03/1974,"November 03, 1974",111833,2,0.001117714902
12051974,12/05/1974,"December 05, 1974",111876,2,0.001118144421
12181974,12/18/1974,"December 18, 1974",111918,2,0.001118563952
12311974,12/31/1974,"December 31, 1974",111961,2,0.001118993471
02041975,02/04/1975,"February 04, 1975",112004,2,0.001119422989
02171975,02/17/1975,"February 17, 1975",112047,2,0.001119852508
02281975,02/28/1975,"February 28, 1975",112090,2,0.001120282026
03061975,03/06/1975,"March 06, 1975",112133,2,0.001120711544
03111975,03/11/1975,"March 11, 1975",112176,2,0.001121141062
03231975,03/23/1975,"March 23, 1975",112219,2,0.001121570580
03251975,03/25/1975,"March 25, 1975",112262,2,0.001122000098
04041975,04/04/1975,"April 04, 1975",112305,2,0.001122429615
05021975,05/02/1975,"May 02, 1975",112348,2,0.001122859133
05101975,05/10/1975,"May 10, 1975",112390,2,0.001123278661
05271975,05/27/1975,"May 27, 1975",112433,2,0.001123708178
06021975,06/02/1975,"June 02, 1975",112476,2,0.001124137695
06091975,06/09/1975,"June 09, 1975",112519,2,0.001124567211
06221975,06/22/1975,"June 22, 1975",112562,2,0.001124996727
07061975,07/06/1975,"July 06, 1975",112605,2,0.001125426244
07111975,07/11/1975,"July 11, 1975",112647,2,0.001125845771
07121975,07/12/1975,"July 12, 1975",112690,2,0.001126275287
07131975,07/13/1975,"July 13, 1975",112733,2,0.001126704802
07311975,07/31/1975,"July 31, 1975",112776,2,0.001127134318
08061975,08/06/1975,"August 06, 1975",112819,2,0.001127563833
08151975,08/15/1975,"August 15, 1975",112862,2,0.001127993348
08231975,08/23/1975,"August 23, 1975",112905,2,0.001128422863
08311975,08/31/1975,"August 31, 1975",112948,2,0.001128852378
09151975,09/15/1975,"September 15, 1975",112991,2,0.001129281892
10011975,10/01/1975,"October 01, 1975",113034,2,0.001129711406
10211975,10/21/1975,"October 21, 1975",113077,2,0.001130140921
10311975,10/31/1975,"October 31, 1975",113120,2,0.001130570434
11031975,11/03/1975,"November 03, 1975",113163,2,0.001130999948
11171975,11/17/1975,"November 17, 1975",113206,2,0.001131429462
11241975,11/24/1975,"November 24, 1975",113249,2,0.001131858975
01031976,01/03/1976,"January 03, 1976",64882,3,0.000648619562
01051976,01/05/1976,"January 05, 1976",113335,2,0.001132718001
01301976,01/30/1976,"January 30, 1976",113378,2,0.001133147514
02251976,02/25/1976,"February 25, 1976",113421,2,0.001133577027
03051976,03/05/1976,"March 05, 1976",113464,2,0.001134006539
03111976,03/11/1976,"March 11, 1976",113507,2,0.001134436052
04141976,04/14/1976,"April 14, 1976",113550,2,0.001134865564
05131976,05/13/1976,"May 13, 1976",113593,2,0.001135295076
05251976,05/25/1976,"May 25, 1976",113636,2,0.001135724587
06041976,06/04/1976,"June 04, 1976",113679,2,0.001136154099
06071976,06/07/1976,"June 07, 1976",113722,2,0.001136583610
06081976,06/08/1976,"June 08, 1976",113765,2,0.001137013122
06201976,06/20/1976,"June 20, 1976",113808,2,0.001137442633
06231976,06/23/1976,"June 23, 1976",113851,2,0.001137872143
06301976,06/30/1976,"June 30, 1976",113894,2,0.001138301654
07041976,07/04/1976,"July 04, 1976",113937,2,0.001138731164
07151976,07/15/1976,"July 15, 1976",113980,2,0.001139160675
07171976,07/17/1976,"July 17, 1976",114023,2,0.001139590185
07181976,07/18/1976,"July 18, 1976",114066,2,0.001140019695
07211976,07/21/1976,"July 21, 1976",114109,2,0.001140449204
08041976,08/04/1976,"August 04, 1976",114152,2,0.001140878714
08091976,08/09/1976,"August 09, 1976",114195,2,0.001141308223
08301976,08/30/1976,"August 30, 1976",114237,2,0.001141727744
09281976,09/28/1976,"September 28, 1976",114280,2,0.001142157253
10071976,10/07/1976,"October 07, 1976",114323,2,0.001142586762
10311976,10/31/1976,"October 31, 1976",114366,2,0.001143016270
11071976,11/07/1976,"November 07, 1976",114409,2,0.001143445779
11081976,11/08/1976,"November 08, 1976",114452,2,0.001143875287
11191976,11/19/1976,"November 19, 1976",114495,2,0.001144304795
01271977,01/27/1977,"January 27, 1977",114538,2,0.001144734303
02201977,02/20/1977,"February 20, 1977",114581,2,0.001145163810
02271977,02/27/1977,"February 27, 1977",114624,2,0.001145593318
03101977,03/10/1977,"March 10, 1977",114667,2,0.001146022825
03141977,03/14/1977,"March 14, 1977",114710,2,0.001146452332
03281977,03/28/1977,"March 28, 1977",114753,2,0.001146881839
04051977,04/05/1977,"April 05, 1977",114796,2,0.001147311346
04061977,04/06/1977,"April 06, 1977",114839,2,0.001147740853
04091977,04/09/1977,"April 09, 1977",114882,2,0.001148170359
04161977,04/16/1977,"April 16, 1977",114925,2,0.001148599865
04241977,04/24/1977,"April 24, 1977",114968,2,0.001149029371
06271977,06/27/1977,"June 27, 1977",115010,2,0.001149448888
07281977,07/28/1977,"July 28, 1977",115053,2,0.001149878394
08051977,08/05/1977,"August 05, 1977",115095,2,0.001150297911
09061977,09/06/1977,"September 06, 1977",115138,2,0.001150727416
09091977,09/09/1977,"September 09, 1977",115181,2,0.001151156921
09301977,09/30/1977,"September 30, 1977",115224,2,0.001151586426
10031977,10/03/1977,"October 03, 1977",115267,2,0.001152015931
10131977,10/13/1977,"October 13, 1977",115310,2,0.001152445436
10281977,10/28/1977,"October 28, 1977",115352,2,0.001152864952
11161977,11/16/1977,"November 16, 1977",115395,2,0.001153294456
12051977,12/05/1977,"December 05, 1977",115438,2,0.001153723960
12241977,12/24/1977,"December 24, 1977",115481,2,0.001154153464
12291977,12/29/1977,"December 29, 1977",115524,2,0.001154582967
01071978,01/07/1978,"January 07, 1978",115567,2,0.001155012471
01131978,01/13/1978,"January 13, 1978",115610,2,0.001155441974
01181978,01/18/1978,"January 18, 1978",115653,2,0.001155871477
01231978,01/23/1978,"January 23, 1978",115696,2,0.001156300980
02091978,02/09/1978,"February 09, 1978",115739,2,0.001156730483
02221978,02/22/1978,"February 22, 1978",115781,2,0.001157149997
04021978,04/02/1978,"April 02, 1978",115824,2,0.001157579499
04041978,04/04/1978,"April 04, 1978",115867,2,0.001158009001
04221978,04/22/1978,"April 22, 1978",115910,2,0.001158438503
04231978,04/23/1978,"April 23, 1978",115953,2,0.001158868005
05111978,05/11/1978,"May 11, 1978",115996,2,0.001159297506
05131978,05/13/1978,"May 13, 1978",116039,2,0.001159727008
05291978,05/29/1978,"May 29, 1978",116081,2,0.001160146521
06141978,06/14/1978,"June 14, 1978",116124,2,0.001160576022
06171978,06/17/1978,"June 17, 1978",116167,2,0.001161005523
06201978,06/20/1978,"June 20, 1978",116210,2,0.001161435023
06211978,06/21/1978,"June 21, 1978",116253,2,0.001161864524
07051978,07/05/1978,"July 05, 1978",116296,2,0.001162294024
07091978,07/09/1978,"July 09, 1978",116339,2,0.001162723524
07191978,07/19/1978,"July 19, 1978",29373,1,0.000293696866
08021978,08/02/1978,"August 02, 1978",116382,2,0.001163153024
08071978,08/07/1978,"August 07, 1978",116425,2,0.001163582524
08231978,08/23/1978,"August 23, 1978",116468,2,0.001164012024
08291978,08/29/1978,"August 29, 1978",116511,2,0.001164441523
09191978,09/19/1978,"September 19, 1978",116553,2,0.001164861034
10051978,10/05/1978,"October 05, 1978",105949,3,0.001058938939
10081978,10/08/1978,"October 08, 1978",90645,1,0.000906049298
10141978,10/14/1978,"October 14, 1978",116639,2,0.001165720032
11301978,11/30/1978,"November 30, 1978",116682,2,0.001166149530
12051978,12/05/1978,"December 05, 1978",116725,2,0.001166579029
12221978,12/22/1978,"December 22, 1978",116768,2,0.001167008527
01031979,01/03/1979,"January 03, 1979",116811,2,0.001167438025
01061979,01/06/1979,"January 06, 1979",116854,2,0.001167867523
02161979,02/16/1979,"February 16, 1979",116897,2,0.001168297021
02221979,02/22/1979,"February 22, 1979",116940,2,0.001168726518
03161979,03/16/1979,"March 16, 1979",116982,2,0.001169146027
03241979,03/24/1979,"March 24, 1979",117025,2,0.001169575525
03311979,03/31/1979,"March 31, 1979",117068,2,0.001170005022
04021979,04/02/1979,"April 02, 1979",117111,2,0.001170434518
04041979,04/04/1979,"April 04, 1979",117154,2,0.001170864015
04101979,04/10/1979,"April 10, 1979",117197,2,0.001171293511
04111979,04/11/1979,"April 11, 1979",117240,2,0.001171723008
04251979,04/25/1979,"April 25, 1979",117283,2,0.001172152504
04271979,04/27/1979,"April 27, 1979",117326,2,0.001172582000
05061979,05/06/1979,"May 06, 1979",117369,2,0.001173011495
05191979,05/19/1979,"May 19, 1979",117412,2,0.001173440991
06081979,06/08/1979,"June 08, 1979",117455,2,0.001173870486
06161979,06/16/1979,"June 16, 1979",117498,2,0.001174299981
07051979,07/05/1979,"July 05, 1979",117540,2,0.001174719488
07151979,07/15/1979,"July 15, 1979",117583,2,0.001175148983
07271979,07/27/1979,"July 27, 1979",117625,2,0.001175568489
07281979,07/28/1979,"July 28, 1979",117668,2,0.001175997984
07291979,07/29/1979,"July 29, 1979",117711,2,0.001176427478
08021979,08/02/1979,"August 02, 1979",117754,2,0.001176856972
08101979,08/10/1979,"August 10, 1979",117797,2,0.001177286466
08151979,08/15/1979,"August 15, 1979",117840,2,0.001177715959
08161979,08/16/1979,"August 16, 1979",117883,2,0.001178145453
08191979,08/19/1979,"August 19, 1979",117926,2,0.001178574946
08231979,08/23/1979,"August 23, 1979",117969,2,0.001179004439
08251979,08/25/1979,"August 25, 1979",118011,2,0.001179423944
08301979,08/30/1979,"August 30, 1979",118054,2,0.001179853437
09081979,09/08/1979,"September 08, 1979",118097,2,0.001180282929
09201979,09/20/1979,"September 20, 1979",118140,2,0.001180712422
09261979,09/26/1979,"September 26, 1979",118183,2,0.001181141914
10011979,10/01/1979,"October 01, 1979",118226,2,0.001181571406
10051979,10/05/1979,"October 05, 1979",118269,2,0.001182000898
10101979,10/10/1979,"October 10, 1979",118311,2,0.001182420401
10161979,10/16/1979,"October 16, 1979",118354,2,0.001182849893
10271979,10/27/1979,"October 27, 1979",118397,2,0.001183279384
11021979,11/02/1979,"November 02, 1979",118439,2,0.001183698887
11171979,11/17/1979,"November 17, 1979",118482,2,0.001184128378
11211979,11/21/1979,"November 21, 1979",118525,2,0.001184557869
12011979,12/01/1979,"December 01, 1979",118568,2,0.001184987359
12021979,12/02/1979,"December 02, 1979",118611,2,0.001185416850
12151979,12/15/1979,"December 15, 1979",118654,2,0.001185846340
12221979,12/22/1979,"December 22, 1979",118697,2,0.001186275830
12301979,12/30/1979,"December 30, 1979",118740,2,0.001186705320
01031980,01/03/1980,"January 03, 1980",118783,2,0.001187134809
01251980,01/25/1980,"January 25, 1980",118826,2,0.001187564299
01261980,01/26/1980,"January 26, 1980",118869,2,0.001187993788
02121980,02/12/1980,"February 12, 1980",118912,2,0.001188423277
02281980,02/28/1980,"February 28, 1980",118955,2,0.001188852766
03111980,03/11/1980,"March 11, 1980",118998,2,0.001189282255
03311980,03/31/1980,"March 31, 1980",119041,2,0.001189711743
04131980,04/13/1980,"April 13, 1980",119084,2,0.001190141231
04231980,04/23/1980,"April 23, 1980",119127,2,0.001190570720
06071980,06/07/1980,"June 07, 1980",119170,2,0.001191000208
06251980,06/25/1980,"June 25, 1980",119213,2,0.001191429695
06301980,06/30/1980,"June 30, 1980",119256,2,0.001191859183
07091980,07/09/1980,"July 09, 1980",119298,2,0.001192278682
07141980,07/14/1980,"July 14, 1980",119341,2,0.001192708170
07231980,07/23/1980,"July 23, 1980",119384,2,0.001193137657
07311980,07/31/1980,"July 31, 1980",119427,2,0.001193567143
08011980,08/01/1980,"August 01, 1980",119470,2,0.001193996630
08311980,08/31/1980,"August 31, 1980",119513,2,0.001194426117
09061980,09/06/1980,"September 06, 1980",119554,2,0.001194835627
09201980,09/20/1980,"September 20, 1980",119595,2,0.001195245137
09291980,09/29/1980,"September 29, 1980",119638,2,0.001195674623
10031980,10/03/1980,"October 03, 1980",119681,2,0.001196104109
11061980,11/06/1980,"November 06, 1980",119724,2,0.001196533594
11091980,11/09/1980,"November 09, 1980",119767,2,0.001196963080
11111980,11/11/1980,"November 11, 1980",119809,2,0.001197382577
11171980,11/17/1980,"November 17, 1980",119851,2,0.001197802074
12111980,12/11/1980,"December 11, 1980",119894,2,0.001198231559
12171980,12/17/1980,"December 17, 1980",119937,2,0.001198661043
01301981,01/30/1981,"January 30, 1981",119980,2,0.001199090528
02031981,02/03/1981,"February 03, 1981",120023,2,0.001199520012
02071981,02/07/1981,"February 07, 1981",120066,2,0.001199949496
02081981,02/08/1981,"February 08, 1981",120109,2,0.001200378980
02111981,02/11/1981,"February 11, 1981",120152,2,0.001200808464
03051981,03/05/1981,"March 05, 1981",120195,2,0.001201237947
03161981,03/16/1981,"March 16, 1981",120238,2,0.001201667431
03261981,03/26/1981,"March 26, 1981",120281,2,0.001202096914
03281981,03/28/1981,"March 28, 1981",120324,2,0.001202526397
03291981,03/29/1981,"March 29, 1981",120367,2,0.001202955880
04041981,04/04/1981,"April 04, 1981",120410,2,0.001203385362
04091981,04/09/1981,"April 09, 1981",120453,2,0.001203814845
04171981,04/17/1981,"April 17, 1981",120496,2,0.001204244327
06021981,06/02/1981,"June 02, 1981",120539,2,0.001204673809
06111981,06/11/1981,"June 11, 1981",120582,2,0.001205103291
06221981,06/22/1981,"June 22, 1981",120625,2,0.001205532773
07211981,07/21/1981,"July 21, 1981",120668,2,0.001205962254
07281981,07/28/1981,"July 28, 1981",120710,2,0.001206381748
07291981,07/29/1981,"July 29, 1981",120753,2,0.001206811229
08131981,08/13/1981,"August 13, 1981",120796,2,0.001207240710
08231981,08/23/1981,"August 23, 1981",120839,2,0.001207670191
08311981,08/31/1981,"August 31, 1981",120882,2,0.001208099671
09221981,09/22/1981,"September 22, 1981",120925,2,0.001208529152
10011981,10/01/1981,"October 01, 1981",1741,1,0.000017419848
10051981,10/05/1981,"October 05, 1981",120968,2,0.001208958632
10301981,10/30/1981,"October 30, 1981",121011,2,0.001209388112
11061981,11/06/1981,"November 06, 1981",121054,2,0.001209817592
11191981,11/19/1981,"November 19, 1981",121097,2,0.001210247072
12071981,12/07/1981,"December 07, 1981",121140,2,0.001210676551
12121981,12/12/1981,"December 12, 1981",121183,2,0.001211106031
12171981,12/17/1981,"December 17, 1981",121226,2,0.001211535510
12181981,12/18/1981,"December 18, 1981",121269,2,0.001211964989
01041982,01/04/1982,"January 04, 1982",121312,2,0.001212394467
01201982,01/20/1982,"January 20, 1982",121355,2,0.001212823946
01311982,01/31/1982,"January 31, 1982",121398,2,0.001213253424
02111982,02/11/1982,"February 11, 1982",121441,2,0.001213682903
02161982,02/16/1982,"February 16, 1982",121483,2,0.001214102393
03071982,03/07/1982,"March 07, 1982",121526,2,0.001214531871
03141982,03/14/1982,"March 14, 1982",121569,2,0.001214961348
03221982,03/22/1982,"March 22, 1982",121611,2,0.001215380838
03251982,03/25/1982,"March 25, 1982",121652,2,0.001215790340
04111982,04/11/1982,"April 11, 1982",121695,2,0.001216219817
04191982,04/19/1982,"April 19, 1982",121738,2,0.001216649294
05121982,05/12/1982,"May 12, 1982",121781,2,0.001217078770
05181982,05/18/1982,"May 18, 1982",121823,2,0.001217498259
06221982,06/22/1982,"June 22, 1982",121866,2,0.001217927735
06231982,06/23/1982,"June 23, 1982",121909,2,0.001218357212
07161982,07/16/1982,"July 16, 1982",121952,2,0.001218786688
07301982,07/30/1982,"July 30, 1982",121994,2,0.001219206176
08031982,08/03/1982,"August 03, 1982",122036,2,0.001219625664
08191982,08/19/1982,"August 19, 1982",122078,2,0.001220045151
08231982,08/23/1982,"August 23, 1982",122121,2,0.001220474627
09021982,09/02/1982,"September 02, 1982",122164,2,0.001220904102
09041982,09/04/1982,"September 04, 1982",122207,2,0.001221333577
09121982,09/12/1982,"September 12, 1982",122249,2,0.001221753064
09161982,09/16/1982,"September 16, 1982",122292,2,0.001222182538
09181982,09/18/1982,"September 18, 1982",5949,1,0.000059498231
09191982,09/19/1982,"September 19, 1982",122335,2,0.001222612012
10031982,10/03/1982,"October 03, 1982",122378,2,0.001223041487
10051982,10/05/1982,"October 05, 1982",100892,1,0.001008421211
10081982,10/08/1982,"October 08, 1982",180253,1,0.001800916418
10241982,10/24/1982,"October 24, 1982",122421,2,0.001223470961
10281982,10/28/1982,"October 28, 1982",122464,2,0.001223900434
11071982,11/07/1982,"November 07, 1982",122507,2,0.001224329908
11101982,11/10/1982,"November 10, 1982",122550,2,0.001224759382
11231982,11/23/1982,"November 23, 1982",122593,2,0.001225188855
11291982,11/29/1982,"November 29, 1982",122636,2,0.001225618328
12021982,12/02/1982,"December 02, 1982",122679,2,0.001226047801
12131982,12/13/1982,"December 13, 1982",122722,2,0.001226477274
12241982,12/24/1982,"December 24, 1982",122763,2,0.001226886771
12291982,12/29/1982,"December 29, 1982",122806,2,0.001227316243
01021983,01/02/1983,"January 02, 1983",122849,2,0.001227745715
01141983,01/14/1983,"January 14, 1983",122892,2,0.001228175187
01181983,01/18/1983,"January 18, 1983",122935,2,0.001228604659
01241983,01/24/1983,"January 24, 1983",122978,2,0.001229034130
02281983,02/28/1983,"February 28, 1983",123021,2,0.001229463602
03241983,03/24/1983,"March 24, 1983",123064,2,0.001229893073
03261983,03/26/1983,"March 26, 1983",123107,2,0.001230322544
04011983,04/01/1983,"April 01, 1983",123150,2,0.001230752015
05081983,05/08/1983,"May 08, 1983",123193,2,0.001231181486
06151983,06/15/1983,"June 15, 1983",123236,2,0.001231610956
06161983,06/16/1983,"June 16, 1983",123279,2,0.001232040427
07091983,07/09/1983,"July 09, 1983",123322,2,0.001232469897
07241983,07/24/1983,"July 24, 1983",123365,2,0.001232899367
07271983,07/27/1983,"July 27, 1983",123408,2,0.001233328836
08011983,08/01/1983,"August 01, 1983",123450,2,0.001233748318
08041983,08/04/1983,"August 04, 1983",123493,2,0.001234177788
08101983,08/10/1983,"August 10, 1983",123536,2,0.001234607257
08121983,08/12/1983,"August 12, 1983",123577,2,0.001235016751
08151983,08/15/1983,"August 15, 1983",123620,2,0.001235446220
08181983,08/18/1983,"August 18, 1983",123663,2,0.001235875688
09011983,09/01/1983,"September 01, 1983",123706,2,0.001236305157
09041983,09/04/1983,"September 04, 1983",123749,2,0.001236734625
09061983,09/06/1983,"September 06, 1983",123792,2,0.001237164093
09141983,09/14/1983,"September 14, 1983",123835,2,0.001237593561
09151983,09/15/1983,"September 15, 1983",123878,2,0.001238023029
09301983,09/30/1983,"September 30, 1983",123921,2,0.001238452496
10041983,10/04/1983,"October 04, 1983",154223,2,0.001541051374
10051983,10/05/1983,"October 05, 1983",93522,1,0.000934792818
10281983,10/28/1983,"October 28, 1983",123963,2,0.001238871976
11111983,11/11/1983,"November 11, 1983",124006,2,0.001239301443
11241983,11/24/1983,"November 24, 1983",124049,2,0.001239730910
11271983,11/27/1983,"November 27, 1983",124092,2,0.001240160377
12041983,12/04/1983,"December 04, 1983",124135,2,0.001240589844
12201983,12/20/1983,"December 20, 1983",124177,2,0.001241009323
12211983,12/21/1983,"December 21, 1983",124220,2,0.001241438789
12281983,12/28/1983,"December 28, 1983",124263,2,0.001241868255
01061984,01/06/1984,"January 06, 1984",124306,2,0.001242297721
01071984,01/07/1984,"January 07, 1984",124348,2,0.001242717199
01091984,01/09/1984,"January 09, 1984",124391,2,0.001243146665
01121984,01/12/1984,"January 12, 1984",124434,2,0.001243576130
01131984,01/13/1984,"January 13, 1984",124477,2,0.001244005595
01271984,01/27/1984,"January 27, 1984",124520,2,0.001244435060
02191984,02/19/1984,"February 19, 1984",124563,2,0.001244864525
02291984,02/29/1984,"February 29, 1984",124606,2,0.001245293990
03101984,03/10/1984,"March 10, 1984",124649,2,0.001245723454
03121984,03/12/1984,"March 12, 1984",124692,2,0.001246152918
03191984,03/19/1984,"March 19, 1984",124735,2,0.001246582382
04051984,04/05/1984,"April 05, 1984",124778,2,0.001247011846
04251984,04/25/1984,"April 25, 1984",124821,2,0.001247441310
05081984,05/08/1984,"May 08, 1984",124864,2,0.001247870773
05131984,05/13/1984,"May 13, 1984",124907,2,0.001248300237
05171984,05/17/1984,"May 17, 1984",124950,2,0.001248729700
05191984,05/19/1984,"May 19, 1984",124993,2,0.001249159163
06021984,06/02/1984,"June 02, 1984",125036,2,0.001249588626
06121984,06/12/1984,"June 12, 1984",125079,2,0.001250018088
06141984,06/14/1984,"June 14, 1984",125122,2,0.001250447551
07091984,07/09/1984,"July 09, 1984",125165,2,0.001250877013
07101984,07/10/1984,"July 10, 1984",125207,2,0.001251296487
07171984,07/17/1984,"July 17, 1984",125249,2,0.001251715962
07181984,07/18/1984,"July 18, 1984",125292,2,0.001252145423
07301984,07/30/1984,"July 30, 1984",125334,2,0.001252564897
08041984,08/04/1984,"August 04, 1984",125376,2,0.001252984371
08091984,08/09/1984,"August 09, 1984",125419,2,0.001253413832
08121984,08/12/1984,"August 12, 1984",125462,2,0.001253843293
08161984,08/16/1984,"August 16, 1984",125503,2,0.001254252779
08191984,08/19/1984,"August 19, 1984",125546,2,0.001254682240
08251984,08/25/1984,"August 25, 1984",125589,2,0.001255111700
08261984,08/26/1984,"August 26, 1984",125631,2,0.001255531173
09021984,09/02/1984,"September 02, 1984",125674,2,0.001255960633
09261984,09/26/1984,"September 26, 1984",125717,2,0.001256390093
09291984,09/29/1984,"September 29, 1984",125760,2,0.001256819553
10091984,10/09/1984,"October 09, 1984",9291,1,0.000092915684
10161984,10/16/1984,"October 16, 1984",125803,2,0.001257249012
10281984,10/28/1984,"October 28, 1984",125846,2,0.001257678471
11041984,11/04/1984,"November 04, 1984",125889,2,0.001258107930
12041984,12/04/1984,"December 04, 1984",125931,2,0.001258527402
12161984,12/16/1984,"December 16, 1984",125974,2,0.001258956861
01181985,01/18/1985,"January 18, 1985",126017,2,0.001259386319
01261985,01/26/1985,"January 26, 1985",126060,2,0.001259815778
02181985,02/18/1985,"February 18, 1985",126103,2,0.001260245236
02281985,02/28/1985,"February 28, 1985",126146,2,0.001260674694
03271985,03/27/1985,"March 27, 1985",126189,2,0.001261104152
04201985,04/20/1985,"April 20, 1985",126232,2,0.001261533609
04231985,04/23/1985,"April 23, 1985",126275,2,0.001261963067
04241985,04/24/1985,"April 24, 1985",126318,2,0.001262392524
04261985,04/26/1985,"April 26, 1985",126361,2,0.001262821981
05151985,05/15/1985,"May 15, 1985",126403,2,0.001263241451
05201985,05/20/1985,"May 20, 1985",126446,2,0.001263670907
06101985,06/10/1985,"June 10, 1985",126489,2,0.001264100364
06141985,06/14/1985,"June 14, 1985",126532,2,0.001264529820
06281985,06/28/1985,"June 28, 1985",126575,2,0.001264959276
07031985,07/03/1985,"July 03, 1985",126618,2,0.001265388732
07121985,07/12/1985,"July 12, 1985",126661,2,0.001265818188
07151985,07/15/1985,"July 15, 1985",126704,2,0.001266247644
07311985,07/31/1985,"July 31, 1985",126746,2,0.001266667112
08051985,08/05/1985,"August 05, 1985",126789,2,0.001267096567
08091985,08/09/1985,"August 09, 1985",126832,2,0.001267526022
09081985,09/08/1985,"September 08, 1985",126875,2,0.001267955477
09221985,09/22/1985,"September 22, 1985",126918,2,0.001268384932
09261985,09/26/1985,"September 26, 1985",126961,2,0.001268814386
09301985,09/30/1985,"September 30, 1985",127004,2,0.001269243841
11051985,11/05/1985,"November 05, 1985",127047,2,0.001269673295
11251985,11/25/1985,"November 25, 1985",127090,2,0.001270102749
11271985,11/27/1985,"November 27, 1985",127133,2,0.001270532202
12051985,12/05/1985,"December 05, 1985",127176,2,0.001270961656
12111985,12/11/1985,"December 11, 1985",127219,2,0.001271391109
12221985,12/22/1985,"December 22, 1985",127262,2,0.001271820563
01011986,01/01/1986,"January 01, 1986",127305,2,0.001272250016
01021986,01/02/1986,"January 02, 1986",127348,2,0.001272679468
01071986,01/07/1986,"January 07, 1986",127391,2,0.001273108921
01191986,01/19/1986,"January 19, 1986",127434,2,0.001273538374
01311986,01/31/1986,"January 31, 1986",127477,2,0.001273967826
02011986,02/01/1986,"February 01, 1986",127520,2,0.001274397278
02091986,02/09/1986,"February 09, 1986",127563,2,0.001274826730
02131986,02/13/1986,"February 13, 1986",127606,2,0.001275256182
02171986,02/17/1986,"February 17, 1986",127649,2,0.001275685633
02251986,02/25/1986,"February 25, 1986",127692,2,0.001276115085
02281986,02/28/1986,"February 28, 1986",127735,2,0.001276544536
03131986,03/13/1986,"March 13, 1986",127778,2,0.001276973987
03221986,03/22/1986,"March 22, 1986",127821,2,0.001277403438
04011986,04/01/1986,"April 01, 1986",127864,2,0.001277832888
04051986,04/05/1986,"April 05, 1986",127907,2,0.001278262339
05161986,05/16/1986,"May 16, 1986",127950,2,0.001278691789
05221986,05/22/1986,"May 22, 1986",127993,2,0.001279121239
06131986,06/13/1986,"June 13, 1986",128036,2,0.001279550689
06161986,06/16/1986,"June 16, 1986",128078,2,0.001279970151
06251986,06/25/1986,"June 25, 1986",128121,2,0.001280399601
07081986,07/08/1986,"July 08, 1986",128164,2,0.001280829050
07091986,07/09/1986,"July 09, 1986",128207,2,0.001281258499
07221986,07/22/1986,"July 22, 1986",128250,2,0.001281687948
08191986,08/19/1986,"August 19, 1986",128293,2,0.001282117397
08221986,08/22/1986,"August 22, 1986",128336,2,0.001282546846
08271986,08/27/1986,"August 27, 1986",128379,2,0.001282976294
09031986,09/03/1986,"September 03, 1986",128422,2,0.001283405742
09101986,09/10/1986,"September 10, 1986",128465,2,0.001283835190
09131986,09/13/1986,"September 13, 1986",128508,2,0.001284264638
09301986,09/30/1986,"September 30, 1986",128551,2,0.001284694086
10051986,10/05/1986,"October 05, 1986",32049,1,0.000320448649
10171986,10/17/1986,"October 17, 1986",128594,2,0.001285123533
10201986,10/20/1986,"October 20, 1986",128637,2,0.001285552981
10251986,10/25/1986,"October 25, 1986",128680,2,0.001285982428
11021986,11/02/1986,"November 02, 1986",128723,2,0.001286411875
11081986,11/08/1986,"November 08, 1986",128766,2,0.001286841322
11091986,11/09/1986,"November 09, 1986",128809,2,0.001287270768
11111986,11/11/1986,"November 11, 1986",128852,2,0.001287700215
11131986,11/13/1986,"November 13, 1986",128895,2,0.001288129661
11241986,11/24/1986,"November 24, 1986",128938,2,0.001288559107
01221987,01/22/1987,"January 22, 1987",128980,2,0.001288978566
01311987,01/31/1987,"January 31, 1987",129023,2,0.001289408011
02161987,02/16/1987,"February 16, 1987",129066,2,0.001289837457
02181987,02/18/1987,"February 18, 1987",129109,2,0.001290266902
02201987,02/20/1987,"February 20, 1987",129152,2,0.001290696347
02271987,02/27/1987,"February 27, 1987",129195,2,0.001291125792
03101987,03/10/1987,"March 10, 1987",129238,2,0.001291555237
03221987,03/22/1987,"March 22, 1987",129280,2,0.001291974694
03291987,03/29/1987,"March 29, 1987",129323,2,0.001292404138
04171987,04/17/1987,"April 17, 1987",129366,2,0.001292833583
05151987,05/15/1987,"May 15, 1987",129409,2,0.001293263027
05261987,05/26/1987,"May 26, 1987",129452,2,0.001293692470
06021987,06/02/1987,"June 02, 1987",129495,2,0.001294121914
06151987,06/15/1987,"June 15, 1987",129538,2,0.001294551358
06231987,06/23/1987,"June 23, 1987",129581,2,0.001294980801
06271987,06/27/1987,"June 27, 1987",129624,2,0.001295410244
06281987,06/28/1987,"June 28, 1987",129667,2,0.001295839687
07191987,07/19/1987,"July 19, 1987",129710,2,0.001296269129
08241987,08/24/1987,"August 24, 1987",129753,2,0.001296698572
09051987,09/05/1987,"September 05, 1987",129796,2,0.001297128014
09061987,09/06/1987,"September 06, 1987",129839,2,0.001297557456
09071987,09/07/1987,"September 07, 1987",129882,2,0.001297986898
09081987,09/08/1987,"September 08, 1987",129925,2,0.001298416340
09101987,09/10/1987,"September 10, 1987",129968,2,0.001298845782
09201987,09/20/1987,"September 20, 1987",130011,2,0.001299275223
09211987,09/21/1987,"September 21, 1987",130054,2,0.001299704664
09221987,09/22/1987,"September 22, 1987",130097,2,0.001300134105
10061987,10/06/1987,"October 06, 1987",144405,1,0.001443017862
10071987,10/07/1987,"October 07, 1987",90688,1,0.000906478909
10081987,10/08/1987,"October 08, 1987",104879,1,0.001048250212
10161987,10/16/1987,"October 16, 1987",130140,2,0.001300563546
10171987,10/17/1987,"October 17, 1987",130183,2,0.001300992987
10281987,10/28/1987,"October 28, 1987",130226,2,0.001301422427
10301987,10/30/1987,"October 30, 1987",130269,2,0.001301851868
11031987,11/03/1987,"November 03, 1987",130312,2,0.001302281308
11241987,11/24/1987,"November 24, 1987",130355,2,0.001302710748
12071987,12/07/1987,"December 07, 1987",130398,2,0.001303140188
01061988,01/06/1988,"January 06, 1988",130441,2,0.001303569627
01081988,01/08/1988,"January 08, 1988",130484,2,0.001303999066
01121988,01/12/1988,"January 12, 1988",130526,2,0.001304418519
03021988,03/02/1988,"March 02, 1988",130569,2,0.001304847958
03121988,03/12/1988,"March 12, 1988",130611,2,0.001305267410
03191988,03/19/1988,"March 19, 1988",130654,2,0.001305696848
03231988,03/23/1988,"March 23, 1988",130697,2,0.001306126287
04041988,04/04/1988,"April 04, 1988",130739,2,0.001306545738
04071988,04/07/1988,"April 07, 1988",130782,2,0.001306975176
04211988,04/21/1988,"April 21, 1988",130825,2,0.001307404614
04221988,04/22/1988,"April 22, 1988",143765,1,0.001436627076
04241988,04/24/1988,"April 24, 1988",130868,2,0.001307834052
04251988,04/25/1988,"April 25, 1988",130910,2,0.001308253502
05141988,05/14/1988,"May 14, 1988",130953,2,0.001308682940
06181988,06/18/1988,"June 18, 1988",130996,2,0.001309112377
06281988,06/28/1988,"June 28, 1988",131038,2,0.001309531827
07031988,07/03/1988,"July 03, 1988",131081,2,0.001309961264
07121988,07/12/1988,"July 12, 1988",131124,2,0.001310390700
07201988,07/20/1988,"July 20, 1988",131167,2,0.001310820137
07251988,07/25/1988,"July 25, 1988",131210,2,0.001311249573
07301988,07/30/1988,"July 30, 1988",131253,2,0.001311679009
08201988,08/20/1988,"August 20, 1988",131296,2,0.001312108445
09011988,09/01/1988,"September 01, 1988",131339,2,0.001312537881
09031988,09/03/1988,"September 03, 1988",131382,2,0.001312967316
09071988,09/07/1988,"September 07, 1988",131424,2,0.001313386765
09211988,09/21/1988,"September 21, 1988",131467,2,0.001313816200
09291988,09/29/1988,"September 29, 1988",131510,2,0.001314245635
10051988,10/05/1988,"October 05, 1988",131553,2,0.001314675070
10131988,10/13/1988,"October 13, 1988",131596,2,0.001315104504
10221988,10/22/1988,"October 22, 1988",131639,2,0.001315533939
10261988,10/26/1988,"October 26, 1988",131682,2,0.001315963373
10301988,10/30/1988,"October 30, 1988",131725,2,0.001316392807
10311988,10/31/1988,"October 31, 1988",131768,2,0.001316822241
11031988,11/03/1988,"November 03, 1988",131811,2,0.001317251675
11081988,11/08/1988,"November 08, 1988",131854,2,0.001317681108
11211988,11/21/1988,"November 21, 1988",131897,2,0.001318110541
11231988,11/23/1988,"November 23, 1988",131940,2,0.001318539975
11281988,11/28/1988,"November 28, 1988",131983,2,0.001318969407
12171988,12/17/1988,"December 17, 1988",132026,2,0.001319398840
12241988,12/24/1988,"December 24, 1988",132069,2,0.001319828273
12261988,12/26/1988,"December 26, 1988",132112,2,0.001320257705
01051989,01/05/1989,"January 05, 1989",132155,2,0.001320687137
01111989,01/11/1989,"January 11, 1989",132198,2,0.001321116569
01141989,01/14/1989,"January 14, 1989",132241,2,0.001321546001
01241989,01/24/1989,"January 24, 1989",132284,2,0.001321975433
01261989,01/26/1989,"January 26, 1989",132327,2,0.001322404864
02261989,02/26/1989,"February 26, 1989",132370,2,0.001322834296
03011989,03/01/1989,"March 01, 1989",132413,2,0.001323263727
03031989,03/03/1989,"March 03, 1989",132456,2,0.001323693158
03081989,03/08/1989,"March 08, 1989",132499,2,0.001324122588
03161989,03/16/1989,"March 16, 1989",132542,2,0.001324552019
03251989,03/25/1989,"March 25, 1989",132585,2,0.001324981449
03281989,03/28/1989,"March 28, 1989",132628,2,0.001325410879
04031989,04/03/1989,"April 03, 1989",132670,2,0.001325830323
04191989,04/19/1989,"April 19, 1989",132713,2,0.001326259752
04251989,04/25/1989,"April 25, 1989",132756,2,0.001326689182
05011989,05/01/1989,"May 01, 1989",132799,2,0.001327118612
05101989,05/10/1989,"May 10, 1989",132842,2,0.001327548041
05131989,05/13/1989,"May 13, 1989",132885,2,0.001327977470
05281989,05/28/1989,"May 28, 1989",132928,2,0.001328406899
05291989,05/29/1989,"May 29, 1989",132970,2,0.001328826341
06061989,06/06/1989,"June 06, 1989",133013,2,0.001329255769
06121989,06/12/1989,"June 12, 1989",133055,2,0.001329675211
06201989,06/20/1989,"June 20, 1989",133098,2,0.001330104639
06281989,06/28/1989,"June 28, 1989",133141,2,0.001330534067
07011989,07/01/1989,"July 01, 1989",133184,2,0.001330963495
07131989,07/13/1989,"July 13, 1989",133227,2,0.001331392922
07241989,07/24/1989,"July 24, 1989",133270,2,0.001331822350
07281989,07/28/1989,"July 28, 1989",133313,2,0.001332251777
08071989,08/07/1989,"August 07, 1989",133356,2,0.001332681204
08111989,08/11/1989,"August 11, 1989",133399,2,0.001333110631
08301989,08/30/1989,"August 30, 1989",133441,2,0.001333530071
09041989,09/04/1989,"September 04, 1989",133484,2,0.001333959497
09141989,09/14/1989,"September 14, 1989",133527,2,0.001334388924
09181989,09/18/1989,"September 18, 1989",133570,2,0.001334818350
10091989,10/09/1989,"October 09, 1989",133613,2,0.001335247776
11041989,11/04/1989,"November 04, 1989",133655,2,0.001335667215
11201989,11/20/1989,"November 20, 1989",133698,2,0.001336096640
12011989,12/01/1989,"December 01, 1989",133741,2,0.001336526066
12061989,12/06/1989,"December 06, 1989",133784,2,0.001336955491
12071989,12/07/1989,"December 07, 1989",133827,2,0.001337384916
12161989,12/16/1989,"December 16, 1989",133870,2,0.001337814341
12191989,12/19/1989,"December 19, 1989",133913,2,0.001338243766
12211989,12/21/1989,"December 21, 1989",133956,2,0.001338673190
01171990,01/17/1990,"January 17, 1990",133999,2,0.001339102614
01211990,01/21/1990,"January 21, 1990",134042,2,0.001339532038
03051990,03/05/1990,"March 05, 1990",134085,2,0.001339961462
03111990,03/11/1990,"March 11, 1990",134128,2,0.001340390886
03191990,03/19/1990,"March 19, 1990",134171,2,0.001340820310
04171990,04/17/1990,"April 17, 1990",134214,2,0.001341249733
04231990,04/23/1990,"April 23, 1990",134257,2,0.001341679156
05041990,05/04/1990,"May 04, 1990",134299,2,0.001342098593
05151990,05/15/1990,"May 15, 1990",134342,2,0.001342528015
05241990,05/24/1990,"May 24, 1990",134385,2,0.001342957438
05281990,05/28/1990,"May 28, 1990",134428,2,0.001343386860
05291990,05/29/1990,"May 29, 1990",134471,2,0.001343816283
06181990,06/18/1990,"June 18, 1990",134514,2,0.001344245705
06191990,06/19/1990,"June 19, 1990",134557,2,0.001344675127
06261990,06/26/1990,"June 26, 1990",134600,2,0.001345104548
07061990,07/06/1990,"July 06, 1990",134643,2,0.001345533970
07231990,07/23/1990,"July 23, 1990",134686,2,0.001345963391
08011990,08/01/1990,"August 01, 1990",134729,2,0.001346392812
08091990,08/09/1990,"August 09, 1990",134772,2,0.001346822233
09031990,09/03/1990,"September 03, 1990",134815,2,0.001347251654
09271990,09/27/1990,"September 27, 1990",134858,2,0.001347681075
10031990,10/03/1990,"October 03, 1990",134901,2,0.001348110495
10171990,10/17/1990,"October 17, 1990",134944,2,0.001348539915
11011990,11/01/1990,"November 01, 1990",134987,2,0.001348969335
11141990,11/14/1990,"November 14, 1990",135030,2,0.001349398755
11171990,11/17/1990,"November 17, 1990",135073,2,0.001349828175
11211990,11/21/1990,"November 21, 1990",135116,2,0.001350257594
01071991,01/07/1991,"January 07, 1991",135159,2,0.001350687014
01201991,01/20/1991,"January 20, 1991",135201,2,0.001351106446
01251991,01/25/1991,"January 25, 1991",135244,2,0.001351535865
01261991,01/26/1991,"January 26, 1991",135287,2,0.001351965284
01281991,01/28/1991,"January 28, 1991",135329,2,0.001352384716
02041991,02/04/1991,"February 04, 1991",135372,2,0.001352814134
02261991,02/26/1991,"February 26, 1991",135414,2,0.001353233566
03051991,03/05/1991,"March 05, 1991",135457,2,0.001353662984
03171991,03/17/1991,"March 17, 1991",135500,2,0.001354092402
03181991,03/18/1991,"March 18, 1991",135542,2,0.001354511833
03241991,03/24/1991,"March 24, 1991",135585,2,0.001354941251
04141991,04/14/1991,"April 14, 1991",135627,2,0.001355360682
04181991,04/18/1991,"April 18, 1991",135670,2,0.001355790099
04241991,04/24/1991,"April 24, 1991",29393,1,0.000293896807
04261991,04/26/1991,"April 26, 1991",135712,2,0.001356209529
05121991,05/12/1991,"May 12, 1991",135755,2,0.001356638946
05141991,05/14/1991,"May 14, 1991",135798,2,0.001357068362
05151991,05/15/1991,"May 15, 1991",135841,2,0.001357497779
05231991,05/23/1991,"May 23, 1991",135884,2,0.001357927195
05291991,05/29/1991,"May 29, 1991",135927,2,0.001358356611
06011991,06/01/1991,"June 01, 1991",135970,2,0.001358786027
06151991,06/15/1991,"June 15, 1991",136013,2,0.001359215442
07041991,07/04/1991,"July 04, 1991",136056,2,0.001359644858
07071991,07/07/1991,"July 07, 1991",136099,2,0.001360074273
07241991,07/24/1991,"July 24, 1991",136142,2,0.001360503688
07281991,07/28/1991,"July 28, 1991",136185,2,0.001360933103
07311991,07/31/1991,"July 31, 1991",136228,2,0.001361362518
08041991,08/04/1991,"August 04, 1991",136271,2,0.001361791932
08071991,08/07/1991,"August 07, 1991",136313,2,0.001362211360
08211991,08/21/1991,"August 21, 1991",136356,2,0.001362640774
08231991,08/23/1991,"August 23, 1991",136399,2,0.001363070188
08291991,08/29/1991,"August 29, 1991",136442,2,0.001363499602
09061991,09/06/1991,"September 06, 1991",136484,2,0.001363919030
09191991,09/19/1991,"September 19, 1991",136527,2,0.001364348443
09231991,09/23/1991,"September 23, 1991",136570,2,0.001364777856
09271991,09/27/1991,"September 27, 1991",136612,2,0.001365197283
10021991,10/02/1991,"October 02, 1991",47697,1,0.000476866268
10031991,10/03/1991,"October 03, 1991",142990,1,0.001428888180
10071991,10/07/1991,"October 07, 1991",136655,2,0.001365626696
10121991,10/12/1991,"October 12, 1991",136698,2,0.001366056108
10211991,10/21/1991,"October 21, 1991",136741,2,0.001366485521
11111991,11/11/1991,"November 11, 1991",136784,2,0.001366914933
11171991,11/17/1991,"November 17, 1991",136827,2,0.001367344345
11191991,11/19/1991,"November 19, 1991",136870,2,0.001367773757
11231991,11/23/1991,"November 23, 1991",136913,2,0.001368203169
11271991,11/27/1991,"November 27, 1991",136956,2,0.001368632581
12201991,12/20/1991,"December 20, 1991",36203,1,0.000361974475
01071992,01/07/1992,"January 07, 1992",136999,2,0.001369061992
01091992,01/09/1992,"January 09, 1992",137042,2,0.001369491403
01241992,01/24/1992,"January 24, 1992",137085,2,0.001369920814
01251992,01/25/1992,"January 25, 1992",137128,2,0.001370350225
02081992,02/08/1992,"February 08, 1992",137171,2,0.001370779636
02121992,02/12/1992,"February 12, 1992",137214,2,0.001371209046
02161992,02/16/1992,"February 16, 1992",137257,2,0.001371638457
02211992,02/21/1992,"February 21, 1992",137300,2,0.001372067867
03151992,03/15/1992,"March 15, 1992",137342,2,0.001372487290
03251992,03/25/1992,"March 25, 1992",137385,2,0.001372916700
03261992,03/26/1992,"March 26, 1992",137428,2,0.001373346110
04051992,04/05/1992,"April 05, 1992",137471,2,0.001373775519
04151992,04/15/1992,"April 15, 1992",137514,2,0.001374204928
04201992,04/20/1992,"April 20, 1992",137557,2,0.001374634337
04281992,04/28/1992,"April 28, 1992",137600,2,0.001375063746
06011992,06/01/1992,"June 01, 1992",137643,2,0.001375493155
06031992,06/03/1992,"June 03, 1992",137686,2,0.001375922563
06061992,06/06/1992,"June 06, 1992",137729,2,0.001376351971
06141992,06/14/1992,"June 14, 1992",137772,2,0.001376781380
07131992,07/13/1992,"July 13, 1992",137815,2,0.001377210787
07171992,07/17/1992,"July 17, 1992",137858,2,0.001377640195
07311992,07/31/1992,"July 31, 1992",137901,2,0.001378069603
08021992,08/02/1992,"August 02, 1992",137944,2,0.001378499010
08141992,08/14/1992,"August 14, 1992",137987,2,0.001378928417
08151992,08/15/1992,"August 15, 1992",138030,2,0.001379357824
08161992,08/16/1992,"August 16, 1992",138073,2,0.001379787231
09051992,09/05/1992,"September 05, 1992",138116,2,0.001380216638
09091992,09/09/1992,"September 09, 1992",138159,2,0.001380646044
10041992,10/04/1992,"October 04, 1992",168980,1,0.001688383092
10171992,10/17/1992,"October 17, 1992",138202,2,0.001381075450
10251992,10/25/1992,"October 25, 1992",138245,2,0.001381504856
11111992,11/11/1992,"November 11, 1992",138287,2,0.001381924276
11121992,11/12/1992,"November 12, 1992",138330,2,0.001382353682
11171992,11/17/1992,"November 17, 1992",138373,2,0.001382783087
12011992,12/01/1992,"December 01, 1992",138416,2,0.001383212492
01191993,01/19/1993,"January 19, 1993",27958,1,0.000279550921
01281993,01/28/1993,"January 28, 1993",138459,2,0.001383641898
01301993,01/30/1993,"January 30, 1993",138502,2,0.001384071302
02051993,02/05/1993,"February 05, 1993",138545,2,0.001384500707
02271993,02/27/1993,"February 27, 1993",138588,2,0.001384930112
03161993,03/16/1993,"March 16, 1993",138631,2,0.001385359516
04031993,04/03/1993,"April 03, 1993",138674,2,0.001385788920
06121993,06/12/1993,"June 12, 1993",138716,2,0.001386208338
06131993,06/13/1993,"June 13, 1993",138759,2,0.001386637742
06171993,06/17/1993,"June 17, 1993",138802,2,0.001387067146
07061993,07/06/1993,"July 06, 1993",138845,2,0.001387496549
07241993,07/24/1993,"July 24, 1993",138888,2,0.001387925953
08111993,08/11/1993,"August 11, 1993",138931,2,0.001388355356
08221993,08/22/1993,"August 22, 1993",138974,2,0.001388784759
08261993,08/26/1993,"August 26, 1993",139017,2,0.001389214161
08311993,08/31/1993,"August 31, 1993",139060,2,0.001389643564
09021993,09/02/1993,"September 02, 1993",139103,2,0.001390072966
09101993,09/10/1993,"September 10, 1993",13186,2,0.000131861307
09131993,09/13/1993,"September 13, 1993",139146,2,0.001390502368
10131993,10/13/1993,"October 13, 1993",139189,2,0.001390931770
10191993,10/19/1993,"October 19, 1993",139232,2,0.001391361172
10211993,10/21/1993,"October 21, 1993",139275,2,0.001391790574
10241993,10/24/1993,"October 24, 1993",139318,2,0.001392219975
10311993,10/31/1993,"October 31, 1993",139360,2,0.001392639390
11071993,11/07/1993,"November 07, 1993",139403,2,0.001393068792
11111993,11/11/1993,"November 11, 1993",139446,2,0.001393498192
11131993,11/13/1993,"November 13, 1993",139489,2,0.001393927593
12181993,12/18/1993,"December 18, 1993",139532,2,0.001394356994
01051994,01/05/1994,"January 05, 1994",139574,2,0.001394776408
01091994,01/09/1994,"January 09, 1994",139617,2,0.001395205808
01221994,01/22/1994,"January 22, 1994",139660,2,0.001395635208
01251994,01/25/1994,"January 25, 1994",139703,2,0.001396064608
01301994,01/30/1994,"January 30, 1994",139746,2,0.001396494007
02161994,02/16/1994,"February 16, 1994",139789,2,0.001396923407
02191994,02/19/1994,"February 19, 1994",139832,2,0.001397352806
03071994,03/07/1994,"March 07, 1994",139875,2,0.001397782205
03131994,03/13/1994,"March 13, 1994",139918,2,0.001398211604
04011994,04/01/1994,"April 01, 1994",139961,2,0.001398641003
04021994,04/02/1994,"April 02, 1994",140004,2,0.001399070401
04191994,04/19/1994,"April 19, 1994",28729,1,0.000287258736
04241994,04/24/1994,"April 24, 1994",140047,2,0.001399499800
05071994,05/07/1994,"May 07, 1994",140090,2,0.001399929198
06081994,06/08/1994,"June 08, 1994",140133,2,0.001400358596
08041994,08/04/1994,"August 04, 1994",140176,2,0.001400787993
08111994,08/11/1994,"August 11, 1994",140219,2,0.001401217391
09101994,09/10/1994,"September 10, 1994",140262,2,0.001401646788
09141994,09/14/1994,"September 14, 1994",140305,2,0.001402076186
09231994,09/23/1994,"September 23, 1994",140348,2,0.001402505583
09291994,09/29/1994,"September 29, 1994",140391,2,0.001402934979
10091994,10/09/1994,"October 09, 1994",96911,1,0.000968650565
10101994,10/10/1994,"October 10, 1994",140434,2,0.001403364376
10181994,10/18/1994,"October 18, 1994",140477,2,0.001403793773
10201994,10/20/1994,"October 20, 1994",176730,1,0.001765749245
10261994,10/26/1994,"October 26, 1994",140520,2,0.001404223169
11091994,11/09/1994,"November 09, 1994",140563,2,0.001404652565
11211994,11/21/1994,"November 21, 1994",140605,2,0.001405071975
11251994,11/25/1994,"November 25, 1994",140648,2,0.001405501371
12131994,12/13/1994,"December 13, 1994",140691,2,0.001405930766
12141994,12/14/1994,"December 14, 1994",140734,2,0.001406360161
12191994,12/19/1994,"December 19, 1994",28386,1,0.000283829716
01121995,01/12/1995,"January 12, 1995",140775,2,0.001406769585
01261995,01/26/1995,"January 26, 1995",140817,2,0.001407188994
02101995,02/10/1995,"February 10, 1995",140860,2,0.001407618389
02171995,02/17/1995,"February 17, 1995",140903,2,0.001408047783
03041995,03/04/1995,"March 04, 1995",140946,2,0.001408477178
03171995,03/17/1995,"March 17, 1995",140989,2,0.001408906572
04191995,04/19/1995,"April 19, 1995",141032,2,0.001409335966
04281995,04/28/1995,"April 28, 1995",141074,2,0.001409755374
05111995,05/11/1995,"May 11, 1995",141117,2,0.001410184768
05161995,05/16/1995,"May 16, 1995",141159,2,0.001410604175
06011995,06/01/1995,"June 01, 1995",141202,2,0.001411033569
06091995,06/09/1995,"June 09, 1995",141245,2,0.001411462962
06161995,06/16/1995,"June 16, 1995",141288,2,0.001411892355
06301995,06/30/1995,"June 30, 1995",141331,2,0.001412321748
07261995,07/26/1995,"July 26, 1995",141374,2,0.001412751140
08091995,08/09/1995,"August 09, 1995",141417,2,0.001413180533
08131995,08/13/1995,"August 13, 1995",141460,2,0.001413609925
08141995,08/14/1995,"August 14, 1995",141503,2,0.001414039317
09061995,09/06/1995,"September 06, 1995",141545,2,0.001414458723
09081995,09/08/1995,"September 08, 1995",141588,2,0.001414888115
10061995,10/06/1995,"October 06, 1995",141631,2,0.001415317506
10171995,10/17/1995,"October 17, 1995",141674,2,0.001415746898
10251995,10/25/1995,"October 25, 1995",141716,2,0.001416166303
11131995,11/13/1995,"November 13, 1995",141759,2,0.001416595694
11171995,11/17/1995,"November 17, 1995",141802,2,0.001417025085
11221995,11/22/1995,"November 22, 1995",141845,2,0.001417454475
12021995,12/02/1995,"December 02, 1995",180456,1,0.001802942761
12151995,12/15/1995,"December 15, 1995",141888,2,0.001417883866
12171995,12/17/1995,"December 17, 1995",141931,2,0.001418313256
12291995,12/29/1995,"December 29, 1995",141974,2,0.001418742646
01101996,01/10/1996,"January 10, 1996",142017,2,0.001419172036
01231996,01/23/1996,"January 23, 1996",142060,2,0.001419601425
01241996,01/24/1996,"January 24, 1996",142102,2,0.001420020829
02101996,02/10/1996,"February 10, 1996",142145,2,0.001420450218
03121996,03/12/1996,"March 12, 1996",142188,2,0.001420879608
03151996,03/15/1996,"March 15, 1996",142231,2,0.001421308997
04041996,04/04/1996,"April 04, 1996",142274,2,0.001421738385
04081996,04/08/1996,"April 08, 1996",142317,2,0.001422167774
04211996,04/21/1996,"April 21, 1996",142360,2,0.001422597162
05261996,05/26/1996,"May 26, 1996",142403,2,0.001423026550
05291996,05/29/1996,"May 29, 1996",142446,2,0.001423455938
06011996,06/01/1996,"June 01, 1996",142489,2,0.001423885326
06201996,06/20/1996,"June 20, 1996",142532,2,0.001424314714
06221996,06/22/1996,"June 22, 1996",142575,2,0.001424744101
07071996,07/07/1996,"July 07, 1996",142618,2,0.001425173489
07121996,07/12/1996,"July 12, 1996",142660,2,0.001425592890
07131996,07/13/1996,"July 13, 1996",142703,2,0.001426022277
08061996,08/06/1996,"August 06, 1996",142746,2,0.001426451664
08241996,08/24/1996,"August 24, 1996",142789,2,0.001426881050
09041996,09/04/1996,"September 04, 1996",142832,2,0.001427310436
09201996,09/20/1996,"September 20, 1996",142875,2,0.001427739823
09291996,09/29/1996,"September 29, 1996",142918,2,0.001428169209
10051996,10/05/1996,"October 05, 1996",65862,1,0.000658413157
11031996,11/03/1996,"November 03, 1996",142961,2,0.001428598594
11051996,11/05/1996,"November 05, 1996",143004,2,0.001429027980
11191996,11/19/1996,"November 19, 1996",143047,2,0.001429457365
11201996,11/20/1996,"November 20, 1996",143090,2,0.001429886751
12061996,12/06/1996,"December 06, 1996",143133,2,0.001430316136
12081996,12/08/1996,"December 08, 1996",143176,2,0.001430745521
12141996,12/14/1996,"December 14, 1996",143219,2,0.001431174905
12251996,12/25/1996,"December 25, 1996",143262,2,0.001431604290
01011997,01/01/1997,"January 01, 1997",143304,2,0.001432023689
01051997,01/05/1997,"January 05, 1997",143347,2,0.001432453073
01171997,01/17/1997,"January 17, 1997",143390,2,0.001432882457
01181997,01/18/1997,"January 18, 1997",143433,2,0.001433311840
02171997,02/17/1997,"February 17, 1997",143476,2,0.001433741224
03031997,03/03/1997,"March 03, 1997",143519,2,0.001434170607
03141997,03/14/1997,"March 14, 1997",143562,2,0.001434599991
03151997,03/15/1997,"March 15, 1997",143605,2,0.001435029374
03181997,03/18/1997,"March 18, 1997",143648,2,0.001435458756
03211997,03/21/1997,"March 21, 1997",143691,2,0.001435888139
06011997,06/01/1997,"June 01, 1997",143734,2,0.001436317522
06101997,06/10/1997,"June 10, 1997",143777,2,0.001436746904
06121997,06/12/1997,"June 12, 1997",143820,2,0.001437176286
06141997,06/14/1997,"June 14, 1997",143863,2,0.001437605668
07031997,07/03/1997,"July 03, 1997",143906,2,0.001438035050
07061997,07/06/1997,"July 06, 1997",143949,2,0.001438464431
07201997,07/20/1997,"July 20, 1997",176300,1,0.001761456828
07271997,07/27/1997,"July 27, 1997",143992,2,0.001438893813
08011997,08/01/1997,"August 01, 1997",144035,2,0.001439323194
08111997,08/11/1997,"August 11, 1997",144078,2,0.001439752575
09141997,09/14/1997,"September 14, 1997",144121,2,0.001440181956
09151997,09/15/1997,"September 15, 1997",144163,2,0.001440601351
09191997,09/19/1997,"September 19, 1997",144205,2,0.001441020746
09291997,09/29/1997,"September 29, 1997",144248,2,0.001441450126
10051997,10/05/1997,"October 05, 1997",144290,2,0.001441869520
11011997,11/01/1997,"November 01, 1997",144333,2,0.001442298900
11131997,11/13/1997,"November 13, 1997",144376,2,0.001442728280
11281997,11/28/1997,"November 28, 1997",144419,2,0.001443157659
12021997,12/02/1997,"December 02, 1997",144462,2,0.001443587039
12061997,12/06/1997,"December 06, 1997",144504,2,0.001444006432
12191997,12/19/1997,"December 19, 1997",144547,2,0.001444435811
12271997,12/27/1997,"December 27, 1997",144590,2,0.001444865190
12291997,12/29/1997,"December 29, 1997",144633,2,0.001445294569
12301997,12/30/1997,"December 30, 1997",144676,2,0.001445723947
12311997,12/31/1997,"December 31, 1997",144719,2,0.001446153326
01041998,01/04/1998,"January 04, 1998",144762,2,0.001446582704
01071998,01/07/1998,"January 07, 1998",144805,2,0.001447012081
01111998,01/11/1998,"January 11, 1998",144848,2,0.001447441459
01151998,01/15/1998,"January 15, 1998",144890,2,0.001447860851
01221998,01/22/1998,"January 22, 1998",144933,2,0.001448290229
02041998,02/04/1998,"February 04, 1998",144976,2,0.001448719606
03051998,03/05/1998,"March 05, 1998",145019,2,0.001449148983
03231998,03/23/1998,"March 23, 1998",145062,2,0.001449578359
04211998,04/21/1998,"April 21, 1998",145105,2,0.001450007736
04221998,04/22/1998,"April 22, 1998",145148,2,0.001450437112
05111998,05/11/1998,"May 11, 1998",145190,2,0.001450856503
05151998,05/15/1998,"May 15, 1998",145233,2,0.001451285879
06071998,06/07/1998,"June 07, 1998",145276,2,0.001451715255
06271998,06/27/1998,"June 27, 1998",145319,2,0.001452144631
07071998,07/07/1998,"July 07, 1998",145361,2,0.001452564021
07081998,07/08/1998,"July 08, 1998",145404,2,0.001452993396
07191998,07/19/1998,"July 19, 1998",145447,2,0.001453422771
07301998,07/30/1998,"July 30, 1998",145490,2,0.001453852146
07311998,07/31/1998,"July 31, 1998",145531,2,0.001454261550
08181998,08/18/1998,"August 18, 1998",145574,2,0.001454690925
08221998,08/22/1998,"August 22, 1998",145616,2,0.001455110313
08281998,08/28/1998,"August 28, 1998",145659,2,0.001455539688
09041998,09/04/1998,"September 04, 1998",145702,2,0.001455969062
09091998,09/09/1998,"September 09, 1998",145745,2,0.001456398436
10061998,10/06/1998,"October 06, 1998",145788,2,0.001456827809
10181998,10/18/1998,"October 18, 1998",145831,2,0.001457257183
11021998,11/02/1998,"November 02, 1998",145874,2,0.001457686556
11071998,11/07/1998,"November 07, 1998",145917,2,0.001458115929
11101998,11/10/1998,"November 10, 1998",145960,2,0.001458545302
11151998,11/15/1998,"November 15, 1998",146003,2,0.001458974675
12021998,12/02/1998,"December 02, 1998",146046,2,0.001459404047
12121998,12/12/1998,"December 12, 1998",146089,2,0.001459833420
12171998,12/17/1998,"December 17, 1998",146132,2,0.001460262792
01041999,01/04/1999,"January 04, 1999",146174,2,0.001460682178
02051999,02/05/1999,"February 05, 1999",146217,2,0.001461111550
02111999,02/11/1999,"February 11, 1999",146260,2,0.001461540922
02271999,02/27/1999,"February 27, 1999",146303,2,0.001461970293
04011999,04/01/1999,"April 01, 1999",146346,2,0.001462399665
04041999,04/04/1999,"April 04, 1999",146388,2,0.001462819050
04071999,04/07/1999,"April 07, 1999",146431,2,0.001463248421
04281999,04/28/1999,"April 28, 1999",146474,2,0.001463677792
04301999,04/30/1999,"April 30, 1999",146517,2,0.001464107162
05021999,05/02/1999,"May 02, 1999",146560,2,0.001464536533
05031999,05/03/1999,"May 03, 1999",146603,2,0.001464965903
05121999,05/12/1999,"May 12, 1999",146645,2,0.001465385288
05231999,05/23/1999,"May 23, 1999",146688,2,0.001465814657
05281999,05/28/1999,"May 28, 1999",146731,2,0.001466244027
06281999,06/28/1999,"June 28, 1999",146774,2,0.001466673396
07031999,07/03/1999,"July 03, 1999",146817,2,0.001467102766
07041999,07/04/1999,"July 04, 1999",146860,2,0.001467532135
07171999,07/17/1999,"July 17, 1999",146902,2,0.001467951518
07211999,07/21/1999,"July 21, 1999",146945,2,0.001468380887
07301999,07/30/1999,"July 30, 1999",146988,2,0.001468810256
08241999,08/24/1999,"August 24, 1999",147031,2,0.001469239624
08291999,08/29/1999,"August 29, 1999",147074,2,0.001469668992
08301999,08/30/1999,"August 30, 1999",147117,2,0.001470098360
09131999,09/13/1999,"September 13, 1999",147160,2,0.001470527728
09281999,09/28/1999,"September 28, 1999",147203,2,0.001470957095
09301999,09/30/1999,"September 30, 1999",147246,2,0.001471386463
10061999,10/06/1999,"October 06, 1999",147289,2,0.001471815830
10271999,10/27/1999,"October 27, 1999",147332,2,0.001472245197
11031999,11/03/1999,"November 03, 1999",147375,2,0.001472674564
11081999,11/08/1999,"November 08, 1999",147418,2,0.001473103930
11161999,11/16/1999,"November 16, 1999",147461,2,0.001473533297
11261999,11/26/1999,"November 26, 1999",147504,2,0.001473962663
12031999,12/03/1999,"December 03, 1999",147547,2,0.001474392029
12071999,12/07/1999,"December 07, 1999",147590,2,0.001474821395
12091999,12/09/1999,"December 09, 1999",147633,2,0.001475250761
01062000,01/06/2000,"January 06, 2000",147675,2,0.001475670141
01112000,01/11/2000,"January 11, 2000",147718,2,0.001476099507
01212000,01/21/2000,"January 21, 2000",147761,2,0.001476528872
02262000,02/26/2000,"February 26, 2000",147803,2,0.001476948252
03102000,03/10/2000,"March 10, 2000",147846,2,0.001477377616
03282000,03/28/2000,"March 28, 2000",147889,2,0.001477806981
04022000,04/02/2000,"April 02, 2000",147932,2,0.001478236346
04052000,04/05/2000,"April 05, 2000",147975,2,0.001478665710
04132000,04/13/2000,"April 13, 2000",148018,2,0.001479095074
04272000,04/27/2000,"April 27, 2000",148061,2,0.001479524438
04282000,04/28/2000,"April 28, 2000",148104,2,0.001479953802
04302000,04/30/2000,"April 30, 2000",148147,2,0.001480383165
05052000,05/05/2000,"May 05, 2000",148190,2,0.001480812528
05072000,05/07/2000,"May 07, 2000",148233,2,0.001481241892
05132000,05/13/2000,"May 13, 2000",148276,2,0.001481671255
05172000,05/17/2000,"May 17, 2000",148315,2,0.001482060677
05302000,05/30/2000,"May 30, 2000",148357,2,0.001482480054
06152000,06/15/2000,"June 15, 2000",148400,2,0.001482909417
06252000,06/25/2000,"June 25, 2000",148443,2,0.001483338779
07032000,07/03/2000,"July 03, 2000",148486,2,0.001483768141
07052000,07/05/2000,"July 05, 2000",148529,2,0.001484197503
07092000,07/09/2000,"July 09, 2000",148572,2,0.001484626864
07152000,07/15/2000,"July 15, 2000",148615,2,0.001485056226
07282000,07/28/2000,"July 28, 2000",148658,2,0.001485485587
07302000,07/30/2000,"July 30, 2000",148701,2,0.001485914948
08132000,08/13/2000,"August 13, 2000",148744,2,0.001486344309
08162000,08/16/2000,"August 16, 2000",148787,2,0.001486773670
08262000,08/26/2000,"August 26, 2000",148830,2,0.001487203031
08272000,08/27/2000,"August 27, 2000",148873,2,0.001487632391
09012000,09/01/2000,"September 01, 2000",148916,2,0.001488061751
09042000,09/04/2000,"September 04, 2000",148959,2,0.001488491112
10032000,10/03/2000,"October 03, 2000",28785,2,0.000287818575
10092000,10/09/2000,"October 09, 2000",133423,1,0.001333350311
10112000,10/11/2000,"October 11, 2000",149002,2,0.001488920471
10192000,10/19/2000,"October 19, 2000",149045,2,0.001489349831
11022000,11/02/2000,"November 02, 2000",149088,2,0.001489779191
11082000,11/08/2000,"November 08, 2000",149131,2,0.001490208550
11202000,11/20/2000,"November 20, 2000",149174,2,0.001490637909
12142000,12/14/2000,"December 14, 2000",149216,2,0.001491057283
12282000,12/28/2000,"December 28, 2000",149258,2,0.001491476656
01012001,01/01/2001,"January 01, 2001",149300,7,0.001491896030
01022001,01/02/2001,"January 02, 2001",149343,5,0.001492325388
01032001,01/03/2001,"January 03, 2001",150301,1,0.001501891046
01042001,01/04/2001,"January 04, 2001",150559,1,0.001504467168
01052001,01/05/2001,"January 05, 2001",149386,5,0.001492754747
01072001,01/07/2001,"January 07, 2001",149615,3,0.001495041326
01082001,01/08/2001,"January 08, 2001",149786,2,0.001496748768
01092001,01/09/2001,"January 09, 2001",149429,3,0.001493184105
01102001,01/10/2001,"January 10, 2001",150044,2,0.001499324903
01132001,01/13/2001,"January 13, 2001",150087,1,0.001499754258
01142001,01/14/2001,"January 14, 2001",149701,1,0.001495900039
01152001,01/15/2001,"January 15, 2001",150516,1,0.001504037815
01162001,01/16/2001,"January 16, 2001",149472,4,0.001493613462
01172001,01/17/2001,"January 17, 2001",150172,1,0.001500602983
01192001,01/19/2001,"January 19, 2001",29797,3,0.000297935611
01202001,01/20/2001,"January 20, 2001",150645,3,0.001505325874
01212001,01/21/2001,"January 21, 2001",150215,1,0.001501032337
01222001,01/22/2001,"January 22, 2001",149829,1,0.001497178124
01232001,01/23/2001,"January 23, 2001",150344,2,0.001502320400
01242001,01/24/2001,"January 24, 2001",149872,1,0.001497607480
01262001,01/26/2001,"January 26, 2001",150688,1,0.001505755226
01272001,01/27/2001,"January 27, 2001",150258,2,0.001501461692
01302001,01/30/2001,"January 30, 2001",150731,2,0.001506184579
02012001,02/01/2001,"February 01, 2001",149515,2,0.001494042820
02052001,02/05/2001,"February 05, 2001",149558,2,0.001494472178
02072001,02/07/2001,"February 07, 2001",149601,2,0.001494901535
03022001,03/02/2001,"March 02, 2001",149644,2,0.001495330892
03142001,03/14/2001,"March 14, 2001",149687,2,0.001495760249
04072001,04/07/2001,"April 07, 2001",149729,2,0.001496179621
04082001,04/08/2001,"April 08, 2001",149772,2,0.001496608977
04222001,04/22/2001,"April 22, 2001",149815,2,0.001497038334
04242001,04/24/2001,"April 24, 2001",149858,2,0.001497467690
05012001,05/01/2001,"May 01, 2001",149901,2,0.001497897046
05052001,05/05/2001,"May 05, 2001",149944,2,0.001498326402
05072001,05/07/2001,"May 07, 2001",149987,2,0.001498755757
05102001,05/10/2001,"May 10, 2001",150030,2,0.001499185113
05132001,05/13/2001,"May 13, 2001",150073,2,0.001499614468
05162001,05/16/2001,"May 16, 2001",150115,2,0.001500033838
05172001,05/17/2001,"May 17, 2001",150158,2,0.001500463193
05212001,05/21/2001,"May 21, 2001",150201,2,0.001500892548
05272001,05/27/2001,"May 27, 2001",150244,2,0.001501321902
07032001,07/03/2001,"July 03, 2001",150287,2,0.001501751256
07232001,07/23/2001,"July 23, 2001",150330,2,0.001502180611
07242001,07/24/2001,"July 24, 2001",54248,1,0.000542342884
07272001,07/27/2001,"July 27, 2001",150373,2,0.001502609965
08022001,08/02/2001,"August 02, 2001",150416,2,0.001503039318
08052001,08/05/2001,"August 05, 2001",181965,1,0.001818005441
08102001,08/10/2001,"August 10, 2001",150459,2,0.001503468672
08152001,08/15/2001,"August 15, 2001",150502,2,0.001503898025
09042001,09/04/2001,"September 04, 2001",150545,2,0.001504327379
11012001,11/01/2001,"November 01, 2001",150588,2,0.001504756732
11202001,11/20/2001,"November 20, 2001",150631,2,0.001505186085
11262001,11/26/2001,"November 26, 2001",150674,2,0.001505615437
11302001,11/30/2001,"November 30, 2001",150717,2,0.001506044790
12012001,12/01/2001,"December 01, 2001",150760,2,0.001506474142
12082001,12/08/2001,"December 08, 2001",150803,2,0.001506903494
12192001,12/19/2001,"December 19, 2001",150846,2,0.001507332846
12202001,12/20/2001,"December 20, 2001",150889,2,0.001507762198
12232001,12/23/2001,"December 23, 2001",150932,2,0.001508191549
12302001,12/30/2001,"December 30, 2001",150975,2,0.001508620901
01042002,01/04/2002,"January 04, 2002",151018,2,0.001509050252
01092002,01/09/2002,"January 09, 2002",151061,2,0.001509479603
01152002,01/15/2002,"January 15, 2002",151104,2,0.001509908954
01242002,01/24/2002,"January 24, 2002",151147,2,0.001510338305
01282002,01/28/2002,"January 28, 2002",151190,2,0.001510767655
01292002,01/29/2002,"January 29, 2002",151233,2,0.001511197005
02012002,02/01/2002,"February 01, 2002",151276,3,0.001511626355
02022002,02/02/2002,"February 02, 2002",152062,2,0.001519474443
02032002,02/03/2002,"February 03, 2002",151805,1,0.001516908345
02042002,02/04/2002,"February 04, 2002",151032,2,0.001509190041
02062002,02/06/2002,"February 06, 2002",151319,3,0.001512055705
02072002,02/07/2002,"February 07, 2002",151505,1,0.001513912891
02082002,02/08/2002,"February 08, 2002",151848,1,0.001517337693
02092002,02/09/2002,"February 09, 2002",151075,3,0.001509619392
02122002,02/12/2002,"February 12, 2002",152576,1,0.001524606620
02142002,02/14/2002,"February 14, 2002",151362,4,0.001512485055
02152002,02/15/2002,"February 15, 2002",151118,1,0.001510048742
02162002,02/16/2002,"February 16, 2002",152104,2,0.001519893805
02172002,02/17/2002,"February 17, 2002",151634,2,0.001515200937
02182002,02/18/2002,"February 18, 2002",152275,1,0.001521601205
02192002,02/19/2002,"February 19, 2002",151676,2,0.001515620301
02202002,02/20/2002,"February 20, 2002",151891,4,0.001517767040
02212002,02/21/2002,"February 21, 2002",151719,1,0.001516049649
02222002,02/22/2002,"February 22, 2002",152147,1,0.001520323151
02232002,02/23/2002,"February 23, 2002",152019,2,0.001519045097
02242002,02/24/2002,"February 24, 2002",151161,1,0.001510478093
02252002,02/25/2002,"February 25, 2002",151405,4,0.001512914405
02262002,02/26/2002,"February 26, 2002",152748,2,0.001526323996
02272002,02/27/2002,"February 27, 2002",151762,2,0.001516478997
02282002,02/28/2002,"February 28, 2002",151204,6,0.001510907443
03072002,03/07/2002,"March 07, 2002",151491,2,0.001513773103
03092002,03/09/2002,"March 09, 2002",151534,2,0.001514202452
03142002,03/14/2002,"March 14, 2002",151577,2,0.001514631801
03172002,03/17/2002,"March 17, 2002",151620,2,0.001515061150
04192002,04/19/2002,"April 19, 2002",151662,2,0.001515480513
04202002,04/20/2002,"April 20, 2002",147667,1,0.001475590259
04212002,04/21/2002,"April 21, 2002",151705,2,0.001515909861
04272002,04/27/2002,"April 27, 2002",151748,2,0.001516339209
05032002,05/03/2002,"May 03, 2002",151791,2,0.001516768557
05082002,05/08/2002,"May 08, 2002",151834,2,0.001517197905
05202002,05/20/2002,"May 20, 2002",151877,2,0.001517627253
05282002,05/28/2002,"May 28, 2002",151919,2,0.001518046615
06042002,06/04/2002,"June 04, 2002",151962,2,0.001518475962
06232002,06/23/2002,"June 23, 2002",152005,2,0.001518905309
07022002,07/02/2002,"July 02, 2002",152048,2,0.001519334656
07162002,07/16/2002,"July 16, 2002",152090,2,0.001519754018
07202002,07/20/2002,"July 20, 2002",177783,1,0.001776260596
07222002,07/22/2002,"July 22, 2002",152133,2,0.001520183364
07292002,07/29/2002,"July 29, 2002",152175,2,0.001520602726
08022002,08/02/2002,"August 02, 2002",152218,2,0.001521032072
08102002,08/10/2002,"August 10, 2002",160965,1,0.001608365208
08182002,08/18/2002,"August 18, 2002",152261,2,0.001521461418
08282002,08/28/2002,"August 28, 2002",152304,2,0.001521890763
08292002,08/29/2002,"August 29, 2002",152347,2,0.001522320109
09162002,09/16/2002,"September 16, 2002",152390,2,0.001522749454
09192002,09/19/2002,"September 19, 2002",29703,1,0.000296995891
09202002,09/20/2002,"September 20, 2002",177826,1,0.001776689833
09252002,09/25/2002,"September 25, 2002",152433,2,0.001523178799
09302002,09/30/2002,"September 30, 2002",152476,2,0.001523608144
10062002,10/06/2002,"October 06, 2002",58279,1,0.000582630211
10092002,10/09/2002,"October 09, 2002",152519,2,0.001524037489
10122002,10/12/2002,"October 12, 2002",152562,2,0.001524466833
10172002,10/17/2002,"October 17, 2002",152605,2,0.001524896178
10192002,10/19/2002,"October 19, 2002",152648,2,0.001525325522
11202002,11/20/2002,"November 20, 2002",152691,2,0.001525754866
11232002,11/23/2002,"November 23, 2002",78163,1,0.000781334607
11262002,11/26/2002,"November 26, 2002",152734,2,0.001526184210
12232002,12/23/2002,"December 23, 2002",152777,2,0.001526613554
12262002,12/26/2002,"December 26, 2002",152820,2,0.001527042897
12272002,12/27/2002,"December 27, 2002",152863,2,0.001527472240
12302002,12/30/2002,"December 30, 2002",152905,2,0.001527891599
01192003,01/19/2003,"January 19, 2003",29789,1,0.000297855635
01252003,01/25/2003,"January 25, 2003",152948,2,0.001528320942
02032003,02/03/2003,"February 03, 2003",152991,2,0.001528750284
02082003,02/08/2003,"February 08, 2003",153034,2,0.001529179627
02132003,02/13/2003,"February 13, 2003",153077,2,0.001529608969
02192003,02/19/2003,"February 19, 2003",153120,2,0.001530038311
02232003,02/23/2003,"February 23, 2003",153163,2,0.001530467653
02282003,02/28/2003,"February 28, 2003",153206,2,0.001530896995
03012003,03/01/2003,"March 01, 2003",154165,1,0.001540472268
03032003,03/03/2003,"March 03, 2003",153005,2,0.001528890070
03052003,03/05/2003,"March 05, 2003",153249,5,0.001531326337
03062003,03/06/2003,"March 06, 2003",153993,1,0.001538754916
03072003,03/07/2003,"March 07, 2003",153650,3,0.001535330188
03082003,03/08/2003,"March 08, 2003",153048,1,0.001529319413
03092003,03/09/2003,"March 09, 2003",153692,1,0.001535749543
03112003,03/11/2003,"March 11, 2003",153349,4,0.001532324805
03122003,03/12/2003,"March 12, 2003",153392,1,0.001532754146
03132003,03/13/2003,"March 13, 2003",153091,3,0.001529748755
03142003,03/14/2003,"March 14, 2003",153435,2,0.001533183487
03152003,03/15/2003,"March 15, 2003",154380,1,0.001542618954
03162003,03/16/2003,"March 16, 2003",153864,1,0.001537466900
03182003,03/18/2003,"March 18, 2003",154423,1,0.001543048290
03192003,03/19/2003,"March 19, 2003",30398,2,0.000303943803
03202003,03/20/2003,"March 20, 2003",154208,2,0.001540901606
03212003,03/21/2003,"March 21, 2003",154251,1,0.001541330943
03222003,03/22/2003,"March 22, 2003",153564,1,0.001534471508
03232003,03/23/2003,"March 23, 2003",153177,2,0.001530607439
03252003,03/25/2003,"March 25, 2003",152962,1,0.001528460728
03282003,03/28/2003,"March 28, 2003",153220,1,0.001531036781
03292003,03/29/2003,"March 29, 2003",153607,2,0.001534900848
03302003,03/30/2003,"March 30, 2003",153478,1,0.001533612828
04032003,04/03/2003,"April 03, 2003",153292,2,0.001531755678
04112003,04/11/2003,"April 11, 2003",153335,2,0.001532185020
04122003,04/12/2003,"April 12, 2003",153378,2,0.001532614361
04142003,04/14/2003,"April 14, 2003",153421,2,0.001533043702
04302003,04/30/2003,"April 30, 2003",153464,2,0.001533473042
05112003,05/11/2003,"May 11, 2003",153507,2,0.001533902383
05222003,05/22/2003,"May 22, 2003",153550,2,0.001534331723
05292003,05/29/2003,"May 29, 2003",153593,2,0.001534761063
06072003,06/07/2003,"June 07, 2003",153636,2,0.001535190403
06092003,06/09/2003,"June 09, 2003",153678,2,0.001535609758
06112003,06/11/2003,"June 11, 2003",153721,2,0.001536039098
07052003,07/05/2003,"July 05, 2003",153764,2,0.001536468437
07072003,07/07/2003,"July 07, 2003",153807,2,0.001536897777
07142003,07/14/2003,"July 14, 2003",121646,1,0.001215730412
07162003,07/16/2003,"July 16, 2003",153850,2,0.001537327116
07192003,07/19/2003,"July 19, 2003",29832,1,0.000298285507
07292003,07/29/2003,"July 29, 2003",153893,2,0.001537756454
08052003,08/05/2003,"August 05, 2003",153936,2,0.001538185793
08062003,08/06/2003,"August 06, 2003",153979,2,0.001538615132
09072003,09/07/2003,"September 07, 2003",154022,2,0.001539044470
09112003,09/11/2003,"September 11, 2003",154065,2,0.001539473808
09132003,09/13/2003,"September 13, 2003",154108,2,0.001539903146
10012003,10/01/2003,"October 01, 2003",154151,2,0.001540332484
10052003,10/05/2003,"October 05, 2003",5861,1,0.000058618282
10202003,10/20/2003,"October 20, 2003",154194,2,0.001540761821
11212003,11/21/2003,"November 21, 2003",154237,2,0.001541191159
12132003,12/13/2003,"December 13, 2003",154280,2,0.001541620496
12142003,12/14/2003,"December 14, 2003",154323,2,0.001542049833
12152003,12/15/2003,"December 15, 2003",154366,2,0.001542479170
12182003,12/18/2003,"December 18, 2003",154409,2,0.001542908506
12232003,12/23/2003,"December 23, 2003",154452,2,0.001543337843
01042004,01/04/2004,"January 04, 2004",154495,2,0.001543767179
01142004,01/14/2004,"January 14, 2004",154538,2,0.001544196515
01172004,01/17/2004,"January 17, 2004",154581,2,0.001544625851
01182004,01/18/2004,"January 18, 2004",154624,2,0.001545055187
02022004,02/02/2004,"February 02, 2004",154667,2,0.001545484522
02102004,02/10/2004,"February 10, 2004",154710,2,0.001545913858
02182004,02/18/2004,"February 18, 2004",154753,2,0.001546343193
02202004,02/20/2004,"February 20, 2004",178040,1,0.001778826028
02282004,02/28/2004,"February 28, 2004",154795,2,0.001546762543
03042004,03/04/2004,"March 04, 2004",154838,2,0.001547191878
03152004,03/15/2004,"March 15, 2004",154881,2,0.001547621213
03262004,03/26/2004,"March 26, 2004",154924,2,0.001548050547
03272004,03/27/2004,"March 27, 2004",154967,2,0.001548479881
04022004,04/02/2004,"April 02, 2004",154681,2,0.001545624306
04042004,04/04/2004,"April 04, 2004",154509,6,0.001543906963
04052004,04/05/2004,"April 05, 2004",156138,1,0.001560171680
04062004,04/06/2004,"April 06, 2004",155665,1,0.001555449049
04072004,04/07/2004,"April 07, 2004",155323,4,0.001552034363
04082004,04/08/2004,"April 08, 2004",155580,1,0.001554600371
04092004,04/09/2004,"April 09, 2004",155408,1,0.001552883043
04102004,04/10/2004,"April 10, 2004",154724,4,0.001546053641
04122004,04/12/2004,"April 12, 2004",156009,1,0.001558883692
04132004,04/13/2004,"April 13, 2004",155451,2,0.001553312375
04142004,04/14/2004,"April 14, 2004",154552,1,0.001544336299
04152004,04/15/2004,"April 15, 2004",154895,1,0.001547760996
04162004,04/16/2004,"April 16, 2004",155923,1,0.001558025032
04172004,04/17/2004,"April 17, 2004",154595,1,0.001544765635
04182004,04/18/2004,"April 18, 2004",154638,3,0.001545194971
04202004,04/20/2004,"April 20, 2004",178387,1,0.001782289850
04222004,04/22/2004,"April 22, 2004",155365,3,0.001552453711
04232004,04/23/2004,"April 23, 2004",155196,4,0.001550766333
04252004,04/25/2004,"April 25, 2004",155837,1,0.001557166372
04262004,04/26/2004,"April 26, 2004",154938,1,0.001548190330
04272004,04/27/2004,"April 27, 2004",154981,4,0.001548619665
04282004,04/28/2004,"April 28, 2004",154809,1,0.001546902327
04302004,04/30/2004,"April 30, 2004",155239,1,0.001551195666
05102004,05/10/2004,"May 10, 2004",155096,2,0.001549767883
05182004,05/18/2004,"May 18, 2004",155139,2,0.001550197217
05232004,05/23/2004,"May 23, 2004",155182,2,0.001550626550
05302004,05/30/2004,"May 30, 2004",155225,2,0.001551055883
06022004,06/02/2004,"June 02, 2004",155266,2,0.001551465247
06072004,06/07/2004,"June 07, 2004",155309,2,0.001551894580
06222004,06/22/2004,"June 22, 2004",155351,2,0.001552313928
07092004,07/09/2004,"July 09, 2004",155394,2,0.001552743260
07132004,07/13/2004,"July 13, 2004",155437,2,0.001553172593
07192004,07/19/2004,"July 19, 2004",30004,1,0.000300004993
07222004,07/22/2004,"July 22, 2004",155480,2,0.001553601925
08072004,08/07/2004,"August 07, 2004",155523,2,0.001554031257
08082004,08/08/2004,"August 08, 2004",155566,2,0.001554460588
09042004,09/04/2004,"September 04, 2004",155608,2,0.001554879935
09062004,09/06/2004,"September 06, 2004",155651,2,0.001555309267
09072004,09/07/2004,"September 07, 2004",155694,2,0.001555738598
09222004,09/22/2004,"September 22, 2004",155737,2,0.001556167929
09232004,09/23/2004,"September 23, 2004",155780,2,0.001556597259
09252004,09/25/2004,"September 25, 2004",155823,2,0.001557026590
10102004,10/10/2004,"October 10, 2004",155866,2,0.001557455920
10162004,10/16/2004,"October 16, 2004",155909,2,0.001557885251
11102004,11/10/2004,"November 10, 2004",155952,2,0.001558314581
11122004,11/12/2004,"November 12, 2004",155995,2,0.001558743910
11132004,11/13/2004,"November 13, 2004",156038,2,0.001559173240
11232004,11/23/2004,"November 23, 2004",156081,2,0.001559602570
12052004,12/05/2004,"December 05, 2004",156124,2,0.001560031899
12072004,12/07/2004,"December 07, 2004",156167,2,0.001560461228
12232004,12/23/2004,"December 23, 2004",156210,2,0.001560890557
12272004,12/27/2004,"December 27, 2004",170436,1,0.001702918403
01132005,01/13/2005,"January 13, 2005",156253,2,0.001561319886
01202005,01/20/2005,"January 20, 2005",178082,1,0.001779245281
01272005,01/27/2005,"January 27, 2005",156296,2,0.001561749214
03182005,03/18/2005,"March 18, 2005",156339,2,0.001562178543
03242005,03/24/2005,"March 24, 2005",156382,2,0.001562607871
03302005,03/30/2005,"March 30, 2005",156425,2,0.001563037199
04042005,04/04/2005,"April 04, 2005",156468,2,0.001563466526
04072005,04/07/2005,"April 07, 2005",156511,2,0.001563895854
05012005,05/01/2005,"May 01, 2005",157557,1,0.001574339441
05022005,05/02/2005,"May 02, 2005",156654,3,0.001565323617
05042005,05/04/2005,"May 04, 2005",156482,1,0.001563606308
05052005,05/05/2005,"May 05, 2005",156697,2,0.001565752944
05062005,05/06/2005,"May 06, 2005",156998,1,0.001568758226
05072005,05/07/2005,"May 07, 2005",156525,4,0.001564035635
05082005,05/08/2005,"May 08, 2005",157041,1,0.001569187551
05102005,05/10/2005,"May 10, 2005",157084,2,0.001569616877
05112005,05/11/2005,"May 11, 2005",157686,1,0.001575627410
05122005,05/12/2005,"May 12, 2005",157858,1,0.001577344698
05132005,05/13/2005,"May 13, 2005",156267,1,0.001561459667
05142005,05/14/2005,"May 14, 2005",157127,1,0.001570046202
05152005,05/15/2005,"May 15, 2005",156869,1,0.001567470249
05162005,05/16/2005,"May 16, 2005",157729,1,0.001576056732
05172005,05/17/2005,"May 17, 2005",156740,1,0.001566182270
05182005,05/18/2005,"May 18, 2005",156353,2,0.001562318324
05192005,05/19/2005,"May 19, 2005",30183,1,0.000301794454
05202005,05/20/2005,"May 20, 2005",178124,2,0.001779664534
05212005,05/21/2005,"May 21, 2005",156783,1,0.001566611597
05232005,05/23/2005,"May 23, 2005",156826,3,0.001567040923
05242005,05/24/2005,"May 24, 2005",156396,5,0.001562747652
05252005,05/25/2005,"May 25, 2005",157299,1,0.001571763500
05262005,05/26/2005,"May 26, 2005",157213,2,0.001570904851
05272005,05/27/2005,"May 27, 2005",156310,1,0.001561888995
05282005,05/28/2005,"May 28, 2005",157342,1,0.001572192824
05292005,05/29/2005,"May 29, 2005",156955,2,0.001568328901
05302005,05/30/2005,"May 30, 2005",156439,2,0.001563176980
06022005,06/02/2005,"June 02, 2005",156640,2,0.001565183836
06052005,06/05/2005,"June 05, 2005",156683,2,0.001565613163
06172005,06/17/2005,"June 17, 2005",156726,2,0.001566042489
06212005,06/21/2005,"June 21, 2005",156769,2,0.001566471816
06232005,06/23/2005,"June 23, 2005",156812,2,0.001566901142
07152005,07/15/2005,"July 15, 2005",156855,2,0.001567330468
07182005,07/18/2005,"July 18, 2005",156898,2,0.001567759794
07292005,07/29/2005,"July 29, 2005",156941,2,0.001568189120
08062005,08/06/2005,"August 06, 2005",156984,2,0.001568618446
08082005,08/08/2005,"August 08, 2005",157027,2,0.001569047771
08102005,08/10/2005,"August 10, 2005",157070,2,0.001569477096
08142005,08/14/2005,"August 14, 2005",157113,2,0.001569906421
08232005,08/23/2005,"August 23, 2005",157156,2,0.001570335746
08262005,08/26/2005,"August 26, 2005",157199,2,0.001570765071
09232005,09/23/2005,"September 23, 2005",157242,2,0.001571194395
09252005,09/25/2005,"September 25, 2005",157285,2,0.001571623720
09282005,09/28/2005,"September 28, 2005",157328,2,0.001572053044
09302005,09/30/2005,"September 30, 2005",157371,2,0.001572482368
10052005,10/05/2005,"October 05, 2005",157414,2,0.001572911691
10262005,10/26/2005,"October 26, 2005",157457,2,0.001573341015
10292005,10/29/2005,"October 29, 2005",157500,2,0.001573770338
11012005,11/01/2005,"November 01, 2005",157543,2,0.001574199662
11022005,11/02/2005,"November 02, 2005",157586,2,0.001574628985
11102005,11/10/2005,"November 10, 2005",157629,2,0.001575058307
11112005,11/11/2005,"November 11, 2005",157672,2,0.001575487630
11162005,11/16/2005,"November 16, 2005",157715,2,0.001575916953
11242005,11/24/2005,"November 24, 2005",157758,2,0.001576346275
12022005,12/02/2005,"December 02, 2005",157801,2,0.001576775597
12122005,12/12/2005,"December 12, 2005",157844,2,0.001577204919
01052006,01/05/2006,"January 05, 2006",157887,2,0.001577634241
01242006,01/24/2006,"January 24, 2006",157930,2,0.001578063562
01312006,01/31/2006,"January 31, 2006",157973,2,0.001578492883
03052006,03/05/2006,"March 05, 2006",158016,2,0.001578922205
03072006,03/07/2006,"March 07, 2006",158059,2,0.001579351526
03082006,03/08/2006,"March 08, 2006",158102,2,0.001579780846
03112006,03/11/2006,"March 11, 2006",158145,2,0.001580210167
03142006,03/14/2006,"March 14, 2006",158188,2,0.001580639487
03162006,03/16/2006,"March 16, 2006",158231,2,0.001581068808
03292006,03/29/2006,"March 29, 2006",158273,2,0.001581488143
04132006,04/13/2006,"April 13, 2006",158316,2,0.001581917463
04142006,04/14/2006,"April 14, 2006",158359,2,0.001582346783
05252006,05/25/2006,"May 25, 2006",158402,2,0.001582776103
05312006,05/31/2006,"May 31, 2006",158445,2,0.001583205422
06022006,06/02/2006,"June 02, 2006",158801,1,0.001586759779
06032006,06/03/2006,"June 03, 2006",159271,1,0.001591452311
06052006,06/05/2006,"June 05, 2006",157901,4,0.001577774020
06072006,06/07/2006,"June 07, 2006",158073,2,0.001579491304
06082006,06/08/2006,"June 08, 2006",158116,1,0.001579920625
06092006,06/09/2006,"June 09, 2006",158545,2,0.001584203838
06112006,06/11/2006,"June 11, 2006",158159,1,0.001580349946
06132006,06/13/2006,"June 13, 2006",158330,2,0.001582057242
06142006,06/14/2006,"June 14, 2006",158202,5,0.001580779266
06152006,06/15/2006,"June 15, 2006",24205,1,0.000242030708
06162006,06/16/2006,"June 16, 2006",158245,3,0.001581208586
06182006,06/18/2006,"June 18, 2006",159143,1,0.001590174347
06202006,06/20/2006,"June 20, 2006",158971,1,0.001588457080
06222006,06/22/2006,"June 22, 2006",158630,1,0.001585052491
06242006,06/24/2006,"June 24, 2006",157944,3,0.001578203341
06252006,06/25/2006,"June 25, 2006",158416,4,0.001582915881
06262006,06/26/2006,"June 26, 2006",158716,2,0.001585911128
06292006,06/29/2006,"June 29, 2006",158287,1,0.001581627922
07092006,07/09/2006,"July 09, 2006",158531,2,0.001584064060
07142006,07/14/2006,"July 14, 2006",158573,2,0.001584483395
07202006,07/20/2006,"July 20, 2006",178209,1,0.001780513020
07222006,07/22/2006,"July 22, 2006",158616,2,0.001584912713
07242006,07/24/2006,"July 24, 2006",158659,2,0.001585342031
07262006,07/26/2006,"July 26, 2006",158702,2,0.001585771350
07312006,07/31/2006,"July 31, 2006",158745,2,0.001586200668
09022006,09/02/2006,"September 02, 2006",158787,2,0.001586620001
09072006,09/07/2006,"September 07, 2006",17268,3,0.000172675092
09092006,09/09/2006,"September 09, 2006",158872,2,0.001587468652
09162006,09/16/2006,"September 16, 2006",158914,2,0.001587887986
09202006,09/20/2006,"September 20, 2006",158957,2,0.001588317303
10052006,10/05/2006,"October 05, 2006",159000,2,0.001588746620
10072006,10/07/2006,"October 07, 2006",149329,1,0.001492185597
10142006,10/14/2006,"October 14, 2006",159043,2,0.001589175936
10162006,10/16/2006,"October 16, 2006",159086,2,0.001589605253
10182006,10/18/2006,"October 18, 2006",159129,2,0.001590034569
10242006,10/24/2006,"October 24, 2006",159172,2,0.001590463886
10262006,10/26/2006,"October 26, 2006",159214,2,0.001590883218
11032006,11/03/2006,"November 03, 2006",159257,2,0.001591312533
12052006,12/05/2006,"December 05, 2006",159300,2,0.001591741849
12132006,12/13/2006,"December 13, 2006",159343,2,0.001592171164
12142006,12/14/2006,"December 14, 2006",159386,2,0.001592600480
01242007,01/24/2007,"January 24, 2007",159429,2,0.001593029795
02052007,02/05/2007,"February 05, 2007",159472,2,0.001593459110
02082007,02/08/2007,"February 08, 2007",159515,2,0.001593888424
02172007,02/17/2007,"February 17, 2007",159558,2,0.001594317739
02212007,02/21/2007,"February 21, 2007",159601,2,0.001594747053
02242007,02/24/2007,"February 24, 2007",159644,2,0.001595176368
02282007,02/28/2007,"February 28, 2007",159687,2,0.001595605682
03022007,03/02/2007,"March 02, 2007",159730,2,0.001596034995
03072007,03/07/2007,"March 07, 2007",159773,2,0.001596464309
03212007,03/21/2007,"March 21, 2007",159816,2,0.001596893622
03252007,03/25/2007,"March 25, 2007",159859,2,0.001597322936
03292007,03/29/2007,"March 29, 2007",159901,2,0.001597742265
03312007,03/31/2007,"March 31, 2007",159944,2,0.001598171578
04072007,04/07/2007,"April 07, 2007",159987,2,0.001598600890
04242007,04/24/2007,"April 24, 2007",160030,2,0.001599030203
04272007,04/27/2007,"April 27, 2007",160073,2,0.001599459515
05192007,05/19/2007,"May 19, 2007",30175,1,0.000301714478
05252007,05/25/2007,"May 25, 2007",160116,2,0.001599888827
05272007,05/27/2007,"May 27, 2007",160159,2,0.001600318139
05282007,05/28/2007,"May 28, 2007",160202,2,0.001600747451
06232007,06/23/2007,"June 23, 2007",160245,2,0.001601176763
07012007,07/01/2007,"July 01, 2007",160288,3,0.001601606074
07022007,07/02/2007,"July 02, 2007",159744,2,0.001596174772
07042007,07/04/2007,"July 04, 2007",160603,2,0.001604751024
07052007,07/05/2007,"July 05, 2007",159486,1,0.001593598887
07072007,07/07/2007,"July 07, 2007",159787,3,0.001596604085
07082007,07/08/2007,"July 08, 2007",159529,1,0.001594028201
07142007,07/14/2007,"July 14, 2007",160331,3,0.001602035385
07172007,07/17/2007,"July 17, 2007",159572,4,0.001594457516
07192007,07/19/2007,"July 19, 2007",29840,2,0.000298365483
07202007,07/20/2007,"July 20, 2007",177791,2,0.001776340454
07212007,07/21/2007,"July 21, 2007",159615,3,0.001594886830
07232007,07/23/2007,"July 23, 2007",160259,1,0.001601316538
07242007,07/24/2007,"July 24, 2007",159443,3,0.001593169572
07252007,07/25/2007,"July 25, 2007",159873,3,0.001597462712
07272007,07/27/2007,"July 27, 2007",160087,2,0.001599599291
07282007,07/28/2007,"July 28, 2007",159701,3,0.001595745458
07292007,07/29/2007,"July 29, 2007",159915,3,0.001597882041
07312007,07/31/2007,"July 31, 2007",159958,1,0.001598311354
08252007,08/25/2007,"August 25, 2007",160417,2,0.001602894007
08282007,08/28/2007,"August 28, 2007",160460,2,0.001603323318
08292007,08/29/2007,"August 29, 2007",160503,2,0.001603752628
09292007,09/29/2007,"September 29, 2007",160546,2,0.001604181939
10022007,10/02/2007,"October 02, 2007",15077,1,0.000150768635
10042007,10/04/2007,"October 04, 2007",160589,2,0.001604611249
10072007,10/07/2007,"October 07, 2007",160632,2,0.001605040559
11152007,11/15/2007,"November 15, 2007",58019,1,0.000580031722
11192007,11/19/2007,"November 19, 2007",30218,1,0.000302144348
11212007,11/21/2007,"November 21, 2007",160675,2,0.001605469868
12022007,12/02/2007,"December 02, 2007",160718,2,0.001605899178
12042007,12/04/2007,"December 04, 2007",160759,2,0.001606308519
12292007,12/29/2007,"December 29, 2007",177548,1,0.001773914768
01082008,01/08/2008,"January 08, 2008",160802,2,0.001606737829
01122008,01/12/2008,"January 12, 2008",160845,2,0.001607167138
01222008,01/22/2008,"January 22, 2008",160888,2,0.001607596446
02092008,02/09/2008,"February 09, 2008",160931,2,0.001608025755
02162008,02/16/2008,"February 16, 2008",160974,2,0.001608455064
02202008,02/20/2008,"February 20, 2008",178336,1,0.001781780758
02262008,02/26/2008,"February 26, 2008",161016,2,0.001608874388
02282008,02/28/2008,"February 28, 2008",161058,2,0.001609293712
03182008,03/18/2008,"March 18, 2008",161101,2,0.001609723020
03212008,03/21/2008,"March 21, 2008",161144,2,0.001610152328
04082008,04/08/2008,"April 08, 2008",161187,2,0.001610581635
04142008,04/14/2008,"April 14, 2008",161230,2,0.001611010943
04202008,04/20/2008,"April 20, 2008",178379,1,0.001782209992
05172008,05/17/2008,"May 17, 2008",161273,2,0.001611440250
05272008,05/27/2008,"May 27, 2008",161316,2,0.001611869557
06192008,06/19/2008,"June 19, 2008",161359,2,0.001612298864
07052008,07/05/2008,"July 05, 2008",161402,2,0.001612728170
07092008,07/09/2008,"July 09, 2008",161445,2,0.001613157477
07102008,07/10/2008,"July 10, 2008",161488,2,0.001613586783
07162008,07/16/2008,"July 16, 2008",161531,2,0.001614016089
07192008,07/19/2008,"July 19, 2008",161574,2,0.001614445395
08022008,08/02/2008,"August 02, 2008",161802,2,0.001616721711
08042008,08/04/2008,"August 04, 2008",161844,1,0.001617141032
08052008,08/05/2008,"August 05, 2008",161416,1,0.001612867944
08072008,08/07/2008,"August 07, 2008",161716,1,0.001615863101
08082008,08/08/2008,"August 08, 2008",160816,2,0.001606877604
08092008,08/09/2008,"August 09, 2008",160945,2,0.001608165530
08102008,08/10/2008,"August 10, 2008",161502,2,0.001613726557
08112008,08/11/2008,"August 11, 2008",161930,1,0.001617999641
08122008,08/12/2008,"August 12, 2008",160859,3,0.001607306913
08142008,08/14/2008,"August 14, 2008",161244,4,0.001611150717
08152008,08/15/2008,"August 15, 2008",162230,1,0.001620994783
08162008,08/16/2008,"August 16, 2008",160988,2,0.001608594838
08172008,08/17/2008,"August 17, 2008",161287,4,0.001611580024
08182008,08/18/2008,"August 18, 2008",161115,1,0.001609862795
08192008,08/19/2008,"August 19, 2008",161373,2,0.001612438638
08202008,08/20/2008,"August 20, 2008",161973,1,0.001618428945
08212008,08/21/2008,"August 21, 2008",161158,2,0.001610292102
08222008,08/22/2008,"August 22, 2008",160902,1,0.001607736221
08252008,08/25/2008,"August 25, 2008",162058,2,0.001619277569
08262008,08/26/2008,"August 26, 2008",161030,2,0.001609014163
08272008,08/27/2008,"August 27, 2008",161330,2,0.001612009331
08282008,08/28/2008,"August 28, 2008",161072,1,0.001609433487
09072008,09/07/2008,"September 07, 2008",161702,2,0.001615723328
09272008,09/27/2008,"September 27, 2008",161745,2,0.001616152633
10022008,10/02/2008,"October 02, 2008",161788,2,0.001616581938
10042008,10/04/2008,"October 04, 2008",161830,2,0.001617001259
10122008,10/12/2008,"October 12, 2008",161873,2,0.001617430563
10202008,10/20/2008,"October 20, 2008",178422,1,0.001782639226
11112008,11/11/2008,"November 11, 2008",161916,2,0.001617859868
11202008,11/20/2008,"November 20, 2008",161959,3,0.001618289172
11212008,11/21/2008,"November 21, 2008",162002,2,0.001618718476
11252008,11/25/2008,"November 25, 2008",162044,2,0.001619137796
12022008,12/02/2008,"December 02, 2008",162087,2,0.001619567100
12102008,12/10/2008,"December 10, 2008",162130,2,0.001619996403
12122008,12/12/2008,"December 12, 2008",162173,2,0.001620425707
12152008,12/15/2008,"December 15, 2008",162216,2,0.001620855010
12252008,12/25/2008,"December 25, 2008",162259,2,0.001621284313
12262008,12/26/2008,"December 26, 2008",162302,2,0.001621713615
02222009,02/22/2009,"February 22, 2009",162345,2,0.001622142918
02282009,02/28/2009,"February 28, 2009",162387,2,0.001622562237
03182009,03/18/2009,"March 18, 2009",162430,2,0.001622991539
03192009,03/19/2009,"March 19, 2009",30390,1,0.000303863827
04102009,04/10/2009,"April 10, 2009",162473,2,0.001623420841
04122009,04/12/2009,"April 12, 2009",162516,2,0.001623850143
04182009,04/18/2009,"April 18, 2009",162559,2,0.001624279444
04272009,04/27/2009,"April 27, 2009",162602,2,0.001624708746
05012009,05/01/2009,"May 01, 2009",162643,2,0.001625118080
05052009,05/05/2009,"May 05, 2009",162686,2,0.001625547381
05102009,05/10/2009,"May 10, 2009",162729,2,0.001625976682
05232009,05/23/2009,"May 23, 2009",162772,2,0.001626405982
05272009,05/27/2009,"May 27, 2009",162815,2,0.001626835283
06082009,06/08/2009,"June 08, 2009",162858,2,0.001627264583
06282009,06/28/2009,"June 28, 2009",162900,2,0.001627683900
07122009,07/12/2009,"July 12, 2009",162942,2,0.001628103216
07152009,07/15/2009,"July 15, 2009",162985,2,0.001628532516
08062009,08/06/2009,"August 06, 2009",163028,2,0.001628961815
08082009,08/08/2009,"August 08, 2009",163070,2,0.001629381131
08132009,08/13/2009,"August 13, 2009",163113,2,0.001629810430
09012009,09/01/2009,"September 01, 2009",162657,2,0.001625257852
09022009,09/02/2009,"September 02, 2009",163255,1,0.001631228115
09042009,09/04/2009,"September 04, 2009",163297,2,0.001631647430
09052009,09/05/2009,"September 05, 2009",162700,1,0.001625687153
09062009,09/06/2009,"September 06, 2009",163042,4,0.001629101587
09082009,09/08/2009,"September 08, 2009",162872,2,0.001627404355
09092009,09/09/2009,"September 09, 2009",163555,1,0.001634223217
09102009,09/10/2009,"September 10, 2009",162487,2,0.001623560613
09112009,09/11/2009,"September 11, 2009",163199,3,0.001630669028
09122009,09/12/2009,"September 12, 2009",162530,3,0.001623989915
09132009,09/13/2009,"September 13, 2009",163127,2,0.001629950202
09152009,09/15/2009,"September 15, 2009",162999,1,0.001628672288
09182009,09/18/2009,"September 18, 2009",162444,2,0.001623131312
09192009,09/19/2009,"September 19, 2009",29711,1,0.000297075867
09202009,09/20/2009,"September 20, 2009",177834,1,0.001776769690
09212009,09/21/2009,"September 21, 2009",163641,1,0.001635081811
09222009,09/22/2009,"September 22, 2009",162359,1,0.001622282691
09232009,09/23/2009,"September 23, 2009",162786,1,0.001626545755
09242009,09/24/2009,"September 24, 2009",163426,2,0.001632935324
09272009,09/27/2009,"September 27, 2009",162616,2,0.001624848518
09282009,09/28/2009,"September 28, 2009",162401,2,0.001622702009
10022009,10/02/2009,"October 02, 2009",163241,2,0.001631088344
10042009,10/04/2009,"October 04, 2009",163283,2,0.001631507658
10092009,10/09/2009,"October 09, 2009",53952,1,0.000539384485
10122009,10/12/2009,"October 12, 2009",163326,2,0.001631936957
10132009,10/13/2009,"October 13, 2009",163369,2,0.001632366255
10242009,10/24/2009,"October 24, 2009",163412,2,0.001632795553
11012009,11/01/2009,"November 01, 2009",163455,2,0.001633224851
11042009,11/04/2009,"November 04, 2009",163498,2,0.001633654148
11092009,11/09/2009,"November 09, 2009",163541,2,0.001634083446
11242009,11/24/2009,"November 24, 2009",163584,2,0.001634512743
12212009,12/21/2009,"December 21, 2009",163627,2,0.001634942040
01112010,01/11/2010,"January 11, 2010",163669,2,0.001635361353
02052010,02/05/2010,"February 05, 2010",163712,2,0.001635790650
02132010,02/13/2010,"February 13, 2010",163755,2,0.001636219947
02262010,02/26/2010,"February 26, 2010",163798,2,0.001636649243
04162010,04/16/2010,"April 16, 2010",124386,1,0.001243096727
04232010,04/23/2010,"April 23, 2010",163841,2,0.001637078539
05022010,05/02/2010,"May 02, 2010",163884,2,0.001637507835
05172010,05/17/2010,"May 17, 2010",163927,2,0.001637937131
05232010,05/23/2010,"May 23, 2010",163970,2,0.001638366426
06042010,06/04/2010,"June 04, 2010",164013,2,0.001638795722
06052010,06/05/2010,"June 05, 2010",164056,2,0.001639225017
06082010,06/08/2010,"June 08, 2010",164099,2,0.001639654312
06122010,06/12/2010,"June 12, 2010",164142,2,0.001640083607
06152010,06/15/2010,"June 15, 2010",164185,2,0.001640512902
07132010,07/13/2010,"July 13, 2010",164228,2,0.001640942196
07202010,07/20/2010,"July 20, 2010",164271,2,0.001641371490
07232010,07/23/2010,"July 23, 2010",164314,2,0.001641800785
07302010,07/30/2010,"July 30, 2010",164357,2,0.001642230079
08192010,08/19/2010,"August 19, 2010",164400,2,0.001642659372
08202010,08/20/2010,"August 20, 2010",164443,2,0.001643088666
08212010,08/21/2010,"August 21, 2010",164486,2,0.001643517959
09202010,09/20/2010,"September 20, 2010",164529,2,0.001643947252
09212010,09/21/2010,"September 21, 2010",164572,2,0.001644376545
10022010,10/02/2010,"October 02, 2010",163898,1,0.001637647606
10032010,10/03/2010,"October 03, 2010",164715,1,0.001645804193
10042010,10/04/2010,"October 04, 2010",164027,2,0.001638935492
10052010,10/05/2010,"October 05, 2010",163726,4,0.001635930421
10062010,10/06/2010,"October 06, 2010",123600,1,0.001235246467
10082010,10/08/2010,"October 08, 2010",164113,1,0.001639794083
10092010,10/09/2010,"October 09, 2010",164801,1,0.001646662777
10102010,10/10/2010,"October 10, 2010",165015,1,0.001648799251
10112010,10/11/2010,"October 11, 2010",163683,1,0.001635501124
10122010,10/12/2010,"October 12, 2010",164156,1,0.001640223377
10132010,10/13/2010,"October 13, 2010",163769,2,0.001636359718
10152010,10/15/2010,"October 15, 2010",164199,1,0.001640652672
10162010,10/16/2010,"October 16, 2010",165058,1,0.001649228542
10172010,10/17/2010,"October 17, 2010",163941,4,0.001638076902
10182010,10/18/2010,"October 18, 2010",164658,3,0.001645235131
10192010,10/19/2010,"October 19, 2010",164414,1,0.001642799142
10202010,10/20/2010,"October 20, 2010",164285,4,0.001641511261
10212010,10/21/2010,"October 21, 2010",164500,2,0.001643657729
10232010,10/23/2010,"October 23, 2010",163855,3,0.001637218310
10242010,10/24/2010,"October 24, 2010",165101,1,0.001649657833
10252010,10/25/2010,"October 25, 2010",164844,1,0.001647092069
10262010,10/26/2010,"October 26, 2010",163812,2,0.001636789014
10302010,10/30/2010,"October 30, 2010",164371,2,0.001642369849
11032010,11/03/2010,"November 03, 2010",164701,2,0.001645664423
11052010,11/05/2010,"November 05, 2010",164744,2,0.001646093716
11092010,11/09/2010,"November 09, 2010",164787,2,0.001646523008
11252010,11/25/2010,"November 25, 2010",164830,2,0.001646952300
11302010,11/30/2010,"November 30, 2010",164873,2,0.001647381591
12042010,12/04/2010,"December 04, 2010",164916,2,0.001647810883
12052010,12/05/2010,"December 05, 2010",164959,2,0.001648240174
12102010,12/10/2010,"December 10, 2010",165001,2,0.001648659482
12162010,12/16/2010,"December 16, 2010",165044,2,0.001649088773
12242010,12/24/2010,"December 24, 2010",165087,2,0.001649518064
12262010,12/26/2010,"December 26, 2010",165130,2,0.001649947354
01022011,01/02/2011,"January 02, 2011",165173,2,0.001650376645
01282011,01/28/2011,"January 28, 2011",165216,2,0.001650805935
02242011,02/24/2011,"February 24, 2011",165259,2,0.001651235225
03042011,03/04/2011,"March 04, 2011",165302,2,0.001651664515
03292011,03/29/2011,"March 29, 2011",165345,2,0.001652093805
04072011,04/07/2011,"April 07, 2011",165388,2,0.001652523094
04082011,04/08/2011,"April 08, 2011",165431,2,0.001652952383
05062011,05/06/2011,"May 06, 2011",165474,2,0.001653381673
05082011,05/08/2011,"May 08, 2011",165517,2,0.001653810962
05122011,05/12/2011,"May 12, 2011",165560,2,0.001654240250
05132011,05/13/2011,"May 13, 2011",165603,2,0.001654669539
05252011,05/25/2011,"May 25, 2011",165646,2,0.001655098827
06042011,06/04/2011,"June 04, 2011",165689,2,0.001655528116
06082011,06/08/2011,"June 08, 2011",165732,2,0.001655957404
06122011,06/12/2011,"June 12, 2011",165775,2,0.001656386691
06162011,06/16/2011,"June 16, 2011",165818,2,0.001656815979
06272011,06/27/2011,"June 27, 2011",165861,2,0.001657245267
07062011,07/06/2011,"July 06, 2011",165903,2,0.001657664570
07082011,07/08/2011,"July 08, 2011",165946,2,0.001658093858
07102011,07/10/2011,"July 10, 2011",165989,2,0.001658523145
07172011,07/17/2011,"July 17, 2011",166032,2,0.001658952431
08022011,08/02/2011,"August 02, 2011",166075,2,0.001659381718
08062011,08/06/2011,"August 06, 2011",166118,2,0.001659811004
08122011,08/12/2011,"August 12, 2011",166161,2,0.001660240290
08212011,08/21/2011,"August 21, 2011",166204,2,0.001660669576
08222011,08/22/2011,"August 22, 2011",166247,2,0.001661098862
08272011,08/27/2011,"August 27, 2011",166289,2,0.001661518165
08312011,08/31/2011,"August 31, 2011",166331,2,0.001661937467
09012011,09/01/2011,"September 01, 2011",166374,2,0.001662366752
09082011,09/08/2011,"September 08, 2011",166417,2,0.001662796037
09192011,09/19/2011,"September 19, 2011",166460,2,0.001663225322
10252011,10/25/2011,"October 25, 2011",166503,2,0.001663654607
11012011,11/01/2011,"November 01, 2011",166388,1,0.001662506519
11022011,11/02/2011,"November 02, 2011",165187,3,0.001650516414
11042011,11/04/2011,"November 04, 2011",165316,2,0.001651804284
11062011,11/06/2011,"November 06, 2011",165488,4,0.001653521441
11072011,11/07/2011,"November 07, 2011",165402,1,0.001652662863
11082011,11/08/2011,"November 08, 2011",165445,5,0.001653092152
11102011,11/10/2011,"November 10, 2011",166003,1,0.001658662912
11122011,11/12/2011,"November 12, 2011",165574,3,0.001654380019
11132011,11/13/2011,"November 13, 2011",165617,1,0.001654809307
11162011,11/16/2011,"November 16, 2011",165832,1,0.001656955747
11172011,11/17/2011,"November 17, 2011",166046,4,0.001659092199
11192011,11/19/2011,"November 19, 2011",30226,2,0.000302224324
11202011,11/20/2011,"November 20, 2011",178473,1,0.001783148316
11212011,11/21/2011,"November 21, 2011",166218,1,0.001660809344
11222011,11/22/2011,"November 22, 2011",166261,1,0.001661238630
11242011,11/24/2011,"November 24, 2011",165273,1,0.001651374994
11252011,11/25/2011,"November 25, 2011",165660,2,0.001655238596
11272011,11/27/2011,"November 27, 2011",165875,2,0.001657385035
11282011,11/28/2011,"November 28, 2011",165230,1,0.001650945704
11292011,11/29/2011,"November 29, 2011",165359,1,0.001652233573
11302011,11/30/2011,"November 30, 2011",166689,1,0.001665511510
12022011,12/02/2011,"December 02, 2011",166589,2,0.001664513175
12062011,12/06/2011,"December 06, 2011",166632,2,0.001664942460
12302011,12/30/2011,"December 30, 2011",166675,2,0.001665371744
01022012,01/02/2012,"January 02, 2012",166718,2,0.001665801027
01192012,01/19/2012,"January 19, 2012",30734,1,0.000307302776
02042012,02/04/2012,"February 04, 2012",166761,2,0.001666230311
02062012,02/06/2012,"February 06, 2012",166804,2,0.001666659594
02112012,02/11/2012,"February 11, 2012",180444,1,0.001802822977
02282012,02/28/2012,"February 28, 2012",166847,2,0.001667088878
03042012,03/04/2012,"March 04, 2012",166890,2,0.001667518161
03142012,03/14/2012,"March 14, 2012",166933,2,0.001667947444
03202012,03/20/2012,"March 20, 2012",166976,3,0.001668376726
03312012,03/31/2012,"March 31, 2012",167019,2,0.001668806009
04042012,04/04/2012,"April 04, 2012",167062,2,0.001669235291
04052012,04/05/2012,"April 05, 2012",167105,2,0.001669664573
04132012,04/13/2012,"April 13, 2012",167148,2,0.001670093855
04172012,04/17/2012,"April 17, 2012",167191,2,0.001670523137
05232012,05/23/2012,"May 23, 2012",167234,2,0.001670952419
06132012,06/13/2012,"June 13, 2012",167277,2,0.001671381700
07102012,07/10/2012,"July 10, 2012",167320,2,0.001671810981
07212012,07/21/2012,"July 21, 2012",167363,2,0.001672240262
08072012,08/07/2012,"August 07, 2012",167405,2,0.001672659560
08152012,08/15/2012,"August 15, 2012",167448,2,0.001673088841
08252012,08/25/2012,"August 25, 2012",167491,2,0.001673518121
09052012,09/05/2012,"September 05, 2012",167534,2,0.001673947401
09272012,09/27/2012,"September 27, 2012",167577,2,0.001674376681
09282012,09/28/2012,"September 28, 2012",167620,2,0.001674805961
10082012,10/08/2012,"October 08, 2012",42811,1,0.000428028374
10092012,10/09/2012,"October 09, 2012",167663,2,0.001675235241
10132012,10/13/2012,"October 13, 2012",167706,2,0.001675664521
10182012,10/18/2012,"October 18, 2012",167749,2,0.001676093800
10312012,10/31/2012,"October 31, 2012",167792,2,0.001676523079
11012012,11/01/2012,"November 01, 2012",167835,2,0.001676952358
11082012,11/08/2012,"November 08, 2012",167878,2,0.001677381637
11102012,11/10/2012,"November 10, 2012",167921,2,0.001677810916
11162012,11/16/2012,"November 16, 2012",167963,2,0.001678230211
11202012,11/20/2012,"November 20, 2012",178479,1,0.001783208210
11302012,11/30/2012,"November 30, 2012",168006,2,0.001678659489
12012012,12/01/2012,"December 01, 2012",167846,2,0.001677062174
12022012,12/02/2012,"December 02, 2012",166732,3,0.001665940794
12042012,12/04/2012,"December 04, 2012",166775,3,0.001666370078
12052012,12/05/2012,"December 05, 2012",167119,2,0.001669804340
12062012,12/06/2012,"December 06, 2012",166818,1,0.001666799361
12072012,12/07/2012,"December 07, 2012",167419,1,0.001672799326
12082012,12/08/2012,"December 08, 2012",167892,1,0.001677521402
12092012,12/09/2012,"December 09, 2012",167677,4,0.001675375007
12102012,12/10/2012,"December 10, 2012",167334,2,0.001671950747
12132012,12/13/2012,"December 13, 2012",167162,3,0.001670233621
12142012,12/14/2012,"December 14, 2012",166947,1,0.001668087210
12152012,12/15/2012,"December 15, 2012",167462,1,0.001673228606
12162012,12/16/2012,"December 16, 2012",167977,1,0.001678369976
12172012,12/17/2012,"December 17, 2012",167205,1,0.001670662903
12182012,12/18/2012,"December 18, 2012",167763,1,0.001676233565
12202012,12/20/2012,"December 20, 2012",166990,4,0.001668516493
12212012,12/21/2012,"December 21, 2012",167377,1,0.001672380028
12232012,12/23/2012,"December 23, 2012",167248,1,0.001671092185
12252012,12/25/2012,"December 25, 2012",167505,1,0.001673657887
12272012,12/27/2012,"December 27, 2012",167591,1,0.001674516447
12282012,12/28/2012,"December 28, 2012",166861,2,0.001667228644
12302012,12/30/2012,"December 30, 2012",168020,1,0.001678799254
12312012,12/31/2012,"December 31, 2012",167033,2,0.001668945775
01062013,01/06/2013,"January 06, 2013",168135,2,0.001679947323
01082013,01/08/2013,"January 08, 2013",168178,2,0.001680376600
01272013,01/27/2013,"January 27, 2013",168221,2,0.001680805878
01302013,01/30/2013,"January 30, 2013",168264,2,0.001681235155
02042013,02/04/2013,"February 04, 2013",168307,2,0.001681664432
02282013,02/28/2013,"February 28, 2013",168350,2,0.001682093709
03122013,03/12/2013,"March 12, 2013",168393,2,0.001682522985
03162013,03/16/2013,"March 16, 2013",168436,2,0.001682952262
04142013,04/14/2013,"April 14, 2013",168479,2,0.001683381538
04252013,04/25/2013,"April 25, 2013",168522,2,0.001683810814
04292013,04/29/2013,"April 29, 2013",168564,2,0.001684230107
05162013,05/16/2013,"May 16, 2013",168607,2,0.001684659383
05262013,05/26/2013,"May 26, 2013",168650,2,0.001685088658
06202013,06/20/2013,"June 20, 2013",168693,2,0.001685517933
06252013,06/25/2013,"June 25, 2013",168736,2,0.001685947209
07162013,07/16/2013,"July 16, 2013",168779,2,0.001686376483
07282013,07/28/2013,"July 28, 2013",168822,2,0.001686805758
08052013,08/05/2013,"August 05, 2013",168865,2,0.001687235033
09062013,09/06/2013,"September 06, 2013",168908,2,0.001687664307
09082013,09/08/2013,"September 08, 2013",168951,2,0.001688093581
09152013,09/15/2013,"September 15, 2013",168994,2,0.001688522855
09262013,09/26/2013,"September 26, 2013",169036,2,0.001688942146
10152013,10/15/2013,"October 15, 2013",169079,2,0.001689371420
10172013,10/17/2013,"October 17, 2013",169122,2,0.001689800693
11042013,11/04/2013,"November 04, 2013",169165,2,0.001690229967
11052013,11/05/2013,"November 05, 2013",169208,2,0.001690659240
12132013,12/13/2013,"December 13, 2013",169251,2,0.001691088513
12192013,12/19/2013,"December 19, 2013",169294,2,0.001691517785
01152014,01/15/2014,"January 15, 2014",169337,2,0.001691947058
01222014,01/22/2014,"January 22, 2014",169380,2,0.001692376330
01262014,01/26/2014,"January 26, 2014",169423,2,0.001692805603
02122014,02/12/2014,"February 12, 2014",169466,2,0.001693234875
03012014,03/01/2014,"March 01, 2014",169509,2,0.001693664146
03192014,03/19/2014,"March 19, 2014",169552,2,0.001694093418
03222014,03/22/2014,"March 22, 2014",169595,2,0.001694522689
03272014,03/27/2014,"March 27, 2014",169638,2,0.001694951961
03302014,03/30/2014,"March 30, 2014",169681,2,0.001695381232
04062014,04/06/2014,"April 06, 2014",169724,2,0.001695810503
04132014,04/13/2014,"April 13, 2014",169767,2,0.001696239773
04212014,04/21/2014,"April 21, 2014",169810,2,0.001696669044
05032014,05/03/2014,"May 03, 2014",169853,2,0.001697098314
05102014,05/10/2014,"May 10, 2014",169895,2,0.001697517601
05192014,05/19/2014,"May 19, 2014",30189,1,0.000301854436
05262014,05/26/2014,"May 26, 2014",169938,2,0.001697946871
05282014,05/28/2014,"May 28, 2014",169981,2,0.001698376141
05312014,05/31/2014,"May 31, 2014",170024,2,0.001698805411
06182014,06/18/2014,"June 18, 2014",170067,2,0.001699234680
06192014,06/19/2014,"June 19, 2014",170110,2,0.001699663949
06212014,06/21/2014,"June 21, 2014",170153,2,0.001700093219
07012014,07/01/2014,"July 01, 2014",170196,2,0.001700522487
07092014,07/09/2014,"July 09, 2014",170239,2,0.001700951756
07122014,07/12/2014,"July 12, 2014",170282,2,0.001701381025
07202014,07/20/2014,"July 20, 2014",178223,1,0.001780652771
08012014,08/01/2014,"August 01, 2014",170325,2,0.001701810293
08022014,08/02/2014,"August 02, 2014",170368,2,0.001702239561
08042014,08/04/2014,"August 04, 2014",170411,2,0.001702668829
08072014,08/07/2014,"August 07, 2014",170454,2,0.001703098097
08252014,08/25/2014,"August 25, 2014",170497,2,0.001703527364
09132014,09/13/2014,"September 13, 2014",170539,2,0.001703946649
09262014,09/26/2014,"September 26, 2014",170582,2,0.001704375916
09282014,09/28/2014,"September 28, 2014",170625,2,0.001704805183
09292014,09/29/2014,"September 29, 2014",170668,2,0.001705234450
10222014,10/22/2014,"October 22, 2014",170711,2,0.001705663717
10242014,10/24/2014,"October 24, 2014",170754,2,0.001706092983
11162014,11/16/2014,"November 16, 2014",170797,2,0.001706522249
11262014,11/26/2014,"November 26, 2014",170840,2,0.001706951515
12132014,12/13/2014,"December 13, 2014",170883,2,0.001707380781
12152014,12/15/2014,"December 15, 2014",170926,2,0.001707810047
12232014,12/23/2014,"December 23, 2014",170969,2,0.001708239313
12272014,12/27/2014,"December 27, 2014",171012,2,0.001708668578
01042015,01/04/2015,"January 04, 2015",171055,2,0.001709097843
02022015,02/02/2015,"February 02, 2015",171098,2,0.001709527108
03052015,03/05/2015,"March 05, 2015",171141,2,0.001709956373
03112015,03/11/2015,"March 11, 2015",171184,2,0.001710385638
03122015,03/12/2015,"March 12, 2015",171226,2,0.001710804919
04092015,04/09/2015,"April 09, 2015",171269,2,0.001711234183
04282015,04/28/2015,"April 28, 2015",171312,2,0.001711663448
05022015,05/02/2015,"May 02, 2015",171355,2,0.001712092711
05112015,05/11/2015,"May 11, 2015",171397,2,0.001712511992
05252015,05/25/2015,"May 25, 2015",171440,2,0.001712941256
05292015,05/29/2015,"May 29, 2015",171482,2,0.001713360536
06212015,06/21/2015,"June 21, 2015",171525,2,0.001713789799
06242015,06/24/2015,"June 24, 2015",171568,2,0.001714219062
06292015,06/29/2015,"June 29, 2015",171611,2,0.001714648325
07012015,07/01/2015,"July 01, 2015",171654,2,0.001715077588
09182015,09/18/2015,"September 18, 2015",171697,2,0.001715506850
09222015,09/22/2015,"September 22, 2015",171740,2,0.001715936113
10082015,10/08/2015,"October 08, 2015",171783,2,0.001716365375
12142015,12/14/2015,"December 14, 2015",171826,2,0.001716794636
12182015,12/18/2015,"December 18, 2015",171869,2,0.001717223898
12212015,12/21/2015,"December 21, 2015",171912,2,0.001717653160
12222015,12/22/2015,"December 22, 2015",171955,2,0.001718082421
12232015,12/23/2015,"December 23, 2015",171998,2,0.001718511682
12272015,12/27/2015,"December 27, 2015",172041,2,0.001718940943
12292015,12/29/2015,"December 29, 2015",172084,2,0.001719370204
01052016,01/05/2016,"January 05, 2016",172127,2,0.001719799464
02072016,02/07/2016,"February 07, 2016",172169,2,0.001720218742
02122016,02/12/2016,"February 12, 2016",172212,2,0.001720648002
02182016,02/18/2016,"February 18, 2016",172255,2,0.001721077262
03052016,03/05/2016,"March 05, 2016",172298,2,0.001721506522
03302016,03/30/2016,"March 30, 2016",172341,2,0.001721935782
04012016,04/01/2016,"April 01, 2016",172384,2,0.001722365041
04162016,04/16/2016,"April 16, 2016",172426,2,0.001722784318
04182016,04/18/2016,"April 18, 2016",172468,2,0.001723203594
04272016,04/27/2016,"April 27, 2016",172511,2,0.001723632853
05012016,05/01/2016,"May 01, 2016",172553,2,0.001724052129
05162016,05/16/2016,"May 16, 2016",172596,2,0.001724481388
05182016,05/18/2016,"May 18, 2016",172639,2,0.001724910646
05192016,05/19/2016,"May 19, 2016",172682,2,0.001725339904
06142016,06/14/2016,"June 14, 2016",172725,2,0.001725769162
07112016,07/11/2016,"July 11, 2016",172768,2,0.001726198420
08112016,08/11/2016,"August 11, 2016",172811,2,0.001726627678
09092016,09/09/2016,"September 09, 2016",172854,2,0.001727056935
09272016,09/27/2016,"September 27, 2016",172897,2,0.001727486192
09302016,09/30/2016,"September 30, 2016",172940,2,0.001727915450
10022016,10/02/2016,"October 02, 2016",148816,1,0.001487063239
10112016,10/11/2016,"October 11, 2016",172983,2,0.001728344706
11172016,11/17/2016,"November 17, 2016",173026,2,0.001728773963
12032016,12/03/2016,"December 03, 2016",173069,2,0.001729203220
12132016,12/13/2016,"December 13, 2016",173112,2,0.001729632476
01072017,01/07/2017,"January 07, 2017",173155,2,0.001730061732
01102017,01/10/2017,"January 10, 2017",173198,2,0.001730490988
01192017,01/19/2017,"January 19, 2017",173241,2,0.001730920244
01232017,01/23/2017,"January 23, 2017",173284,2,0.001731349500
02032017,02/03/2017,"February 03, 2017",173327,2,0.001731778755
02102017,02/10/2017,"February 10, 2017",173370,2,0.001732208010
03072017,03/07/2017,"March 07, 2017",173413,2,0.001732637265
03212017,03/21/2017,"March 21, 2017",173456,2,0.001733066520
03302017,03/30/2017,"March 30, 2017",173498,2,0.001733485792
04022017,04/02/2017,"April 02, 2017",173541,2,0.001733915047
04092017,04/09/2017,"April 09, 2017",173583,2,0.001734334318
04302017,04/30/2017,"April 30, 2017",173624,2,0.001734743607
05222017,05/22/2017,"May 22, 2017",173667,2,0.001735172861
05242017,05/24/2017,"May 24, 2017",173710,2,0.001735602115
05272017,05/27/2017,"May 27, 2017",173753,2,0.001736031369
06032017,06/03/2017,"June 03, 2017",173796,2,0.001736460622
06062017,06/06/2017,"June 06, 2017",173839,2,0.001736889875
06172017,06/17/2017,"June 17, 2017",173882,2,0.001737319128
06242017,06/24/2017,"June 24, 2017",173925,2,0.001737748381
06272017,06/27/2017,"June 27, 2017",173968,2,0.001738177634
07112017,07/11/2017,"July 11, 2017",174011,2,0.001738606886
07132017,07/13/2017,"July 13, 2017",174054,2,0.001739036139
07272017,07/27/2017,"July 27, 2017",174097,2,0.001739465391
08102017,08/10/2017,"August 10, 2017",174139,2,0.001739884660
08172017,08/17/2017,"August 17, 2017",174182,2,0.001740313912
08192017,08/19/2017,"August 19, 2017",174225,2,0.001740743164
08252017,08/25/2017,"August 25, 2017",174268,2,0.001741172415
09102017,09/10/2017,"September 10, 2017",174311,2,0.001741601666
09182017,09/18/2017,"September 18, 2017",174354,2,0.001742030917
09232017,09/23/2017,"September 23, 2017",174397,2,0.001742460168
09252017,09/25/2017,"September 25, 2017",174440,2,0.001742889419
10192017,10/19/2017,"October 19, 2017",174482,2,0.001743308687
10212017,10/21/2017,"October 21, 2017",174525,2,0.001743737937
10302017,10/30/2017,"October 30, 2017",174568,2,0.001744167187
11062017,11/06/2017,"November 06, 2017",174611,2,0.001744596437
11102017,11/10/2017,"November 10, 2017",174654,2,0.001745025687
11232017,11/23/2017,"November 23, 2017",174696,2,0.001745444954
11252017,11/25/2017,"November 25, 2017",174739,2,0.001745874203
12092017,12/09/2017,"December 09, 2017",174782,2,0.001746303452
12102017,12/10/2017,"December 10, 2017",174825,2,0.001746732701
12122017,12/12/2017,"December 12, 2017",174868,2,0.001747161950
12262017,12/26/2017,"December 26, 2017",174911,2,0.001747591199
01192018,01/19/2018,"January 19, 2018",174954,2,0.001748020447
02022018,02/02/2018,"February 02, 2018",174997,2,0.001748449695
02042018,02/04/2018,"February 04, 2018",175040,2,0.001748878943
02152018,02/15/2018,"February 15, 2018",175083,2,0.001749308191
02242018,02/24/2018,"February 24, 2018",175126,2,0.001749737439
02262018,02/26/2018,"February 26, 2018",175168,2,0.001750156704
03062018,03/06/2018,"March 06, 2018",175211,2,0.001750585951
03092018,03/09/2018,"March 09, 2018",175254,2,0.001751015199
04132018,04/13/2018,"April 13, 2018",175295,2,0.001751424481
04152018,04/15/2018,"April 15, 2018",175338,2,0.001751853727
05162018,05/16/2018,"May 16, 2018",175381,2,0.001752282974
06022018,06/02/2018,"June 02, 2018",175424,2,0.001752712220
06072018,06/07/2018,"June 07, 2018",175467,2,0.001753141467
06122018,06/12/2018,"June 12, 2018",175510,2,0.001753570713
06242018,06/24/2018,"June 24, 2018",175553,2,0.001753999959
07252018,07/25/2018,"July 25, 2018",175596,2,0.001754429204
08062018,08/06/2018,"August 06, 2018",175639,2,0.001754858450
08092018,08/09/2018,"August 09, 2018",175682,2,0.001755287695
08132018,08/13/2018,"August 13, 2018",175725,2,0.001755716940
08292018,08/29/2018,"August 29, 2018",175768,2,0.001756146185
09132018,09/13/2018,"September 13, 2018",175811,2,0.001756575430
10142018,10/14/2018,"October 14, 2018",175854,2,0.001757004675
10312018,10/31/2018,"October 31, 2018",175897,2,0.001757433919
11152018,11/15/2018,"November 15, 2018",175940,2,0.001757863163
12202018,12/20/2018,"December 20, 2018",175983,2,0.001758292407
01022019,01/02/2019,"January 02, 2019",2105,1,0.000021059778
01032019,01/03/2019,"January 03, 2019",22801,1,0.000227994008
01042019,01/04/2019,"January 04, 2019",176026,2,0.001758721651
01072019,01/07/2019,"January 07, 2019",16892,1,0.000168915734
01192019,01/19/2019,"January 19, 2019",176069,2,0.001759150895
01262019,01/26/2019,"January 26, 2019",77482,1,0.000774529905
02062019,02/06/2019,"February 06, 2019",176112,2,0.001759580138
02072019,02/07/2019,"February 07, 2019",8662,1,0.000086626249
02082019,02/08/2019,"February 08, 2019",4293,1,0.000042939079
02112019,02/11/2019,"February 11, 2019",4637,1,0.000046378925
02212019,02/21/2019,"February 21, 2019",176155,2,0.001760009381
02262019,02/26/2019,"February 26, 2019",176198,2,0.001760438625
03102019,03/10/2019,"March 10, 2019",6139,1,0.000061398116
03242019,03/24/2019,"March 24, 2019",176241,2,0.001760867867
04052019,04/05/2019,"April 05, 2019",126444,1,0.001263650933
04062019,04/06/2019,"April 06, 2019",7383,1,0.000073837275
04072019,04/07/2019,"April 07, 2019",176284,2,0.001761297110
04082019,04/08/2019,"April 08, 2019",7598,1,0.000075987114
05042019,05/04/2019,"May 04, 2019",8412,1,0.000084126462
05072019,05/07/2019,"May 07, 2019",8670,1,0.000086706242
05082019,05/08/2019,"May 08, 2019",8756,3,0.000087566167
05092019,05/09/2019,"May 09, 2019",50836,1,0.000508240807
05112019,05/11/2019,"May 11, 2019",9098,1,0.000090985861
05212019,05/21/2019,"May 21, 2019",176370,2,0.001762155595
05252019,05/25/2019,"May 25, 2019",176413,2,0.001762584837
05282019,05/28/2019,"May 28, 2019",176456,2,0.001763014079
06062019,06/06/2019,"June 06, 2019",67759,1,0.000677370488
06082019,06/08/2019,"June 08, 2019",176499,2,0.001763443321
06112019,06/11/2019,"June 11, 2019",143088,1,0.001429866779
06122019,06/12/2019,"June 12, 2019",10471,1,0.000104714518
06212019,06/21/2019,"June 21, 2019",176542,2,0.001763872563
06222019,06/22/2019,"June 22, 2019",176585,2,0.001764301804
06232019,06/23/2019,"June 23, 2019",176628,2,0.001764731045
07012019,07/01/2019,"July 01, 2019",10557,1,0.000105574428
07032019,07/03/2019,"July 03, 2019",176671,2,0.001765160287
07092019,07/09/2019,"July 09, 2019",118138,1,0.001180692445
07102019,07/10/2019,"July 10, 2019",176714,2,0.001765589527
07242019,07/24/2019,"July 24, 2019",176757,2,0.001766018768
07292019,07/29/2019,"July 29, 2019",176800,2,0.001766448009
08012019,08/01/2019,"August 01, 2019",176843,2,0.001766877249
08082019,08/08/2019,"August 08, 2019",176886,2,0.001767306489
08132019,08/13/2019,"August 13, 2019",176929,2,0.001767735729
08142019,08/14/2019,"August 14, 2019",176971,2,0.001768154987
08242019,08/24/2019,"August 24, 2019",177014,2,0.001768584226
08312019,08/31/2019,"August 31, 2019",177057,2,0.001769013466
09172019,09/17/2019,"September 17, 2019",177100,2,0.001769442705
09212019,09/21/2019,"September 21, 2019",177142,2,0.001769861962
10092019,10/09/2019,"October 09, 2019",177182,2,0.001770261254
10112019,10/11/2019,"October 11, 2019",9090,1,0.000090905869
10142019,10/14/2019,"October 14, 2019",177225,2,0.001770690492
11032019,11/03/2019,"November 03, 2019",16121,2,0.000161207006
11042019,11/04/2019,"November 04, 2019",16472,1,0.000164716434
11052019,11/05/2019,"November 05, 2019",16599,1,0.000165986224
11062019,11/06/2019,"November 06, 2019",177267,2,0.001771109749
11072019,11/07/2019,"November 07, 2019",16900,1,0.000168995720
11282019,11/28/2019,"November 28, 2019",177310,2,0.001771538987
12012019,12/01/2019,"December 01, 2019",17759,1,0.000177584232
12022019,12/02/2019,"December 02, 2019",177353,2,0.001771968225
12052019,12/05/2019,"December 05, 2019",177396,2,0.001772397463
12072019,12/07/2019,"December 07, 2019",177439,2,0.001772826701
12112019,12/11/2019,"December 11, 2019",19086,3,0.000190851787
12212019,12/21/2019,"December 21, 2019",177523,2,0.001773665211
12222019,12/22/2019,"December 22, 2019",177566,2,0.001774094448
12232019,12/23/2019,"December 23, 2019",177609,2,0.001774523686
01112020,01/11/2020,"January 11, 2020",150637,1,0.001505245994
01122020,01/12/2020,"January 12, 2020",150895,1,0.001507822107
01152020,01/15/2020,"January 15, 2020",177652,2,0.001774952922
01262020,01/26/2020,"January 26, 2020",177695,2,0.001775382159
01272020,01/27/2020,"January 27, 2020",177738,2,0.001775811396
02052020,02/05/2020,"February 05, 2020",151883,1,0.001517687161
02072020,02/07/2020,"February 07, 2020",177781,2,0.001776240632
02092020,02/09/2020,"February 09, 2020",177824,2,0.001776669868
02112020,02/11/2020,"February 11, 2020",152697,1,0.001525814774
02232020,02/23/2020,"February 23, 2020",177866,2,0.001777089122
03102020,03/10/2020,"March 10, 2020",154200,1,0.001540821729
03192020,03/19/2020,"March 19, 2020",177909,2,0.001777518358
03202020,03/20/2020,"March 20, 2020",177952,2,0.001777947593
03292020,03/29/2020,"March 29, 2020",177995,2,0.001778376828
04022020,04/02/2020,"April 02, 2020",178038,2,0.001778806064
05012020,05/01/2020,"May 01, 2020",178080,2,0.001779225317
05052020,05/05/2020,"May 05, 2020",178122,2,0.001779644569
05062020,05/06/2020,"May 06, 2020",182795,1,0.001826290317
05152020,05/15/2020,"May 15, 2020",178164,2,0.001780063822
06072020,06/07/2020,"June 07, 2020",178207,2,0.001780493056
06092020,06/09/2020,"June 09, 2020",158963,1,0.001588377207
06242020,06/24/2020,"June 24, 2020",178250,2,0.001780922290
06272020,06/27/2020,"June 27, 2020",178291,2,0.001781331560
08022020,08/02/2020,"August 02, 2020",178334,2,0.001781760794
08042020,08/04/2020,"August 04, 2020",178377,2,0.001782190028
08102020,08/10/2020,"August 10, 2020",178420,2,0.001782619261
08112020,08/11/2020,"August 11, 2020",161965,3,0.001618349075
08212020,08/21/2020,"August 21, 2020",178506,2,0.001783477728
09072020,09/07/2020,"September 07, 2020",164269,1,0.001641351523
09132020,09/13/2020,"September 13, 2020",178549,2,0.001783906961
09152020,09/15/2020,"September 15, 2020",178592,2,0.001784336194
09212020,09/21/2020,"September 21, 2020",178635,2,0.001784765426
09282020,09/28/2020,"September 28, 2020",178678,2,0.001785194659
10072020,10/07/2020,"October 07, 2020",164277,1,0.001641431392
10082020,10/08/2020,"October 08, 2020",164449,1,0.001643148567
10092020,10/09/2020,"October 09, 2020",164535,1,0.001644007154
10152020,10/15/2020,"October 15, 2020",178721,2,0.001785623891
10172020,10/17/2020,"October 17, 2020",178764,2,0.001786053123
10212020,10/21/2020,"October 21, 2020",178807,2,0.001786482355
11132020,11/13/2020,"November 13, 2020",178850,2,0.001786911587
11162020,11/16/2020,"November 16, 2020",178893,2,0.001787340819
11202020,11/20/2020,"November 20, 2020",178936,2,0.001787770050
11252020,11/25/2020,"November 25, 2020",178979,2,0.001788199281
11262020,11/26/2020,"November 26, 2020",179022,2,0.001788628512
12032020,12/03/2020,"December 03, 2020",166982,3,0.001668436626
12122020,12/12/2020,"December 12, 2020",168098,1,0.001679577944
12222020,12/22/2020,"December 22, 2020",179108,2,0.001789486973
01092021,01/09/2021,"January 09, 2021",179151,2,0.001789916204
01102021,01/10/2021,"January 10, 2021",179194,2,0.001790345434
01132021,01/13/2021,"January 13, 2021",179237,2,0.001790774664
01202021,01/20/2021,"January 20, 2021",179280,2,0.001791203894
01302021,01/30/2021,"January 30, 2021",179323,2,0.001791633124
02112021,02/11/2021,"February 11, 2021",75351,1,0.000753236183
03032021,03/03/2021,"March 03, 2021",179366,2,0.001792062353
03062021,03/06/2021,"March 06, 2021",179409,2,0.001792491583
03142021,03/14/2021,"March 14, 2021",179452,2,0.001792920812
03272021,03/27/2021,"March 27, 2021",179494,2,0.001793340059
04022021,04/02/2021,"April 02, 2021",179537,2,0.001793769287
04122021,04/12/2021,"April 12, 2021",179580,2,0.001794198516
05062021,05/06/2021,"May 06, 2021",179623,2,0.001794627744
05142021,05/14/2021,"May 14, 2021",179666,2,0.001795056973
05212021,05/21/2021,"May 21, 2021",179709,2,0.001795486201
06062021,06/06/2021,"June 06, 2021",179752,2,0.001795915429
06162021,06/16/2021,"June 16, 2021",179795,2,0.001796344656
07042021,07/04/2021,"July 04, 2021",179838,2,0.001796773884
07072021,07/07/2021,"July 07, 2021",179881,2,0.001797203111
07112021,07/11/2021,"July 11, 2021",86408,1,0.000863716790
07122021,07/12/2021,"July 12, 2021",179924,2,0.001797632338
07132021,07/13/2021,"July 13, 2021",179966,2,0.001798051583
07302021,07/30/2021,"July 30, 2021",180009,2,0.001798480810
08232021,08/23/2021,"August 23, 2021",180052,2,0.001798910036
08312021,08/31/2021,"August 31, 2021",180095,2,0.001799339263
09062021,09/06/2021,"September 06, 2021",180138,2,0.001799768489
09182021,09/18/2021,"September 18, 2021",180181,2,0.001800197715
09232021,09/23/2021,"September 23, 2021",180224,2,0.001800626941
10062021,10/06/2021,"October 06, 2021",51466,1,0.000514537585
10082021,10/08/2021,"October 08, 2021",33637,1,0.000336323434
10102021,10/10/2021,"October 10, 2021",106260,1,0.001062045641
10182021,10/18/2021,"October 18, 2021",180267,2,0.001801056166
11052021,11/05/2021,"November 05, 2021",180310,2,0.001801485392
11142021,11/14/2021,"November 14, 2021",180353,2,0.001801914617
11232021,11/23/2021,"November 23, 2021",180396,2,0.001802343842
12012021,12/01/2021,"December 01, 2021",180439,2,0.001802773067
12022021,12/02/2021,"December 02, 2021",180482,2,0.001803202292
12032021,12/03/2021,"December 03, 2021",180525,2,0.001803631516
12102021,12/10/2021,"December 10, 2021",180568,2,0.001804060741
12292021,12/29/2021,"December 29, 2021",180611,2,0.001804489965
01112022,01/11/2022,"January 11, 2022",166594,1,0.001664563092
01192022,01/19/2022,"January 19, 2022",180654,2,0.001804919189
01222022,01/22/2022,"January 22, 2022",180696,2,0.001805338431
02072022,02/07/2022,"February 07, 2022",180739,2,0.001805767654
02112022,02/11/2022,"February 11, 2022",180487,1,0.001803252202
02262022,02/26/2022,"February 26, 2022",180782,2,0.001806196878
03072022,03/07/2022,"March 07, 2022",180825,2,0.001806626101
03132022,03/13/2022,"March 13, 2022",180868,2,0.001807055324
03182022,03/18/2022,"March 18, 2022",180910,2,0.001807474565
04022022,04/02/2022,"April 02, 2022",5055,1,0.000050558722
04052022,04/05/2022,"April 05, 2022",180953,2,0.001807903788
04122022,04/12/2022,"April 12, 2022",180996,2,0.001808333010
04162022,04/16/2022,"April 16, 2022",181039,2,0.001808762233
04232022,04/23/2022,"April 23, 2022",181082,2,0.001809191455
04252022,04/25/2022,"April 25, 2022",181125,2,0.001809620677
04262022,04/26/2022,"April 26, 2022",181167,2,0.001810039917
05012022,05/01/2022,"May 01, 2022",181210,2,0.001810469138
05092022,05/09/2022,"May 09, 2022",181253,2,0.001810898360
05112022,05/11/2022,"May 11, 2022",181295,2,0.001811317599
06132022,06/13/2022,"June 13, 2022",181338,2,0.001811746820
07062022,07/06/2022,"July 06, 2022",181381,2,0.001812176041
07122022,07/12/2022,"July 12, 2022",181424,2,0.001812605261
07182022,07/18/2022,"July 18, 2022",181467,2,0.001813034482
07222022,07/22/2022,"July 22, 2022",181510,2,0.001813463702
07232022,07/23/2022,"July 23, 2022",38060,1,0.000380537581
07312022,07/31/2022,"July 31, 2022",181553,2,0.001813892922
08072022,08/07/2022,"August 07, 2022",181596,2,0.001814322142
08202022,08/20/2022,"August 20, 2022",171095,1,0.001709497159
08312022,08/31/2022,"August 31, 2022",181639,2,0.001814751362
09012022,09/01/2022,"September 01, 2022",181682,2,0.001815180582
09212022,09/21/2022,"September 21, 2022",181725,2,0.001815609801
10092022,10/09/2022,"October 09, 2022",181768,2,0.001816039020
10162022,10/16/2022,"October 16, 2022",181811,2,0.001816468239
10192022,10/19/2022,"October 19, 2022",181854,2,0.001816897458
10262022,10/26/2022,"October 26, 2022",181897,2,0.001817326677
10292022,10/29/2022,"October 29, 2022",181940,2,0.001817755895
10302022,10/30/2022,"October 30, 2022",181983,2,0.001818185113
11102022,11/10/2022,"November 10, 2022",182026,2,0.001818614332
11302022,11/30/2022,"November 30, 2022",182069,2,0.001819043549
01022023,01/02/2023,"January 02, 2023",182111,2,0.001819462785
01052023,01/05/2023,"January 05, 2023",182154,2,0.001819892003
01092023,01/09/2023,"January 09, 2023",182197,2,0.001820321220
02022023,02/02/2023,"February 02, 2023",182240,2,0.001820750437
02062023,02/06/2023,"February 06, 2023",182283,2,0.001821179654
02102023,02/10/2023,"February 10, 2023",182326,2,0.001821608871
02122023,02/12/2023,"February 12, 2023",182368,2,0.001822028106
03082023,03/08/2023,"March 08, 2023",182411,2,0.001822457323
03162023,03/16/2023,"March 16, 2023",182454,2,0.001822886539
03222023,03/22/2023,"March 22, 2023",182496,2,0.001823305773
03312023,03/31/2023,"March 31, 2023",182539,2,0.001823734989
04102023,04/10/2023,"April 10, 2023",182582,2,0.001824164205
05132023,05/13/2023,"May 13, 2023",182625,2,0.001824593420
06032023,06/03/2023,"June 03, 2023",182668,2,0.001825022636
06092023,06/09/2023,"June 09, 2023",182711,2,0.001825451851
06112023,06/11/2023,"June 11, 2023",182754,2,0.001825881066
06202023,06/20/2023,"June 20, 2023",182797,2,0.001826310280
07142023,07/14/2023,"July 14, 2023",182840,2,0.001826739495
07302023,07/30/2023,"July 30, 2023",182883,2,0.001827168709
08072023,08/07/2023,"August 07, 2023",182926,2,0.001827597924
08292023,08/29/2023,"August 29, 2023",182969,2,0.001828027138
10172023,10/17/2023,"October 17, 2023",183012,2,0.001828456352
11262023,11/26/2023,"November 26, 2023",183055,2,0.001828885565
11272023,11/27/2023,"November 27, 2023",183098,2,0.001829314779
12112023,12/11/2023,"December 11, 2023",183141,2,0.001829743992
12302023,12/30/2023,"December 30, 2023",183184,2,0.001830173205
01122024,01/12/2024,"January 12, 2024",183227,2,0.001830602418
01172024,01/17/2024,"January 17, 2024",183270,2,0.001831031631
01182024,01/18/2024,"January 18, 2024",183313,2,0.001831460843
01202024,01/20/2024,"January 20, 2024",183356,2,0.001831890056
02012024,02/01/2024,"February 01, 2024",183399,2,0.001832319268
02172024,02/17/2024,"February 17, 2024",183442,2,0.001832748480
02182024,02/18/2024,"February 18, 2024",183485,2,0.001833177692
02202024,02/20/2024,"February 20, 2024",183528,2,0.001833606903
02222024,02/22/2024,"February 22, 2024",183571,2,0.001834036115
02242024,02/24/2024,"February 24, 2024",183614,2,0.001834465326
03122024,03/12/2024,"March 12, 2024",183657,2,0.001834894537
03232024,03/23/2024,"March 23, 2024",183700,2,0.001835323748
04082024,04/08/2024,"April 08, 2024",183743,2,0.001835752959
04172024,04/17/2024,"April 17, 2024",183786,2,0.001836182169
04252024,04/25/2024,"April 25, 2024",183829,2,0.001836611380
04272024,04/27/2024,"April 27, 2024",183872,2,0.001837040590
04282024,04/28/2024,"April 28, 2024",183915,2,0.001837469800
04302024,04/30/2024,"April 30, 2024",183958,2,0.001837899010
05062024,05/06/2024,"May 06, 2024",184001,2,0.001838328219
05272024,05/27/2024,"May 27, 2024",184044,2,0.001838757429
05282024,05/28/2024,"May 28, 2024",184087,2,0.001839186638
06172024,06/17/2024,"June 17, 2024",184130,2,0.001839615847
06302024,06/30/2024,"June 30, 2024",184173,2,0.001840045056
07072024,07/07/2024,"July 07, 2024",184216,2,0.001840474265
07192024,07/19/2024,"July 19, 2024",30018,1,0.000300144950
08092024,08/09/2024,"August 09, 2024",184259,2,0.001840903473
08142024,08/14/2024,"August 14, 2024",184302,2,0.001841332682
08172024,08/17/2024,"August 17, 2024",184345,2,0.001841761890
08312024,08/31/2024,"August 31, 2024",184388,2,0.001842191098
09082024,09/08/2024,"September 08, 2024",184431,2,0.001842620305
09192024,09/19/2024,"September 19, 2024",184474,2,0.001843049513
09202024,09/20/2024,"September 20, 2024",184517,2,0.001843478720
10042024,10/04/2024,"October 04, 2024",184559,2,0.001843897946
10122024,10/12/2024,"October 12, 2024",184602,2,0.001844327153
10152024,10/15/2024,"October 15, 2024",184645,2,0.001844756360
10282024,10/28/2024,"October 28, 2024",184688,2,0.001845185567
11152024,11/15/2024,"November 15, 2024",184730,2,0.001845604792
11242024,11/24/2024,"November 24, 2024",184772,2,0.001846024016
12062024,12/06/2024,"December 06, 2024",184814,2,0.001846443241
12072024,12/07/2024,"December 07, 2024",184857,2,0.001846872447
12252024,12/25/2024,"December 25, 2024",184900,2,0.001847301653
