e_digits_Birthday (MMDDYYYY),e_digits_Birthday (MM/DD/YYYY),"e_digits_Birthday (Month Day, Year)",e_digits_TotalCount,e_digits_FirstIdx,e_digits_Odds (by position),e_digits_Odds (calendar),e_digits_NoPrefix,e_digits_0,e_digits_00,e_digits_000,e_digits_0000
01081900,01/08/1900,"January 08, 1900",1,4923956,0.048046890845,0.000021902926,0,1,0,0,0
01151900,01/15/1900,"January 15, 1900",1,3074912,0.030281116496,0.000021902926,0,2,0,0,0
01181900,01/18/1900,"January 18, 1900",1,1346904,0.013378679297,0.000021902926,0,1,0,0,0
01231900,01/23/1900,"January 23, 1900",1,109890,0.001098236507,0.000021902926,0,1,0,0,0
01261900,01/26/1900,"January 26, 1900",2,4925335,0.048060018188,0.000021902926,0,2,0,0,0
02011900,02/01/1900,"February 01, 1900",1,5675115,0.055170782997,0.000021902926,0,1,0,0,0
03051900,03/05/1900,"March 05, 1900",1,7409823,0.071419470074,0.000021902926,0,1,0,0,0
03211900,03/21/1900,"March 21, 1900",1,2038305,0.020176661304,0.000021902926,0,1,0,0,0
04131900,04/13/1900,"April 13, 1900",1,8376188,0.080349728459,0.000021902926,0,1,0,0,0
04171900,04/17/1900,"April 17, 1900",1,9453719,0.090206047513,0.000021902926,0,1,0,0,0
05121900,05/12/1900,"May 12, 1900",1,9940308,0.094622251757,0.000021902926,0,1,0,0,0
05261900,05/26/1900,"May 26, 1900",1,8436408,0.080903375138,0.000021902926,0,1,0,0,0
05271900,05/27/1900,"May 27, 1900",1,6293034,0.060991061482,0.000021902926,0,1,0,0,0
06181900,06/18/1900,"June 18, 1900",1,7975958,0.076661636638,0.000021902926,0,1,0,0,0
06191900,06/19/1900,"June 19, 1900",1,5785059,0.056208995211,0.000021902926,0,1,0,0,0
07081900,07/08/1900,"July 08, 1900",1,7187830,0.069355796519,0.000021902926,0,2,0,0,0
07291900,07/29/1900,"July 29, 1900",1,1440331,0.014300019550,0.000021902926,0,1,0,0,0
08071900,08/07/1900,"August 07, 1900",1,5542829,0.053920079136,0.000021902926,0,1,0,0,0
08311900,08/31/1900,"August 31, 1900",1,1896213,0.018783421105,0.000021902926,0,1,0,0,0
10061900,10/06/1900,"October 06, 1900",1,3968560,0.038908383874,0.000021902926,1,0,0,0,0
10071900,10/07/1900,"October 07, 1900",1,2419502,0.023904608588,0.000021902926,1,0,0,0,0
10081900,10/08/1900,"October 08, 1900",1,5980468,0.058051447050,0.000021902926,1,0,0,0,0
10161900,10/16/1900,"October 16, 1900",1,7422509,0.071537262329,0.000021902926,1,0,0,0,0
10261900,10/26/1900,"October 26, 1900",1,8619848,0.082587820558,0.000021902926,1,0,0,0,0
10281900,10/28/1900,"October 28, 1900",1,2165266,0.021419865466,0.000021902926,1,0,0,0,0
11181900,11/18/1900,"November 18, 1900",1,842511,0.008389658811,0.000021902926,1,0,0,0,0
11211900,11/21/1900,"November 21, 1900",1,5172898,0.050413754697,0.000021902926,1,0,0,0,0
12111900,12/11/1900,"December 11, 1900",1,861034,0.008573317786,0.000021902926,1,0,0,0,0
12121900,12/12/1900,"December 12, 1900",1,3782868,0.037122055591,0.000021902926,1,0,0,0,0
12141900,12/14/1900,"December 14, 1900",1,172124,0.001719699636,0.000021902926,1,0,0,0,0
12231900,12/23/1900,"December 23, 1900",1,6940259,0.067048936956,0.000021902926,1,0,0,0,0
01061901,01/06/1901,"January 06, 1901",1,3725369,0.036568251196,0.000021902926,0,1,0,0,0
01091901,01/09/1901,"January 09, 1901",1,4417318,0.043211696480,0.000021902926,0,1,0,0,0
02051901,02/05/1901,"February 05, 1901",1,7142574,0.068934528857,0.000021902926,0,1,0,0,0
02061901,02/06/1901,"February 06, 1901",1,3074967,0.030281649841,0.000021902926,0,1,0,0,0
02081901,02/08/1901,"February 08, 1901",1,388621,0.003878608730,0.000021902926,0,1,0,0,0
02181901,02/18/1901,"February 18, 1901",1,3290017,0.032364788476,0.000021902926,0,1,0,0,0
02261901,02/26/1901,"February 26, 1901",1,5392345,0.052495308456,0.000021902926,0,1,0,0,0
03031901,03/03/1901,"March 03, 1901",1,5445106,0.052995089555,0.000021902926,0,1,0,0,0
03301901,03/30/1901,"March 30, 1901",1,2985777,0.029416372223,0.000021902926,0,1,0,0,0
04131901,04/13/1901,"April 13, 1901",1,1780602,0.017648370799,0.000021902926,0,1,0,0,0
04241901,04/24/1901,"April 24, 1901",1,175399,0.001752392781,0.000021902926,0,1,0,0,0
06051901,06/05/1901,"June 05, 1901",1,7901703,0.075975757111,0.000021902926,0,1,0,0,0
06101901,06/10/1901,"June 10, 1901",1,6946970,0.067111545202,0.000021902926,0,1,0,0,0
06211901,06/21/1901,"June 21, 1901",1,1412244,0.014023127110,0.000021902926,0,1,0,0,0
06251901,06/25/1901,"June 25, 1901",1,1103721,0.010976464241,0.000021902926,0,1,0,0,0
06271901,06/27/1901,"June 27, 1901",2,2267122,0.022416100609,0.000021902926,0,2,0,0,0
07121901,07/12/1901,"July 12, 1901",1,7577662,0.072976683194,0.000021902926,0,2,0,0,0
07171901,07/17/1901,"July 17, 1901",1,2963438,0.029199529324,0.000021902926,0,1,0,0,0
07291901,07/29/1901,"July 29, 1901",1,3947175,0.038702832452,0.000021902926,0,1,0,0,0
08051901,08/05/1901,"August 05, 1901",1,2238343,0.022134721249,0.000021902926,0,1,0,0,0
08191901,08/19/1901,"August 19, 1901",1,8439058,0.080927730876,0.000021902926,0,1,0,0,0
08201901,08/20/1901,"August 20, 1901",1,9294071,0.088752419614,0.000021902926,0,1,0,0,0
08271901,08/27/1901,"August 27, 1901",1,5672537,0.055146424986,0.000021902926,0,1,0,0,0
09221901,09/22/1901,"September 22, 1901",1,2952745,0.029095716079,0.000021902926,0,1,0,0,0
09231901,09/23/1901,"September 23, 1901",1,4838828,0.047236167167,0.000021902926,0,1,0,0,0
09291901,09/29/1901,"September 29, 1901",1,3784348,0.037136306080,0.000021902926,0,1,0,0,0
10061901,10/06/1901,"October 06, 1901",1,6382635,0.061832046068,0.000021902926,1,0,0,0,0
10181901,10/18/1901,"October 18, 1901",1,9572114,0.091282560679,0.000021902926,1,0,0,0,0
10251901,10/25/1901,"October 25, 1901",1,9567039,0.091236442098,0.000021902926,1,0,0,0,0
10301901,10/30/1901,"October 30, 1901",1,75253,0.000752186973,0.000021902926,1,0,0,0,0
12131901,12/13/1901,"December 13, 1901",1,8325901,0.079887147623,0.000021902926,1,0,0,0,0
12211901,12/21/1901,"December 21, 1901",1,2536469,0.025045650644,0.000021902926,1,0,0,0,0
02051902,02/05/1902,"February 05, 1902",1,5285454,0.051481969719,0.000021902926,0,1,0,0,0
02111902,02/11/1902,"February 11, 1902",1,5135693,0.050060395401,0.000021902926,0,1,0,0,0
02131902,02/13/1902,"February 13, 1902",1,4069751,0.039880430207,0.000021902926,0,1,0,0,0
02281902,02/28/1902,"February 28, 1902",1,2783734,0.027453393561,0.000021902926,0,1,0,0,0
03051902,03/05/1902,"March 05, 1902",2,3505808,0.034450606883,0.000021902926,0,2,0,0,0
03091902,03/09/1902,"March 09, 1902",1,1429412,0.014192385092,0.000021902926,0,1,0,0,0
03221902,03/22/1902,"March 22, 1902",1,4986475,0.048641856413,0.000021902926,0,1,0,0,0
04241902,04/24/1902,"April 24, 1902",1,2386341,0.023580871918,0.000021902926,0,1,0,0,0
05011902,05/01/1902,"May 01, 1902",2,7682079,0.073944147954,0.000021902926,0,3,0,0,0
05041902,05/04/1902,"May 04, 1902",1,6348796,0.061514525691,0.000021902926,0,1,0,0,0
05111902,05/11/1902,"May 11, 1902",1,2989599,0.029453467220,0.000021902926,0,1,0,0,0
05141902,05/14/1902,"May 14, 1902",1,983366,0.009785408349,0.000021902926,0,1,0,0,0
06071902,06/07/1902,"June 07, 1902",1,2500326,0.024693209203,0.000021902926,0,2,1,0,0
06231902,06/23/1902,"June 23, 1902",1,577606,0.005759351040,0.000021902926,0,1,0,0,0
06251902,06/25/1902,"June 25, 1902",2,3584583,0.035210918918,0.000021902926,0,2,0,0,0
06291902,06/29/1902,"June 29, 1902",1,9834839,0.093666855155,0.000021902926,0,1,0,0,0
07051902,07/05/1902,"July 05, 1902",2,1199028,0.011918623868,0.000021902926,0,2,0,0,0
07091902,07/09/1902,"July 09, 1902",1,693639,0.006912329257,0.000021902926,0,1,0,0,0
07121902,07/12/1902,"July 12, 1902",1,1443048,0.014326800655,0.000021902926,0,1,0,0,0
07211902,07/21/1902,"July 21, 1902",1,6501459,0.062946152725,0.000021902926,0,1,0,0,0
08061902,08/06/1902,"August 06, 1902",2,4276845,0.041866722792,0.000021902926,0,2,0,0,0
08081902,08/08/1902,"August 08, 1902",1,8732650,0.083622096404,0.000021902926,0,1,0,0,0
08141902,08/14/1902,"August 14, 1902",1,4540251,0.044387182379,0.000021902926,0,1,0,0,0
08161902,08/16/1902,"August 16, 1902",1,342411,0.003418194660,0.000021902926,0,1,0,0,0
08191902,08/19/1902,"August 19, 1902",1,9578714,0.091342534051,0.000021902926,0,1,0,0,0
08231902,08/23/1902,"August 23, 1902",1,1611907,0.015989794127,0.000021902926,0,1,0,0,0
08311902,08/31/1902,"August 31, 1902",1,8101353,0.077818731170,0.000021902926,0,1,0,0,0
09201902,09/20/1902,"September 20, 1902",1,4652717,0.045461317770,0.000021902926,0,1,0,0,0
09211902,09/21/1902,"September 21, 1902",1,6030323,0.058520938463,0.000021902926,0,1,0,0,0
09291902,09/29/1902,"September 29, 1902",1,6060175,0.058801946850,0.000021902926,0,1,0,0,0
10041902,10/04/1902,"October 04, 1902",1,541690,0.005402195431,0.000021902926,2,0,0,0,0
10231902,10/23/1902,"October 23, 1902",1,5535364,0.053849451633,0.000021902926,1,0,0,0,0
11091902,11/09/1902,"November 09, 1902",1,2818467,0.027791129521,0.000021902926,2,0,0,0,0
12021902,12/02/1902,"December 02, 1902",1,4137128,0.040527112094,0.000021902926,1,0,0,0,0
01131903,01/13/1903,"January 13, 1903",1,728752,0.007260970921,0.000021902926,0,1,0,0,0
01171903,01/17/1903,"January 17, 1903",1,4698933,0.045902365446,0.000021902926,0,1,0,0,0
01241903,01/24/1903,"January 24, 1903",1,5749640,0.055874654665,0.000021902926,0,1,0,0,0
01281903,01/28/1903,"January 28, 1903",1,9175154,0.087668146753,0.000021902926,0,1,0,0,0
01291903,01/29/1903,"January 29, 1903",1,1048488,0.010430045978,0.000021902926,0,1,0,0,0
02041903,02/04/1903,"February 04, 1903",1,8644247,0.082811632653,0.000021902926,0,1,0,0,0
02061903,02/06/1903,"February 06, 1903",1,8366928,0.080264564900,0.000021902926,0,1,0,0,0
02071903,02/07/1903,"February 07, 1903",1,7312278,0.070513244270,0.000021902926,0,1,0,0,0
02171903,02/17/1903,"February 17, 1903",1,8862,0.000088556080,0.000021902926,0,1,0,0,0
02211903,02/21/1903,"February 21, 1903",1,2785604,0.027471580013,0.000021902926,0,1,0,0,0
02221903,02/22/1903,"February 22, 1903",1,3284487,0.032311276769,0.000021902926,0,1,0,0,0
04011903,04/01/1903,"April 01, 1903",1,7261811,0.070044041798,0.000021902926,0,1,0,0,0
04241903,04/24/1903,"April 24, 1903",1,2137764,0.021150699344,0.000021902926,0,1,0,0,0
05141903,05/14/1903,"May 14, 1903",1,2362511,0.023348163511,0.000021902926,0,1,0,0,0
05171903,05/17/1903,"May 17, 1903",1,8559462,0.082033664734,0.000021902926,0,1,0,0,0
06081903,06/08/1903,"June 08, 1903",1,9090301,0.086893677264,0.000021902926,0,1,0,0,0
06301903,06/30/1903,"June 30, 1903",1,4385460,0.042906834301,0.000021902926,0,1,0,0,0
07171903,07/17/1903,"July 17, 1903",1,8571540,0.082144530014,0.000021902926,0,2,0,0,0
07201903,07/20/1903,"July 20, 1903",1,6658699,0.064418418410,0.000021902926,0,1,0,0,0
07221903,07/22/1903,"July 22, 1903",1,7276034,0.070176300029,0.000021902926,0,1,0,0,0
07261903,07/26/1903,"July 26, 1903",1,6521297,0.063132027031,0.000021902926,0,1,0,0,0
08101903,08/10/1903,"August 10, 1903",1,7446843,0.071763166967,0.000021902926,0,1,0,0,0
08141903,08/14/1903,"August 14, 1903",1,6775263,0.065508334388,0.000021902926,0,1,0,0,0
08151903,08/15/1903,"August 15, 1903",1,8620105,0.082590178304,0.000021902926,0,1,0,0,0
09071903,09/07/1903,"September 07, 1903",1,6236005,0.060455401343,0.000021902926,0,1,0,0,0
09081903,09/08/1903,"September 08, 1903",1,5616118,0.054613197635,0.000021902926,0,1,0,0,0
09201903,09/20/1903,"September 20, 1903",1,773420,0.007704308573,0.000021902926,0,1,0,0,0
09221903,09/22/1903,"September 22, 1903",1,7336871,0.070741804844,0.000021902926,0,1,0,0,0
10021903,10/02/1903,"October 02, 1903",1,933707,0.009293555565,0.000021902926,1,0,0,0,0
10041903,10/04/1903,"October 04, 1903",1,3566060,0.035032194482,0.000021902926,1,0,0,0,0
10091903,10/09/1903,"October 09, 1903",1,8460771,0.081127267377,0.000021902926,1,0,0,0,0
10241903,10/24/1903,"October 24, 1903",1,8574464,0.082171367716,0.000021902926,2,0,0,0,0
11051903,11/05/1903,"November 05, 1903",1,6439261,0.062363142675,0.000021902926,1,0,0,0,0
11091903,11/09/1903,"November 09, 1903",1,6244606,0.060536208100,0.000021902926,1,0,0,0,0
11211903,11/21/1903,"November 21, 1903",2,1156505,0.011498372675,0.000021902926,2,0,0,0,0
11231903,11/23/1903,"November 23, 1903",1,440792,0.004398159687,0.000021902926,1,0,0,0,0
12141903,12/14/1903,"December 14, 1903",1,7633428,0.073493502904,0.000021902926,1,0,0,0,0
01161904,01/16/1904,"January 16, 1904",1,8874004,0.084916518164,0.000021902926,0,1,0,0,0
01241904,01/24/1904,"January 24, 1904",2,2063618,0.020424652600,0.000021902926,0,2,0,0,0
01301904,01/30/1904,"January 30, 1904",1,2498507,0.024675468211,0.000021902926,0,1,0,0,0
02151904,02/15/1904,"February 15, 1904",1,8047025,0.077317592408,0.000021902926,0,1,0,0,0
02221904,02/22/1904,"February 22, 1904",1,2890533,0.028491509174,0.000021902926,0,1,0,0,0
02261904,02/26/1904,"February 26, 1904",1,3673878,0.036072042809,0.000021902926,0,1,0,0,0
02271904,02/27/1904,"February 27, 1904",1,4851780,0.047359561149,0.000021902926,0,1,0,0,0
03071904,03/07/1904,"March 07, 1904",1,6123502,0.059397790662,0.000021902926,0,1,0,0,0
03101904,03/10/1904,"March 10, 1904",1,7248676,0.069921884059,0.000021902926,0,1,0,0,0
03231904,03/23/1904,"March 23, 1904",1,3880889,0.038065415770,0.000021902926,0,1,0,0,0
03241904,03/24/1904,"March 24, 1904",1,2812254,0.027730724307,0.000021902926,0,1,0,0,0
03281904,03/28/1904,"March 28, 1904",1,7679267,0.073918106897,0.000021902926,0,1,0,0,0
04031904,04/03/1904,"April 03, 1904",1,1546664,0.015347586867,0.000021902926,0,1,0,0,0
04221904,04/22/1904,"April 22, 1904",1,3447136,0.033883933514,0.000021902926,0,1,0,0,0
04261904,04/26/1904,"April 26, 1904",1,1577322,0.015649415337,0.000021902926,0,1,0,0,0
05081904,05/08/1904,"May 08, 1904",1,7730013,0.074387937199,0.000021902926,0,1,0,0,0
05271904,05/27/1904,"May 27, 1904",1,1487414,0.014764007438,0.000021902926,0,1,0,0,0
05301904,05/30/1904,"May 30, 1904",1,6225062,0.060352581351,0.000021902926,0,1,0,0,0
06041904,06/04/1904,"June 04, 1904",1,1488069,0.014770460713,0.000021902926,0,1,0,0,0
06181904,06/18/1904,"June 18, 1904",1,677391,0.006750959261,0.000021902926,0,1,0,0,0
06201904,06/20/1904,"June 20, 1904",1,4568787,0.044659837151,0.000021902926,0,1,0,0,0
06241904,06/24/1904,"June 24, 1904",1,3229541,0.031779424415,0.000021902926,0,1,0,0,0
06271904,06/27/1904,"June 27, 1904",1,8265190,0.079328368300,0.000021902926,0,1,0,0,0
07011904,07/01/1904,"July 01, 1904",1,2025886,0.020054969486,0.000021902926,0,1,0,0,0
07071904,07/07/1904,"July 07, 1904",1,3669241,0.036027344433,0.000021902926,0,1,0,0,0
08101904,08/10/1904,"August 10, 1904",1,1272700,0.012646295109,0.000021902926,0,2,0,0,0
08211904,08/21/1904,"August 21, 1904",1,9988026,0.095054176854,0.000021902926,0,1,0,0,0
08241904,08/24/1904,"August 24, 1904",1,5171735,0.050402710944,0.000021902926,0,1,0,0,0
08291904,08/29/1904,"August 29, 1904",1,5907582,0.057364648161,0.000021902926,0,1,0,0,0
08301904,08/30/1904,"August 30, 1904",1,733284,0.007305960835,0.000021902926,0,1,0,0,0
09111904,09/11/1904,"September 11, 1904",1,3511368,0.034504289937,0.000021902926,0,1,0,0,0
09241904,09/24/1904,"September 24, 1904",1,9596204,0.091501444347,0.000021902926,0,1,0,0,0
10171904,10/17/1904,"October 17, 1904",1,4148386,0.040635123472,0.000021902926,1,0,0,0,0
10251904,10/25/1904,"October 25, 1904",1,2105441,0.020834254742,0.000021902926,1,0,0,0,0
10281904,10/28/1904,"October 28, 1904",1,4377040,0.042826243662,0.000021902926,1,0,0,0,0
10301904,10/30/1904,"October 30, 1904",1,3094941,0.030475322043,0.000021902926,1,0,0,0,0
11091904,11/09/1904,"November 09, 1904",1,8538404,0.081840339027,0.000021902926,1,0,0,0,0
01041905,01/04/1905,"January 04, 1905",1,3404563,0.033472541352,0.000021902926,0,1,0,0,0
01141905,01/14/1905,"January 14, 1905",1,6714318,0.064938634852,0.000021902926,0,1,0,0,0
02031905,02/03/1905,"February 03, 1905",1,9436131,0.090046018878,0.000021902926,0,1,0,0,0
02061905,02/06/1905,"February 06, 1905",1,138350,0.001382483502,0.000021902926,0,1,0,0,0
03091905,03/09/1905,"March 09, 1905",1,6420023,0.062182742743,0.000021902926,0,1,0,0,0
04051905,04/05/1905,"April 05, 1905",1,751625,0.007488014155,0.000021902926,0,1,0,0,0
04101905,04/10/1905,"April 10, 1905",1,1311212,0.013026471560,0.000021902926,0,2,1,0,0
04241905,04/24/1905,"April 24, 1905",1,6497369,0.062907826438,0.000021902926,0,1,0,0,0
04251905,04/25/1905,"April 25, 1905",1,169218,0.001690689189,0.000021902926,0,1,0,0,0
05021905,05/02/1905,"May 02, 1905",1,8571922,0.082148036215,0.000021902926,0,1,0,0,0
05061905,05/06/1905,"May 06, 1905",1,9559276,0.091165892044,0.000021902926,0,1,0,0,0
05111905,05/11/1905,"May 11, 1905",1,4895503,0.047775993087,0.000021902926,0,1,0,0,0
05151905,05/15/1905,"May 15, 1905",1,1449413,0.014389536758,0.000021902926,0,1,0,0,0
05211905,05/21/1905,"May 21, 1905",1,3854401,0.037810584786,0.000021902926,0,1,0,0,0
05261905,05/26/1905,"May 26, 1905",1,7915375,0.076102081071,0.000021902926,0,1,0,0,0
06071905,06/07/1905,"June 07, 1905",1,7100509,0.068542793777,0.000021902926,0,1,0,0,0
06141905,06/14/1905,"June 14, 1905",1,2810747,0.027716072098,0.000021902926,0,1,0,0,0
06201905,06/20/1905,"June 20, 1905",1,9617758,0.091697241026,0.000021902926,0,2,0,0,0
06221905,06/22/1905,"June 22, 1905",1,3138032,0.030893009927,0.000021902926,0,1,0,0,0
06271905,06/27/1905,"June 27, 1905",1,3963027,0.038855205203,0.000021902926,0,1,0,0,0
06301905,06/30/1905,"June 30, 1905",1,5747492,0.055854374635,0.000021902926,0,1,0,0,0
07061905,07/06/1905,"July 06, 1905",1,7497487,0.072233144216,0.000021902926,0,1,0,0,0
07211905,07/21/1905,"July 21, 1905",1,7751307,0.074585016050,0.000021902926,0,1,0,0,0
09281905,09/28/1905,"September 28, 1905",1,3584936,0.035214324617,0.000021902926,0,1,0,0,0
11041905,11/04/1905,"November 04, 1905",1,2684400,0.026486844129,0.000021902926,1,0,0,0,0
12061905,12/06/1905,"December 06, 1905",2,645365,0.006432810378,0.000021902926,2,0,0,0,0
12081905,12/08/1905,"December 08, 1905",1,1704205,0.016897596870,0.000021902926,1,0,0,0,0
01011906,01/01/1906,"January 01, 1906",1,9498798,0.090616081106,0.000021902926,0,1,0,0,0
01041906,01/04/1906,"January 04, 1906",1,8754657,0.083823741502,0.000021902926,0,1,0,0,0
01261906,01/26/1906,"January 26, 1906",1,8851915,0.084714363046,0.000021902926,0,1,0,0,0
01291906,01/29/1906,"January 29, 1906",1,5063110,0.049370650442,0.000021902926,0,1,0,0,0
02071906,02/07/1906,"February 07, 1906",1,4570248,0.044673794569,0.000021902926,0,1,0,0,0
02131906,02/13/1906,"February 13, 1906",1,9366140,0.089408910048,0.000021902926,0,1,0,0,0
02201906,02/20/1906,"February 20, 1906",1,8636121,0.082737098897,0.000021902926,0,1,0,0,0
03101906,03/10/1906,"March 10, 1906",1,9751777,0.092913723971,0.000021902926,0,2,0,0,0
03121906,03/12/1906,"March 12, 1906",2,736259,0.007335493044,0.000021902926,0,2,0,0,0
03221906,03/22/1906,"March 22, 1906",1,584003,0.005822950581,0.000021902926,0,3,0,0,0
03231906,03/23/1906,"March 23, 1906",1,682136,0.006798087810,0.000021902926,0,1,0,0,0
03311906,03/31/1906,"March 31, 1906",1,1276008,0.012678956230,0.000021902926,0,1,0,0,0
04181906,04/18/1906,"April 18, 1906",1,5834353,0.056674112907,0.000021902926,0,1,0,0,0
04241906,04/24/1906,"April 24, 1906",1,5745558,0.055836114682,0.000021902926,0,1,0,0,0
05131906,05/13/1906,"May 13, 1906",1,3187313,0.031370477888,0.000021902926,0,1,0,0,0
05141906,05/14/1906,"May 14, 1906",1,8846733,0.084666931715,0.000021902926,0,2,0,0,0
05231906,05/23/1906,"May 23, 1906",1,9633062,0.091836237045,0.000021902926,0,2,0,0,0
05301906,05/30/1906,"May 30, 1906",1,3899377,0.038243241799,0.000021902926,0,1,0,0,0
06011906,06/01/1906,"June 01, 1906",1,7099044,0.068529147829,0.000021902926,0,1,0,0,0
06031906,06/03/1906,"June 03, 1906",1,4917160,0.047982193913,0.000021902926,0,1,0,0,0
06121906,06/12/1906,"June 12, 1906",1,1328097,0.013193107973,0.000021902926,0,1,0,0,0
06191906,06/19/1906,"June 19, 1906",1,974837,0.009700949344,0.000021902926,0,1,0,0,0
08241906,08/24/1906,"August 24, 1906",1,990915,0.009860156827,0.000021902926,0,1,0,0,0
08291906,08/29/1906,"August 29, 1906",1,7476298,0.072036538866,0.000021902926,0,1,0,0,0
09241906,09/24/1906,"September 24, 1906",1,8134550,0.078124816880,0.000021902926,0,1,0,0,0
10161906,10/16/1906,"October 16, 1906",1,4002905,0.039238414115,0.000021902926,1,0,0,0,0
11021906,11/02/1906,"November 02, 1906",1,1453638,0.014431177921,0.000021902926,1,0,0,0,0
11051906,11/05/1906,"November 05, 1906",1,6694093,0.064749499564,0.000021902926,1,0,0,0,0
11141906,11/14/1906,"November 14, 1906",1,3617327,0.035526777742,0.000021902926,1,0,0,0,0
11251906,11/25/1906,"November 25, 1906",1,6808941,0.065822999505,0.000021902926,1,0,0,0,0
12011906,12/01/1906,"December 01, 1906",1,3904806,0.038295454156,0.000021902926,1,0,0,0,0
02091907,02/09/1907,"February 09, 1907",1,7388425,0.071220751150,0.000021902926,0,1,0,0,0
02151907,02/15/1907,"February 15, 1907",1,5612978,0.054583512023,0.000021902926,0,1,0,0,0
03171907,03/17/1907,"March 17, 1907",1,7237992,0.069822509203,0.000021902926,0,1,0,0,0
03221907,03/22/1907,"March 22, 1907",2,2512826,0.024815114934,0.000021902926,0,3,0,0,0
04061907,04/06/1907,"April 06, 1907",1,1955284,0.019362864397,0.000021902926,0,3,0,0,0
04111907,04/11/1907,"April 11, 1907",1,8403604,0.080601825221,0.000021902926,0,1,0,0,0
04271907,04/27/1907,"April 27, 1907",1,9228550,0.088155165439,0.000021902926,0,1,0,0,0
04281907,04/28/1907,"April 28, 1907",1,9126680,0.087225795802,0.000021902926,0,1,0,0,0
05021907,05/02/1907,"May 02, 1907",1,8075388,0.077579255712,0.000021902926,0,1,0,0,0
05111907,05/11/1907,"May 11, 1907",2,3626277,0.035613094234,0.000021902926,0,2,0,0,0
05131907,05/13/1907,"May 13, 1907",1,9151749,0.087454590490,0.000021902926,0,1,0,0,0
05161907,05/16/1907,"May 16, 1907",1,5448749,0.053029588316,0.000021902926,0,1,0,0,0
05251907,05/25/1907,"May 25, 1907",1,8810941,0.084339257062,0.000021902926,0,1,0,0,0
06021907,06/02/1907,"June 02, 1907",1,4219910,0.041321054282,0.000021902926,0,1,0,0,0
06031907,06/03/1907,"June 03, 1907",1,3080819,0.030338396099,0.000021902926,0,1,0,0,0
06111907,06/11/1907,"June 11, 1907",1,1263937,0.012559769512,0.000021902926,0,1,0,0,0
06121907,06/12/1907,"June 12, 1907",1,1154639,0.011479927062,0.000021902926,0,1,0,0,0
06291907,06/29/1907,"June 29, 1907",1,6003587,0.058269190967,0.000021902926,0,1,0,0,0
07121907,07/12/1907,"July 12, 1907",1,2139185,0.021164608694,0.000021902926,0,1,0,0,0
08071907,08/07/1907,"August 07, 1907",1,4391873,0.042968210718,0.000021902926,0,2,0,0,0
09051907,09/05/1907,"September 05, 1907",1,5201725,0.050687452475,0.000021902926,0,1,0,0,0
09131907,09/13/1907,"September 13, 1907",1,2169349,0.021459820078,0.000021902926,0,1,0,0,0
09241907,09/24/1907,"September 24, 1907",1,8894596,0.085104932757,0.000021902926,0,1,0,0,0
10011907,10/01/1907,"October 01, 1907",1,8219357,0.078906300151,0.000021902926,1,0,0,0,0
10031907,10/03/1907,"October 03, 1907",1,1400878,0.013911054609,0.000021902926,1,0,0,0,0
10191907,10/19/1907,"October 19, 1907",1,4008188,0.039289169810,0.000021902926,1,0,0,0,0
11071907,11/07/1907,"November 07, 1907",1,3930938,0.038546733957,0.000021902926,2,0,0,0,0
11091907,11/09/1907,"November 09, 1907",1,357105,0.003564621634,0.000021902926,1,0,0,0,0
11151907,11/15/1907,"November 15, 1907",1,9543705,0.091024366466,0.000021902926,1,0,0,0,0
11181907,11/18/1907,"November 18, 1907",1,4606837,0.045023274939,0.000021902926,1,0,0,0,0
11241907,11/24/1907,"November 24, 1907",1,2246960,0.022218980271,0.000021902926,2,1,1,0,0
12261907,12/26/1907,"December 26, 1907",1,8657175,0.082930199102,0.000021902926,1,0,0,0,0
01021908,01/02/1908,"January 02, 1908",1,3221235,0.031699000673,0.000021902926,0,2,0,0,0
01201908,01/20/1908,"January 20, 1908",1,78685,0.000786480570,0.000021902926,0,1,0,0,0
01301908,01/30/1908,"January 30, 1908",1,2272802,0.022471625799,0.000021902926,0,1,0,0,0
02291908,02/29/1908,"February 29, 1908",1,8778036,0.084037909315,0.000021902926,0,1,0,0,0
03051908,03/05/1908,"March 05, 1908",1,4795908,0.046827153158,0.000021902926,0,1,0,0,0
03241908,03/24/1908,"March 24, 1908",1,9915240,0.094395263211,0.000021902926,0,1,0,0,0
03301908,03/30/1908,"March 30, 1908",1,3109840,0.030619760766,0.000021902926,0,1,0,0,0
04021908,04/02/1908,"April 02, 1908",1,207296,0.002070753047,0.000021902926,0,2,0,0,0
04131908,04/13/1908,"April 13, 1908",1,4452478,0.043548044118,0.000021902926,0,1,0,0,0
04151908,04/15/1908,"April 15, 1908",1,1797553,0.017814875113,0.000021902926,0,1,0,0,0
04271908,04/27/1908,"April 27, 1908",1,3695149,0.036277058121,0.000021902926,0,1,0,0,0
05281908,05/28/1908,"May 28, 1908",1,7182482,0.069306024336,0.000021902926,0,1,0,0,0
05301908,05/30/1908,"May 30, 1908",1,5432866,0.052879169059,0.000021902926,0,1,0,0,0
05311908,05/31/1908,"May 31, 1908",1,6059665,0.058797146728,0.000021902926,0,1,0,0,0
06031908,06/03/1908,"June 03, 1908",1,847202,0.008436174161,0.000021902926,0,1,0,0,0
06071908,06/07/1908,"June 07, 1908",1,6859769,0.066297702344,0.000021902926,0,1,0,0,0
06161908,06/16/1908,"June 16, 1908",1,2259862,0.022345125441,0.000021902926,0,1,0,0,0
06181908,06/18/1908,"June 18, 1908",1,4970746,0.048492205520,0.000021902926,0,1,0,0,0
07081908,07/08/1908,"July 08, 1908",1,5821950,0.056557104940,0.000021902926,0,1,0,0,0
07151908,07/15/1908,"July 15, 1908",1,4014364,0.039348501479,0.000021902926,0,1,0,0,0
07181908,07/18/1908,"July 18, 1908",1,2160135,0.021369653231,0.000021902926,0,2,0,0,0
07261908,07/26/1908,"July 26, 1908",2,6670040,0.064524516702,0.000021902926,0,2,0,0,0
08071908,08/07/1908,"August 07, 1908",1,1616304,0.016033060105,0.000021902926,0,2,0,0,0
08141908,08/14/1908,"August 14, 1908",1,7958016,0.076495956405,0.000021902926,0,1,0,0,0
09291908,09/29/1908,"September 29, 1908",1,3961392,0.038839490357,0.000021902926,0,1,0,0,0
10061908,10/06/1908,"October 06, 1908",1,4192789,0.041061015701,0.000021902926,1,0,0,0,0
10091908,10/09/1908,"October 09, 1908",1,2818536,0.027791800345,0.000021902926,1,0,0,0,0
10151908,10/15/1908,"October 15, 1908",1,6377807,0.061786750225,0.000021902926,1,0,0,0,0
10171908,10/17/1908,"October 17, 1908",1,9522504,0.090831634110,0.000021902926,1,0,0,0,0
10181908,10/18/1908,"October 18, 1908",1,3656016,0.035899850617,0.000021902926,1,0,0,0,0
10261908,10/26/1908,"October 26, 1908",1,5654209,0.054973236350,0.000021902926,1,0,0,0,0
11241908,11/24/1908,"November 24, 1908",2,7171952,0.069208017099,0.000021902926,2,0,0,0,0
12041908,12/04/1908,"December 04, 1908",1,6504440,0.062974085884,0.000021902926,2,0,0,0,0
12131908,12/13/1908,"December 13, 1908",1,6310613,0.061156115357,0.000021902926,1,0,0,0,0
12221908,12/22/1908,"December 22, 1908",1,6800317,0.065742432605,0.000021902926,1,0,0,0,0
12251908,12/25/1908,"December 25, 1908",1,322265,0.003217403062,0.000021902926,1,0,0,0,0
12261908,12/26/1908,"December 26, 1908",1,2469631,0.024393792830,0.000021902926,1,0,0,0,0
01061909,01/06/1909,"January 06, 1909",1,5881378,0.057117607625,0.000021902926,0,3,0,0,0
01151909,01/15/1909,"January 15, 1909",1,4150097,0.040651538065,0.000021902926,0,1,0,0,0
01161909,01/16/1909,"January 16, 1909",1,3582201,0.035187937368,0.000021902926,0,1,0,0,0
01211909,01/21/1909,"January 21, 1909",1,515185,0.005138542341,0.000021902926,0,1,0,0,0
01221909,01/22/1909,"January 22, 1909",1,2107973,0.020859046905,0.000021902926,0,2,0,0,0
01251909,01/25/1909,"January 25, 1909",1,759667,0.007567828760,0.000021902926,0,1,0,0,0
02081909,02/08/1909,"February 08, 1909",1,3425009,0.033670137357,0.000021902926,0,1,0,0,0
02231909,02/23/1909,"February 23, 1909",1,8688709,0.083219342304,0.000021902926,0,1,0,0,0
03191909,03/19/1909,"March 19, 1909",1,1755862,0.017405306938,0.000021902926,0,1,0,0,0
04051909,04/05/1909,"April 05, 1909",1,350642,0.003500219933,0.000021902926,0,1,0,0,0
04081909,04/08/1909,"April 08, 1909",1,8291467,0.079570261405,0.000021902926,0,1,0,0,0
04091909,04/09/1909,"April 09, 1909",1,6033810,0.058553767266,0.000021902926,0,1,0,0,0
04121909,04/12/1909,"April 12, 1909",1,8508545,0.081566144797,0.000021902926,0,2,1,0,0
04221909,04/22/1909,"April 22, 1909",1,311456,0.003109655007,0.000021902926,0,1,0,0,0
05111909,05/11/1909,"May 11, 1909",1,1509013,0.014976785583,0.000021902926,0,1,0,0,0
05161909,05/16/1909,"May 16, 1909",1,5245325,0.051101262533,0.000021902926,0,1,0,0,0
06051909,06/05/1909,"June 05, 1909",1,133237,0.001331422882,0.000021902926,0,1,0,0,0
07011909,07/01/1909,"July 01, 1909",1,7491265,0.072175416766,0.000021902926,0,1,0,0,0
07031909,07/03/1909,"July 03, 1909",1,252813,0.002524877147,0.000021902926,0,1,0,0,0
07151909,07/15/1909,"July 15, 1909",1,1520408,0.015089022584,0.000021902926,0,1,0,0,0
08041909,08/04/1909,"August 04, 1909",1,9298420,0.088792048910,0.000021902926,0,1,0,0,0
08121909,08/12/1909,"August 12, 1909",1,1149275,0.011426901423,0.000021902926,0,1,0,0,0
08131909,08/13/1909,"August 13, 1909",1,9537340,0.090966508325,0.000021902926,0,1,0,0,0
08151909,08/15/1909,"August 15, 1909",1,8563429,0.082070079737,0.000021902926,0,1,0,0,0
08201909,08/20/1909,"August 20, 1909",1,2787036,0.027485506520,0.000021902926,0,1,0,0,0
09181909,09/18/1909,"September 18, 1909",1,4465774,0.043675205517,0.000021902926,0,1,0,0,0
10221909,10/22/1909,"October 22, 1909",1,87197,0.000871530006,0.000021902926,1,0,0,0,0
10231909,10/23/1909,"October 23, 1909",1,561010,0.005594333167,0.000021902926,1,0,0,0,0
10271909,10/27/1909,"October 27, 1909",1,3330175,0.032753293415,0.000021902926,1,0,0,0,0
10281909,10/28/1909,"October 28, 1909",1,8142394,0.078197125934,0.000021902926,1,0,0,0,0
11021909,11/02/1909,"November 02, 1909",1,810762,0.008074782458,0.000021902926,1,0,0,0,0
11101909,11/10/1909,"November 10, 1909",1,8686162,0.083195991603,0.000021902926,2,0,0,0,0
11191909,11/19/1909,"November 19, 1909",1,3173386,0.031235567458,0.000021902926,2,0,0,0,0
12021909,12/02/1909,"December 02, 1909",1,6759219,0.065358392515,0.000021902926,1,0,0,0,0
12281909,12/28/1909,"December 28, 1909",1,8251626,0.079203479929,0.000021902926,1,0,0,0,0
01051910,01/05/1910,"January 05, 1910",1,6107431,0.059246614332,0.000021902926,0,1,0,0,0
01081910,01/08/1910,"January 08, 1910",1,3743962,0.036747365411,0.000021902926,0,1,0,0,0
01091910,01/09/1910,"January 09, 1910",2,2405882,0.023771655340,0.000021902926,0,2,0,0,0
01141910,01/14/1910,"January 14, 1910",1,8447109,0.081001722407,0.000021902926,0,2,0,0,0
01181910,01/18/1910,"January 18, 1910",1,5782759,0.056187287768,0.000021902926,0,1,0,0,0
01211910,01/21/1910,"January 21, 1910",2,5024288,0.049001525466,0.000021902926,0,2,0,0,0
01221910,01/22/1910,"January 22, 1910",1,5629325,0.054738046627,0.000021902926,0,1,0,0,0
01241910,01/24/1910,"January 24, 1910",1,9868933,0.093975807710,0.000021902926,0,1,0,0,0
02071910,02/07/1910,"February 07, 1910",1,1161181,0.011544593931,0.000021902926,0,1,0,0,0
02101910,02/10/1910,"February 10, 1910",2,1089900,0.010839761850,0.000021902926,0,2,0,0,0
02171910,02/17/1910,"February 17, 1910",1,6950082,0.067140576239,0.000021902926,0,1,0,0,0
02191910,02/19/1910,"February 19, 1910",1,9674777,0.092214998557,0.000021902926,0,1,0,0,0
03141910,03/14/1910,"March 14, 1910",1,6291724,0.060978760384,0.000021902926,0,1,0,0,0
04241910,04/24/1910,"April 24, 1910",1,2230860,0.022061544852,0.000021902926,0,2,0,0,0
04251910,04/25/1910,"April 25, 1910",1,1181585,0.011746257800,0.000021902926,0,1,0,0,0
04281910,04/28/1910,"April 28, 1910",2,3038847,0.029931324304,0.000021902926,0,2,0,0,0
05051910,05/05/1910,"May 05, 1910",1,7514493,0.072390906834,0.000021902926,0,1,0,0,0
05061910,05/06/1910,"May 06, 1910",1,1564481,0.015523006762,0.000021902926,0,1,0,0,0
05201910,05/20/1910,"May 20, 1910",1,5480425,0.053329503164,0.000021902926,0,1,0,0,0
06011910,06/01/1910,"June 01, 1910",1,2387471,0.023591905392,0.000021902926,0,1,0,0,0
06021910,06/02/1910,"June 02, 1910",1,6713285,0.064928975618,0.000021902926,0,1,0,0,0
06091910,06/09/1910,"June 09, 1910",1,4506613,0.044065679266,0.000021902926,0,1,0,0,0
06241910,06/24/1910,"June 24, 1910",1,5077580,0.049508196559,0.000021902926,0,3,0,0,0
07151910,07/15/1910,"July 15, 1910",1,5388931,0.052462960094,0.000021902926,0,1,0,0,0
07271910,07/27/1910,"July 27, 1910",1,9037651,0.086412800201,0.000021902926,0,2,0,0,0
07311910,07/31/1910,"July 31, 1910",1,6391339,0.061913700654,0.000021902926,0,1,0,0,0
08041910,08/04/1910,"August 04, 1910",1,1315953,0.013073262866,0.000021902926,0,1,0,0,0
09021910,09/02/1910,"September 02, 1910",1,5838668,0.056714816541,0.000021902926,0,1,0,0,0
10201910,10/20/1910,"October 20, 1910",1,3135719,0.030870594223,0.000021902926,1,0,0,0,0
10241910,10/24/1910,"October 24, 1910",1,2809341,0.027702401690,0.000021902926,1,0,0,0,0
10311910,10/31/1910,"October 31, 1910",1,1410325,0.014004206032,0.000021902926,1,0,0,0,0
12111910,12/11/1910,"December 11, 1910",1,9570232,0.091265458456,0.000021902926,1,0,0,0,0
12191910,12/19/1910,"December 19, 1910",1,8540146,0.081856333229,0.000021902926,1,0,0,0,0
12241910,12/24/1910,"December 24, 1910",1,7777918,0.074831245470,0.000021902926,1,0,0,0,0
12271910,12/27/1910,"December 27, 1910",1,3168878,0.031191894573,0.000021902926,1,0,0,0,0
01021911,01/02/1911,"January 02, 1911",1,2783339,0.027449551994,0.000021902926,0,1,0,0,0
01031911,01/03/1911,"January 03, 1911",1,2680653,0.026450365907,0.000021902926,0,1,0,0,0
02041911,02/04/1911,"February 04, 1911",1,1811723,0.017954040887,0.000021902926,0,1,0,0,0
02111911,02/11/1911,"February 11, 1911",1,2976018,0.029321648343,0.000021902926,0,1,0,0,0
02261911,02/26/1911,"February 26, 1911",1,2139093,0.021163708165,0.000021902926,0,2,0,0,0
03091911,03/09/1911,"March 09, 1911",1,1335681,0.013267944571,0.000021902926,0,1,0,0,0
03101911,03/10/1911,"March 10, 1911",1,658490,0.006563207515,0.000021902926,0,1,0,0,0
04081911,04/08/1911,"April 08, 1911",1,483347,0.004821747919,0.000021902926,0,1,0,0,0
04131911,04/13/1911,"April 13, 1911",1,2490793,0.024600228774,0.000021902926,0,3,0,0,0
04201911,04/20/1911,"April 20, 1911",1,1315659,0.013070361298,0.000021902926,0,1,0,0,0
04261911,04/26/1911,"April 26, 1911",1,4919370,0.048003233274,0.000021902926,0,1,0,0,0
05071911,05/07/1911,"May 07, 1911",1,8177730,0.078522796658,0.000021902926,0,1,0,0,0
05181911,05/18/1911,"May 18, 1911",1,5600578,0.054466273109,0.000021902926,0,1,0,0,0
05221911,05/22/1911,"May 22, 1911",1,9658258,0.092065029165,0.000021902926,0,1,0,0,0
06011911,06/01/1911,"June 01, 1911",1,6317950,0.061224995807,0.000021902926,0,1,0,0,0
06071911,06/07/1911,"June 07, 1911",1,7494722,0.072207491108,0.000021902926,0,1,0,0,0
07091911,07/09/1911,"July 09, 1911",1,2864450,0.028238077562,0.000021902926,0,1,0,0,0
08141911,08/14/1911,"August 14, 1911",1,2337346,0.023102358147,0.000021902926,0,1,0,0,0
08171911,08/17/1911,"August 17, 1911",1,742038,0.007392857468,0.000021902926,0,1,0,0,0
09041911,09/04/1911,"September 04, 1911",1,1980851,0.019613551848,0.000021902926,0,1,0,0,0
09151911,09/15/1911,"September 15, 1911",1,3826215,0.037539343851,0.000021902926,0,1,0,0,0
09211911,09/21/1911,"September 21, 1911",1,157343,0.001572132918,0.000021902926,0,1,0,0,0
10031911,10/03/1911,"October 03, 1911",1,8015975,0.077031055035,0.000021902926,1,0,0,0,0
10131911,10/13/1911,"October 13, 1911",1,7843979,0.075442219377,0.000021902926,1,0,0,0,0
10191911,10/19/1911,"October 19, 1911",1,2369841,0.023419749468,0.000021902926,1,0,0,0,0
10211911,10/21/1911,"October 21, 1911",1,8611135,0.082507882952,0.000021902926,1,0,0,0,0
10221911,10/22/1911,"October 22, 1911",1,7306944,0.070463664123,0.000021902926,1,0,0,0,0
10251911,10/25/1911,"October 25, 1911",1,3445347,0.033866649543,0.000021902926,1,0,0,0,0
11021911,11/02/1911,"November 02, 1911",1,2823690,0.027841906665,0.000021902926,1,0,0,0,0
11091911,11/09/1911,"November 09, 1911",1,650051,0.006479367846,0.000021902926,1,0,0,0,0
11211911,11/21/1911,"November 21, 1911",1,1550333,0.015383713102,0.000021902926,1,0,0,0,0
11301911,11/30/1911,"November 30, 1911",1,4528558,0.044275436038,0.000021902926,1,0,0,0,0
12031911,12/03/1911,"December 03, 1911",1,2829332,0.027896754278,0.000021902926,1,0,0,0,0
12081911,12/08/1911,"December 08, 1911",1,103370,0.001033105989,0.000021902926,1,0,0,0,0
12161911,12/16/1911,"December 16, 1911",1,8881858,0.084988385999,0.000021902926,1,0,0,0,0
12311911,12/31/1911,"December 31, 1911",1,7729770,0.074385687959,0.000021902926,2,0,0,0,0
02041912,02/04/1912,"February 04, 1912",1,6668311,0.064508342191,0.000021902926,0,1,0,0,0
02051912,02/05/1912,"February 05, 1912",1,4152639,0.040675924393,0.000021902926,0,1,0,0,0
02071912,02/07/1912,"February 07, 1912",1,5636664,0.054807416857,0.000021902926,0,1,0,0,0
02091912,02/09/1912,"February 09, 1912",1,4627191,0.045217631123,0.000021902926,0,2,0,0,0
02101912,02/10/1912,"February 10, 1912",1,8238831,0.079085656476,0.000021902926,0,1,0,0,0
03121912,03/12/1912,"March 12, 1912",1,8563287,0.082068776276,0.000021902926,0,1,0,0,0
03191912,03/19/1912,"March 19, 1912",1,1773430,0.017577914013,0.000021902926,0,1,0,0,0
03271912,03/27/1912,"March 27, 1912",1,456892,0.004558438682,0.000021902926,0,1,0,0,0
03291912,03/29/1912,"March 29, 1912",1,1301677,0.012932359147,0.000021902926,0,1,0,0,0
04101912,04/10/1912,"April 10, 1912",1,4002611,0.039235589472,0.000021902926,0,1,0,0,0
04141912,04/14/1912,"April 14, 1912",1,2408669,0.023798862446,0.000021902926,0,1,0,0,0
04161912,04/16/1912,"April 16, 1912",1,386892,0.003861385642,0.000021902926,0,1,0,0,0
04201912,04/20/1912,"April 20, 1912",1,8802639,0.084263235751,0.000021902926,0,1,0,0,0
05151912,05/15/1912,"May 15, 1912",1,6215247,0.060260350430,0.000021902926,0,1,0,0,0
05201912,05/20/1912,"May 20, 1912",1,3429855,0.033716964568,0.000021902926,0,1,0,0,0
05301912,05/30/1912,"May 30, 1912",1,3667717,0.036012653377,0.000021902926,0,1,0,0,0
06021912,06/02/1912,"June 02, 1912",1,3251506,0.031992070712,0.000021902926,0,1,0,0,0
06031912,06/03/1912,"June 03, 1912",1,3042030,0.029962201099,0.000021902926,0,1,0,0,0
06071912,06/07/1912,"June 07, 1912",1,7375463,0.071100354980,0.000021902926,0,1,0,0,0
06171912,06/17/1912,"June 17, 1912",1,7260444,0.070031329213,0.000021902926,0,1,0,0,0
06211912,06/21/1912,"June 21, 1912",2,5426375,0.052817689450,0.000021902926,0,2,0,0,0
06291912,06/29/1912,"June 29, 1912",1,5211991,0.050784903900,0.000021902926,0,2,0,0,0
07061912,07/06/1912,"July 06, 1912",1,8491928,0.081413515961,0.000021902926,0,1,0,0,0
07091912,07/09/1912,"July 09, 1912",1,306389,0.003059141293,0.000021902926,0,2,0,0,0
07241912,07/24/1912,"July 24, 1912",1,7970136,0.076607878313,0.000021902926,0,1,0,0,0
08181912,08/18/1912,"August 18, 1912",1,4173767,0.040878588976,0.000021902926,0,1,0,0,0
09011912,09/01/1912,"September 01, 1912",1,7507304,0.072324218619,0.000021902926,0,1,0,0,0
09041912,09/04/1912,"September 04, 1912",1,5174307,0.050427134273,0.000021902926,0,1,0,0,0
09061912,09/06/1912,"September 06, 1912",1,1712802,0.016982110551,0.000021902926,0,2,0,0,0
09291912,09/29/1912,"September 29, 1912",1,5845017,0.056774703817,0.000021902926,0,1,0,0,0
10201912,10/20/1912,"October 20, 1912",1,1558022,0.015459417338,0.000021902926,1,0,0,0,0
11061912,11/06/1912,"November 06, 1912",1,8223467,0.078944156325,0.000021902926,1,0,0,0,0
11081912,11/08/1912,"November 08, 1912",1,5274069,0.051373974793,0.000021902926,2,0,0,0,0
11201912,11/20/1912,"November 20, 1912",2,8614417,0.082537994549,0.000021902926,2,0,0,0,0
11211912,11/21/1912,"November 21, 1912",1,4030140,0.039500041907,0.000021902926,1,0,0,0,0
12181912,12/18/1912,"December 18, 1912",1,4280853,0.041905124005,0.000021902926,1,0,0,0,0
12191912,12/19/1912,"December 19, 1912",1,9841700,0.093729036540,0.000021902926,1,0,0,0,0
12291912,12/29/1912,"December 29, 1912",1,4735105,0.046247419236,0.000021902926,1,0,0,0,0
01141913,01/14/1913,"January 14, 1913",1,992128,0.009872167151,0.000021902926,0,1,0,0,0
01191913,01/19/1913,"January 19, 1913",1,5710405,0.055504154404,0.000021902926,0,1,0,0,0
01251913,01/25/1913,"January 25, 1913",1,7366682,0.071018784720,0.000021902926,0,1,0,0,0
02081913,02/08/1913,"February 08, 1913",1,2338155,0.023110261217,0.000021902926,0,1,0,0,0
02111913,02/11/1913,"February 11, 1913",1,7538175,0.072610557212,0.000021902926,0,1,0,0,0
02181913,02/18/1913,"February 18, 1913",1,7226421,0.069714872138,0.000021902926,0,1,0,0,0
02261913,02/26/1913,"February 26, 1913",1,5372865,0.052310716562,0.000021902926,0,1,0,0,0
03101913,03/10/1913,"March 10, 1913",1,6377052,0.061779666688,0.000021902926,0,1,0,0,0
03131913,03/13/1913,"March 13, 1913",1,1381615,0.013721085997,0.000021902926,0,1,0,0,0
03141913,03/14/1913,"March 14, 1913",1,1692036,0.016777955858,0.000021902926,0,1,0,0,0
03151913,03/15/1913,"March 15, 1913",1,6591321,0.063787829831,0.000021902926,0,2,0,0,0
03211913,03/21/1913,"March 21, 1913",1,5887861,0.057178732709,0.000021902926,0,1,0,0,0
03291913,03/29/1913,"March 29, 1913",1,4637108,0.045312312196,0.000021902926,0,1,0,0,0
03301913,03/30/1913,"March 30, 1913",1,5156805,0.050260925484,0.000021902926,0,1,0,0,0
05231913,05/23/1913,"May 23, 1913",1,4504690,0.044047296472,0.000021902926,0,1,0,0,0
06051913,06/05/1913,"June 05, 1913",1,1556712,0.015446519772,0.000021902926,0,1,0,0,0
06271913,06/27/1913,"June 27, 1913",1,5284723,0.051475036027,0.000021902926,0,1,0,0,0
07031913,07/03/1913,"July 03, 1913",1,8083402,0.077653175549,0.000021902926,0,1,0,0,0
07051913,07/05/1913,"July 05, 1913",1,7336386,0.070737297931,0.000021902926,0,1,0,0,0
07151913,07/15/1913,"July 15, 1913",1,9187253,0.087778523108,0.000021902926,0,1,0,0,0
07311913,07/31/1913,"July 31, 1913",1,457607,0.004565556064,0.000021902926,0,1,0,0,0
08061913,08/06/1913,"August 06, 1913",1,5473606,0.053264947501,0.000021902926,0,1,0,0,0
08241913,08/24/1913,"August 24, 1913",3,1892904,0.018750952111,0.000021902926,0,3,0,0,0
09041913,09/04/1913,"September 04, 1913",1,1767498,0.017519635006,0.000021902926,0,1,0,0,0
09111913,09/11/1913,"September 11, 1913",1,8173747,0.078486093490,0.000021902926,0,1,0,0,0
09281913,09/28/1913,"September 28, 1913",1,5197243,0.050644903333,0.000021902926,0,1,0,0,0
10011913,10/01/1913,"October 01, 1913",1,545229,0.005437393624,0.000021902926,2,0,0,0,0
10061913,10/06/1913,"October 06, 1913",1,9720133,0.092626640167,0.000021902926,1,0,0,0,0
10271913,10/27/1913,"October 27, 1913",2,886199,0.008822778923,0.000021902926,2,0,0,0,0
11071913,11/07/1913,"November 07, 1913",1,3727561,0.036589369389,0.000021902926,1,0,0,0,0
11151913,11/15/1913,"November 15, 1913",1,6730627,0.065091121577,0.000021902926,1,0,0,0,0
11211913,11/21/1913,"November 21, 1913",1,9444747,0.090124417137,0.000021902926,1,0,0,0,0
12031913,12/03/1913,"December 03, 1913",1,2536810,0.025048975233,0.000021902926,1,0,0,0,0
12061913,12/06/1913,"December 06, 1913",1,3149742,0.031006485713,0.000021902926,1,0,0,0,0
12071913,12/07/1913,"December 07, 1913",1,8385255,0.080433109370,0.000021902926,2,0,0,0,0
12101913,12/10/1913,"December 10, 1913",1,1700385,0.016860041640,0.000021902926,1,0,0,0,0
01031914,01/03/1914,"January 03, 1914",1,6874839,0.066438400680,0.000021902926,0,1,0,0,0
01121914,01/12/1914,"January 12, 1914",1,6318809,0.061233059850,0.000021902926,0,2,1,0,0
01161914,01/16/1914,"January 16, 1914",1,8222054,0.078931141714,0.000021902926,0,1,0,0,0
01171914,01/17/1914,"January 17, 1914",1,1230624,0.012230768748,0.000021902926,0,1,0,0,0
01231914,01/23/1914,"January 23, 1914",1,8537494,0.081831983736,0.000021902926,0,1,0,0,0
02191914,02/19/1914,"February 19, 1914",1,5919909,0.057480839660,0.000021902926,0,1,0,0,0
02241914,02/24/1914,"February 24, 1914",1,5500673,0.053521165603,0.000021902926,0,1,0,0,0
02281914,02/28/1914,"February 28, 1914",1,1871510,0.018541001230,0.000021902926,0,1,0,0,0
03091914,03/09/1914,"March 09, 1914",1,1227466,0.012199574503,0.000021902926,0,1,0,0,0
03121914,03/12/1914,"March 12, 1914",1,5517961,0.053684778723,0.000021902926,0,2,0,0,0
03221914,03/22/1914,"March 22, 1914",1,6621948,0.064074519630,0.000021902926,0,1,0,0,0
03291914,03/29/1914,"March 29, 1914",1,7757054,0.074638198121,0.000021902926,0,1,0,0,0
04041914,04/04/1914,"April 04, 1914",2,6369285,0.061706792284,0.000021902926,0,2,0,0,0
04071914,04/07/1914,"April 07, 1914",1,1996739,0.019769303276,0.000021902926,0,1,0,0,0
04111914,04/11/1914,"April 11, 1914",1,8294189,0.079595315162,0.000021902926,0,1,0,0,0
04151914,04/15/1914,"April 15, 1914",1,3161445,0.031119880389,0.000021902926,0,2,0,0,0
04191914,04/19/1914,"April 19, 1914",1,8526255,0.081728785033,0.000021902926,0,1,0,0,0
05031914,05/03/1914,"May 03, 1914",2,6693972,0.064748367910,0.000021902926,0,2,0,0,0
05181914,05/18/1914,"May 18, 1914",1,9689309,0.092346908290,0.000021902926,0,1,0,0,0
05251914,05/25/1914,"May 25, 1914",1,7951813,0.076438669672,0.000021902926,0,1,0,0,0
06181914,06/18/1914,"June 18, 1914",1,1171840,0.011649947779,0.000021902926,0,1,0,0,0
06201914,06/20/1914,"June 20, 1914",1,9005250,0.086116740849,0.000021902926,0,1,0,0,0
06251914,06/25/1914,"June 25, 1914",1,2686683,0.026509069181,0.000021902926,0,1,0,0,0
07021914,07/02/1914,"July 02, 1914",1,4467870,0.043695249875,0.000021902926,0,1,0,0,0
07111914,07/11/1914,"July 11, 1914",1,142267,0.001421598584,0.000021902926,0,1,0,0,0
07311914,07/31/1914,"July 31, 1914",1,3419606,0.033617925144,0.000021902926,0,1,0,0,0
08111914,08/11/1914,"August 11, 1914",1,6569099,0.063579761643,0.000021902926,0,1,0,0,0
08231914,08/23/1914,"August 23, 1914",1,9525606,0.090859836075,0.000021902926,0,1,0,0,0
08261914,08/26/1914,"August 26, 1914",1,2546413,0.025142595286,0.000021902926,0,1,0,0,0
09191914,09/19/1914,"September 19, 1914",1,4210020,0.041226236244,0.000021902926,0,1,0,0,0
10081914,10/08/1914,"October 08, 1914",1,2325572,0.022987331446,0.000021902926,3,0,0,0,0
10161914,10/16/1914,"October 16, 1914",1,8517628,0.081649562357,0.000021902926,1,0,0,0,0
11011914,11/01/1914,"November 01, 1914",1,8413835,0.080695884037,0.000021902926,1,0,0,0,0
11021914,11/02/1914,"November 02, 1914",2,2315813,0.022891980126,0.000021902926,2,0,0,0,0
11051914,11/05/1914,"November 05, 1914",1,1263575,0.012556194972,0.000021902926,1,0,0,0,0
11191914,11/19/1914,"November 19, 1914",1,6520755,0.063126949193,0.000021902926,1,0,0,0,0
11201914,11/20/1914,"November 20, 1914",1,1944706,0.019259127114,0.000021902926,1,0,0,0,0
11241914,11/24/1914,"November 24, 1914",1,337663,0.003370875832,0.000021902926,2,0,0,0,0
12031914,12/03/1914,"December 03, 1914",1,8107443,0.077874890299,0.000021902926,2,0,0,0,0
12181914,12/18/1914,"December 18, 1914",1,3150872,0.031017435278,0.000021902926,1,0,0,0,0
01191915,01/19/1915,"January 19, 1915",1,4368206,0.042741683197,0.000021902926,0,1,0,0,0
02221915,02/22/1915,"February 22, 1915",1,7141572,0.068925199534,0.000021902926,0,1,0,0,0
02271915,02/27/1915,"February 27, 1915",1,1371602,0.013622324944,0.000021902926,0,1,0,0,0
03061915,03/06/1915,"March 06, 1915",1,8985973,0.085940554590,0.000021902926,0,1,0,0,0
03151915,03/15/1915,"March 15, 1915",1,4600138,0.044959298904,0.000021902926,0,1,0,0,0
04151915,04/15/1915,"April 15, 1915",1,4401215,0.043057612453,0.000021902926,0,2,0,0,0
04161915,04/16/1915,"April 16, 1915",1,3113974,0.030659834118,0.000021902926,0,1,0,0,0
04261915,04/26/1915,"April 26, 1915",1,861412,0.008577065372,0.000021902926,0,1,0,0,0
04281915,04/28/1915,"April 28, 1915",1,3196179,0.031456352775,0.000021902926,0,1,0,0,0
05051915,05/05/1915,"May 05, 1915",1,5231895,0.050973816873,0.000021902926,0,1,0,0,0
05081915,05/08/1915,"May 08, 1915",1,5998760,0.058223732523,0.000021902926,0,1,0,0,0
05141915,05/14/1915,"May 14, 1915",1,4161310,0.040759103778,0.000021902926,0,1,0,0,0
05251915,05/25/1915,"May 25, 1915",1,557258,0.005557022366,0.000021902926,0,1,0,0,0
05291915,05/29/1915,"May 29, 1915",1,8882548,0.084994699558,0.000021902926,0,1,0,0,0
06031915,06/03/1915,"June 03, 1915",1,4770925,0.046588992234,0.000021902926,0,1,0,0,0
07061915,07/06/1915,"July 06, 1915",1,8746898,0.083752652627,0.000021902926,0,1,0,0,0
07091915,07/09/1915,"July 09, 1915",1,1610794,0.015978842032,0.000021902926,0,1,0,0,0
07101915,07/10/1915,"July 10, 1915",1,6134145,0.059497893629,0.000021902926,0,2,0,0,0
07301915,07/30/1915,"July 30, 1915",1,8465356,0.081169396726,0.000021902926,0,2,0,0,0
08031915,08/03/1915,"August 03, 1915",1,8789960,0.084147122125,0.000021902926,0,1,0,0,0
08041915,08/04/1915,"August 04, 1915",1,4313237,0.042215343219,0.000021902926,0,1,0,0,0
08121915,08/12/1915,"August 12, 1915",1,7698520,0.074096388283,0.000021902926,0,1,0,0,0
08181915,08/18/1915,"August 18, 1915",1,8646790,0.082834956457,0.000021902926,0,1,0,0,0
08271915,08/27/1915,"August 27, 1915",1,5492067,0.053439708129,0.000021902926,0,1,0,0,0
08281915,08/28/1915,"August 28, 1915",1,2548005,0.025158114892,0.000021902926,0,1,0,0,0
08291915,08/29/1915,"August 29, 1915",1,9042519,0.086457272543,0.000021902926,0,1,0,0,0
09121915,09/12/1915,"September 12, 1915",1,1392693,0.013830339925,0.000021902926,0,2,1,0,0
09201915,09/20/1915,"September 20, 1915",1,9308282,0.088881907808,0.000021902926,0,1,0,0,0
09251915,09/25/1915,"September 25, 1915",1,6572197,0.063608771493,0.000021902926,0,1,0,0,0
10031915,10/03/1915,"October 03, 1915",1,6288812,0.060951415687,0.000021902926,1,0,0,0,0
11131915,11/13/1915,"November 13, 1915",1,9307540,0.088875147286,0.000021902926,1,0,0,0,0
11211915,11/21/1915,"November 21, 1915",1,8743734,0.083723662102,0.000021902926,1,0,0,0,0
11241915,11/24/1915,"November 24, 1915",2,1218345,0.012109473116,0.000021902926,2,0,0,0,0
11251915,11/25/1915,"November 25, 1915",1,5519332,0.053697752616,0.000021902926,1,0,0,0,0
11261915,11/26/1915,"November 26, 1915",2,1422556,0.014124795804,0.000021902926,2,0,0,0,0
12131915,12/13/1915,"December 13, 1915",1,7827921,0.075293741966,0.000021902926,1,0,0,0,0
12291915,12/29/1915,"December 29, 1915",1,762912,0.007600032662,0.000021902926,1,0,0,0,0
01081916,01/08/1916,"January 08, 1916",1,6735511,0.065136781412,0.000021902926,0,1,0,0,0
01271916,01/27/1916,"January 27, 1916",1,8391906,0.080494267730,0.000021902926,0,1,0,0,0
02181916,02/18/1916,"February 18, 1916",1,2804403,0.027654388449,0.000021902926,0,1,0,0,0
02201916,02/20/1916,"February 20, 1916",1,9316808,0.088959586426,0.000021902926,0,2,0,0,0
02221916,02/22/1916,"February 22, 1916",1,8941936,0.085537941585,0.000021902926,0,1,0,0,0
03061916,03/06/1916,"March 06, 1916",1,7227495,0.069724863346,0.000021902926,0,1,0,0,0
03221916,03/22/1916,"March 22, 1916",1,5739091,0.055775053628,0.000021902926,0,3,0,0,0
03241916,03/24/1916,"March 24, 1916",1,6267267,0.060749075872,0.000021902926,0,1,0,0,0
03251916,03/25/1916,"March 25, 1916",1,4644465,0.045382545987,0.000021902926,0,1,0,0,0
04041916,04/04/1916,"April 04, 1916",1,4327403,0.042351013385,0.000021902926,0,1,0,0,0
04101916,04/10/1916,"April 10, 1916",1,6921664,0.066875438573,0.000021902926,0,2,0,0,0
04141916,04/14/1916,"April 14, 1916",1,3321319,0.032667630253,0.000021902926,0,2,0,0,0
04161916,04/16/1916,"April 16, 1916",1,9850294,0.093806918120,0.000021902926,0,1,0,0,0
04171916,04/17/1916,"April 17, 1916",1,5782320,0.056183144421,0.000021902926,0,1,0,0,0
04251916,04/25/1916,"April 25, 1916",1,2753383,0.027158171138,0.000021902926,0,1,0,0,0
05211916,05/21/1916,"May 21, 1916",1,7900584,0.075965417222,0.000021902926,0,1,0,0,0
05301916,05/30/1916,"May 30, 1916",1,2261073,0.022356964770,0.000021902926,0,2,0,0,0
06131916,06/13/1916,"June 13, 1916",1,6218937,0.060295026183,0.000021902926,0,1,0,0,0
06211916,06/21/1916,"June 21, 1916",1,967733,0.009630595999,0.000021902926,0,1,0,0,0
06231916,06/23/1916,"June 23, 1916",1,9975838,0.094943875334,0.000021902926,0,1,0,0,0
06271916,06/27/1916,"June 27, 1916",1,2611349,0.025775423208,0.000021902926,0,1,0,0,0
08161916,08/16/1916,"August 16, 1916",1,7027744,0.067864772283,0.000021902926,0,2,0,0,0
08261916,08/26/1916,"August 26, 1916",1,6372782,0.061739603825,0.000021902926,0,1,0,0,0
09041916,09/04/1916,"September 04, 1916",1,2691916,0.026560010629,0.000021902926,0,1,0,0,0
09111916,09/11/1916,"September 11, 1916",2,1753579,0.017382874045,0.000021902926,0,2,0,0,0
09181916,09/18/1916,"September 18, 1916",1,5722820,0.055621406286,0.000021902926,0,1,0,0,0
09281916,09/28/1916,"September 28, 1916",1,4116982,0.040333797212,0.000021902926,0,1,0,0,0
10141916,10/14/1916,"October 14, 1916",1,5300278,0.051622567612,0.000021902926,1,0,0,0,0
10161916,10/16/1916,"October 16, 1916",1,4771973,0.046598983930,0.000021902926,1,0,0,0,0
10281916,10/28/1916,"October 28, 1916",1,1625875,0.016127231075,0.000021902926,1,0,0,0,0
11021916,11/02/1916,"November 02, 1916",1,8346555,0.080077168109,0.000021902926,1,0,0,0,0
11111916,11/11/1916,"November 11, 1916",1,5798507,0.056335907693,0.000021902926,1,0,0,0,0
11151916,11/15/1916,"November 15, 1916",1,389179,0.003884167072,0.000021902926,1,0,0,0,0
11221916,11/22/1916,"November 22, 1916",1,3435700,0.033773442162,0.000021902926,1,0,0,0,0
12091916,12/09/1916,"December 09, 1916",1,5977147,0.058020164418,0.000021902926,1,0,0,0,0
01031917,01/03/1917,"January 03, 1917",1,8985997,0.085940773964,0.000021902926,0,1,0,0,0
01041917,01/04/1917,"January 04, 1917",1,2059630,0.020385586356,0.000021902926,0,1,0,0,0
01221917,01/22/1917,"January 22, 1917",1,9685873,0.092315720793,0.000021902926,0,1,0,0,0
01281917,01/28/1917,"January 28, 1917",1,2225528,0.022009399783,0.000021902926,0,1,0,0,0
02071917,02/07/1917,"February 07, 1917",1,2924676,0.028823154702,0.000021902926,0,1,0,0,0
02181917,02/18/1917,"February 18, 1917",1,6123953,0.059402032769,0.000021902926,0,1,0,0,0
03231917,03/23/1917,"March 23, 1917",1,1178372,0.011714504696,0.000021902926,0,1,0,0,0
04021917,04/02/1917,"April 02, 1917",2,666942,0.006647169245,0.000021902926,0,2,0,0,0
04121917,04/12/1917,"April 12, 1917",1,5277555,0.051407043320,0.000021902926,0,1,0,0,0
04221917,04/22/1917,"April 22, 1917",1,943174,0.009387341306,0.000021902926,0,1,0,0,0
05031917,05/03/1917,"May 03, 1917",1,4907801,0.047893090396,0.000021902926,0,1,0,0,0
05061917,05/06/1917,"May 06, 1917",1,4564257,0.044616559261,0.000021902926,0,1,0,0,0
05151917,05/15/1917,"May 15, 1917",1,1098452,0.010924351217,0.000021902926,0,1,0,0,0
05231917,05/23/1917,"May 23, 1917",1,7990318,0.076794218509,0.000021902926,0,1,0,0,0
06081917,06/08/1917,"June 08, 1917",1,7111629,0.068646366061,0.000021902926,0,1,0,0,0
06291917,06/29/1917,"June 29, 1917",1,4114050,0.040305659386,0.000021902926,0,1,0,0,0
07041917,07/04/1917,"July 04, 1917",1,4377783,0.042833355437,0.000021902926,0,1,0,0,0
07071917,07/07/1917,"July 07, 1917",1,6579421,0.063676413952,0.000021902926,0,1,0,0,0
08131917,08/13/1917,"August 13, 1917",1,1832646,0.018159492871,0.000021902926,0,1,0,0,0
09041917,09/04/1917,"September 04, 1917",1,2325951,0.022991034317,0.000021902926,0,1,0,0,0
09191917,09/19/1917,"September 19, 1917",1,1313015,0.013044266533,0.000021902926,0,1,0,0,0
09221917,09/22/1917,"September 22, 1917",1,8462258,0.081140930913,0.000021902926,0,2,0,0,0
09301917,09/30/1917,"September 30, 1917",1,2090300,0.020685988030,0.000021902926,0,1,0,0,0
10061917,10/06/1917,"October 06, 1917",1,5822548,0.056562746711,0.000021902926,1,0,0,0,0
10101917,10/10/1917,"October 10, 1917",1,5409274,0.052655697951,0.000021902926,2,1,0,0,0
10121917,10/12/1917,"October 12, 1917",1,5111070,0.049826462970,0.000021902926,1,0,0,0,0
10181917,10/18/1917,"October 18, 1917",1,141244,0.001411383075,0.000021902926,1,0,0,0,0
10211917,10/21/1917,"October 21, 1917",1,9038886,0.086424082933,0.000021902926,2,0,0,0,0
10241917,10/24/1917,"October 24, 1917",1,8067376,0.077505348401,0.000021902926,1,0,0,0,0
11211917,11/21/1917,"November 21, 1917",1,3320556,0.032660249479,0.000021902926,1,0,0,0,0
12051917,12/05/1917,"December 05, 1917",1,5379210,0.052370845540,0.000021902926,1,0,0,0,0
12301917,12/30/1917,"December 30, 1917",1,6023498,0.058456680324,0.000021902926,1,0,0,0,0
01081918,01/08/1918,"January 08, 1918",1,6217961,0.060285854618,0.000021902926,0,2,0,0,0
01101918,01/10/1918,"January 10, 1918",1,9103606,0.087015157980,0.000021902926,0,1,0,0,0
01191918,01/19/1918,"January 19, 1918",1,3021546,0.029763478202,0.000021902926,0,1,0,0,0
01271918,01/27/1918,"January 27, 1918",1,7144325,0.068950831671,0.000021902926,0,1,0,0,0
02071918,02/07/1918,"February 07, 1918",1,7287376,0.070281754654,0.000021902926,0,1,0,0,0
02081918,02/08/1918,"February 08, 1918",1,5843671,0.056762007919,0.000021902926,0,2,0,0,0
02111918,02/11/1918,"February 11, 1918",1,2198831,0.021748270774,0.000021902926,0,1,0,0,0
03111918,03/11/1918,"March 11, 1918",1,4607948,0.045033884671,0.000021902926,0,1,0,0,0
03161918,03/16/1918,"March 16, 1918",1,4197648,0.041107609415,0.000021902926,0,1,0,0,0
03191918,03/19/1918,"March 19, 1918",1,6633967,0.064187001755,0.000021902926,0,1,0,0,0
03281918,03/28/1918,"March 28, 1918",1,6606910,0.063933764572,0.000021902926,0,1,0,0,0
03301918,03/30/1918,"March 30, 1918",1,4817295,0.047030986439,0.000021902926,0,1,0,0,0
04171918,04/17/1918,"April 17, 1918",1,1315297,0.013066788606,0.000021902926,0,1,0,0,0
05031918,05/03/1918,"May 03, 1918",1,7501940,0.072274456755,0.000021902926,0,1,0,0,0
05051918,05/05/1918,"May 05, 1918",1,9945378,0.094668153246,0.000021902926,0,1,0,0,0
05111918,05/11/1918,"May 11, 1918",1,1691605,0.016773718161,0.000021902926,0,1,0,0,0
06061918,06/06/1918,"June 06, 1918",1,7056128,0.068129312003,0.000021902926,0,1,0,0,0
06301918,06/30/1918,"June 30, 1918",1,5438202,0.052929706079,0.000021902926,0,1,0,0,0
07081918,07/08/1918,"July 08, 1918",1,2121342,0.020989939510,0.000021902926,0,1,0,0,0
07261918,07/26/1918,"July 26, 1918",1,7443749,0.071734446875,0.000021902926,0,1,0,0,0
07291918,07/29/1918,"July 29, 1918",1,1902054,0.018840732292,0.000021902926,0,1,0,0,0
08011918,08/01/1918,"August 01, 1918",1,994130,0.009891989312,0.000021902926,0,1,0,0,0
08021918,08/02/1918,"August 02, 1918",1,2005634,0.019856490919,0.000021902926,0,2,0,0,0
08061918,08/06/1918,"August 06, 1918",1,6791146,0.065656747914,0.000021902926,0,3,0,0,0
08101918,08/10/1918,"August 10, 1918",1,4447039,0.043496021281,0.000021902926,0,1,0,0,0
08161918,08/16/1918,"August 16, 1918",1,3232269,0.031805837113,0.000021902926,0,1,0,0,0
08201918,08/20/1918,"August 20, 1918",1,3873109,0.037990574347,0.000021902926,0,1,0,0,0
08261918,08/26/1918,"August 26, 1918",1,572449,0.005708076727,0.000021902926,0,1,0,0,0
08311918,08/31/1918,"August 31, 1918",1,169981,0.001698306260,0.000021902926,0,1,0,0,0
09141918,09/14/1918,"September 14, 1918",1,3557786,0.034952349742,0.000021902926,0,1,0,0,0
09191918,09/19/1918,"September 19, 1918",1,2604013,0.025703951470,0.000021902926,0,1,0,0,0
09221918,09/22/1918,"September 22, 1918",1,5979288,0.058040331991,0.000021902926,0,1,0,0,0
10031918,10/03/1918,"October 03, 1918",1,5661587,0.055042957853,0.000021902926,1,0,0,0,0
10041918,10/04/1918,"October 04, 1918",1,4711806,0.046025178531,0.000021902926,1,0,0,0,0
10071918,10/07/1918,"October 07, 1918",1,9968871,0.094880817877,0.000021902926,1,0,0,0,0
10191918,10/19/1918,"October 19, 1918",1,6984023,0.067457144333,0.000021902926,1,0,0,0,0
10211918,10/21/1918,"October 21, 1918",1,2073063,0.020517169123,0.000021902926,1,0,0,0,0
10251918,10/25/1918,"October 25, 1918",1,3193245,0.031427935287,0.000021902926,1,0,0,0,0
11011918,11/01/1918,"November 01, 1918",1,7685582,0.073976587122,0.000021902926,1,0,0,0,0
11191918,11/19/1918,"November 19, 1918",1,6300549,0.061061625353,0.000021902926,1,0,0,0,0
12101918,12/10/1918,"December 10, 1918",1,3295448,0.032417339318,0.000021902926,1,0,0,0,0
12191918,12/19/1918,"December 19, 1918",1,5382335,0.052400458489,0.000021902926,1,0,0,0,0
12201918,12/20/1918,"December 20, 1918",1,3365079,0.033090842297,0.000021902926,1,0,0,0,0
12211918,12/21/1918,"December 21, 1918",1,5817341,0.056513620654,0.000021902926,2,0,0,0,0
12251918,12/25/1918,"December 25, 1918",1,8485826,0.081357462103,0.000021902926,1,0,0,0,0
01021919,01/02/1919,"January 02, 1919",1,2769241,0.027312432165,0.000021902926,0,1,0,0,0
01071919,01/07/1919,"January 07, 1919",1,3487156,0.034270495812,0.000021902926,0,1,0,0,0
01151919,01/15/1919,"January 15, 1919",2,1636574,0.016232489993,0.000021902926,0,2,0,0,0
01191919,01/19/1919,"January 19, 1919",1,6198007,0.060098325346,0.000021902926,0,1,0,0,0
02151919,02/15/1919,"February 15, 1919",1,2201921,0.021778498286,0.000021902926,0,1,0,0,0
04041919,04/04/1919,"April 04, 1919",1,18725,0.000187172483,0.000021902926,0,1,0,0,0
05211919,05/21/1919,"May 21, 1919",1,4409471,0.043136614356,0.000021902926,0,1,0,0,0
05261919,05/26/1919,"May 26, 1919",1,4170784,0.040849977957,0.000021902926,0,1,0,0,0
06031919,06/03/1919,"June 03, 1919",1,365881,0.003652064966,0.000021902926,0,1,0,0,0
06041919,06/04/1919,"June 04, 1919",1,5426514,0.052819006032,0.000021902926,0,1,0,0,0
06061919,06/06/1919,"June 06, 1919",1,4674832,0.045672390661,0.000021902926,0,1,0,0,0
06141919,06/14/1919,"June 14, 1919",1,6348680,0.061513437047,0.000021902926,0,1,0,0,0
06301919,06/30/1919,"June 30, 1919",1,3901610,0.038264717587,0.000021902926,0,1,0,0,0
07031919,07/03/1919,"July 03, 1919",1,1755860,0.017405287286,0.000021902926,0,2,0,0,0
07101919,07/10/1919,"July 10, 1919",1,207466,0.002072449526,0.000021902926,0,1,0,0,0
07151919,07/15/1919,"July 15, 1919",1,1784991,0.017691485266,0.000021902926,0,1,0,0,0
07191919,07/19/1919,"July 19, 1919",1,4880003,0.047628386925,0.000021902926,0,1,0,0,0
07261919,07/26/1919,"July 26, 1919",1,4214598,0.041270127903,0.000021902926,0,1,0,0,0
08311919,08/31/1919,"August 31, 1919",1,3731649,0.036628752810,0.000021902926,0,1,0,0,0
09111919,09/11/1919,"September 11, 1919",1,691309,0.006889190044,0.000021902926,0,1,0,0,0
09151919,09/15/1919,"September 15, 1919",1,5696891,0.055376506609,0.000021902926,0,1,0,0,0
09241919,09/24/1919,"September 24, 1919",1,685332,0.006829830037,0.000021902926,0,1,0,0,0
09281919,09/28/1919,"September 28, 1919",1,4861695,0.047454010767,0.000021902926,0,1,0,0,0
10011919,10/01/1919,"October 01, 1919",1,5661860,0.055045537583,0.000021902926,1,0,0,0,0
10171919,10/17/1919,"October 17, 1919",1,6333403,0.061370053502,0.000021902926,1,0,0,0,0
10201919,10/20/1919,"October 20, 1919",1,8055866,0.077399163155,0.000021902926,1,0,0,0,0
10251919,10/25/1919,"October 25, 1919",1,7199020,0.069459929780,0.000021902926,1,0,0,0,0
10311919,10/31/1919,"October 31, 1919",1,3467725,0.034082826677,0.000021902926,2,0,0,0,0
11071919,11/07/1919,"November 07, 1919",1,646101,0.006440123005,0.000021902926,1,0,0,0,0
11141919,11/14/1919,"November 14, 1919",1,8145224,0.078223212587,0.000021902926,1,0,0,0,0
12081919,12/08/1919,"December 08, 1919",1,9058915,0.086607044732,0.000021902926,1,0,0,0,0
12121919,12/12/1919,"December 12, 1919",1,5382333,0.052400439537,0.000021902926,1,0,0,0,0
12141919,12/14/1919,"December 14, 1919",1,5775608,0.056119793307,0.000021902926,1,0,0,0,0
01201920,01/20/1920,"January 20, 1920",1,1781496,0.017657152984,0.000021902926,0,1,0,0,0
01271920,01/27/1920,"January 27, 1920",1,4139261,0.040547577432,0.000021902926,0,1,0,0,0
02111920,02/11/1920,"February 11, 1920",1,8006493,0.076943534969,0.000021902926,0,1,0,0,0
03091920,03/09/1920,"March 09, 1920",1,8261093,0.079290647611,0.000021902926,0,1,0,0,0
03161920,03/16/1920,"March 16, 1920",1,9618503,0.091704007856,0.000021902926,0,1,0,0,0
03291920,03/29/1920,"March 29, 1920",1,2272786,0.022471469394,0.000021902926,0,1,0,0,0
04041920,04/04/1920,"April 04, 1920",1,5221807,0.050878074282,0.000021902926,0,1,0,0,0
04201920,04/20/1920,"April 20, 1920",1,6602770,0.063895010628,0.000021902926,0,1,0,0,0
04291920,04/29/1920,"April 29, 1920",1,2256986,0.022317007682,0.000021902926,0,1,0,0,0
05111920,05/11/1920,"May 11, 1920",1,746261,0.007434774383,0.000021902926,0,1,0,0,0
05141920,05/14/1920,"May 14, 1920",1,2476315,0.024459000170,0.000021902926,0,1,0,0,0
05161920,05/16/1920,"May 16, 1920",1,4897437,0.047794408922,0.000021902926,0,1,0,0,0
06021920,06/02/1920,"June 02, 1920",1,890030,0.008860750196,0.000021902926,0,1,0,0,0
06031920,06/03/1920,"June 03, 1920",1,7896820,0.075930635905,0.000021902926,0,1,0,0,0
06041920,06/04/1920,"June 04, 1920",1,4499769,0.044000252881,0.000021902926,0,1,0,0,0
06091920,06/09/1920,"June 09, 1920",1,9924145,0.094475903723,0.000021902926,0,1,0,0,0
08191920,08/19/1920,"August 19, 1920",1,9058917,0.086607063000,0.000021902926,0,1,0,0,0
08261920,08/26/1920,"August 26, 1920",1,8699615,0.083319320952,0.000021902926,0,1,0,0,0
09021920,09/02/1920,"September 02, 1920",1,9785382,0.093218499105,0.000021902926,0,1,0,0,0
09181920,09/18/1920,"September 18, 1920",1,7800624,0.075041290442,0.000021902926,0,1,0,0,0
09201920,09/20/1920,"September 20, 1920",1,2279402,0.022536140543,0.000021902926,0,1,0,0,0
10011920,10/01/1920,"October 01, 1920",1,5390729,0.052479996657,0.000021902926,1,0,0,0,0
10071920,10/07/1920,"October 07, 1920",1,920717,0.009164854438,0.000021902926,1,0,0,0,0
10111920,10/11/1920,"October 11, 1920",1,6996200,0.067570693164,0.000021902926,1,0,0,0,0
10281920,10/28/1920,"October 28, 1920",1,150349,0.001502300430,0.000021902926,1,0,0,0,0
11091920,11/09/1920,"November 09, 1920",1,1377767,0.013683133254,0.000021902926,1,0,0,0,0
11101920,11/10/1920,"November 10, 1920",1,6753867,0.065308369157,0.000021902926,1,0,0,0,0
11111920,11/11/1920,"November 11, 1920",1,1079077,0.010732699243,0.000021902926,1,0,0,0,0
11201920,11/20/1920,"November 20, 1920",1,9131496,0.087269753950,0.000021902926,1,0,0,0,0
12091920,12/09/1920,"December 09, 1920",1,1870560,0.018531677325,0.000021902926,1,0,0,0,0
12111920,12/11/1920,"December 11, 1920",1,4645901,0.045396254195,0.000021902926,2,0,0,0,0
12171920,12/17/1920,"December 17, 1920",1,722651,0.007200402065,0.000021902926,1,0,0,0,0
12211920,12/21/1920,"December 21, 1920",1,5908349,0.057371878146,0.000021902926,3,0,0,0,0
01031921,01/03/1921,"January 03, 1921",1,2347489,0.023201439851,0.000021902926,0,1,0,0,0
01091921,01/09/1921,"January 09, 1921",1,2894464,0.028529698423,0.000021902926,0,1,0,0,0
02091921,02/09/1921,"February 09, 1921",1,8128699,0.078070876385,0.000021902926,0,1,0,0,0
02131921,02/13/1921,"February 13, 1921",1,6248009,0.060568177509,0.000021902926,0,1,0,0,0
02191921,02/19/1921,"February 19, 1921",1,4159729,0.040743938060,0.000021902926,0,1,0,0,0
02251921,02/25/1921,"February 25, 1921",1,6323172,0.061274017358,0.000021902926,0,2,0,0,0
03181921,03/18/1921,"March 18, 1921",2,1464646,0.014539663367,0.000021902926,0,2,0,0,0
03221921,03/22/1921,"March 22, 1921",1,7618459,0.073354803764,0.000021902926,0,1,0,0,0
03231921,03/23/1921,"March 23, 1921",1,7968253,0.076590490676,0.000021902926,0,2,0,0,0
03281921,03/28/1921,"March 28, 1921",1,4549973,0.044480082542,0.000021902926,0,1,0,0,0
04161921,04/16/1921,"April 16, 1921",1,2023554,0.020032116901,0.000021902926,0,1,0,0,0
05281921,05/28/1921,"May 28, 1921",1,8533836,0.081798396535,0.000021902926,0,1,0,0,0
06011921,06/01/1921,"June 01, 1921",1,5832504,0.056656670650,0.000021902926,0,1,0,0,0
06021921,06/02/1921,"June 02, 1921",1,1900327,0.018823787525,0.000021902926,0,1,0,0,0
06071921,06/07/1921,"June 07, 1921",1,7136878,0.068881493857,0.000021902926,0,1,0,0,0
06171921,06/17/1921,"June 17, 1921",1,6823241,0.065956577266,0.000021902926,0,1,0,0,0
06211921,06/21/1921,"June 21, 1921",1,5665172,0.055076833956,0.000021902926,0,1,0,0,0
06241921,06/24/1921,"June 24, 1921",1,7015416,0.067749851567,0.000021902926,0,1,0,0,0
07031921,07/03/1921,"July 03, 1921",1,5855927,0.056877604084,0.000021902926,0,1,0,0,0
07141921,07/14/1921,"July 14, 1921",1,3316812,0.032624031600,0.000021902926,0,1,0,0,0
07291921,07/29/1921,"July 29, 1921",1,2911830,0.028698389309,0.000021902926,0,1,0,0,0
08021921,08/02/1921,"August 02, 1921",1,3955096,0.038778973786,0.000021902926,0,1,0,0,0
08061921,08/06/1921,"August 06, 1921",1,6639325,0.064237141273,0.000021902926,0,1,0,0,0
08251921,08/25/1921,"August 25, 1921",1,3921564,0.038456603103,0.000021902926,0,1,0,0,0
09051921,09/05/1921,"September 05, 1921",1,5683012,0.055245393215,0.000021902926,0,1,0,0,0
09261921,09/26/1921,"September 26, 1921",1,8447048,0.081001161818,0.000021902926,0,1,0,0,0
10201921,10/20/1921,"October 20, 1921",1,5864430,0.056957794373,0.000021902926,1,0,0,0,0
11011921,11/01/1921,"November 01, 1921",1,6840463,0.066117424375,0.000021902926,2,0,0,0,0
11021921,11/02/1921,"November 02, 1921",1,7374319,0.071089728307,0.000021902926,2,0,0,0,0
11091921,11/09/1921,"November 09, 1921",1,2963211,0.029197325605,0.000021902926,1,0,0,0,0
11251921,11/25/1921,"November 25, 1921",2,783848,0.007807779773,0.000021902926,2,0,0,0,0
12071921,12/07/1921,"December 07, 1921",1,5189438,0.050570803275,0.000021902926,1,0,0,0,0
01051922,01/05/1922,"January 05, 1922",1,3780086,0.037095267954,0.000021902926,0,1,0,0,0
01071922,01/07/1922,"January 07, 1922",1,945856,0.009413909181,0.000021902926,0,1,0,0,0
01151922,01/15/1922,"January 15, 1922",1,3747780,0.036784141695,0.000021902926,0,1,0,0,0
02031922,02/03/1922,"February 03, 1922",1,6306877,0.061121039494,0.000021902926,0,1,0,0,0
02061922,02/06/1922,"February 06, 1922",1,3322649,0.032680495688,0.000021902926,0,1,0,0,0
02201922,02/20/1922,"February 20, 1922",1,8519730,0.081668865880,0.000021902926,0,1,0,0,0
02241922,02/24/1922,"February 24, 1922",1,3940284,0.038636587181,0.000021902926,0,1,0,0,0
02261922,02/26/1922,"February 26, 1922",1,5404394,0.052609466420,0.000021902926,0,1,0,0,0
02281922,02/28/1922,"February 28, 1922",1,8565635,0.082090329048,0.000021902926,0,1,0,0,0
03011922,03/01/1922,"March 01, 1922",1,4097516,0.040146970404,0.000021902926,0,1,0,0,0
03041922,03/04/1922,"March 04, 1922",1,4628279,0.045228019099,0.000021902926,0,1,0,0,0
03311922,03/31/1922,"March 31, 1922",1,2357185,0.023296145649,0.000021902926,0,1,0,0,0
04191922,04/19/1922,"April 19, 1922",1,5426516,0.052819024976,0.000021902926,0,1,0,0,0
04211922,04/21/1922,"April 21, 1922",1,8946819,0.085582593677,0.000021902926,0,1,0,0,0
04231922,04/23/1922,"April 23, 1922",1,1394062,0.013843840495,0.000021902926,0,1,0,0,0
05041922,05/04/1922,"May 04, 1922",1,3170512,0.031207724768,0.000021902926,0,1,0,0,0
05051922,05/05/1922,"May 05, 1922",1,2189630,0.021658257691,0.000021902926,0,1,0,0,0
05121922,05/12/1922,"May 12, 1922",1,9954820,0.094753630644,0.000021902926,0,1,0,0,0
05131922,05/13/1922,"May 13, 1922",1,5624054,0.054688220556,0.000021902926,0,1,0,0,0
05241922,05/24/1922,"May 24, 1922",1,2294772,0.022686365195,0.000021902926,0,1,0,0,0
05251922,05/25/1922,"May 25, 1922",1,8664044,0.082993190464,0.000021902926,0,1,0,0,0
06151922,06/15/1922,"June 15, 1922",1,3552468,0.034901027143,0.000021902926,0,1,0,0,0
06231922,06/23/1922,"June 23, 1922",1,7282551,0.070236894666,0.000021902926,0,1,0,0,0
07021922,07/02/1922,"July 02, 1922",1,2702205,0.026660162718,0.000021902926,0,1,0,0,0
07061922,07/06/1922,"July 06, 1922",1,286547,0.002861308660,0.000021902926,0,1,0,0,0
07091922,07/09/1922,"July 09, 1922",1,6381051,0.061817185370,0.000021902926,0,1,0,0,0
07251922,07/25/1922,"July 25, 1922",1,541233,0.005397650108,0.000021902926,0,1,0,0,0
07271922,07/27/1922,"July 27, 1922",1,4390390,0.042954017831,0.000021902926,0,1,0,0,0
08031922,08/03/1922,"August 03, 1922",1,2601466,0.025679135834,0.000021902926,0,1,0,0,0
08141922,08/14/1922,"August 14, 1922",1,5404183,0.052607467424,0.000021902926,0,1,0,0,0
08201922,08/20/1922,"August 20, 1922",1,6147437,0.059622896863,0.000021902926,0,1,0,0,0
08211922,08/21/1922,"August 21, 1922",1,386043,0.003852928389,0.000021902926,0,1,0,0,0
08251922,08/25/1922,"August 25, 1922",1,6256575,0.060648645793,0.000021902926,0,1,0,0,0
08291922,08/29/1922,"August 29, 1922",1,2061796,0.020406804574,0.000021902926,0,2,0,0,0
09091922,09/09/1922,"September 09, 1922",1,335597,0.003350285261,0.000021902926,0,1,0,0,0
09181922,09/18/1922,"September 18, 1922",1,9913210,0.094376879248,0.000021902926,0,1,0,0,0
09221922,09/22/1922,"September 22, 1922",1,3618480,0.035537898055,0.000021902926,0,1,0,0,0
09231922,09/23/1922,"September 23, 1922",1,8311883,0.079758157161,0.000021902926,0,1,0,0,0
09271922,09/27/1922,"September 27, 1922",1,4962946,0.048417985017,0.000021902926,0,1,0,0,0
10031922,10/03/1922,"October 03, 1922",1,3282679,0.032293780798,0.000021902926,1,0,0,0,0
11131922,11/13/1922,"November 13, 1922",1,5309279,0.051707927224,0.000021902926,1,0,0,0,0
11191922,11/19/1922,"November 19, 1922",1,7346212,0.070828602799,0.000021902926,1,0,0,0,0
11281922,11/28/1922,"November 28, 1922",1,3312562,0.032582917247,0.000021902926,1,0,0,0,0
11301922,11/30/1922,"November 30, 1922",1,583439,0.005817343406,0.000021902926,1,0,0,0,0
12101922,12/10/1922,"December 10, 1922",1,7482094,0.072090322070,0.000021902926,2,0,0,0,0
01161923,01/16/1923,"January 16, 1923",1,173175,0.001730191507,0.000021902926,0,1,0,0,0
01201923,01/20/1923,"January 20, 1923",1,4602628,0.044983079122,0.000021902926,0,1,0,0,0
01241923,01/24/1923,"January 24, 1923",1,8020312,0.077071083330,0.000021902926,0,1,0,0,0
02111923,02/11/1923,"February 11, 1923",1,505616,0.005043339492,0.000021902926,0,1,0,0,0
02161923,02/16/1923,"February 16, 1923",1,1052085,0.010465640170,0.000021902926,0,1,0,0,0
03301923,03/30/1923,"March 30, 1923",2,1032511,0.010271929754,0.000021902926,0,2,0,0,0
04091923,04/09/1923,"April 09, 1923",1,5657570,0.055004998166,0.000021902926,0,1,0,0,0
04231923,04/23/1923,"April 23, 1923",1,8502577,0.081511331029,0.000021902926,0,1,0,0,0
05081923,05/08/1923,"May 08, 1923",1,2082832,0.020612850128,0.000021902926,0,1,0,0,0
06071923,06/07/1923,"June 07, 1923",1,1494030,0.014829188496,0.000021902926,0,1,0,0,0
06171923,06/17/1923,"June 17, 1923",1,1999254,0.019793955768,0.000021902926,0,1,0,0,0
07091923,07/09/1923,"July 09, 1923",1,8628434,0.082666586187,0.000021902926,0,1,0,0,0
07101923,07/10/1923,"July 10, 1923",1,2614252,0.025803704537,0.000021902926,0,1,0,0,0
07121923,07/12/1923,"July 12, 1923",1,2288466,0.022624733853,0.000021902926,0,1,0,0,0
07301923,07/30/1923,"July 30, 1923",1,4380778,0.042862022149,0.000021902926,0,2,0,0,0
08111923,08/11/1923,"August 11, 1923",1,1012222,0.010071103452,0.000021902926,0,1,0,0,0
08151923,08/15/1923,"August 15, 1923",1,9658062,0.092063249610,0.000021902926,0,1,0,0,0
09031923,09/03/1923,"September 03, 1923",1,5974514,0.057995361763,0.000021902926,0,1,0,0,0
09301923,09/30/1923,"September 30, 1923",1,1207992,0.012007191514,0.000021902926,0,1,0,0,0
10071923,10/07/1923,"October 07, 1923",1,235641,0.002353576010,0.000021902926,2,0,0,0,0
10111923,10/11/1923,"October 11, 1923",1,8819856,0.084420884580,0.000021902926,1,0,0,0,0
10161923,10/16/1923,"October 16, 1923",1,1765365,0.017498678476,0.000021902926,1,0,0,0,0
10201923,10/20/1923,"October 20, 1923",1,4293909,0.042030204707,0.000021902926,2,0,0,0,0
10221923,10/22/1923,"October 22, 1923",1,7096622,0.068506587331,0.000021902926,2,0,0,0,0
11081923,11/08/1923,"November 08, 1923",1,8998881,0.086058533770,0.000021902926,1,0,0,0,0
11091923,11/09/1923,"November 09, 1923",1,9188371,0.087788721687,0.000021902926,1,0,0,0,0
11151923,11/15/1923,"November 15, 1923",1,4736569,0.046261382072,0.000021902926,1,0,0,0,0
11291923,11/29/1923,"November 29, 1923",3,2232661,0.022079157365,0.000021902926,3,0,0,0,0
12021923,12/02/1923,"December 02, 1923",1,9476243,0.090410946428,0.000021902926,1,0,0,0,0
12031923,12/03/1923,"December 03, 1923",2,5750345,0.055881310726,0.000021902926,2,0,0,0,0
12241923,12/24/1923,"December 24, 1923",1,3189130,0.031388077726,0.000021902926,1,0,0,0,0
01191924,01/19/1924,"January 19, 1924",1,7123012,0.068752376012,0.000021902926,0,1,0,0,0
02011924,02/01/1924,"February 01, 1924",1,6764031,0.065403366388,0.000021902926,0,2,0,0,0
02121924,02/12/1924,"February 12, 1924",2,1426614,0.014164801809,0.000021902926,0,3,1,0,0
02271924,02/27/1924,"February 27, 1924",1,4227556,0.041394352072,0.000021902926,0,2,0,0,0
03021924,03/02/1924,"March 02, 1924",1,2808343,0.027692698111,0.000021902926,0,1,0,0,0
03111924,03/11/1924,"March 11, 1924",1,105217,0.001051556737,0.000021902926,0,1,0,0,0
03141924,03/14/1924,"March 14, 1924",1,3366669,0.033106216030,0.000021902926,0,1,0,0,0
03201924,03/20/1924,"March 20, 1924",1,4240530,0.041518713503,0.000021902926,0,1,0,0,0
03261924,03/26/1924,"March 26, 1924",1,3810,0.000038039277,0.000021902926,0,1,0,0,0
04111924,04/11/1924,"April 11, 1924",1,7770922,0.074766518399,0.000021902926,0,2,1,0,0
04151924,04/15/1924,"April 15, 1924",1,2610908,0.025771126868,0.000021902926,0,1,0,0,0
04161924,04/16/1924,"April 16, 1924",1,2638672,0.026041574230,0.000021902926,0,1,0,0,0
04191924,04/19/1924,"April 19, 1924",1,7198426,0.069454402356,0.000021902926,0,1,0,0,0
04221924,04/22/1924,"April 22, 1924",2,2279674,0.022538799241,0.000021902926,0,2,0,0,0
05201924,05/20/1924,"May 20, 1924",1,9414605,0.089850121099,0.000021902926,0,1,0,0,0
06031924,06/03/1924,"June 03, 1924",1,624589,0.006226365411,0.000021902926,0,1,0,0,0
07101924,07/10/1924,"July 10, 1924",1,7391032,0.071244964110,0.000021902926,0,1,0,0,0
07221924,07/22/1924,"July 22, 1924",1,5872720,0.057035969332,0.000021902926,0,1,0,0,0
07301924,07/30/1924,"July 30, 1924",1,4682179,0.045742502536,0.000021902926,0,1,0,0,0
08111924,08/11/1924,"August 11, 1924",1,1484800,0.014738253032,0.000021902926,0,1,0,0,0
08201924,08/20/1924,"August 20, 1924",1,5057217,0.049314628204,0.000021902926,0,1,0,0,0
08231924,08/23/1924,"August 23, 1924",1,4082093,0.039998920853,0.000021902926,0,1,0,0,0
08301924,08/30/1924,"August 30, 1924",2,203286,0.002030735282,0.000021902926,0,2,0,0,0
09061924,09/06/1924,"September 06, 1924",1,6102184,0.059197251707,0.000021902926,0,1,0,0,0
09081924,09/08/1924,"September 08, 1924",1,8541464,0.081868434283,0.000021902926,0,1,0,0,0
09121924,09/12/1924,"September 12, 1924",2,2555645,0.025232589968,0.000021902926,0,2,0,0,0
09251924,09/25/1924,"September 25, 1924",1,4660354,0.045534213106,0.000021902926,0,1,0,0,0
09301924,09/30/1924,"September 30, 1924",1,2758309,0.027206092147,0.000021902926,0,1,0,0,0
10081924,10/08/1924,"October 08, 1924",1,8384060,0.080422120480,0.000021902926,1,0,0,0,0
10101924,10/10/1924,"October 10, 1924",1,6439131,0.062361923747,0.000021902926,1,0,0,0,0
10231924,10/23/1924,"October 23, 1924",1,2783257,0.027448754503,0.000021902926,2,0,0,0,0
10251924,10/25/1924,"October 25, 1924",1,3657849,0.035917522411,0.000021902926,1,0,0,0,0
11061924,11/06/1924,"November 06, 1924",1,5383643,0.052412853010,0.000021902926,1,0,0,0,0
11081924,11/08/1924,"November 08, 1924",1,8263451,0.079312357681,0.000021902926,1,0,0,0,0
11181924,11/18/1924,"November 18, 1924",1,6668067,0.064506059589,0.000021902926,2,0,0,0,0
12181924,12/18/1924,"December 18, 1924",1,7154046,0.069041334563,0.000021902926,1,0,0,0,0
12191924,12/19/1924,"December 19, 1924",1,9913531,0.094379786294,0.000021902926,1,0,0,0,0
01011925,01/01/1925,"January 01, 1925",1,2301261,0.022749781019,0.000021902926,0,1,0,0,0
01031925,01/03/1925,"January 03, 1925",1,2471764,0.024414602289,0.000021902926,0,1,0,0,0
01121925,01/12/1925,"January 12, 1925",1,6222025,0.060324043825,0.000021902926,0,1,0,0,0
02111925,02/11/1925,"February 11, 1925",1,3741597,0.036724584216,0.000021902926,0,1,0,0,0
02171925,02/17/1925,"February 17, 1925",1,4210356,0.041229457719,0.000021902926,0,1,0,0,0
03061925,03/06/1925,"March 06, 1925",1,1302855,0.012943986735,0.000021902926,0,3,0,0,0
03261925,03/26/1925,"March 26, 1925",1,4986433,0.048641456843,0.000021902926,0,2,0,0,0
04131925,04/13/1925,"April 13, 1925",1,3757158,0.036874467843,0.000021902926,0,1,0,0,0
04271925,04/27/1925,"April 27, 1925",1,5959509,0.057854003360,0.000021902926,0,1,0,0,0
05141925,05/14/1925,"May 14, 1925",1,383347,0.003826071902,0.000021902926,0,1,0,0,0
05181925,05/18/1925,"May 18, 1925",1,1590136,0.015775541941,0.000021902926,0,1,0,0,0
05221925,05/22/1925,"May 22, 1925",1,4323486,0.042313501539,0.000021902926,0,1,0,0,0
05271925,05/27/1925,"May 27, 1925",1,7072086,0.068278008064,0.000021902926,0,1,0,0,0
05301925,05/30/1925,"May 30, 1925",1,2876834,0.028358413109,0.000021902926,0,1,0,0,0
06011925,06/01/1925,"June 01, 1925",1,1276473,0.012683547262,0.000021902926,0,1,0,0,0
06021925,06/02/1925,"June 02, 1925",1,6036202,0.058576286391,0.000021902926,0,1,0,0,0
06071925,06/07/1925,"June 07, 1925",1,3075346,0.030285325067,0.000021902926,0,1,0,0,0
09061925,09/06/1925,"September 06, 1925",1,699568,0.006971207680,0.000021902926,0,1,0,0,0
09181925,09/18/1925,"September 18, 1925",1,8786116,0.084111916063,0.000021902926,0,1,0,0,0
10221925,10/22/1925,"October 22, 1925",1,350360,0.003497409800,0.000021902926,1,0,0,0,0
10251925,10/25/1925,"October 25, 1925",1,7525173,0.072489970196,0.000021902926,1,0,0,0,0
11291925,11/29/1925,"November 29, 1925",1,7133263,0.068847833314,0.000021902926,1,0,0,0,0
12021925,12/02/1925,"December 02, 1925",2,2947957,0.029049228068,0.000021902926,2,0,0,0,0
12271925,12/27/1925,"December 27, 1925",1,1043171,0.010377429144,0.000021902926,1,0,0,0,0
12291925,12/29/1925,"December 29, 1925",1,761199,0.007583032705,0.000021902926,1,0,0,0,0
01011926,01/01/1926,"January 01, 1926",1,5461714,0.053152355073,0.000021902926,0,1,0,0,0
01031926,01/03/1926,"January 03, 1926",1,5362092,0.052208616495,0.000021902926,0,1,0,0,0
01041926,01/04/1926,"January 04, 1926",1,1306955,0.012984455202,0.000021902926,0,1,0,0,0
01071926,01/07/1926,"January 07, 1926",1,9862699,0.093919324401,0.000021902926,0,1,0,0,0
01311926,01/31/1926,"January 31, 1926",1,4746657,0.046357590372,0.000021902926,0,2,0,0,0
02241926,02/24/1926,"February 24, 1926",1,458193,0.004571389293,0.000021902926,0,1,0,0,0
02261926,02/26/1926,"February 26, 1926",1,2145935,0.021230677853,0.000021902926,0,1,0,0,0
03051926,03/05/1926,"March 05, 1926",1,1036424,0.010310657056,0.000021902926,0,1,0,0,0
03071926,03/07/1926,"March 07, 1926",1,4376582,0.042821859797,0.000021902926,0,1,0,0,0
03171926,03/17/1926,"March 17, 1926",1,8365465,0.080251109072,0.000021902926,0,1,0,0,0
03191926,03/19/1926,"March 19, 1926",1,8218141,0.078895099584,0.000021902926,0,1,0,0,0
05061926,05/06/1926,"May 06, 1926",1,5606972,0.054526728603,0.000021902926,0,1,0,0,0
05071926,05/07/1926,"May 07, 1926",1,7468749,0.071966484260,0.000021902926,0,1,0,0,0
05111926,05/11/1926,"May 11, 1926",1,1172849,0.011659920181,0.000021902926,0,1,0,0,0
06011926,06/01/1926,"June 01, 1926",1,3054014,0.030078443465,0.000021902926,0,1,0,0,0
06091926,06/09/1926,"June 09, 1926",1,7748814,0.074561945166,0.000021902926,0,1,0,0,0
07171926,07/17/1926,"July 17, 1926",1,5567025,0.054148964944,0.000021902926,0,1,0,0,0
07201926,07/20/1926,"July 20, 1926",1,1944721,0.019259274225,0.000021902926,0,1,0,0,0
07261926,07/26/1926,"July 26, 1926",1,5883385,0.057136531085,0.000021902926,0,1,0,0,0
07301926,07/30/1926,"July 30, 1926",1,6570145,0.063589556547,0.000021902926,0,1,0,0,0
08191926,08/19/1926,"August 19, 1926",1,259735,0.002593919987,0.000021902926,0,1,0,0,0
08251926,08/25/1926,"August 25, 1926",1,7033190,0.067915534986,0.000021902926,0,1,0,0,0
08311926,08/31/1926,"August 31, 1926",1,9002928,0.086095520233,0.000021902926,0,1,0,0,0
09041926,09/04/1926,"September 04, 1926",1,4712129,0.046028259865,0.000021902926,0,1,0,0,0
09161926,09/16/1926,"September 16, 1926",2,4361051,0.042673188913,0.000021902926,0,2,0,0,0
09251926,09/25/1926,"September 25, 1926",1,7245704,0.069894241726,0.000021902926,0,1,0,0,0
09301926,09/30/1926,"September 30, 1926",1,4659195,0.045523150783,0.000021902926,0,1,0,0,0
10011926,10/01/1926,"October 01, 1926",1,2168997,0.021456375610,0.000021902926,1,0,0,0,0
10101926,10/10/1926,"October 10, 1926",1,1720941,0.017062115122,0.000021902926,1,0,0,0,0
10191926,10/19/1926,"October 19, 1926",1,8340038,0.080017214784,0.000021902926,1,0,0,0,0
10251926,10/25/1926,"October 25, 1926",1,8357638,0.080179117508,0.000021902926,1,0,0,0,0
10281926,10/28/1926,"October 28, 1926",1,9981390,0.094994122656,0.000021902926,1,0,0,0,0
11231926,11/23/1926,"November 23, 1926",1,2913902,0.028718514470,0.000021902926,1,0,0,0,0
12071926,12/07/1926,"December 07, 1926",1,1235468,0.012278615131,0.000021902926,1,0,0,0,0
12101926,12/10/1926,"December 10, 1926",1,2120977,0.020986366117,0.000021902926,2,0,0,0,0
12151926,12/15/1926,"December 15, 1926",1,7255303,0.069983518294,0.000021902926,1,0,0,0,0
12181926,12/18/1926,"December 18, 1926",1,1850047,0.018330328075,0.000021902926,1,0,0,0,0
12291926,12/29/1926,"December 29, 1926",1,6690245,0.064713510432,0.000021902926,1,0,0,0,0
01151927,01/15/1927,"January 15, 1927",1,556824,0.005552706474,0.000021902926,0,1,0,0,0
01261927,01/26/1927,"January 26, 1927",1,817903,0.008145613309,0.000021902926,0,1,0,0,0
02151927,02/15/1927,"February 15, 1927",1,2778967,0.027407031159,0.000021902926,0,1,0,0,0
03071927,03/07/1927,"March 07, 1927",1,6057727,0.058778906039,0.000021902926,0,1,0,0,0
03191927,03/19/1927,"March 19, 1927",1,3107186,0.030594033073,0.000021902926,0,1,0,0,0
05061927,05/06/1927,"May 06, 1927",1,859022,0.008553370080,0.000021902926,0,1,0,0,0
05081927,05/08/1927,"May 08, 1927",1,7916533,0.076112779747,0.000021902926,0,1,0,0,0
05251927,05/25/1927,"May 25, 1927",1,1484975,0.014739977239,0.000021902926,0,1,0,0,0
06101927,06/10/1927,"June 10, 1927",1,4674633,0.045670491547,0.000021902926,0,1,0,0,0
07141927,07/14/1927,"July 14, 1927",2,1636890,0.016235598693,0.000021902926,0,2,0,0,0
07161927,07/16/1927,"July 16, 1927",1,9858490,0.093881186663,0.000021902926,0,1,0,0,0
08031927,08/03/1927,"August 03, 1927",1,5152811,0.050222992147,0.000021902926,0,1,0,0,0
08071927,08/07/1927,"August 07, 1927",1,6731166,0.065096160722,0.000021902926,0,2,0,0,0
08101927,08/10/1927,"August 10, 1927",1,6478803,0.062733829752,0.000021902926,0,1,0,0,0
08111927,08/11/1927,"August 11, 1927",1,6811116,0.065843317634,0.000021902926,0,1,0,0,0
08311927,08/31/1927,"August 31, 1927",1,7333661,0.070711975177,0.000021902926,0,1,0,0,0
09051927,09/05/1927,"September 05, 1927",1,6215066,0.060258649499,0.000021902926,0,1,0,0,0
09301927,09/30/1927,"September 30, 1927",1,1308569,0.013000385505,0.000021902926,0,1,0,0,0
10011927,10/01/1927,"October 01, 1927",1,987308,0.009824441839,0.000021902926,1,0,0,0,0
10101927,10/10/1927,"October 10, 1927",1,8839529,0.084600988745,0.000021902926,1,0,0,0,0
10111927,10/11/1927,"October 11, 1927",1,1421772,0.014117066512,0.000021902926,1,0,0,0,0
10131927,10/13/1927,"October 13, 1927",2,1832691,0.018159934699,0.000021902926,2,0,0,0,0
10201927,10/20/1927,"October 20, 1927",1,3606423,0.035421605847,0.000021902926,2,0,0,0,0
10271927,10/27/1927,"October 27, 1927",1,270527,0.002701554244,0.000021902926,1,0,0,0,0
12051927,12/05/1927,"December 05, 1927",1,6132660,0.059483927069,0.000021902926,1,0,0,0,0
01161928,01/16/1928,"January 16, 1928",1,5368,0.000053618563,0.000021902926,0,1,0,0,0
01311928,01/31/1928,"January 31, 1928",1,4081266,0.039990981611,0.000021902926,0,1,0,0,0
02021928,02/02/1928,"February 02, 1928",2,6824814,0.065971269654,0.000021902926,0,2,0,0,0
02211928,02/21/1928,"February 21, 1928",1,524234,0.005228563282,0.000021902926,0,1,0,0,0
02291928,02/29/1928,"February 29, 1928",1,969147,0.009644599724,0.000021902926,0,1,0,0,0
04051928,04/05/1928,"April 05, 1928",1,708571,0.007060606039,0.000021902926,0,1,0,0,0
04081928,04/08/1928,"April 08, 1928",1,5642708,0.054864542571,0.000021902926,0,1,0,0,0
04101928,04/10/1928,"April 10, 1928",1,3982601,0.039043321276,0.000021902926,0,1,0,0,0
04141928,04/14/1928,"April 14, 1928",1,2648991,0.026142071815,0.000021902926,0,1,0,0,0
04231928,04/23/1928,"April 23, 1928",1,2400623,0.023720314141,0.000021902926,0,1,0,0,0
04241928,04/24/1928,"April 24, 1928",1,734299,0.007316036628,0.000021902926,0,1,0,0,0
04291928,04/29/1928,"April 29, 1928",1,7816858,0.075191436053,0.000021902926,0,1,0,0,0
05221928,05/22/1928,"May 22, 1928",1,6299015,0.061047221928,0.000021902926,0,1,0,0,0
05231928,05/23/1928,"May 23, 1928",1,8676409,0.083106571347,0.000021902926,0,1,0,0,0
05261928,05/26/1928,"May 26, 1928",1,8938605,0.085507480346,0.000021902926,0,1,0,0,0
06071928,06/07/1928,"June 07, 1928",1,5596380,0.054426578769,0.000021902926,0,1,0,0,0
06091928,06/09/1928,"June 09, 1928",2,259568,0.002592254317,0.000021902926,0,2,0,0,0
06111928,06/11/1928,"June 11, 1928",1,2483376,0.024527880689,0.000021902926,0,1,0,0,0
07051928,07/05/1928,"July 05, 1928",1,1579859,0.015674387995,0.000021902926,0,1,0,0,0
07081928,07/08/1928,"July 08, 1928",1,7601003,0.073193034458,0.000021902926,0,1,0,0,0
07251928,07/25/1928,"July 25, 1928",1,5211526,0.050780490039,0.000021902926,0,1,0,0,0
08081928,08/08/1928,"August 08, 1928",2,3550602,0.034883018228,0.000021902926,0,3,0,0,0
08241928,08/24/1928,"August 24, 1928",1,9551314,0.091093527791,0.000021902926,0,1,0,0,0
09061928,09/06/1928,"September 06, 1928",1,5074603,0.049479899997,0.000021902926,0,1,0,0,0
09111928,09/11/1928,"September 11, 1928",1,3824385,0.037521730659,0.000021902926,0,1,0,0,0
09161928,09/16/1928,"September 16, 1928",1,5280351,0.051433565608,0.000021902926,0,1,0,0,0
10171928,10/17/1928,"October 17, 1928",1,9081857,0.086816571310,0.000021902926,1,0,0,0,0
10221928,10/22/1928,"October 22, 1928",1,4383314,0.042886294861,0.000021902926,1,0,0,0,0
10281928,10/28/1928,"October 28, 1928",1,1470120,0.014593605990,0.000021902926,2,0,0,0,0
11101928,11/10/1928,"November 10, 1928",1,3667192,0.036007592430,0.000021902926,1,0,0,0,0
11141928,11/14/1928,"November 14, 1928",1,9522244,0.090829270269,0.000021902926,1,0,0,0,0
12031928,12/03/1928,"December 03, 1928",1,4755640,0.046443252223,0.000021902926,1,0,0,0,0
12251928,12/25/1928,"December 25, 1928",1,5947504,0.057740891943,0.000021902926,1,0,0,0,0
01091929,01/09/1929,"January 09, 1929",1,8986402,0.085944475896,0.000021902926,0,1,0,0,0
01121929,01/12/1929,"January 12, 1929",2,2866729,0.028260223764,0.000021902926,0,3,1,0,0
01191929,01/19/1929,"January 19, 1929",1,5661862,0.055045556482,0.000021902926,0,1,0,0,0
01241929,01/24/1929,"January 24, 1929",1,6905285,0.066722589583,0.000021902926,0,1,0,0,0
02121929,02/12/1929,"February 12, 1929",1,8455573,0.081079503130,0.000021902926,0,3,0,0,0
02261929,02/26/1929,"February 26, 1929",1,8592543,0.082337286957,0.000021902926,0,1,0,0,0
03031929,03/03/1929,"March 03, 1929",1,7547167,0.072693944322,0.000021902926,0,1,0,0,0
03091929,03/09/1929,"March 09, 1929",1,1343265,0.013342775493,0.000021902926,0,1,0,0,0
04081929,04/08/1929,"April 08, 1929",1,3420501,0.033626574225,0.000021902926,0,1,0,0,0
04261929,04/26/1929,"April 26, 1929",1,9667290,0.092147030149,0.000021902926,0,1,0,0,0
04281929,04/28/1929,"April 28, 1929",1,8757365,0.083848551219,0.000021902926,0,1,0,0,0
06131929,06/13/1929,"June 13, 1929",1,5692684,0.055336765463,0.000021902926,0,2,0,0,0
07061929,07/06/1929,"July 06, 1929",1,2958636,0.029152910366,0.000021902926,0,1,0,0,0
07251929,07/25/1929,"July 25, 1929",1,8781713,0.084071588623,0.000021902926,0,1,0,0,0
08011929,08/01/1929,"August 01, 1929",1,5162000,0.050310263148,0.000021902926,0,2,0,0,0
08131929,08/13/1929,"August 13, 1929",1,8032455,0.077183147786,0.000021902926,0,2,0,0,0
08221929,08/22/1929,"August 22, 1929",1,5766485,0.056033679187,0.000021902926,0,1,0,0,0
08311929,08/31/1929,"August 31, 1929",1,7676036,0.073888184707,0.000021902926,0,1,0,0,0
09121929,09/12/1929,"September 12, 1929",2,842241,0.008386981459,0.000021902926,0,2,0,0,0
09171929,09/17/1929,"September 17, 1929",1,8448917,0.081018337746,0.000021902926,0,1,0,0,0
09241929,09/24/1929,"September 24, 1929",1,6375624,0.061766268806,0.000021902926,0,1,0,0,0
10231929,10/23/1929,"October 23, 1929",1,6821888,0.065943939573,0.000021902926,1,0,0,0,0
11011929,11/01/1929,"November 01, 1929",1,2924396,0.028820435403,0.000021902926,1,0,0,0,0
11121929,11/12/1929,"November 12, 1929",1,2236407,0.022115789594,0.000021902926,1,0,0,0,0
11161929,11/16/1929,"November 16, 1929",1,2827349,0.027877477279,0.000021902926,1,0,0,0,0
12121929,12/12/1929,"December 12, 1929",1,8978366,0.085871019442,0.000021902926,2,0,0,0,0
12181929,12/18/1929,"December 18, 1929",1,2550961,0.025186930793,0.000021902926,1,0,0,0,0
12211929,12/21/1929,"December 21, 1929",1,1850723,0.018336964140,0.000021902926,2,0,0,0,0
12221929,12/22/1929,"December 22, 1929",1,116935,0.001168606659,0.000021902926,1,0,0,0,0
01011930,01/01/1930,"January 01, 1930",1,3216357,0.031651765798,0.000021902926,0,1,0,0,0
01031930,01/03/1930,"January 03, 1930",1,3887030,0.038124486359,0.000021902926,0,1,0,0,0
01081930,01/08/1930,"January 08, 1930",1,728193,0.007255421494,0.000021902926,0,1,0,0,0
01181930,01/18/1930,"January 18, 1930",1,53947,0.000539264550,0.000021902926,0,1,0,0,0
02011930,02/01/1930,"February 01, 1930",1,731264,0.007285908213,0.000021902926,0,1,0,0,0
02051930,02/05/1930,"February 05, 1930",1,1295222,0.012868641873,0.000021902926,0,1,0,0,0
02141930,02/14/1930,"February 14, 1930",1,5534986,0.053845875177,0.000021902926,0,1,0,0,0
02261930,02/26/1930,"February 26, 1930",1,7996409,0.076850449261,0.000021902926,0,1,0,0,0
02281930,02/28/1930,"February 28, 1930",2,3741326,0.036721973736,0.000021902926,0,2,0,0,0
03161930,03/16/1930,"March 16, 1930",2,4607105,0.045025834273,0.000021902926,0,2,0,0,0
03221930,03/22/1930,"March 22, 1930",1,8336729,0.079986772050,0.000021902926,0,2,0,0,0
03231930,03/23/1930,"March 23, 1930",1,3523585,0.034622237344,0.000021902926,0,1,0,0,0
04141930,04/14/1930,"April 14, 1930",1,3876132,0.038019655453,0.000021902926,0,1,0,0,0
04161930,04/16/1930,"April 16, 1930",1,2295622,0.022694672325,0.000021902926,0,1,0,0,0
04211930,04/21/1930,"April 21, 1930",1,8617262,0.082564095972,0.000021902926,0,1,0,0,0
04251930,04/25/1930,"April 25, 1930",1,4165276,0.040797146518,0.000021902926,0,1,0,0,0
05011930,05/01/1930,"May 01, 1930",1,8302213,0.079669165472,0.000021902926,0,1,0,0,0
05161930,05/16/1930,"May 16, 1930",1,4210213,0.041228086676,0.000021902926,0,1,0,0,0
06081930,06/08/1930,"June 08, 1930",1,9305684,0.088858236652,0.000021902926,0,1,0,0,0
06101930,06/10/1930,"June 10, 1930",2,41363,0.000413484496,0.000021902926,0,2,0,0,0
06211930,06/21/1930,"June 21, 1930",1,5913534,0.057420752148,0.000021902926,0,1,0,0,0
07031930,07/03/1930,"July 03, 1930",1,2324898,0.022980746358,0.000021902926,0,1,0,0,0
07071930,07/07/1930,"July 07, 1930",1,3052309,0.030061906161,0.000021902926,0,1,0,0,0
07221930,07/22/1930,"July 22, 1930",1,4806839,0.046931338788,0.000021902926,0,1,0,0,0
07251930,07/25/1930,"July 25, 1930",1,4788093,0.046752659788,0.000021902926,0,1,0,0,0
08071930,08/07/1930,"August 07, 1930",2,6435169,0.062324773790,0.000021902926,0,2,0,0,0
08101930,08/10/1930,"August 10, 1930",1,2735925,0.026988317584,0.000021902926,0,1,0,0,0
08131930,08/13/1930,"August 13, 1930",1,5990716,0.058147972992,0.000021902926,0,1,0,0,0
09181930,09/18/1930,"September 18, 1930",1,7817006,0.075192804769,0.000021902926,0,1,0,0,0
09231930,09/23/1930,"September 23, 1930",1,4562118,0.044596123391,0.000021902926,0,1,0,0,0
09251930,09/25/1930,"September 25, 1930",1,2713815,0.026773160914,0.000021902926,0,1,0,0,0
10071930,10/07/1930,"October 07, 1930",1,518832,0.005174824277,0.000021902926,1,0,0,0,0
10241930,10/24/1930,"October 24, 1930",1,3585686,0.035221560483,0.000021902926,1,0,0,0,0
10251930,10/25/1930,"October 25, 1930",1,2596495,0.025630701139,0.000021902926,1,0,0,0,0
10271930,10/27/1930,"October 27, 1930",1,4930243,0.048106738257,0.000021902926,1,0,0,0,0
11141930,11/14/1930,"November 14, 1930",1,8367985,0.080274286452,0.000021902926,1,0,0,0,0
11201930,11/20/1930,"November 20, 1930",1,797476,0.007942986517,0.000021902926,1,0,0,0,0
11271930,11/27/1930,"November 27, 1930",3,1517434,0.015059730896,0.000021902926,4,0,0,0,0
11281930,11/28/1930,"November 28, 1930",1,2319877,0.022931688989,0.000021902926,1,0,0,0,0
11301930,11/30/1930,"November 30, 1930",1,4742809,0.046320893505,0.000021902926,1,0,0,0,0
12041930,12/04/1930,"December 04, 1930",1,9531239,0.090911046499,0.000021902926,1,0,0,0,0
12171930,12/17/1930,"December 17, 1930",1,8552257,0.081967522877,0.000021902926,1,0,0,0,0
12191930,12/19/1930,"December 19, 1930",1,5702761,0.055431954382,0.000021902926,1,0,0,0,0
01311931,01/31/1931,"January 31, 1931",1,5616523,0.054617026444,0.000021902926,0,1,0,0,0
02061931,02/06/1931,"February 06, 1931",1,6086771,0.059052234602,0.000021902926,0,1,0,0,0
02071931,02/07/1931,"February 07, 1931",1,8587379,0.082289897631,0.000021902926,0,1,0,0,0
02121931,02/12/1931,"February 12, 1931",1,8483353,0.081334743792,0.000021902926,0,1,0,0,0
02201931,02/20/1931,"February 20, 1931",1,9645997,0.091953700432,0.000021902926,0,1,0,0,0
02281931,02/28/1931,"February 28, 1931",1,9204867,0.087939187650,0.000021902926,0,1,0,0,0
03031931,03/03/1931,"March 03, 1931",1,2636578,0.026021179326,0.000021902926,0,1,0,0,0
03111931,03/11/1931,"March 11, 1931",2,3002494,0.029578611128,0.000021902926,0,2,0,0,0
03171931,03/17/1931,"March 17, 1931",1,8495128,0.081442910259,0.000021902926,0,1,0,0,0
04091931,04/09/1931,"April 09, 1931",1,4663596,0.045565156386,0.000021902926,0,1,0,0,0
04181931,04/18/1931,"April 18, 1931",2,830417,0.008269726203,0.000021902926,0,2,0,0,0
05151931,05/15/1931,"May 15, 1931",1,7883246,0.075805194215,0.000021902926,0,1,0,0,0
05261931,05/26/1931,"May 26, 1931",1,9105083,0.087028642667,0.000021902926,0,1,0,0,0
06011931,06/01/1931,"June 01, 1931",1,6456698,0.062526624162,0.000021902926,0,1,0,0,0
06041931,06/04/1931,"June 04, 1931",1,1056193,0.010506289407,0.000021902926,0,1,0,0,0
06261931,06/26/1931,"June 26, 1931",1,4035925,0.039555605223,0.000021902926,0,1,0,0,0
06271931,06/27/1931,"June 27, 1931",1,6269568,0.060770687787,0.000021902926,0,1,0,0,0
07021931,07/02/1931,"July 02, 1931",1,5314404,0.051756525947,0.000021902926,0,1,0,0,0
07111931,07/11/1931,"July 11, 1931",1,7513075,0.072377753244,0.000021902926,0,1,0,0,0
07141931,07/14/1931,"July 14, 1931",1,5583984,0.054309358222,0.000021902926,0,1,0,0,0
07301931,07/30/1931,"July 30, 1931",1,1326379,0.013176154485,0.000021902926,0,1,0,0,0
08011931,08/01/1931,"August 01, 1931",1,3568727,0.035057929831,0.000021902926,0,1,0,0,0
08071931,08/07/1931,"August 07, 1931",1,1566062,0.015538571220,0.000021902926,0,1,0,0,0
09171931,09/17/1931,"September 17, 1931",1,704648,0.007021652262,0.000021902926,0,1,0,0,0
09201931,09/20/1931,"September 20, 1931",1,4978645,0.048567362153,0.000021902926,0,1,0,0,0
10041931,10/04/1931,"October 04, 1931",1,9135286,0.087304345771,0.000021902926,1,0,0,0,0
10191931,10/19/1931,"October 19, 1931",1,5979946,0.058046530065,0.000021902926,1,0,0,0,0
11041931,11/04/1931,"November 04, 1931",1,553296,0.005517621755,0.000021902926,1,0,0,0,0
11191931,11/19/1931,"November 19, 1931",2,9078899,0.086789558944,0.000021902926,2,0,0,0,0
11241931,11/24/1931,"November 24, 1931",1,4886404,0.047689346282,0.000021902926,1,0,0,0,0
12211931,12/21/1931,"December 21, 1931",1,3301880,0.032479572234,0.000021902926,1,0,0,0,0
01111932,01/11/1932,"January 11, 1932",1,7791892,0.074960519521,0.000021902926,0,1,0,0,0
01271932,01/27/1932,"January 27, 1932",1,3415094,0.033574321001,0.000021902926,0,1,0,0,0
01291932,01/29/1932,"January 29, 1932",1,9355333,0.089310497150,0.000021902926,0,2,0,0,0
01311932,01/31/1932,"January 31, 1932",1,4865203,0.047487425494,0.000021902926,0,1,0,0,0
02031932,02/03/1932,"February 03, 1932",1,7356600,0.070925120111,0.000021902926,0,1,0,0,0
02041932,02/04/1932,"February 04, 1932",1,8186053,0.078599488015,0.000021902926,0,1,0,0,0
02051932,02/05/1932,"February 05, 1932",1,8201060,0.078737752216,0.000021902926,0,1,0,0,0
02071932,02/07/1932,"February 07, 1932",1,912610,0.009084524176,0.000021902926,0,1,0,0,0
02281932,02/28/1932,"February 28, 1932",1,1680550,0.016665016487,0.000021902926,0,1,0,0,0
03281932,03/28/1932,"March 28, 1932",1,6752792,0.065298321168,0.000021902926,0,1,0,0,0
04211932,04/21/1932,"April 21, 1932",1,1279322,0.012711675507,0.000021902926,0,1,0,0,0
04281932,04/28/1932,"April 28, 1932",1,5623718,0.054685044303,0.000021902926,0,1,0,0,0
05051932,05/05/1932,"May 05, 1932",1,982968,0.009781467287,0.000021902926,0,1,0,0,0
05111932,05/11/1932,"May 11, 1932",1,5374859,0.052329613298,0.000021902926,0,1,0,0,0
05131932,05/13/1932,"May 13, 1932",1,8609037,0.082488633765,0.000021902926,0,1,0,0,0
05141932,05/14/1932,"May 14, 1932",1,2233383,0.022086217928,0.000021902926,0,1,0,0,0
05281932,05/28/1932,"May 28, 1932",1,3038137,0.029924436792,0.000021902926,0,2,0,0,0
06081932,06/08/1932,"June 08, 1932",1,6052191,0.058726798597,0.000021902926,0,1,0,0,0
06141932,06/14/1932,"June 14, 1932",1,5953601,0.057798339730,0.000021902926,0,1,0,0,0
06251932,06/25/1932,"June 25, 1932",1,1414759,0.014047924117,0.000021902926,0,1,0,0,0
07011932,07/01/1932,"July 01, 1932",1,3607366,0.035430701779,0.000021902926,0,1,0,0,0
07041932,07/04/1932,"July 04, 1932",1,9208272,0.087970242792,0.000021902926,0,1,0,0,0
07131932,07/13/1932,"July 13, 1932",1,9270429,0.088536956990,0.000021902926,0,1,0,0,0
08061932,08/06/1932,"August 06, 1932",1,3217703,0.031664799678,0.000021902926,0,1,0,0,0
08261932,08/26/1932,"August 26, 1932",1,6760713,0.065372355957,0.000021902926,0,1,0,0,0
09041932,09/04/1932,"September 04, 1932",1,6629882,0.064148773013,0.000021902926,0,1,0,0,0
09081932,09/08/1932,"September 08, 1932",1,4957248,0.048363762328,0.000021902926,0,1,0,0,0
09171932,09/17/1932,"September 17, 1932",1,1415886,0.014059035734,0.000021902926,0,1,0,0,0
10131932,10/13/1932,"October 13, 1932",1,5667975,0.055103319782,0.000021902926,1,0,0,0,0
10151932,10/15/1932,"October 15, 1932",1,60880,0.000608554761,0.000021902926,1,0,0,0,0
10221932,10/22/1932,"October 22, 1932",1,9296999,0.088779100553,0.000021902926,2,0,0,0,0
11061932,11/06/1932,"November 06, 1932",1,2342703,0.023154689152,0.000021902926,1,0,0,0,0
11151932,11/15/1932,"November 15, 1932",1,4903160,0.047848902089,0.000021902926,1,0,0,0,0
11221932,11/22/1932,"November 22, 1932",1,355266,0.003546297018,0.000021902926,1,0,0,0,0
11231932,11/23/1932,"November 23, 1932",1,1077120,0.010713339092,0.000021902926,1,0,0,0,0
12011932,12/01/1932,"December 01, 1932",1,554980,0.005534368697,0.000021902926,1,0,0,0,0
12161932,12/16/1932,"December 16, 1932",1,942489,0.009380555586,0.000021902926,1,0,0,0,0
12251932,12/25/1932,"December 25, 1932",1,1969933,0.019506507412,0.000021902926,2,0,0,0,0
01081933,01/08/1933,"January 08, 1933",1,5838054,0.056709024752,0.000021902926,0,1,0,0,0
01151933,01/15/1933,"January 15, 1933",1,6664891,0.064476347829,0.000021902926,0,1,0,0,0
01181933,01/18/1933,"January 18, 1933",2,1942935,0.019241758039,0.000021902926,0,2,0,0,0
02051933,02/05/1933,"February 05, 1933",1,437468,0.004365065331,0.000021902926,0,1,0,0,0
02071933,02/07/1933,"February 07, 1933",1,8942789,0.085545741913,0.000021902926,0,1,0,0,0
03251933,03/25/1933,"March 25, 1933",1,3101163,0.030535643993,0.000021902926,0,1,0,0,0
03261933,03/26/1933,"March 26, 1933",1,294544,0.002941046653,0.000021902926,0,2,0,0,0
03271933,03/27/1933,"March 27, 1933",1,6121250,0.059376608062,0.000021902926,0,1,0,0,0
03281933,03/28/1933,"March 28, 1933",1,3520676,0.034594154096,0.000021902926,0,1,0,0,0
04071933,04/07/1933,"April 07, 1933",2,6771074,0.065469187712,0.000021902926,0,2,0,0,0
04091933,04/09/1933,"April 09, 1933",1,1576092,0.015637307751,0.000021902926,0,1,0,0,0
04241933,04/24/1933,"April 24, 1933",1,6279313,0.060862211225,0.000021902926,0,1,0,0,0
04251933,04/25/1933,"April 25, 1933",1,5650493,0.054938118503,0.000021902926,0,2,0,0,0
04271933,04/27/1933,"April 27, 1933",1,8854874,0.084741445947,0.000021902926,0,1,0,0,0
04281933,04/28/1933,"April 28, 1933",1,792482,0.007893441952,0.000021902926,0,1,0,0,0
05021933,05/02/1933,"May 02, 1933",1,2019300,0.019990428180,0.000021902926,0,1,0,0,0
05091933,05/09/1933,"May 09, 1933",1,2103530,0.020815542705,0.000021902926,0,2,0,0,0
05171933,05/17/1933,"May 17, 1933",1,3833345,0.037607964850,0.000021902926,0,1,0,0,0
05311933,05/31/1933,"May 31, 1933",1,4106521,0.040233401278,0.000021902926,0,1,0,0,0
06101933,06/10/1933,"June 10, 1933",1,2927032,0.028846035359,0.000021902926,0,1,0,0,0
07031933,07/03/1933,"July 03, 1933",1,3496513,0.034360854895,0.000021902926,0,1,0,0,0
07061933,07/06/1933,"July 06, 1933",1,2852691,0.028123801358,0.000021902926,0,2,0,0,0
07071933,07/07/1933,"July 07, 1933",2,1433488,0.014232565792,0.000021902926,0,2,0,0,0
07131933,07/13/1933,"July 13, 1933",1,9099452,0.086977231801,0.000021902926,0,1,0,0,0
07291933,07/29/1933,"July 29, 1933",1,9894152,0.094204269145,0.000021902926,0,1,0,0,0
08201933,08/20/1933,"August 20, 1933",1,2238068,0.022132032116,0.000021902926,0,1,0,0,0
08211933,08/21/1933,"August 21, 1933",1,6379770,0.061805167171,0.000021902926,0,1,0,0,0
08271933,08/27/1933,"August 27, 1933",1,6281679,0.060884430962,0.000021902926,0,1,0,0,0
08281933,08/28/1933,"August 28, 1933",2,7481515,0.072084949458,0.000021902926,0,4,0,0,0
09051933,09/05/1933,"September 05, 1933",1,3660758,0.035945567163,0.000021902926,0,2,0,0,0
09121933,09/12/1933,"September 12, 1933",1,4519931,0.044192982123,0.000021902926,0,1,0,0,0
09141933,09/14/1933,"September 14, 1933",1,519504,0.005181509480,0.000021902926,0,1,0,0,0
09171933,09/17/1933,"September 17, 1933",2,4517939,0.044173942257,0.000021902926,0,2,0,0,0
09181933,09/18/1933,"September 18, 1933",1,5985036,0.058094474277,0.000021902926,0,1,0,0,0
09201933,09/20/1933,"September 20, 1933",1,6317939,0.061224892542,0.000021902926,0,1,0,0,0
09261933,09/26/1933,"September 26, 1933",1,9063505,0.086648968507,0.000021902926,0,1,0,0,0
09271933,09/27/1933,"September 27, 1933",1,1501068,0.014898522378,0.000021902926,0,1,0,0,0
10051933,10/05/1933,"October 05, 1933",1,5390390,0.052476784558,0.000021902926,1,0,0,0,0
10171933,10/17/1933,"October 17, 1933",1,6293767,0.060997944393,0.000021902926,1,0,0,0,0
11061933,11/06/1933,"November 06, 1933",1,3131932,0.030833892597,0.000021902926,1,0,0,0,0
11201933,11/20/1933,"November 20, 1933",1,7087459,0.068421230679,0.000021902926,1,0,0,0,0
12021933,12/02/1933,"December 02, 1933",1,366146,0.003654705285,0.000021902926,1,0,0,0,0
12191933,12/19/1933,"December 19, 1933",1,2689711,0.026538546040,0.000021902926,1,0,0,0,0
12201933,12/20/1933,"December 20, 1933",1,4759791,0.046482833542,0.000021902926,1,0,0,0,0
12221933,12/22/1933,"December 22, 1933",1,2610183,0.025764063683,0.000021902926,1,0,0,0,0
01201934,01/20/1934,"January 20, 1934",1,4241348,0.041526553848,0.000021902926,0,1,0,0,0
02051934,02/05/1934,"February 05, 1934",1,5629374,0.054738509805,0.000021902926,0,1,0,0,0
02071934,02/07/1934,"February 07, 1934",1,1274898,0.012667996905,0.000021902926,0,2,0,0,0
02161934,02/16/1934,"February 16, 1934",1,2248562,0.022234644197,0.000021902926,0,1,0,0,0
02181934,02/18/1934,"February 18, 1934",1,3652292,0.035863946859,0.000021902926,0,1,0,0,0
03111934,03/11/1934,"March 11, 1934",1,8207116,0.078793542169,0.000021902926,0,1,0,0,0
03141934,03/14/1934,"March 14, 1934",1,9270973,0.088541915335,0.000021902926,0,1,0,0,0
03201934,03/20/1934,"March 20, 1934",1,2063330,0.020421831419,0.000021902926,0,1,0,0,0
03241934,03/24/1934,"March 24, 1934",1,3727530,0.036589070731,0.000021902926,0,1,0,0,0
03271934,03/27/1934,"March 27, 1934",1,4814671,0.047005980204,0.000021902926,0,2,0,0,0
03301934,03/30/1934,"March 30, 1934",1,913670,0.009095027824,0.000021902926,0,1,0,0,0
04131934,04/13/1934,"April 13, 1934",1,7071907,0.068276340280,0.000021902926,0,1,0,0,0
04151934,04/15/1934,"April 15, 1934",1,5775553,0.056119274173,0.000021902926,0,1,0,0,0
04241934,04/24/1934,"April 24, 1934",1,9665939,0.092134764972,0.000021902926,0,1,0,0,0
04301934,04/30/1934,"April 30, 1934",1,2065553,0.020443607200,0.000021902926,0,1,0,0,0
05071934,05/07/1934,"May 07, 1934",1,6512896,0.063053317446,0.000021902926,0,1,0,0,0
05141934,05/14/1934,"May 14, 1934",1,3804427,0.037329620074,0.000021902926,0,2,0,0,0
05161934,05/16/1934,"May 16, 1934",1,2313872,0.022873014275,0.000021902926,0,1,0,0,0
05261934,05/26/1934,"May 26, 1934",1,5806673,0.056412964157,0.000021902926,0,2,0,0,0
06151934,06/15/1934,"June 15, 1934",1,5086959,0.049597339006,0.000021902926,0,1,0,0,0
06161934,06/16/1934,"June 16, 1934",1,9834381,0.093662704140,0.000021902926,0,1,0,0,0
07051934,07/05/1934,"July 05, 1934",1,810865,0.008075804140,0.000021902926,0,1,0,0,0
07131934,07/13/1934,"July 13, 1934",1,4887889,0.047703487990,0.000021902926,0,2,0,0,0
07161934,07/16/1934,"July 16, 1934",1,8481366,0.081316489732,0.000021902926,0,1,0,0,0
07171934,07/17/1934,"July 17, 1934",1,255685,0.002553524222,0.000021902926,0,1,0,0,0
07241934,07/24/1934,"July 24, 1934",1,3211687,0.031606542879,0.000021902926,0,2,0,0,0
08211934,08/21/1934,"August 21, 1934",1,1453199,0.014426851264,0.000021902926,0,1,0,0,0
08221934,08/22/1934,"August 22, 1934",1,5346984,0.052065413354,0.000021902926,0,1,0,0,0
08291934,08/29/1934,"August 29, 1934",1,3384072,0.033274469916,0.000021902926,0,1,0,0,0
09181934,09/18/1934,"September 18, 1934",1,32797,0.000327856247,0.000021902926,0,1,0,0,0
10091934,10/09/1934,"October 09, 1934",1,3383921,0.033273010159,0.000021902926,1,0,0,0,0
11031934,11/03/1934,"November 03, 1934",1,1445020,0.014346237939,0.000021902926,1,0,0,0,0
11051934,11/05/1934,"November 05, 1934",1,7187120,0.069349188922,0.000021902926,2,0,0,0,0
11181934,11/18/1934,"November 18, 1934",1,1769360,0.017537928620,0.000021902926,1,0,0,0,0
11251934,11/25/1934,"November 25, 1934",1,8318401,0.079818136570,0.000021902926,1,0,0,0,0
12051934,12/05/1934,"December 05, 1934",1,7893792,0.075902654661,0.000021902926,1,0,0,0,0
01161935,01/16/1935,"January 16, 1935",1,266205,0.002658450073,0.000021902926,0,1,0,0,0
02031935,02/03/1935,"February 03, 1935",1,5329759,0.051902117556,0.000021902926,0,1,0,0,0
02161935,02/16/1935,"February 16, 1935",1,7225545,0.069706722804,0.000021902926,0,1,0,0,0
03021935,03/02/1935,"March 02, 1935",1,6060165,0.058801852730,0.000021902926,0,1,0,0,0
03121935,03/12/1935,"March 12, 1935",1,8630594,0.082686400375,0.000021902926,0,1,0,0,0
03291935,03/29/1935,"March 29, 1935",2,4145572,0.040608126565,0.000021902926,0,2,0,0,0
04021935,04/02/1935,"April 02, 1935",1,154699,0.001545734136,0.000021902926,0,1,0,0,0
04051935,04/05/1935,"April 05, 1935",1,8877136,0.084945178130,0.000021902926,0,1,0,0,0
04261935,04/26/1935,"April 26, 1935",1,6133594,0.059492711448,0.000021902926,0,1,0,0,0
05061935,05/06/1935,"May 06, 1935",1,9773238,0.093108372871,0.000021902926,0,1,0,0,0
05111935,05/11/1935,"May 11, 1935",1,1735934,0.017209475954,0.000021902926,0,1,0,0,0
05121935,05/12/1935,"May 12, 1935",1,4898379,0.047803378656,0.000021902926,0,1,0,0,0
05201935,05/20/1935,"May 20, 1935",1,7672970,0.073859789683,0.000021902926,0,1,0,0,0
05271935,05/27/1935,"May 27, 1935",1,4429203,0.043325404014,0.000021902926,0,1,0,0,0
05291935,05/29/1935,"May 29, 1935",1,4270974,0.041810469135,0.000021902926,0,1,0,0,0
06041935,06/04/1935,"June 04, 1935",1,9825344,0.093580794736,0.000021902926,0,1,0,0,0
06111935,06/11/1935,"June 11, 1935",1,2243442,0.022184581329,0.000021902926,0,1,0,0,0
06241935,06/24/1935,"June 24, 1935",1,3995103,0.039163452571,0.000021902926,0,1,0,0,0
06281935,06/28/1935,"June 28, 1935",1,5205722,0.050725395740,0.000021902926,0,2,0,0,0
07051935,07/05/1935,"July 05, 1935",1,2366566,0.023387765941,0.000021902926,0,1,0,0,0
07111935,07/11/1935,"July 11, 1935",1,7979228,0.076691829309,0.000021902926,0,1,0,0,0
07171935,07/17/1935,"July 17, 1935",1,5613405,0.054587548943,0.000021902926,0,1,0,0,0
07221935,07/22/1935,"July 22, 1935",1,5060949,0.049350107120,0.000021902926,0,1,0,0,0
08011935,08/01/1935,"August 01, 1935",1,4132331,0.040481085075,0.000021902926,0,1,0,0,0
08141935,08/14/1935,"August 14, 1935",1,9633370,0.091839034185,0.000021902926,0,1,0,0,0
08151935,08/15/1935,"August 15, 1935",1,1425738,0.014156165854,0.000021902926,0,1,0,0,0
08261935,08/26/1935,"August 26, 1935",1,5009834,0.048864058211,0.000021902926,0,1,0,0,0
08291935,08/29/1935,"August 29, 1935",1,8460059,0.081120724979,0.000021902926,0,1,0,0,0
10091935,10/09/1935,"October 09, 1935",1,2166012,0.021427165647,0.000021902926,1,0,0,0,0
10231935,10/23/1935,"October 23, 1935",1,9771546,0.093093028135,0.000021902926,1,0,0,0,0
11031935,11/03/1935,"November 03, 1935",1,6570573,0.063593564375,0.000021902926,3,0,0,0,0
11051935,11/05/1935,"November 05, 1935",1,7819469,0.075215582490,0.000021902926,1,0,0,0,0
11091935,11/09/1935,"November 09, 1935",2,757433,0.007545657578,0.000021902926,2,0,0,0,0
11281935,11/28/1935,"November 28, 1935",1,7183827,0.069318542086,0.000021902926,1,0,0,0,0
12011935,12/01/1935,"December 01, 1935",1,2462018,0.024319517101,0.000021902926,1,0,0,0,0
12021935,12/02/1935,"December 02, 1935",1,6689552,0.064707028874,0.000021902926,1,0,0,0,0
12051935,12/05/1935,"December 05, 1935",1,9837275,0.093688933162,0.000021902926,1,0,0,0,0
12181935,12/18/1935,"December 18, 1935",1,3857629,0.037841643759,0.000021902926,1,0,0,0,0
12211935,12/21/1935,"December 21, 1935",1,6146091,0.059610239301,0.000021902926,1,0,0,0,0
12261935,12/26/1935,"December 26, 1935",1,7822008,0.075239062468,0.000021902926,1,0,0,0,0
01061936,01/06/1936,"January 06, 1936",1,3491570,0.034313122172,0.000021902926,0,1,0,0,0
01171936,01/17/1936,"January 17, 1936",1,8756775,0.083843145910,0.000021902926,0,1,0,0,0
01221936,01/22/1936,"January 22, 1936",1,6553493,0.063433612495,0.000021902926,0,1,0,0,0
01231936,01/23/1936,"January 23, 1936",1,8400861,0.080576605783,0.000021902926,0,1,0,0,0
01241936,01/24/1936,"January 24, 1936",2,823897,0.008205063280,0.000021902926,0,2,0,0,0
02051936,02/05/1936,"February 05, 1936",1,4037674,0.039572403249,0.000021902926,0,1,0,0,0
02171936,02/17/1936,"February 17, 1936",1,3521728,0.034604310113,0.000021902926,0,1,0,0,0
02211936,02/21/1936,"February 21, 1936",1,308371,0.003078900465,0.000021902926,0,2,0,0,0
03121936,03/12/1936,"March 12, 1936",1,1941551,0.019228184251,0.000021902926,0,1,0,0,0
03181936,03/18/1936,"March 18, 1936",1,4217432,0.041297297923,0.000021902926,0,1,0,0,0
03191936,03/19/1936,"March 19, 1936",1,3439476,0.033809926188,0.000021902926,0,1,0,0,0
03211936,03/21/1936,"March 21, 1936",1,7061692,0.068181159846,0.000021902926,0,1,0,0,0
03291936,03/29/1936,"March 29, 1936",1,3010971,0.029660870263,0.000021902926,0,1,0,0,0
04031936,04/03/1936,"April 03, 1936",1,6926024,0.066916121918,0.000021902926,0,1,0,0,0
04101936,04/10/1936,"April 10, 1936",1,4512682,0.044123693160,0.000021902926,0,1,0,0,0
04171936,04/17/1936,"April 17, 1936",1,5485002,0.053372831281,0.000021902926,0,1,0,0,0
04191936,04/19/1936,"April 19, 1936",1,4402747,0.043072272698,0.000021902926,0,2,0,0,0
04241936,04/24/1936,"April 24, 1936",1,3856045,0.037826403050,0.000021902926,0,1,0,0,0
05021936,05/02/1936,"May 02, 1936",1,1927986,0.019095133529,0.000021902926,0,1,0,0,0
05111936,05/11/1936,"May 11, 1936",1,3258511,0.032059877293,0.000021902926,0,2,0,0,0
05201936,05/20/1936,"May 20, 1936",1,9125837,0.087218101083,0.000021902926,0,1,0,0,0
07081936,07/08/1936,"July 08, 1936",1,2219828,0.021953652729,0.000021902926,0,1,0,0,0
07091936,07/09/1936,"July 09, 1936",1,5322511,0.051833396931,0.000021902926,0,1,0,0,0
07131936,07/13/1936,"July 13, 1936",1,6823067,0.065954952029,0.000021902926,0,1,0,0,0
07261936,07/26/1936,"July 26, 1936",1,6018157,0.058406391152,0.000021902926,0,1,0,0,0
08201936,08/20/1936,"August 20, 1936",1,4675896,0.045682544653,0.000021902926,0,1,0,0,0
08231936,08/23/1936,"August 23, 1936",2,1217984,0.012105906825,0.000021902926,0,2,0,0,0
09031936,09/03/1936,"September 03, 1936",1,1863242,0.018459850844,0.000021902926,0,1,0,0,0
09041936,09/04/1936,"September 04, 1936",1,9654947,0.092034966940,0.000021902926,0,3,0,0,0
09121936,09/12/1936,"September 12, 1936",1,2674645,0.026391873287,0.000021902926,0,1,0,0,0
09131936,09/13/1936,"September 13, 1936",1,9993181,0.095100825609,0.000021902926,0,1,0,0,0
09191936,09/19/1936,"September 19, 1936",1,8087127,0.077687532329,0.000021902926,0,1,0,0,0
09261936,09/26/1936,"September 26, 1936",1,2037213,0.020165961575,0.000021902926,0,1,0,0,0
10051936,10/05/1936,"October 05, 1936",1,1164812,0.011580484096,0.000021902926,1,0,0,0,0
10111936,10/11/1936,"October 11, 1936",1,915135,0.009109544476,0.000021902926,1,0,0,0,0
10191936,10/19/1936,"October 19, 1936",1,207468,0.002072469484,0.000021902926,1,0,0,0,0
10271936,10/27/1936,"October 27, 1936",1,7164617,0.069139741003,0.000021902926,1,0,0,0,0
11041936,11/04/1936,"November 04, 1936",1,3159069,0.031096859524,0.000021902926,1,0,0,0,0
11051936,11/05/1936,"November 05, 1936",1,3631536,0.035663810008,0.000021902926,1,0,0,0,0
11081936,11/08/1936,"November 08, 1936",1,9524154,0.090846635264,0.000021902926,1,0,0,0,0
01271937,01/27/1937,"January 27, 1937",1,9548226,0.091065460326,0.000021902926,0,1,0,0,0
02191937,02/19/1937,"February 19, 1937",1,2769243,0.027312451619,0.000021902926,0,2,0,0,0
02221937,02/22/1937,"February 22, 1937",1,1128552,0.011222018190,0.000021902926,0,1,0,0,0
02281937,02/28/1937,"February 28, 1937",1,8275540,0.079423652884,0.000021902926,0,1,0,0,0
03011937,03/01/1937,"March 01, 1937",1,6165895,0.059796455652,0.000021902926,0,2,0,0,0
03061937,03/06/1937,"March 06, 1937",1,3154822,0.031055709333,0.000021902926,0,1,0,0,0
04101937,04/10/1937,"April 10, 1937",1,8024035,0.077105443335,0.000021902926,0,1,0,0,0
04151937,04/15/1937,"April 15, 1937",1,5642171,0.054859467180,0.000021902926,0,1,0,0,0
04181937,04/18/1937,"April 18, 1937",1,4195724,0.041089160148,0.000021902926,0,1,0,0,0
05041937,05/04/1937,"May 04, 1937",1,3200529,0.031498483508,0.000021902926,0,1,0,0,0
05171937,05/17/1937,"May 17, 1937",1,9341429,0.089183866077,0.000021902926,0,1,0,0,0
05201937,05/20/1937,"May 20, 1937",1,4785883,0.046731592789,0.000021902926,0,1,0,0,0
06021937,06/02/1937,"June 02, 1937",1,9539384,0.090985088780,0.000021902926,0,1,0,0,0
06081937,06/08/1937,"June 08, 1937",1,9883068,0.094103865181,0.000021902926,0,1,0,0,0
06091937,06/09/1937,"June 09, 1937",1,5043248,0.049181817687,0.000021902926,0,1,0,0,0
07011937,07/01/1937,"July 01, 1937",1,9648592,0.091977263928,0.000021902926,0,1,0,0,0
07061937,07/06/1937,"July 06, 1937",1,6984446,0.067461088981,0.000021902926,0,2,0,0,0
07171937,07/17/1937,"July 17, 1937",1,393206,0.003924279849,0.000021902926,0,1,0,0,0
07261937,07/26/1937,"July 26, 1937",1,1398045,0.013883118313,0.000021902926,0,1,0,0,0
08011937,08/01/1937,"August 01, 1937",1,3795790,0.037246470642,0.000021902926,0,1,0,0,0
08041937,08/04/1937,"August 04, 1937",1,8817680,0.084400961361,0.000021902926,0,1,0,0,0
08061937,08/06/1937,"August 06, 1937",1,9127707,0.087235169945,0.000021902926,0,2,0,0,0
08171937,08/17/1937,"August 17, 1937",1,7796209,0.075000452613,0.000021902926,0,1,0,0,0
09121937,09/12/1937,"September 12, 1937",1,893351,0.008893665384,0.000021902926,0,1,0,0,0
09301937,09/30/1937,"September 30, 1937",1,5030774,0.049063205228,0.000021902926,0,1,0,0,0
10021937,10/02/1937,"October 02, 1937",1,754290,0.007514464247,0.000021902926,1,0,0,0,0
10031937,10/03/1937,"October 03, 1937",1,3563028,0.035002936215,0.000021902926,1,0,0,0,0
10081937,10/08/1937,"October 08, 1937",1,5319284,0.051802799100,0.000021902926,1,0,0,0,0
11021937,11/02/1937,"November 02, 1937",1,9641903,0.091916524255,0.000021902926,1,0,0,0,0
11051937,11/05/1937,"November 05, 1937",1,6583574,0.063715298664,0.000021902926,1,0,0,0,0
11071937,11/07/1937,"November 07, 1937",1,8095578,0.077765473663,0.000021902926,1,0,0,0,0
11271937,11/27/1937,"November 27, 1937",1,7621717,0.073384993373,0.000021902926,1,0,0,0,0
12071937,12/07/1937,"December 07, 1937",1,571556,0.005699197660,0.000021902926,1,0,0,0,0
12181937,12/18/1937,"December 18, 1937",1,9247096,0.088324260503,0.000021902926,1,0,0,0,0
01041938,01/04/1938,"January 04, 1938",1,3464271,0.034049463322,0.000021902926,0,1,0,0,0
01061938,01/06/1938,"January 06, 1938",1,4675120,0.045675139121,0.000021902926,0,1,0,0,0
01111938,01/11/1938,"January 11, 1938",1,5654462,0.054975627265,0.000021902926,0,2,0,0,0
01171938,01/17/1938,"January 17, 1938",1,9688272,0.092337495878,0.000021902926,0,1,0,0,0
01271938,01/27/1938,"January 27, 1938",1,9250557,0.088355813054,0.000021902926,0,1,0,0,0
01281938,01/28/1938,"January 28, 1938",1,3687767,0.036205913467,0.000021902926,0,1,0,0,0
02071938,02/07/1938,"February 07, 1938",1,8444053,0.080973637390,0.000021902926,0,1,0,0,0
02131938,02/13/1938,"February 13, 1938",1,348805,0.003481914064,0.000021902926,0,1,0,0,0
02171938,02/17/1938,"February 17, 1938",1,8059901,0.077436389348,0.000021902926,0,1,0,0,0
02251938,02/25/1938,"February 25, 1938",1,4185522,0.040991327073,0.000021902926,0,1,0,0,0
03091938,03/09/1938,"March 09, 1938",1,7689713,0.074014840360,0.000021902926,0,1,0,0,0
03191938,03/19/1938,"March 19, 1938",1,5417099,0.052729824743,0.000021902926,0,1,0,0,0
04091938,04/09/1938,"April 09, 1938",1,1307606,0.012990880653,0.000021902926,0,1,0,0,0
04131938,04/13/1938,"April 13, 1938",1,8523036,0.081699225406,0.000021902926,0,1,0,0,0
04261938,04/26/1938,"April 26, 1938",2,911517,0.009073693410,0.000021902926,0,2,0,0,0
04281938,04/28/1938,"April 28, 1938",1,8286178,0.079521578588,0.000021902926,0,1,0,0,0
05051938,05/05/1938,"May 05, 1938",1,1389873,0.013802529548,0.000021902926,0,1,0,0,0
05231938,05/23/1938,"May 23, 1938",1,7511796,0.072365888879,0.000021902926,0,1,0,0,0
05301938,05/30/1938,"May 30, 1938",1,2932934,0.028903351175,0.000021902926,0,1,0,0,0
06171938,06/17/1938,"June 17, 1938",1,4770741,0.046587237957,0.000021902926,0,1,0,0,0
06181938,06/18/1938,"June 18, 1938",1,145684,0.001455719426,0.000021902926,0,1,0,0,0
07031938,07/03/1938,"July 03, 1938",1,4396200,0.043009620588,0.000021902926,0,1,0,0,0
07221938,07/22/1938,"July 22, 1938",1,5166844,0.050356265005,0.000021902926,0,1,0,0,0
07231938,07/23/1938,"July 23, 1938",1,6219402,0.060299395801,0.000021902926,0,1,0,0,0
07241938,07/24/1938,"July 24, 1938",1,8667965,0.083029145596,0.000021902926,0,1,0,0,0
08111938,08/11/1938,"August 11, 1938",1,2419749,0.023907019541,0.000021902926,0,1,0,0,0
09011938,09/01/1938,"September 01, 1938",1,8745798,0.083742573851,0.000021902926,0,1,0,0,0
09171938,09/17/1938,"September 17, 1938",1,7726759,0.074357817292,0.000021902926,0,1,0,0,0
09251938,09/25/1938,"September 25, 1938",1,77678,0.000776418439,0.000021902926,0,1,0,0,0
10051938,10/05/1938,"October 05, 1938",1,8570246,0.082132652887,0.000021902926,1,0,0,0,0
10101938,10/10/1938,"October 10, 1938",1,7744863,0.074525380386,0.000021902926,1,0,0,0,0
10201938,10/20/1938,"October 20, 1938",1,5091794,0.049643289864,0.000021902926,1,0,0,0,0
10301938,10/30/1938,"October 30, 1938",1,8342289,0.080037923364,0.000021902926,1,0,0,0,0
11011938,11/01/1938,"November 01, 1938",1,3278118,0.032249642711,0.000021902926,2,0,0,0,0
11091938,11/09/1938,"November 09, 1938",1,9641184,0.091909995111,0.000021902926,1,0,0,0,0
11111938,11/11/1938,"November 11, 1938",1,5026423,0.049021829067,0.000021902926,1,0,0,0,0
11141938,11/14/1938,"November 14, 1938",1,3675216,0.036084940079,0.000021902926,1,0,0,0,0
12021938,12/02/1938,"December 02, 1938",1,1455613,0.014450642713,0.000021902926,2,0,0,0,0
12091938,12/09/1938,"December 09, 1938",1,2682433,0.026467694936,0.000021902926,2,0,0,0,0
01191939,01/19/1939,"January 19, 1939",1,914654,0.009104778281,0.000021902926,0,1,0,0,0
01221939,01/22/1939,"January 22, 1939",1,7392386,0.071257539368,0.000021902926,0,1,0,0,0
01271939,01/27/1939,"January 27, 1939",1,5289369,0.051519103473,0.000021902926,0,1,0,0,0
02091939,02/09/1939,"February 09, 1939",1,5495103,0.053468445263,0.000021902926,0,1,0,0,0
02171939,02/17/1939,"February 17, 1939",1,5069787,0.049434121846,0.000021902926,0,1,0,0,0
03131939,03/13/1939,"March 13, 1939",1,3485492,0.034254425939,0.000021902926,0,1,0,0,0
03151939,03/15/1939,"March 15, 1939",1,1434830,0.014245794702,0.000021902926,0,1,0,0,0
03261939,03/26/1939,"March 26, 1939",1,3363543,0.033075990458,0.000021902926,0,1,0,0,0
04091939,04/09/1939,"April 09, 1939",1,3048608,0.030026008088,0.000021902926,0,1,0,0,0
04211939,04/21/1939,"April 21, 1939",2,147180,0.001470657537,0.000021902926,0,2,0,0,0
04241939,04/24/1939,"April 24, 1939",1,7183129,0.069312045907,0.000021902926,0,1,0,0,0
04291939,04/29/1939,"April 29, 1939",1,278996,0.002786011874,0.000021902926,0,1,0,0,0
04301939,04/30/1939,"April 30, 1939",1,1625344,0.016122006697,0.000021902926,0,1,0,0,0
05021939,05/02/1939,"May 02, 1939",1,5213476,0.050798999640,0.000021902926,0,2,0,0,0
05151939,05/15/1939,"May 15, 1939",1,2769921,0.027319046418,0.000021902926,0,1,0,0,0
05201939,05/20/1939,"May 20, 1939",1,7265091,0.070074543853,0.000021902926,0,1,0,0,0
06121939,06/12/1939,"June 12, 1939",1,2931590,0.028890299548,0.000021902926,0,1,0,0,0
06131939,06/13/1939,"June 13, 1939",1,6468451,0.062636798935,0.000021902926,0,1,0,0,0
06271939,06/27/1939,"June 27, 1939",1,4252162,0.041630197563,0.000021902926,0,1,0,0,0
07251939,07/25/1939,"July 25, 1939",1,3270850,0.032179304058,0.000021902926,0,2,0,0,0
08021939,08/02/1939,"August 02, 1939",1,9547494,0.091058806900,0.000021902926,0,1,0,0,0
08101939,08/10/1939,"August 10, 1939",1,7397492,0.071304959748,0.000021902926,0,2,0,0,0
09191939,09/19/1939,"September 19, 1939",3,6043163,0.058641816615,0.000021902926,0,4,0,0,0
10071939,10/07/1939,"October 07, 1939",1,7268003,0.070101622889,0.000021902926,1,0,0,0,0
10121939,10/12/1939,"October 12, 1939",1,5125514,0.049963696126,0.000021902926,1,0,0,0,0
10241939,10/24/1939,"October 24, 1939",1,5981066,0.058057079885,0.000021902926,2,0,0,0,0
10281939,10/28/1939,"October 28, 1939",1,3655350,0.035893429689,0.000021902926,2,0,0,0,0
11281939,11/28/1939,"November 28, 1939",1,4315231,0.042234441255,0.000021902926,1,0,0,0,0
12021939,12/02/1939,"December 02, 1939",1,689838,0.006874581277,0.000021902926,1,0,0,0,0
12101939,12/10/1939,"December 10, 1939",1,2245564,0.022205330352,0.000021902926,1,0,0,0,0
12201939,12/20/1939,"December 20, 1939",1,8637426,0.082749069100,0.000021902926,1,0,0,0,0
12211939,12/21/1939,"December 21, 1939",1,6775477,0.065510334198,0.000021902926,1,0,0,0,0
12221939,12/22/1939,"December 22, 1939",1,106703,0.001066401001,0.000021902926,1,0,0,0,0
01051940,01/05/1940,"January 05, 1940",1,9683306,0.092292420239,0.000021902926,0,2,0,0,0
01061940,01/06/1940,"January 06, 1940",1,5746281,0.055842940962,0.000021902926,0,1,0,0,0
01181940,01/18/1940,"January 18, 1940",1,4077116,0.039951140410,0.000021902926,0,1,0,0,0
01251940,01/25/1940,"January 25, 1940",1,4909300,0.047907362372,0.000021902926,0,1,0,0,0
01311940,01/31/1940,"January 31, 1940",1,2572352,0.025395430758,0.000021902926,0,1,0,0,0
02031940,02/03/1940,"February 03, 1940",1,3163275,0.031137610734,0.000021902926,0,2,0,0,0
02131940,02/13/1940,"February 13, 1940",1,7270646,0.070126199778,0.000021902926,0,1,0,0,0
03071940,03/07/1940,"March 07, 1940",1,4997526,0.048746985194,0.000021902926,0,1,0,0,0
03221940,03/22/1940,"March 22, 1940",2,5381228,0.052389968504,0.000021902926,0,2,0,0,0
03261940,03/26/1940,"March 26, 1940",1,1406663,0.013968098205,0.000021902926,0,1,0,0,0
04141940,04/14/1940,"April 14, 1940",1,7002701,0.067631308423,0.000021902926,0,1,0,0,0
04171940,04/17/1940,"April 17, 1940",1,4966852,0.048455153085,0.000021902926,0,1,0,0,0
05051940,05/05/1940,"May 05, 1940",1,6045032,0.058659410436,0.000021902926,0,1,0,0,0
06121940,06/12/1940,"June 12, 1940",1,8986507,0.085945435654,0.000021902926,0,1,0,0,0
06161940,06/16/1940,"June 16, 1940",1,1253467,0.012456379106,0.000021902926,0,1,0,0,0
07021940,07/02/1940,"July 02, 1940",1,1077310,0.010715218735,0.000021902926,0,1,0,0,0
07031940,07/03/1940,"July 03, 1940",1,6597692,0.063847474009,0.000021902926,0,1,0,0,0
07201940,07/20/1940,"July 20, 1940",1,4965005,0.048437577889,0.000021902926,0,2,0,0,0
08041940,08/04/1940,"August 04, 1940",1,5299611,0.051616241913,0.000021902926,0,1,0,0,0
08121940,08/12/1940,"August 12, 1940",1,4283164,0.041927265322,0.000021902926,0,1,0,0,0
08191940,08/19/1940,"August 19, 1940",1,6644508,0.064285640606,0.000021902926,0,1,0,0,0
09031940,09/03/1940,"September 03, 1940",1,9647486,0.091967221141,0.000021902926,0,1,0,0,0
10301940,10/30/1940,"October 30, 1940",1,7731056,0.074397591282,0.000021902926,1,0,0,0,0
11021940,11/02/1940,"November 02, 1940",1,910136,0.009060008623,0.000021902926,1,0,0,0,0
11071940,11/07/1940,"November 07, 1940",1,949836,0.009453333724,0.000021902926,1,0,0,0,0
11201940,11/20/1940,"November 20, 1940",1,9629451,0.091803442659,0.000021902926,1,0,0,0,0
11261940,11/26/1940,"November 26, 1940",1,2992047,0.029477225909,0.000021902926,1,0,0,0,0
11291940,11/29/1940,"November 29, 1940",1,9460558,0.090268266194,0.000021902926,1,0,0,0,0
12171940,12/17/1940,"December 17, 1940",1,7702998,0.074137849318,0.000021902926,1,0,0,0,0
01081941,01/08/1941,"January 08, 1941",1,9611636,0.091641633028,0.000021902926,0,1,0,0,0
01121941,01/12/1941,"January 12, 1941",1,9932270,0.094549474568,0.000021902926,0,1,0,0,0
01131941,01/13/1941,"January 13, 1941",1,2562224,0.025296717807,0.000021902926,0,1,0,0,0
01151941,01/15/1941,"January 15, 1941",1,8953878,0.085647140125,0.000021902926,0,1,0,0,0
01171941,01/17/1941,"January 17, 1941",1,1506046,0.014947559510,0.000021902926,0,1,0,0,0
01191941,01/19/1941,"January 19, 1941",1,5506393,0.053575302645,0.000021902926,0,1,0,0,0
01251941,01/25/1941,"January 25, 1941",1,6618642,0.064043577422,0.000021902926,0,1,0,0,0
02141941,02/14/1941,"February 14, 1941",1,8213641,0.078853648930,0.000021902926,0,1,0,0,0
02151941,02/15/1941,"February 15, 1941",1,9329962,0.089079416801,0.000021902926,0,1,0,0,0
02181941,02/18/1941,"February 18, 1941",1,1252638,0.012448192336,0.000021902926,0,1,0,0,0
02221941,02/22/1941,"February 22, 1941",1,978804,0.009740233728,0.000021902926,0,1,0,0,0
03121941,03/12/1941,"March 12, 1941",1,3465059,0.034057074982,0.000021902926,0,1,0,0,0
03261941,03/26/1941,"March 26, 1941",1,3445841,0.033871422230,0.000021902926,0,1,0,0,0
04021941,04/02/1941,"April 02, 1941",1,8199069,0.078719409702,0.000021902926,0,1,0,0,0
04181941,04/18/1941,"April 18, 1941",1,8684129,0.083177352788,0.000021902926,0,1,0,0,0
04211941,04/21/1941,"April 21, 1941",1,371514,0.003708187665,0.000021902926,0,1,0,0,0
05111941,05/11/1941,"May 11, 1941",1,2115259,0.020930384516,0.000021902926,0,1,0,0,0
05291941,05/29/1941,"May 29, 1941",1,4588777,0.044850790565,0.000021902926,0,1,0,0,0
05301941,05/30/1941,"May 30, 1941",1,8918382,0.085322523821,0.000021902926,0,1,0,0,0
06051941,06/05/1941,"June 05, 1941",1,9104144,0.087020069825,0.000021902926,0,1,0,0,0
06171941,06/17/1941,"June 17, 1941",1,9537375,0.090966826486,0.000021902926,0,1,0,0,0
07171941,07/17/1941,"July 17, 1941",1,1989075,0.019694175515,0.000021902926,0,1,0,0,0
07221941,07/22/1941,"July 22, 1941",1,7381205,0.071153690867,0.000021902926,0,1,0,0,0
07261941,07/26/1941,"July 26, 1941",1,9900289,0.094259856124,0.000021902926,0,1,0,0,0
08011941,08/01/1941,"August 01, 1941",2,3729329,0.036606402338,0.000021902926,0,2,0,0,0
08031941,08/03/1941,"August 03, 1941",1,7507111,0.072322428203,0.000021902926,0,1,0,0,0
08091941,08/09/1941,"August 09, 1941",1,5924020,0.057519585827,0.000021902926,0,1,0,0,0
08111941,08/11/1941,"August 11, 1941",1,8423494,0.080784675335,0.000021902926,0,1,0,0,0
09021941,09/02/1941,"September 02, 1941",1,9518217,0.090792657226,0.000021902926,0,1,0,0,0
09091941,09/09/1941,"September 09, 1941",1,2316382,0.022897539855,0.000021902926,0,1,0,0,0
09111941,09/11/1941,"September 11, 1941",1,1380463,0.013709723998,0.000021902926,0,1,0,0,0
09271941,09/27/1941,"September 27, 1941",1,3299468,0.032456235360,0.000021902926,0,1,0,0,0
10021941,10/02/1941,"October 02, 1941",1,2199862,0.021758356498,0.000021902926,1,0,0,0,0
10171941,10/17/1941,"October 17, 1941",1,9745451,0.092856339878,0.000021902926,2,0,0,0,0
10231941,10/23/1941,"October 23, 1941",1,6234966,0.060445639424,0.000021902926,1,0,0,0,0
11071941,11/07/1941,"November 07, 1941",1,1157149,0.011504738605,0.000021902926,1,0,0,0,0
11181941,11/18/1941,"November 18, 1941",1,2264100,0.022386557577,0.000021902926,1,0,0,0,0
11221941,11/22/1941,"November 22, 1941",1,6819725,0.065923735722,0.000021902926,1,0,0,0,0
12171941,12/17/1941,"December 17, 1941",1,7631496,0.073475602625,0.000021902926,1,0,0,0,0
12271941,12/27/1941,"December 27, 1941",1,1529320,0.015176793940,0.000021902926,1,0,0,0,0
01041942,01/04/1942,"January 04, 1942",1,9344918,0.089215643898,0.000021902926,0,1,0,0,0
01071942,01/07/1942,"January 07, 1942",1,1473208,0.014624034870,0.000021902926,0,1,0,0,0
01261942,01/26/1942,"January 26, 1942",1,1653128,0.016395329390,0.000021902926,0,1,0,0,0
01301942,01/30/1942,"January 30, 1942",1,6935733,0.067006710635,0.000021902926,0,1,0,0,0
02181942,02/18/1942,"February 18, 1942",1,7653809,0.073682314953,0.000021902926,0,1,0,0,0
03061942,03/06/1942,"March 06, 1942",1,3851800,0.037785557914,0.000021902926,0,1,0,0,0
03251942,03/25/1942,"March 25, 1942",1,4705639,0.045966345089,0.000021902926,0,1,0,0,0
03261942,03/26/1942,"March 26, 1942",1,6029734,0.058515393135,0.000021902926,0,1,0,0,0
03311942,03/31/1942,"March 31, 1942",1,4629751,0.045242073239,0.000021902926,0,1,0,0,0
04201942,04/20/1942,"April 20, 1942",1,1606983,0.015941340271,0.000021902926,0,1,0,0,0
04301942,04/30/1942,"April 30, 1942",1,6352427,0.061548601480,0.000021902926,0,1,0,0,0
05141942,05/14/1942,"May 14, 1942",1,8312238,0.079761424014,0.000021902926,0,2,0,0,0
05251942,05/25/1942,"May 25, 1942",1,220625,0.002203758174,0.000021902926,0,1,0,0,0
06041942,06/04/1942,"June 04, 1942",1,5903399,0.057325216899,0.000021902926,0,1,0,0,0
06051942,06/05/1942,"June 05, 1942",1,2465142,0.024349996884,0.000021902926,0,1,0,0,0
07011942,07/01/1942,"July 01, 1942",1,6815757,0.065886670840,0.000021902926,0,1,0,0,0
07031942,07/03/1942,"July 03, 1942",1,8993239,0.086006967737,0.000021902926,0,1,0,0,0
07101942,07/10/1942,"July 10, 1942",1,950530,0.009460208094,0.000021902926,0,1,0,0,0
07211942,07/21/1942,"July 21, 1942",1,9605206,0.091583223707,0.000021902926,0,1,0,0,0
07241942,07/24/1942,"July 24, 1942",1,2133208,0.021106101953,0.000021902926,0,1,0,0,0
07291942,07/29/1942,"July 29, 1942",1,8160698,0.078365837293,0.000021902926,0,1,0,0,0
08121942,08/12/1942,"August 12, 1942",1,41784,0.000417692746,0.000021902926,0,1,0,0,0
08141942,08/14/1942,"August 14, 1942",1,926972,0.009226829238,0.000021902926,0,1,0,0,0
09171942,09/17/1942,"September 17, 1942",1,4695230,0.045867034556,0.000021902926,0,2,0,0,0
10031942,10/03/1942,"October 03, 1942",1,9717655,0.092604155176,0.000021902926,1,0,0,0,0
10041942,10/04/1942,"October 04, 1942",2,1959504,0.019404246412,0.000021902926,2,0,0,0,0
10061942,10/06/1942,"October 06, 1942",1,1334552,0.013256804303,0.000021902926,1,0,0,0,0
10171942,10/17/1942,"October 17, 1942",1,8341702,0.080032523171,0.000021902926,1,0,0,0,0
10201942,10/20/1942,"October 20, 1942",1,4043036,0.039623899996,0.000021902926,1,0,0,0,0
12161942,12/16/1942,"December 16, 1942",1,4802063,0.046885819142,0.000021902926,1,0,0,0,0
12241942,12/24/1942,"December 24, 1942",1,5985627,0.058100040922,0.000021902926,2,0,0,0,0
01061943,01/06/1943,"January 06, 1943",1,9154032,0.087475423664,0.000021902926,0,1,0,0,0
02201943,02/20/1943,"February 20, 1943",1,2969596,0.029259309377,0.000021902926,0,1,0,0,0
03171943,03/17/1943,"March 17, 1943",1,945234,0.009407747717,0.000021902926,0,1,0,0,0
03201943,03/20/1943,"March 20, 1943",1,3839348,0.037665735510,0.000021902926,0,1,0,0,0
04091943,04/09/1943,"April 09, 1943",1,5133615,0.050040655451,0.000021902926,0,1,0,0,0
04141943,04/14/1943,"April 14, 1943",1,6012997,0.058357803667,0.000021902926,0,1,0,0,0
04161943,04/16/1943,"April 16, 1943",1,5831437,0.056646605123,0.000021902926,0,2,1,0,0
04201943,04/20/1943,"April 20, 1943",1,906404,0.009023026052,0.000021902926,0,1,0,0,0
05061943,05/06/1943,"May 06, 1943",1,2798692,0.027598856204,0.000021902926,0,1,0,0,0
05201943,05/20/1943,"May 20, 1943",1,5855354,0.056872199977,0.000021902926,0,2,0,0,0
05211943,05/21/1943,"May 21, 1943",1,1649449,0.016359141908,0.000021902926,0,1,0,0,0
05251943,05/25/1943,"May 25, 1943",1,3633419,0.035681968288,0.000021902926,0,1,0,0,0
05271943,05/27/1943,"May 27, 1943",1,916064,0.009118749805,0.000021902926,0,2,0,0,0
05291943,05/29/1943,"May 29, 1943",1,6281944,0.060886919615,0.000021902926,0,1,0,0,0
06011943,06/01/1943,"June 01, 1943",1,1233225,0.012256460292,0.000021902926,0,1,0,0,0
06051943,06/05/1943,"June 05, 1943",1,4142139,0.040575190076,0.000021902926,0,2,0,0,0
06181943,06/18/1943,"June 18, 1943",1,6447366,0.062439135064,0.000021902926,0,1,0,0,0
06271943,06/27/1943,"June 27, 1943",1,5272391,0.051358056714,0.000021902926,0,1,0,0,0
06301943,06/30/1943,"June 30, 1943",1,2710022,0.026736245720,0.000021902926,0,1,0,0,0
07011943,07/01/1943,"July 01, 1943",1,9935855,0.094581934388,0.000021902926,0,1,0,0,0
07021943,07/02/1943,"July 02, 1943",1,1733211,0.017182714203,0.000021902926,0,1,0,0,0
07131943,07/13/1943,"July 13, 1943",1,2652126,0.026172601783,0.000021902926,0,1,0,0,0
07191943,07/19/1943,"July 19, 1943",1,646103,0.006440142876,0.000021902926,0,1,0,0,0
07251943,07/25/1943,"July 25, 1943",1,5221351,0.050873746276,0.000021902926,0,1,0,0,0
07271943,07/27/1943,"July 27, 1943",1,9504717,0.090669905948,0.000021902926,0,1,0,0,0
07281943,07/28/1943,"July 28, 1943",1,6625299,0.064105881968,0.000021902926,0,1,0,0,0
08021943,08/02/1943,"August 02, 1943",1,345097,0.003444962488,0.000021902926,0,2,1,0,0
08131943,08/13/1943,"August 13, 1943",1,4559820,0.044574167957,0.000021902926,0,1,0,0,0
09031943,09/03/1943,"September 03, 1943",1,8550208,0.081948712198,0.000021902926,0,1,0,0,0
09061943,09/06/1943,"September 06, 1943",1,7298147,0.070381889214,0.000021902926,0,1,0,0,0
09081943,09/08/1943,"September 08, 1943",1,4662132,0.045551183357,0.000021902926,0,1,0,0,0
10101943,10/10/1943,"October 10, 1943",1,583164,0.005814609400,0.000021902926,1,0,0,0,0
10221943,10/22/1943,"October 22, 1943",1,7771910,0.074775659661,0.000021902926,1,0,0,0,0
11021943,11/02/1943,"November 02, 1943",1,2173315,0.021498628212,0.000021902926,1,0,0,0,0
11041943,11/04/1943,"November 04, 1943",1,5153011,0.050224891699,0.000021902926,1,0,0,0,0
11301943,11/30/1943,"November 30, 1943",1,565599,0.005639965397,0.000021902926,1,0,0,0,0
12181943,12/18/1943,"December 18, 1943",1,931658,0.009273255782,0.000021902926,1,0,0,0,0
12301943,12/30/1943,"December 30, 1943",1,9013279,0.086190113591,0.000021902926,1,0,0,0,0
01121944,01/12/1944,"January 12, 1944",1,1277129,0.012690024037,0.000021902926,0,1,0,0,0
01181944,01/18/1944,"January 18, 1944",1,7460529,0.071890196769,0.000021902926,0,2,0,0,0
02161944,02/16/1944,"February 16, 1944",1,2786638,0.027481635905,0.000021902926,0,1,0,0,0
02271944,02/27/1944,"February 27, 1944",1,2382863,0.023546911470,0.000021902926,0,1,0,0,0
03091944,03/09/1944,"March 09, 1944",1,3585968,0.035224281154,0.000021902926,0,1,0,0,0
03191944,03/19/1944,"March 19, 1944",2,428082,0.004271610650,0.000021902926,0,2,0,0,0
03251944,03/25/1944,"March 25, 1944",1,3587848,0.035242418767,0.000021902926,0,2,1,0,0
04051944,04/05/1944,"April 05, 1944",1,4409205,0.043134069096,0.000021902926,0,1,0,0,0
04261944,04/26/1944,"April 26, 1944",1,2362128,0.023344422927,0.000021902926,0,1,0,0,0
04281944,04/28/1944,"April 28, 1944",1,2781783,0.027434418991,0.000021902926,0,1,0,0,0
05071944,05/07/1944,"May 07, 1944",1,5026022,0.049018015637,0.000021902926,0,1,0,0,0
05131944,05/13/1944,"May 13, 1944",1,5181723,0.050497551986,0.000021902926,0,1,0,0,0
05151944,05/15/1944,"May 15, 1944",1,5096129,0.049684486935,0.000021902926,0,1,0,0,0
05231944,05/23/1944,"May 23, 1944",1,8333043,0.079952859737,0.000021902926,0,1,0,0,0
06071944,06/07/1944,"June 07, 1944",1,2415101,0.023861649684,0.000021902926,0,1,0,0,0
06081944,06/08/1944,"June 08, 1944",1,458590,0.004575341136,0.000021902926,0,1,0,0,0
06151944,06/15/1944,"June 15, 1944",1,3222126,0.031707628197,0.000021902926,0,1,0,0,0
06211944,06/21/1944,"June 21, 1944",1,3382937,0.033263497519,0.000021902926,0,1,0,0,0
06291944,06/29/1944,"June 29, 1944",1,8232796,0.079030077618,0.000021902926,0,1,0,0,0
07141944,07/14/1944,"July 14, 1944",1,6752831,0.065298685702,0.000021902926,0,1,0,0,0
07311944,07/31/1944,"July 31, 1944",1,3605944,0.035416985506,0.000021902926,0,2,0,0,0
08011944,08/01/1944,"August 01, 1944",1,8514918,0.081624674722,0.000021902926,0,1,0,0,0
08171944,08/17/1944,"August 17, 1944",1,5154113,0.050235358163,0.000021902926,0,1,0,0,0
08181944,08/18/1944,"August 18, 1944",1,5538559,0.053879680660,0.000021902926,0,1,0,0,0
08241944,08/24/1944,"August 24, 1944",1,4655887,0.045491576167,0.000021902926,0,1,0,0,0
08261944,08/26/1944,"August 26, 1944",1,603847,0.006020215503,0.000021902926,0,1,0,0,0
08291944,08/29/1944,"August 29, 1944",1,2394589,0.023661403647,0.000021902926,0,1,0,0,0
09061944,09/06/1944,"September 06, 1944",1,3567695,0.035047971577,0.000021902926,0,1,0,0,0
09181944,09/18/1944,"September 18, 1944",1,9701965,0.092461773597,0.000021902926,0,1,0,0,0
09271944,09/27/1944,"September 27, 1944",1,2882523,0.028413688227,0.000021902926,0,1,0,0,0
10231944,10/23/1944,"October 23, 1944",1,1957530,0.019384889260,0.000021902926,2,0,0,0,0
11081944,11/08/1944,"November 08, 1944",1,878991,0.008751332294,0.000021902926,1,0,0,0,0
12051944,12/05/1944,"December 05, 1944",1,1505849,0.014945618955,0.000021902926,1,0,0,0,0
12071944,12/07/1944,"December 07, 1944",1,6636646,0.064212071850,0.000021902926,1,0,0,0,0
12301944,12/30/1944,"December 30, 1944",1,3572090,0.035090380287,0.000021902926,1,0,0,0,0
01251945,01/25/1945,"January 25, 1945",1,1320959,0.013122667183,0.000021902926,0,1,0,0,0
02211945,02/21/1945,"February 21, 1945",1,9313115,0.088925941082,0.000021902926,0,2,0,0,0
02231945,02/23/1945,"February 23, 1945",1,6081747,0.059004960198,0.000021902926,0,1,0,0,0
02241945,02/24/1945,"February 24, 1945",1,6034838,0.058563445284,0.000021902926,0,1,0,0,0
02281945,02/28/1945,"February 28, 1945",1,2251616,0.022264504696,0.000021902926,0,1,0,0,0
03071945,03/07/1945,"March 07, 1945",1,4579557,0.044762721748,0.000021902926,0,1,0,0,0
03121945,03/12/1945,"March 12, 1945",1,7066406,0.068225084752,0.000021902926,0,1,0,0,0
03181945,03/18/1945,"March 18, 1945",1,2751562,0.027140455527,0.000021902926,0,1,0,0,0
03281945,03/28/1945,"March 28, 1945",1,483931,0.004827559743,0.000021902926,0,1,0,0,0
04031945,04/03/1945,"April 03, 1945",1,4542836,0.044411884652,0.000021902926,0,1,0,0,0
04041945,04/04/1945,"April 04, 1945",1,1144261,0.011377333125,0.000021902926,0,1,0,0,0
04221945,04/22/1945,"April 22, 1945",1,2993552,0.029491832167,0.000021902926,0,1,0,0,0
04241945,04/24/1945,"April 24, 1945",1,5915595,0.057440178506,0.000021902926,0,1,0,0,0
04261945,04/26/1945,"April 26, 1945",2,273439,0.002730595152,0.000021902926,0,2,0,0,0
05141945,05/14/1945,"May 14, 1945",1,3174075,0.031242242222,0.000021902926,0,1,0,0,0
05191945,05/19/1945,"May 19, 1945",1,998670,0.009936939196,0.000021902926,0,2,0,0,0
06051945,06/05/1945,"June 05, 1945",1,3891777,0.038170145507,0.000021902926,0,1,0,0,0
06061945,06/06/1945,"June 06, 1945",1,1896503,0.018786266629,0.000021902926,0,1,0,0,0
06171945,06/17/1945,"June 17, 1945",1,7820200,0.075222342639,0.000021902926,0,1,0,0,0
06241945,06/24/1945,"June 24, 1945",1,613213,0.006113307291,0.000021902926,0,1,0,0,0
07021945,07/02/1945,"July 02, 1945",1,3020141,0.029749846283,0.000021902926,0,1,0,0,0
07131945,07/13/1945,"July 13, 1945",1,1772111,0.017564955780,0.000021902926,0,1,0,0,0
07211945,07/21/1945,"July 21, 1945",1,2540545,0.025085388974,0.000021902926,0,1,0,0,0
08041945,08/04/1945,"August 04, 1945",2,3307791,0.032536760677,0.000021902926,0,2,0,0,0
08071945,08/07/1945,"August 07, 1945",1,9275820,0.088586092639,0.000021902926,0,1,0,0,0
08171945,08/17/1945,"August 17, 1945",1,702102,0.006996370711,0.000021902926,0,1,0,0,0
09021945,09/02/1945,"September 02, 1945",1,2207474,0.021832817418,0.000021902926,0,1,0,0,0
09051945,09/05/1945,"September 05, 1945",1,7634542,0.073503824129,0.000021902926,0,1,0,0,0
09061945,09/06/1945,"September 06, 1945",1,4155824,0.040706478379,0.000021902926,0,1,0,0,0
09131945,09/13/1945,"September 13, 1945",2,1674105,0.016601638504,0.000021902926,0,2,0,0,0
09251945,09/25/1945,"September 25, 1945",1,3300914,0.032470225941,0.000021902926,0,1,0,0,0
10131945,10/13/1945,"October 13, 1945",1,9558199,0.091156103848,0.000021902926,1,0,0,0,0
11131945,11/13/1945,"November 13, 1945",1,2086712,0.020650849613,0.000021902926,1,0,0,0,0
11151945,11/15/1945,"November 15, 1945",1,8064637,0.077480080926,0.000021902926,1,0,0,0,0
11231945,11/23/1945,"November 23, 1945",1,4397587,0.043022893953,0.000021902926,1,0,0,0,0
11271945,11/27/1945,"November 27, 1945",1,7494075,0.072201488271,0.000021902926,1,0,0,0,0
12131945,12/13/1945,"December 13, 1945",1,8469437,0.081206893438,0.000021902926,1,0,0,0,0
12191945,12/19/1945,"December 19, 1945",1,8142876,0.078201569013,0.000021902926,1,0,0,0,0
12271945,12/27/1945,"December 27, 1945",1,183200,0.001830263040,0.000021902926,2,0,0,0,0
12301945,12/30/1945,"December 30, 1945",1,9368932,0.089434333396,0.000021902926,1,0,0,0,0
01011946,01/01/1946,"January 01, 1946",1,2285539,0.022596125660,0.000021902926,0,1,0,0,0
01161946,01/16/1946,"January 16, 1946",1,110350,0.001102831445,0.000021902926,0,1,0,0,0
01221946,01/22/1946,"January 22, 1946",1,2316481,0.022898507186,0.000021902926,0,1,0,0,0
02081946,02/08/1946,"February 08, 1946",1,2662316,0.026271829740,0.000021902926,0,1,0,0,0
02221946,02/22/1946,"February 22, 1946",1,7720226,0.074297343112,0.000021902926,0,1,0,0,0
03011946,03/01/1946,"March 01, 1946",1,4832298,0.047173949657,0.000021902926,0,1,0,0,0
03181946,03/18/1946,"March 18, 1946",1,3881584,0.038072101192,0.000021902926,0,1,0,0,0
04071946,04/07/1946,"April 07, 1946",1,3899079,0.038240375759,0.000021902926,0,1,0,0,0
04141946,04/14/1946,"April 14, 1946",1,426441,0.004255270613,0.000021902926,0,2,0,0,0
04161946,04/16/1946,"April 16, 1946",1,4445275,0.043479148402,0.000021902926,0,1,0,0,0
04171946,04/17/1946,"April 17, 1946",1,4314734,0.042229681148,0.000021902926,0,1,0,0,0
04201946,04/20/1946,"April 20, 1946",1,8390625,0.080482488786,0.000021902926,0,1,0,0,0
05111946,05/11/1946,"May 11, 1946",1,264451,0.002640956549,0.000021902926,0,1,0,0,0
05261946,05/26/1946,"May 26, 1946",1,5053874,0.049282846260,0.000021902926,0,1,0,0,0
06071946,06/07/1946,"June 07, 1946",1,6663981,0.064467834525,0.000021902926,0,1,0,0,0
06081946,06/08/1946,"June 08, 1946",1,5162939,0.050319180692,0.000021902926,0,1,0,0,0
06121946,06/12/1946,"June 12, 1946",1,4791376,0.046783954385,0.000021902926,0,2,0,0,0
06151946,06/15/1946,"June 15, 1946",1,942095,0.009376652537,0.000021902926,0,1,0,0,0
06251946,06/25/1946,"June 25, 1946",1,1357886,0.013487024102,0.000021902926,0,1,0,0,0
06271946,06/27/1946,"June 27, 1946",1,3937714,0.038611879824,0.000021902926,0,1,0,0,0
07111946,07/11/1946,"July 11, 1946",1,5509394,0.053603704424,0.000021902926,0,1,0,0,0
07121946,07/12/1946,"July 12, 1946",1,2127374,0.021048991617,0.000021902926,0,1,0,0,0
07131946,07/13/1946,"July 13, 1946",1,3180396,0.031303475466,0.000021902926,0,1,0,0,0
07161946,07/16/1946,"July 16, 1946",2,263304,0.002629516775,0.000021902926,0,3,0,0,0
08121946,08/12/1946,"August 12, 1946",1,8986493,0.085945307687,0.000021902926,0,1,0,0,0
08131946,08/13/1946,"August 13, 1946",1,8352878,0.080135332992,0.000021902926,0,1,0,0,0
08161946,08/16/1946,"August 16, 1946",1,6592908,0.063802687400,0.000021902926,0,1,0,0,0
08251946,08/25/1946,"August 25, 1946",1,1234517,0.012269221856,0.000021902926,0,1,0,0,0
09011946,09/01/1946,"September 01, 1946",1,3834596,0.037620004299,0.000021902926,0,1,0,0,0
09131946,09/13/1946,"September 13, 1946",1,4255599,0.041663136168,0.000021902926,0,1,0,0,0
09181946,09/18/1946,"September 18, 1946",1,4907792,0.047893004707,0.000021902926,0,3,2,0,0
10111946,10/11/1946,"October 11, 1946",1,1694628,0.016803440643,0.000021902926,1,0,0,0,0
11061946,11/06/1946,"November 06, 1946",1,4721734,0.046119884451,0.000021902926,1,0,0,0,0
11081946,11/08/1946,"November 08, 1946",1,4574501,0.044714423729,0.000021902926,1,0,0,0,0
11101946,11/10/1946,"November 10, 1946",1,5647302,0.054907961097,0.000021902926,1,0,0,0,0
11111946,11/11/1946,"November 11, 1946",1,9653702,0.092023662705,0.000021902926,2,0,0,0,0
11161946,11/16/1946,"November 16, 1946",1,2460250,0.024302266918,0.000021902926,1,0,0,0,0
11241946,11/24/1946,"November 24, 1946",1,4806023,0.046923561716,0.000021902926,1,0,0,0,0
12141946,12/14/1946,"December 14, 1946",1,2120877,0.020985387103,0.000021902926,1,0,0,0,0
12211946,12/21/1946,"December 21, 1946",1,582074,0.005803772720,0.000021902926,1,0,0,0,0
12261946,12/26/1946,"December 26, 1946",1,3119614,0.030714503362,0.000021902926,1,0,0,0,0
01061947,01/06/1947,"January 06, 1947",1,3509332,0.034484632244,0.000021902926,0,1,0,0,0
01071947,01/07/1947,"January 07, 1947",1,7626297,0.073427431369,0.000021902926,0,1,0,0,0
01171947,01/17/1947,"January 17, 1947",1,2650010,0.026151995377,0.000021902926,0,1,0,0,0
01251947,01/25/1947,"January 25, 1947",1,1586559,0.015740335603,0.000021902926,0,1,0,0,0
02261947,02/26/1947,"February 26, 1947",1,8096136,0.077770619717,0.000021902926,0,1,0,0,0
03221947,03/22/1947,"March 22, 1947",1,4825715,0.047111223053,0.000021902926,0,1,0,0,0
04081947,04/08/1947,"April 08, 1947",1,112179,0.001121101107,0.000021902926,0,1,0,0,0
04151947,04/15/1947,"April 15, 1947",1,5135020,0.050054002286,0.000021902926,0,1,0,0,0
04221947,04/22/1947,"April 22, 1947",1,4726699,0.046167243424,0.000021902926,0,1,0,0,0
05091947,05/09/1947,"May 09, 1947",1,5470630,0.053236772246,0.000021902926,0,1,0,0,0
05161947,05/16/1947,"May 16, 1947",1,9645126,0.091945791314,0.000021902926,0,1,0,0,0
05231947,05/23/1947,"May 23, 1947",1,7364108,0.070994872435,0.000021902926,0,1,0,0,0
07011947,07/01/1947,"July 01, 1947",1,5506310,0.053574517112,0.000021902926,0,1,0,0,0
07181947,07/18/1947,"July 18, 1947",1,4043382,0.039627222892,0.000021902926,0,1,0,0,0
07231947,07/23/1947,"July 23, 1947",1,2849115,0.028089046443,0.000021902926,0,1,0,0,0
07311947,07/31/1947,"July 31, 1947",1,5921198,0.057492988654,0.000021902926,0,1,0,0,0
08061947,08/06/1947,"August 06, 1947",1,1499540,0.014883469913,0.000021902926,0,2,0,0,0
09141947,09/14/1947,"September 14, 1947",1,4248916,0.041599088374,0.000021902926,0,1,0,0,0
09211947,09/21/1947,"September 21, 1947",1,9227259,0.088143393446,0.000021902926,0,1,0,0,0
09261947,09/26/1947,"September 26, 1947",1,3644475,0.035788577397,0.000021902926,0,2,1,0,0
10171947,10/17/1947,"October 17, 1947",1,9568821,0.091252636121,0.000021902926,1,0,0,0,0
10191947,10/19/1947,"October 19, 1947",1,865950,0.008622055124,0.000021902926,1,0,0,0,0
10221947,10/22/1947,"October 22, 1947",1,3133147,0.030845667894,0.000021902926,1,0,0,0,0
10271947,10/27/1947,"October 27, 1947",1,5631968,0.054763029570,0.000021902926,1,0,0,0,0
10311947,10/31/1947,"October 31, 1947",1,59034,0.000590105825,0.000021902926,1,0,0,0,0
11101947,11/10/1947,"November 10, 1947",1,4387148,0.042922989897,0.000021902926,1,0,0,0,0
11211947,11/21/1947,"November 21, 1947",1,3725389,0.036568443882,0.000021902926,1,0,0,0,0
12031947,12/03/1947,"December 03, 1947",1,2738878,0.027017050195,0.000021902926,1,0,0,0,0
12111947,12/11/1947,"December 11, 1947",1,4416121,0.043200243656,0.000021902926,1,0,0,0,0
12211947,12/21/1947,"December 21, 1947",1,3370623,0.033144446255,0.000021902926,2,0,0,0,0
12221947,12/22/1947,"December 22, 1947",2,889211,0.008852632732,0.000021902926,4,2,0,0,0
12251947,12/25/1947,"December 25, 1947",1,6191045,0.060032887113,0.000021902926,1,0,0,0,0
01021948,01/02/1948,"January 02, 1948",1,8094687,0.077757256517,0.000021902926,0,1,0,0,0
01301948,01/30/1948,"January 30, 1948",1,8507123,0.081553084575,0.000021902926,0,1,0,0,0
03011948,03/01/1948,"March 01, 1948",1,8518381,0.081656477510,0.000021902926,0,1,0,0,0
03031948,03/03/1948,"March 03, 1948",1,7184596,0.069325698999,0.000021902926,0,1,0,0,0
03111948,03/11/1948,"March 11, 1948",1,6618109,0.064038588761,0.000021902926,0,1,0,0,0
03301948,03/30/1948,"March 30, 1948",1,5947516,0.057741005014,0.000021902926,0,2,0,0,0
04021948,04/02/1948,"April 02, 1948",1,2654324,0.026194006274,0.000021902926,0,1,0,0,0
04091948,04/09/1948,"April 09, 1948",1,2416618,0.023876457591,0.000021902926,0,1,0,0,0
04141948,04/14/1948,"April 14, 1948",1,4985088,0.048628660984,0.000021902926,0,1,0,0,0
04161948,04/16/1948,"April 16, 1948",1,3809885,0.037382161190,0.000021902926,0,1,0,0,0
04221948,04/22/1948,"April 22, 1948",1,3020774,0.029755987947,0.000021902926,0,1,0,0,0
05121948,05/12/1948,"May 12, 1948",1,6245988,0.060549191400,0.000021902926,0,2,0,0,0
05131948,05/13/1948,"May 13, 1948",1,7105089,0.068585453541,0.000021902926,0,1,0,0,0
05281948,05/28/1948,"May 28, 1948",1,1697620,0.016832857444,0.000021902926,0,1,0,0,0
06221948,06/22/1948,"June 22, 1948",1,5889437,0.057193591456,0.000021902926,0,1,0,0,0
07061948,07/06/1948,"July 06, 1948",1,377724,0.003770055466,0.000021902926,0,1,0,0,0
07131948,07/13/1948,"July 13, 1948",1,5877911,0.057084917325,0.000021902926,0,1,0,0,0
07221948,07/22/1948,"July 22, 1948",1,2042177,0.020214599330,0.000021902926,0,1,0,0,0
08031948,08/03/1948,"August 03, 1948",1,9050802,0.086532938155,0.000021902926,0,1,0,0,0
08111948,08/11/1948,"August 11, 1948",1,1586861,0.015743308062,0.000021902926,0,1,0,0,0
08221948,08/22/1948,"August 22, 1948",1,5835657,0.056686413796,0.000021902926,0,1,0,0,0
09141948,09/14/1948,"September 14, 1948",1,7273809,0.070155611222,0.000021902926,0,1,0,0,0
09201948,09/20/1948,"September 20, 1948",1,3218144,0.031669070027,0.000021902926,0,1,0,0,0
09291948,09/29/1948,"September 29, 1948",2,1325234,0.013164855287,0.000021902926,0,3,0,0,0
10011948,10/01/1948,"October 01, 1948",1,3386780,0.033300648489,0.000021902926,1,0,0,0,0
10121948,10/12/1948,"October 12, 1948",1,7002290,0.067627476380,0.000021902926,1,0,0,0,0
11061948,11/06/1948,"November 06, 1948",1,8394266,0.080515967810,0.000021902926,1,0,0,0,0
11251948,11/25/1948,"November 25, 1948",1,3036009,0.029903793364,0.000021902926,1,0,0,0,0
12231948,12/23/1948,"December 23, 1948",1,7888171,0.075850709689,0.000021902926,1,0,0,0,0
01061949,01/06/1949,"January 06, 1949",1,4026416,0.039464272222,0.000021902926,0,1,0,0,0
01251949,01/25/1949,"January 25, 1949",1,2509665,0.024784288852,0.000021902926,0,1,0,0,0
02131949,02/13/1949,"February 13, 1949",1,4480286,0.043813977303,0.000021902926,0,1,0,0,0
02141949,02/14/1949,"February 14, 1949",1,3701903,0.036342145771,0.000021902926,0,1,0,0,0
03111949,03/11/1949,"March 11, 1949",1,2296085,0.022699197238,0.000021902926,0,1,0,0,0
03311949,03/31/1949,"March 31, 1949",1,6597850,0.063848953129,0.000021902926,0,1,0,0,0
04021949,04/02/1949,"April 02, 1949",1,5122842,0.049938310817,0.000021902926,0,1,0,0,0
04271949,04/27/1949,"April 27, 1949",1,6881506,0.066500639157,0.000021902926,0,1,0,0,0
04291949,04/29/1949,"April 29, 1949",1,4312146,0.042204893731,0.000021902926,0,1,0,0,0
05191949,05/19/1949,"May 19, 1949",1,4084277,0.040019887048,0.000021902926,0,1,0,0,0
06021949,06/02/1949,"June 02, 1949",1,5431151,0.052862925797,0.000021902926,0,1,0,0,0
06041949,06/04/1949,"June 04, 1949",1,1638202,0.016248505598,0.000021902926,0,1,0,0,0
06291949,06/29/1949,"June 29, 1949",1,7562894,0.072839770280,0.000021902926,0,1,0,0,0
07061949,07/06/1949,"July 06, 1949",1,384982,0.003842359213,0.000021902926,0,1,0,0,0
07101949,07/10/1949,"July 10, 1949",1,8902533,0.085177545098,0.000021902926,0,1,0,0,0
07161949,07/16/1949,"July 16, 1949",1,8099048,0.077797474646,0.000021902926,0,1,0,0,0
07231949,07/23/1949,"July 23, 1949",1,6168706,0.059822884402,0.000021902926,0,1,0,0,0
07301949,07/30/1949,"July 30, 1949",1,2840763,0.028007869050,0.000021902926,0,1,0,0,0
08021949,08/02/1949,"August 02, 1949",1,9927518,0.094506446536,0.000021902926,0,1,0,0,0
08111949,08/11/1949,"August 11, 1949",1,5464170,0.053175609366,0.000021902926,0,1,0,0,0
08271949,08/27/1949,"August 27, 1949",1,5125226,0.049960960018,0.000021902926,0,1,0,0,0
09021949,09/02/1949,"September 02, 1949",1,125523,0.001254382616,0.000021902926,0,1,0,0,0
09221949,09/22/1949,"September 22, 1949",1,2372608,0.023446771070,0.000021902926,0,1,0,0,0
10121949,10/12/1949,"October 12, 1949",1,1757160,0.017418060934,0.000021902926,2,0,0,0,0
10231949,10/23/1949,"October 23, 1949",1,3625504,0.035605639494,0.000021902926,1,0,0,0,0
10291949,10/29/1949,"October 29, 1949",1,7303775,0.070434206650,0.000021902926,1,0,0,0,0
11111949,11/11/1949,"November 11, 1949",1,744229,0.007414605253,0.000021902926,1,0,0,0,0
11161949,11/16/1949,"November 16, 1949",1,6299356,0.061050423751,0.000021902926,1,0,0,0,0
11181949,11/18/1949,"November 18, 1949",1,8542897,0.081881591014,0.000021902926,1,0,0,0,0
11191949,11/19/1949,"November 19, 1949",1,2229241,0.022045711900,0.000021902926,2,0,0,0,0
11201949,11/20/1949,"November 20, 1949",1,5531399,0.053811936020,0.000021902926,2,0,0,0,0
11281949,11/28/1949,"November 28, 1949",1,4954805,0.048340513571,0.000021902926,1,0,0,0,0
12071949,12/07/1949,"December 07, 1949",1,9361352,0.089365309902,0.000021902926,1,0,0,0,0
12261949,12/26/1949,"December 26, 1949",1,1828444,0.018118235065,0.000021902926,1,0,0,0,0
01171950,01/17/1950,"January 17, 1950",1,3441713,0.033831539619,0.000021902926,0,1,0,0,0
01251950,01/25/1950,"January 25, 1950",1,2718495,0.026818706865,0.000021902926,0,1,0,0,0
02171950,02/17/1950,"February 17, 1950",1,8663433,0.082987587535,0.000021902926,0,1,0,0,0
03051950,03/05/1950,"March 05, 1950",1,2053092,0.020321537071,0.000021902926,0,1,0,0,0
03121950,03/12/1950,"March 12, 1950",1,3012386,0.029674600465,0.000021902926,0,2,0,0,0
03241950,03/24/1950,"March 24, 1950",1,2347722,0.023203715789,0.000021902926,0,1,0,0,0
03311950,03/31/1950,"March 31, 1950",1,8067740,0.077508706275,0.000021902926,0,1,0,0,0
04171950,04/17/1950,"April 17, 1950",1,9318907,0.088978708963,0.000021902926,0,1,0,0,0
04181950,04/18/1950,"April 18, 1950",1,1225779,0.012182910169,0.000021902926,0,1,0,0,0
05051950,05/05/1950,"May 05, 1950",1,8417817,0.080732489999,0.000021902926,0,1,0,0,0
06011950,06/01/1950,"June 01, 1950",1,3651427,0.035855607046,0.000021902926,0,4,0,0,0
06211950,06/21/1950,"June 21, 1950",1,1913636,0.018954363579,0.000021902926,0,1,0,0,0
07021950,07/02/1950,"July 02, 1950",1,8979247,0.085879072883,0.000021902926,0,1,0,0,0
07151950,07/15/1950,"July 15, 1950",1,5146272,0.050160884197,0.000021902926,0,1,0,0,0
07181950,07/18/1950,"July 18, 1950",1,5157723,0.050269644048,0.000021902926,0,1,0,0,0
07211950,07/21/1950,"July 21, 1950",1,5495388,0.053471142875,0.000021902926,0,2,0,0,0
09031950,09/03/1950,"September 03, 1950",2,2549922,0.025176802432,0.000021902926,0,3,0,0,0
09121950,09/12/1950,"September 12, 1950",1,596736,0.005949531087,0.000021902926,0,1,0,0,0
09231950,09/23/1950,"September 23, 1950",1,162411,0.001622731961,0.000021902926,0,3,0,0,0
10021950,10/02/1950,"October 02, 1950",1,2130405,0.021078663172,0.000021902926,1,0,0,0,0
10081950,10/08/1950,"October 08, 1950",1,4634654,0.045288883873,0.000021902926,1,0,0,0,0
10261950,10/26/1950,"October 26, 1950",1,5586178,0.054330106447,0.000021902926,1,0,0,0,0
11071950,11/07/1950,"November 07, 1950",1,104949,0.001048879551,0.000021902926,1,0,0,0,0
11151950,11/15/1950,"November 15, 1950",1,3709532,0.036415660426,0.000021902926,1,0,0,0,0
11251950,11/25/1950,"November 25, 1950",1,1213191,0.012058555925,0.000021902926,1,0,0,0,0
11261950,11/26/1950,"November 26, 1950",1,8138822,0.078164198547,0.000021902926,2,0,0,0,0
11301950,11/30/1950,"November 30, 1950",1,2989959,0.029456961182,0.000021902926,1,0,0,0,0
12071950,12/07/1950,"December 07, 1950",1,7416959,0.071485731217,0.000021902926,1,0,0,0,0
12151950,12/15/1950,"December 15, 1950",1,3866317,0.037925232447,0.000021902926,1,0,0,0,0
12161950,12/16/1950,"December 16, 1950",1,189097,0.001889123375,0.000021902926,1,0,0,0,0
01191951,01/19/1951,"January 19, 1951",1,2752171,0.027146380224,0.000021902926,0,1,0,0,0
03101951,03/10/1951,"March 10, 1951",1,7699665,0.074106989818,0.000021902926,0,1,0,0,0
03151951,03/15/1951,"March 15, 1951",1,8202164,0.078747922896,0.000021902926,0,2,0,0,0
03241951,03/24/1951,"March 24, 1951",1,6442789,0.062396221921,0.000021902926,0,1,0,0,0
04141951,04/14/1951,"April 14, 1951",1,1448237,0.014377945911,0.000021902926,0,1,0,0,0
05131951,05/13/1951,"May 13, 1951",1,4526574,0.044256474275,0.000021902926,0,1,0,0,0
05261951,05/26/1951,"May 26, 1951",1,7404352,0.071368666043,0.000021902926,0,2,0,0,0
06141951,06/14/1951,"June 14, 1951",1,1810453,0.017941568824,0.000021902926,0,2,0,0,0
06151951,06/15/1951,"June 15, 1951",1,8728721,0.083586091208,0.000021902926,0,1,0,0,0
06201951,06/20/1951,"June 20, 1951",1,7200202,0.069470928699,0.000021902926,0,1,0,0,0
07261951,07/26/1951,"July 26, 1951",1,7590389,0.073094657945,0.000021902926,0,1,0,0,0
07271951,07/27/1951,"July 27, 1951",1,6386019,0.061863793135,0.000021902926,0,1,0,0,0
07311951,07/31/1951,"July 31, 1951",1,3597174,0.035332387865,0.000021902926,0,1,0,0,0
08281951,08/28/1951,"August 28, 1951",1,548450,0.005469427970,0.000021902926,0,2,0,0,0
08311951,08/31/1951,"August 31, 1951",1,8059811,0.077435559040,0.000021902926,0,1,0,0,0
09051951,09/05/1951,"September 05, 1951",1,7494166,0.072202332567,0.000021902926,0,1,0,0,0
09151951,09/15/1951,"September 15, 1951",1,631009,0.006290163631,0.000021902926,0,1,0,0,0
09161951,09/16/1951,"September 16, 1951",1,560415,0.005588416436,0.000021902926,0,1,0,0,0
09221951,09/22/1951,"September 22, 1951",1,7922090,0.076164118734,0.000021902926,0,1,0,0,0
09281951,09/28/1951,"September 28, 1951",1,5710896,0.055508791867,0.000021902926,0,1,0,0,0
10111951,10/11/1951,"October 11, 1951",1,156045,0.001559173240,0.000021902926,1,0,0,0,0
10181951,10/18/1951,"October 18, 1951",1,9990778,0.095079080621,0.000021902926,1,0,0,0,0
11011951,11/01/1951,"November 01, 1951",1,2555346,0.025229675409,0.000021902926,1,0,0,0,0
11201951,11/20/1951,"November 20, 1951",1,6212544,0.060234948923,0.000021902926,2,0,0,0,0
12101951,12/10/1951,"December 10, 1951",1,9174841,0.087665291150,0.000021902926,1,0,0,0,0
12171951,12/17/1951,"December 17, 1951",1,2664924,0.026297224240,0.000021902926,1,0,0,0,0
01121952,01/12/1952,"January 12, 1952",1,8050184,0.077346739485,0.000021902926,0,1,0,0,0
01201952,01/20/1952,"January 20, 1952",1,6723632,0.065025722413,0.000021902926,0,1,0,0,0
01291952,01/29/1952,"January 29, 1952",1,3833556,0.037609995495,0.000021902926,0,1,0,0,0
01311952,01/31/1952,"January 31, 1952",1,9577946,0.091335555535,0.000021902926,0,1,0,0,0
02151952,02/15/1952,"February 15, 1952",1,5913964,0.057424805230,0.000021902926,0,1,0,0,0
02161952,02/16/1952,"February 16, 1952",1,3423603,0.033656550664,0.000021902926,0,1,0,0,0
03071952,03/07/1952,"March 07, 1952",1,6177035,0.059901188494,0.000021902926,0,1,0,0,0
03101952,03/10/1952,"March 10, 1952",1,7841844,0.075422479858,0.000021902926,0,1,0,0,0
03251952,03/25/1952,"March 25, 1952",1,5697045,0.055377961328,0.000021902926,0,1,0,0,0
03261952,03/26/1952,"March 26, 1952",1,3280537,0.032273052309,0.000021902926,0,1,0,0,0
03291952,03/29/1952,"March 29, 1952",1,6227119,0.060371909700,0.000021902926,0,1,0,0,0
04071952,04/07/1952,"April 07, 1952",1,3838681,0.037659316719,0.000021902926,0,1,0,0,0
04091952,04/09/1952,"April 09, 1952",1,8213106,0.078848720784,0.000021902926,0,1,0,0,0
04261952,04/26/1952,"April 26, 1952",1,6901013,0.066682719120,0.000021902926,0,1,0,0,0
05111952,05/11/1952,"May 11, 1952",1,9285963,0.088678532664,0.000021902926,0,1,0,0,0
05201952,05/20/1952,"May 20, 1952",1,9441343,0.090093444444,0.000021902926,0,1,0,0,0
06241952,06/24/1952,"June 24, 1952",1,6805396,0.065789882343,0.000021902926,0,1,0,0,0
06281952,06/28/1952,"June 28, 1952",1,3694027,0.036266245089,0.000021902926,0,1,0,0,0
07011952,07/01/1952,"July 01, 1952",1,6403823,0.062030804039,0.000021902926,0,1,0,0,0
07191952,07/19/1952,"July 19, 1952",1,9609056,0.091618197080,0.000021902926,0,1,0,0,0
07311952,07/31/1952,"July 31, 1952",1,3475068,0.034153751372,0.000021902926,0,1,0,0,0
08211952,08/21/1952,"August 21, 1952",1,7311860,0.070509359007,0.000021902926,0,1,0,0,0
08251952,08/25/1952,"August 25, 1952",1,5076685,0.049499689619,0.000021902926,0,1,0,0,0
09071952,09/07/1952,"September 07, 1952",1,3674133,0.036074500822,0.000021902926,0,1,0,0,0
09081952,09/08/1952,"September 08, 1952",1,7484259,0.072110411098,0.000021902926,0,1,0,0,0
09111952,09/11/1952,"September 11, 1952",1,5990452,0.058145486500,0.000021902926,0,1,0,0,0
09151952,09/15/1952,"September 15, 1952",1,8465379,0.081169608057,0.000021902926,0,1,0,0,0
09221952,09/22/1952,"September 22, 1952",1,84776,0.000847340812,0.000021902926,0,1,0,0,0
10031952,10/03/1952,"October 03, 1952",1,3072030,0.030253168794,0.000021902926,1,0,0,0,0
10051952,10/05/1952,"October 05, 1952",1,1903146,0.018851446493,0.000021902926,1,0,0,0,0
10141952,10/14/1952,"October 14, 1952",1,794777,0.007916210537,0.000021902926,1,0,0,0,0
10161952,10/16/1952,"October 16, 1952",1,7784718,0.074894154807,0.000021902926,1,0,0,0,0
10171952,10/17/1952,"October 17, 1952",1,420160,0.004192725921,0.000021902926,1,0,0,0,0
10181952,10/18/1952,"October 18, 1952",1,2877959,0.028369344015,0.000021902926,4,0,0,0,0
10211952,10/21/1952,"October 21, 1952",1,9673079,0.092199584237,0.000021902926,1,0,0,0,0
10301952,10/30/1952,"October 30, 1952",1,4102803,0.040197716492,0.000021902926,1,0,0,0,0
11261952,11/26/1952,"November 26, 1952",1,891424,0.008874566581,0.000021902926,2,0,0,0,0
12081952,12/08/1952,"December 08, 1952",1,6778941,0.065542704359,0.000021902926,3,0,0,0,0
12141952,12/14/1952,"December 14, 1952",1,7344305,0.070810883331,0.000021902926,1,0,0,0,0
01041953,01/04/1953,"January 04, 1953",1,2547631,0.025154468977,0.000021902926,0,1,0,0,0
01131953,01/13/1953,"January 13, 1953",1,4649617,0.045431726612,0.000021902926,0,1,0,0,0
01201953,01/20/1953,"January 20, 1953",1,5005716,0.048824889626,0.000021902926,0,1,0,0,0
01231953,01/23/1953,"January 23, 1953",1,1787925,0.017720305776,0.000021902926,0,1,0,0,0
01271953,01/27/1953,"January 27, 1953",1,3343366,0.032880874515,0.000021902926,0,1,0,0,0
01281953,01/28/1953,"January 28, 1953",1,1972693,0.019533568659,0.000021902926,0,1,0,0,0
02061953,02/06/1953,"February 06, 1953",1,3164388,0.031148394112,0.000021902926,0,1,0,0,0
02081953,02/08/1953,"February 08, 1953",1,2810539,0.027714049746,0.000021902926,0,1,0,0,0
02181953,02/18/1953,"February 18, 1953",1,459249,0.004581900963,0.000021902926,0,1,0,0,0
02251953,02/25/1953,"February 25, 1953",1,5742693,0.055809063999,0.000021902926,0,1,0,0,0
03141953,03/14/1953,"March 14, 1953",1,517458,0.005161155285,0.000021902926,0,1,0,0,0
04291953,04/29/1953,"April 29, 1953",2,4229603,0.041413974529,0.000021902926,0,2,0,0,0
05071953,05/07/1953,"May 07, 1953",1,2038716,0.020180688370,0.000021902926,0,1,0,0,0
05171953,05/17/1953,"May 17, 1953",1,2175416,0.021519186310,0.000021902926,0,1,0,0,0
06051953,06/05/1953,"June 05, 1953",1,601160,0.005993506907,0.000021902926,0,2,0,0,0
06111953,06/11/1953,"June 11, 1953",1,6454434,0.062505399525,0.000021902926,0,1,0,0,0
06121953,06/12/1953,"June 12, 1953",1,4628667,0.045231723607,0.000021902926,0,1,0,0,0
06171953,06/17/1953,"June 17, 1953",1,2140893,0.021181327060,0.000021902926,0,1,0,0,0
06271953,06/27/1953,"June 27, 1953",1,5386854,0.052443279545,0.000021902926,0,1,0,0,0
07071953,07/07/1953,"July 07, 1953",1,4697424,0.045887968004,0.000021902926,0,1,0,0,0
07081953,07/08/1953,"July 08, 1953",1,6667002,0.064496096525,0.000021902926,0,1,0,0,0
07241953,07/24/1953,"July 24, 1953",1,254751,0.002544208028,0.000021902926,0,2,0,0,0
08141953,08/14/1953,"August 14, 1953",1,3656478,0.035904304750,0.000021902926,0,1,0,0,0
08261953,08/26/1953,"August 26, 1953",1,2859740,0.028192306498,0.000021902926,0,1,0,0,0
10071953,10/07/1953,"October 07, 1953",1,4276092,0.041859508021,0.000021902926,1,0,0,0,0
10111953,10/11/1953,"October 11, 1953",1,9472297,0.090375053336,0.000021902926,1,0,0,0,0
10221953,10/22/1953,"October 22, 1953",1,548759,0.005472501065,0.000021902926,1,0,0,0,0
10271953,10/27/1953,"October 27, 1953",1,1504294,0.014930301240,0.000021902926,1,0,0,0,0
11021953,11/02/1953,"November 02, 1953",1,6080845,0.058996472385,0.000021902926,1,0,0,0,0
11191953,11/19/1953,"November 19, 1953",1,691311,0.006889209906,0.000021902926,1,0,0,0,0
12061953,12/06/1953,"December 06, 1953",1,1767712,0.017521737512,0.000021902926,1,0,0,0,0
12181953,12/18/1953,"December 18, 1953",1,4783835,0.046712069652,0.000021902926,1,0,0,0,0
12221953,12/22/1953,"December 22, 1953",1,8232011,0.079022847975,0.000021902926,1,0,0,0,0
01071954,01/07/1954,"January 07, 1954",1,1311098,0.013025346410,0.000021902926,0,1,0,0,0
01091954,01/09/1954,"January 09, 1954",1,9807323,0.093417434211,0.000021902926,0,1,0,0,0
01251954,01/25/1954,"January 25, 1954",2,974484,0.009697453582,0.000021902926,0,2,0,0,0
01261954,01/26/1954,"January 26, 1954",1,7786113,0.074907059944,0.000021902926,0,1,0,0,0
01281954,01/28/1954,"January 28, 1954",2,821809,0.008184354386,0.000021902926,0,2,0,0,0
02021954,02/02/1954,"February 02, 1954",1,2069450,0.020481779769,0.000021902926,0,1,0,0,0
02051954,02/05/1954,"February 05, 1954",1,7075960,0.068314102276,0.000021902926,0,1,0,0,0
02141954,02/14/1954,"February 14, 1954",1,5306122,0.051677989170,0.000021902926,0,1,0,0,0
02211954,02/21/1954,"February 21, 1954",2,3479971,0.034201105653,0.000021902926,0,2,0,0,0
03031954,03/03/1954,"March 03, 1954",1,3581542,0.035181579235,0.000021902926,0,1,0,0,0
03121954,03/12/1954,"March 12, 1954",1,9385815,0.089588051223,0.000021902926,0,1,0,0,0
03251954,03/25/1954,"March 25, 1954",1,8778549,0.084042608189,0.000021902926,0,1,0,0,0
05051954,05/05/1954,"May 05, 1954",1,4296002,0.042050254806,0.000021902926,0,1,0,0,0
05251954,05/25/1954,"May 25, 1954",1,6402410,0.062017550440,0.000021902926,0,1,0,0,0
05291954,05/29/1954,"May 29, 1954",1,7431621,0.071621860001,0.000021902926,0,1,0,0,0
06011954,06/01/1954,"June 01, 1954",1,4065055,0.039835341932,0.000021902926,0,1,0,0,0
06121954,06/12/1954,"June 12, 1954",2,302359,0.003018963767,0.000021902926,0,2,0,0,0
06161954,06/16/1954,"June 16, 1954",1,7904389,0.076000576069,0.000021902926,0,2,0,0,0
06171954,06/17/1954,"June 17, 1954",1,8224784,0.078956286551,0.000021902926,0,1,0,0,0
07051954,07/05/1954,"July 05, 1954",1,2415919,0.023869634463,0.000021902926,0,2,0,0,0
07071954,07/07/1954,"July 07, 1954",1,3070058,0.030234045198,0.000021902926,0,1,0,0,0
07191954,07/19/1954,"July 19, 1954",1,3487158,0.034270515126,0.000021902926,0,1,0,0,0
07221954,07/22/1954,"July 22, 1954",1,3892213,0.038174339076,0.000021902926,0,1,0,0,0
07291954,07/29/1954,"July 29, 1954",1,9609250,0.091619959339,0.000021902926,0,1,0,0,0
08051954,08/05/1954,"August 05, 1954",1,8912579,0.085269443546,0.000021902926,0,1,0,0,0
08071954,08/07/1954,"August 07, 1954",1,1860775,0.018435635950,0.000021902926,0,1,0,0,0
08121954,08/12/1954,"August 12, 1954",1,9718343,0.092610398038,0.000021902926,0,1,0,0,0
08131954,08/13/1954,"August 13, 1954",1,3608839,0.035444909780,0.000021902926,0,1,0,0,0
09081954,09/08/1954,"September 08, 1954",1,2739243,0.027020601576,0.000021902926,0,1,0,0,0
09111954,09/11/1954,"September 11, 1954",1,5353321,0.052125482066,0.000021902926,0,1,0,0,0
09231954,09/23/1954,"September 23, 1954",1,9278840,0.088613616923,0.000021902926,0,1,0,0,0
09281954,09/28/1954,"September 28, 1954",1,8676380,0.083106305448,0.000021902926,0,1,0,0,0
09291954,09/29/1954,"September 29, 1954",1,4181074,0.040948669418,0.000021902926,0,1,0,0,0
10021954,10/02/1954,"October 02, 1954",1,3345373,0.032900284401,0.000021902926,1,0,0,0,0
10041954,10/04/1954,"October 04, 1954",1,2017932,0.019977021558,0.000021902926,1,0,0,0,0
10091954,10/09/1954,"October 09, 1954",1,1500791,0.014895793644,0.000021902926,1,0,0,0,0
10181954,10/18/1954,"October 18, 1954",2,2359561,0.023319351857,0.000021902926,2,0,0,0,0
10281954,10/28/1954,"October 28, 1954",1,792598,0.007894592795,0.000021902926,1,0,0,0,0
11061954,11/06/1954,"November 06, 1954",1,4224269,0.041362842187,0.000021902926,1,0,0,0,0
11161954,11/16/1954,"November 16, 1954",1,5305945,0.051676310639,0.000021902926,1,0,0,0,0
11241954,11/24/1954,"November 24, 1954",1,8136530,0.078143069828,0.000021902926,1,0,0,0,0
11301954,11/30/1954,"November 30, 1954",1,6029603,0.058514159789,0.000021902926,1,0,0,0,0
12301954,12/30/1954,"December 30, 1954",1,8146959,0.078239205275,0.000021902926,1,0,0,0,0
01061955,01/06/1955,"January 06, 1955",1,8081141,0.077632321052,0.000021902926,0,1,0,0,0
01081955,01/08/1955,"January 08, 1955",1,2717190,0.026806006766,0.000021902926,0,1,0,0,0
01161955,01/16/1955,"January 16, 1955",1,864598,0.008608651604,0.000021902926,0,1,0,0,0
01251955,01/25/1955,"January 25, 1955",1,7428148,0.071589616867,0.000021902926,0,1,0,0,0
02061955,02/06/1955,"February 06, 1955",1,2716671,0.026800955876,0.000021902926,0,1,0,0,0
02241955,02/24/1955,"February 24, 1955",1,9391694,0.089641572769,0.000021902926,0,1,0,0,0
03031955,03/03/1955,"March 03, 1955",1,6712673,0.064923252966,0.000021902926,0,1,0,0,0
03051955,03/05/1955,"March 05, 1955",1,1752886,0.017376064484,0.000021902926,0,1,0,0,0
03061955,03/06/1955,"March 06, 1955",1,8496151,0.081452307050,0.000021902926,0,1,0,0,0
04101955,04/10/1955,"April 10, 1955",2,6282162,0.060888966880,0.000021902926,0,3,0,0,0
04141955,04/14/1955,"April 14, 1955",2,3442324,0.033837442890,0.000021902926,0,2,0,0,0
04241955,04/24/1955,"April 24, 1955",1,9565997,0.091226972733,0.000021902926,0,1,0,0,0
05031955,05/03/1955,"May 03, 1955",1,6322515,0.061267849908,0.000021902926,0,1,0,0,0
05061955,05/06/1955,"May 06, 1955",1,3544909,0.034828072554,0.000021902926,0,1,0,0,0
05161955,05/16/1955,"May 16, 1955",1,5039996,0.049150896576,0.000021902926,0,1,0,0,0
05201955,05/20/1955,"May 20, 1955",1,4792910,0.046798576607,0.000021902926,0,1,0,0,0
06031955,06/03/1955,"June 03, 1955",1,7909079,0.076043910627,0.000021902926,0,1,0,0,0
06061955,06/06/1955,"June 06, 1955",1,4875638,0.047586814997,0.000021902926,0,1,0,0,0
06071955,06/07/1955,"June 07, 1955",1,3239532,0.031876154502,0.000021902926,0,2,0,0,0
06111955,06/11/1955,"June 11, 1955",1,3138717,0.030899648287,0.000021902926,0,1,0,0,0
06141955,06/14/1955,"June 14, 1955",1,7886831,0.075838326005,0.000021902926,0,1,0,0,0
06241955,06/24/1955,"June 24, 1955",1,998147,0.009931761152,0.000021902926,0,2,0,0,0
07101955,07/10/1955,"July 10, 1955",1,2160380,0.021372050872,0.000021902926,0,2,0,0,0
07111955,07/11/1955,"July 11, 1955",1,7591487,0.073104835310,0.000021902926,0,1,0,0,0
07151955,07/15/1955,"July 15, 1955",1,2993114,0.029487581332,0.000021902926,0,1,0,0,0
07271955,07/27/1955,"July 27, 1955",1,1516021,0.015045813591,0.000021902926,0,1,0,0,0
08121955,08/12/1955,"August 12, 1955",1,129964,0.001298735925,0.000021902926,0,1,0,0,0
09041955,09/04/1955,"September 04, 1955",1,3533966,0.034722448009,0.000021902926,0,1,0,0,0
09121955,09/12/1955,"September 12, 1955",1,691506,0.006891146471,0.000021902926,0,1,0,0,0
09281955,09/28/1955,"September 28, 1955",1,3882428,0.038080219829,0.000021902926,0,1,0,0,0
10021955,10/02/1955,"October 02, 1955",1,5214980,0.050813275515,0.000021902926,2,0,0,0,0
10051955,10/05/1955,"October 05, 1955",2,4060193,0.039788657591,0.000021902926,2,0,0,0,0
11041955,11/04/1955,"November 04, 1955",1,5013478,0.048898716974,0.000021902926,1,0,0,0,0
11121955,11/12/1955,"November 12, 1955",1,9204333,0.087934317232,0.000021902926,1,0,0,0,0
11171955,11/17/1955,"November 17, 1955",1,4935239,0.048154293657,0.000021902926,1,0,0,0,0
11181955,11/18/1955,"November 18, 1955",1,7061897,0.068183070073,0.000021902926,1,0,0,0,0
11211955,11/21/1955,"November 21, 1955",1,6053058,0.058734959400,0.000021902926,1,0,0,0,0
12111955,12/11/1955,"December 11, 1955",1,492425,0.004912086101,0.000021902926,2,0,0,0,0
01121956,01/12/1956,"January 12, 1956",1,3427792,0.033697029944,0.000021902926,0,2,0,0,0
01221956,01/22/1956,"January 22, 1956",1,6639033,0.064234408841,0.000021902926,0,2,1,0,0
01241956,01/24/1956,"January 24, 1956",1,499162,0.004979122916,0.000021902926,0,1,0,0,0
01271956,01/27/1956,"January 27, 1956",1,5396672,0.052536306098,0.000021902926,0,2,0,0,0
02071956,02/07/1956,"February 07, 1956",1,6986611,0.067481278230,0.000021902926,0,1,0,0,0
02101956,02/10/1956,"February 10, 1956",1,9099383,0.086976601816,0.000021902926,0,1,0,0,0
02131956,02/13/1956,"February 13, 1956",1,8881109,0.084981532537,0.000021902926,0,1,0,0,0
02201956,02/20/1956,"February 20, 1956",1,258077,0.002577382857,0.000021902926,0,1,0,0,0
02211956,02/21/1956,"February 21, 1956",1,9844205,0.093751738343,0.000021902926,0,1,0,0,0
02261956,02/26/1956,"February 26, 1956",1,4095103,0.040123808870,0.000021902926,0,1,0,0,0
03151956,03/15/1956,"March 15, 1956",1,6906601,0.066734871433,0.000021902926,0,2,0,0,0
03181956,03/18/1956,"March 18, 1956",1,2141378,0.021186074319,0.000021902926,0,2,0,0,0
03191956,03/19/1956,"March 19, 1956",1,2404707,0.023760184590,0.000021902926,0,1,0,0,0
03271956,03/27/1956,"March 27, 1956",1,6286553,0.060930202340,0.000021902926,0,1,0,0,0
04031956,04/03/1956,"April 03, 1956",1,3572775,0.035096989896,0.000021902926,0,1,0,0,0
04111956,04/11/1956,"April 11, 1956",1,4465529,0.043672862519,0.000021902926,0,1,0,0,0
05141956,05/14/1956,"May 14, 1956",1,31519,0.000315080355,0.000021902926,0,1,0,0,0
05241956,05/24/1956,"May 24, 1956",1,797921,0.007947401161,0.000021902926,0,1,0,0,0
05311956,05/31/1956,"May 31, 1956",1,1868815,0.018514550553,0.000021902926,0,1,0,0,0
06061956,06/06/1956,"June 06, 1956",1,4304138,0.042128190427,0.000021902926,0,1,0,0,0
06131956,06/13/1956,"June 13, 1956",1,8375093,0.080339658233,0.000021902926,0,1,0,0,0
06141956,06/14/1956,"June 14, 1956",2,1801344,0.017852109046,0.000021902926,0,2,0,0,0
06231956,06/23/1956,"June 23, 1956",1,6780736,0.065559477718,0.000021902926,0,1,0,0,0
06261956,06/26/1956,"June 26, 1956",1,691287,0.006888971560,0.000021902926,0,1,0,0,0
07011956,07/01/1956,"July 01, 1956",1,1291775,0.012834614869,0.000021902926,0,1,0,0,0
07101956,07/10/1956,"July 10, 1956",1,3653320,0.035873858127,0.000021902926,0,1,0,0,0
08071956,08/07/1956,"August 07, 1956",1,2117600,0.020953304268,0.000021902926,0,1,0,0,0
08141956,08/14/1956,"August 14, 1956",1,8269377,0.079366916015,0.000021902926,0,1,0,0,0
08191956,08/19/1956,"August 19, 1956",1,3429960,0.033717979165,0.000021902926,0,1,0,0,0
08281956,08/28/1956,"August 28, 1956",1,7139552,0.068906391633,0.000021902926,0,1,0,0,0
09051956,09/05/1956,"September 05, 1956",1,7775869,0.074812288568,0.000021902926,0,1,0,0,0
09171956,09/17/1956,"September 17, 1956",1,2158927,0.021357831305,0.000021902926,0,1,0,0,0
09241956,09/24/1956,"September 24, 1956",1,3619043,0.035543327961,0.000021902926,0,1,0,0,0
10041956,10/04/1956,"October 04, 1956",1,3450917,0.033920461672,0.000021902926,1,0,0,0,0
10051956,10/05/1956,"October 05, 1956",1,896645,0.008926311889,0.000021902926,1,0,0,0,0
10061956,10/06/1956,"October 06, 1956",1,6500603,0.062938131509,0.000021902926,2,0,0,0,0
10101956,10/10/1956,"October 10, 1956",2,459169,0.004581104629,0.000021902926,2,0,0,0,0
10151956,10/15/1956,"October 15, 1956",1,9082554,0.086822936176,0.000021902926,1,0,0,0,0
10211956,10/21/1956,"October 21, 1956",1,6515513,0.063077837020,0.000021902926,1,0,0,0,0
10251956,10/25/1956,"October 25, 1956",1,4306036,0.042146370662,0.000021902926,1,0,0,0,0
10311956,10/31/1956,"October 31, 1956",1,9267919,0.088514078980,0.000021902926,1,0,0,0,0
11031956,11/03/1956,"November 03, 1956",1,7669953,0.073831847611,0.000021902926,1,0,0,0,0
11101956,11/10/1956,"November 10, 1956",1,5494878,0.053466315565,0.000021902926,1,0,0,0,0
11111956,11/11/1956,"November 11, 1956",1,1144693,0.011381603965,0.000021902926,1,0,0,0,0
11171956,11/17/1956,"November 17, 1956",1,7896087,0.075923862452,0.000021902926,1,0,0,0,0
11191956,11/19/1956,"November 19, 1956",1,7457786,0.071864738367,0.000021902926,1,0,0,0,0
11271956,11/27/1956,"November 27, 1956",1,4885764,0.047683251474,0.000021902926,1,0,0,0,0
11281956,11/28/1956,"November 28, 1956",1,9555910,0.091135300173,0.000021902926,1,0,0,0,0
12031956,12/03/1956,"December 03, 1956",1,9021293,0.086263343381,0.000021902926,1,0,0,0,0
12181956,12/18/1956,"December 18, 1956",1,1747073,0.017318942894,0.000021902926,1,0,0,0,0
12251956,12/25/1956,"December 25, 1956",1,4379404,0.042848870983,0.000021902926,1,0,0,0,0
01161957,01/16/1957,"January 16, 1957",1,1552714,0.015407156537,0.000021902926,0,1,0,0,0
01191957,01/19/1957,"January 19, 1957",1,6662801,0.064456795180,0.000021902926,0,1,0,0,0
02021957,02/02/1957,"February 02, 1957",1,9791365,0.093272750219,0.000021902926,0,1,0,0,0
02111957,02/11/1957,"February 11, 1957",1,8471854,0.081229100399,0.000021902926,0,1,0,0,0
03011957,03/01/1957,"March 01, 1957",1,7611867,0.073293717299,0.000021902926,0,2,0,0,0
03121957,03/12/1957,"March 12, 1957",1,1694207,0.016799301377,0.000021902926,0,1,0,0,0
03151957,03/15/1957,"March 15, 1957",1,65325,0.000652976724,0.000021902926,0,1,0,0,0
04061957,04/06/1957,"April 06, 1957",1,193442,0.001932490351,0.000021902926,0,1,0,0,0
04091957,04/09/1957,"April 09, 1957",1,3261575,0.032089534525,0.000021902926,0,1,0,0,0
04261957,04/26/1957,"April 26, 1957",1,2694170,0.026581951719,0.000021902926,0,1,0,0,0
04301957,04/30/1957,"April 30, 1957",1,4040904,0.039603424559,0.000021902926,0,1,0,0,0
05121957,05/12/1957,"May 12, 1957",1,5277389,0.051405468654,0.000021902926,0,1,0,0,0
05131957,05/13/1957,"May 13, 1957",1,3506015,0.034452605568,0.000021902926,0,1,0,0,0
05171957,05/17/1957,"May 17, 1957",1,8487934,0.081376826884,0.000021902926,0,1,0,0,0
05231957,05/23/1957,"May 23, 1957",1,2718386,0.026817646097,0.000021902926,0,1,0,0,0
06041957,06/04/1957,"June 04, 1957",1,7173757,0.069224817743,0.000021902926,0,1,0,0,0
06151957,06/15/1957,"June 15, 1957",1,5279155,0.051422220686,0.000021902926,0,1,0,0,0
07071957,07/07/1957,"July 07, 1957",1,3417963,0.033602047356,0.000021902926,0,2,0,0,0
07171957,07/17/1957,"July 17, 1957",1,9527308,0.090875309509,0.000021902926,0,1,0,0,0
07261957,07/26/1957,"July 26, 1957",1,4115579,0.040320333000,0.000021902926,0,1,0,0,0
08231957,08/23/1957,"August 23, 1957",1,5618997,0.054640414930,0.000021902926,0,1,0,0,0
09031957,09/03/1957,"September 03, 1957",1,8007830,0.076955876152,0.000021902926,0,1,0,0,0
09051957,09/05/1957,"September 05, 1957",1,9421677,0.089914484623,0.000021902926,0,1,0,0,0
09071957,09/07/1957,"September 07, 1957",1,2064037,0.020428757012,0.000021902926,0,1,0,0,0
09091957,09/09/1957,"September 09, 1957",1,2544288,0.025121879346,0.000021902926,0,1,0,0,0
10081957,10/08/1957,"October 08, 1957",1,1216677,0.012092994964,0.000021902926,2,0,0,0,0
11021957,11/02/1957,"November 02, 1957",1,4085453,0.040031176347,0.000021902926,1,0,0,0,0
11141957,11/14/1957,"November 14, 1957",1,4863284,0.047469146603,0.000021902926,1,0,0,0,0
12111957,12/11/1957,"December 11, 1957",1,1010192,0.010051007691,0.000021902926,1,0,0,0,0
12131957,12/13/1957,"December 13, 1957",1,974575,0.009698354757,0.000021902926,1,0,0,0,0
12181957,12/18/1957,"December 18, 1957",1,330615,0.003300630935,0.000021902926,1,0,0,0,0
12201957,12/20/1957,"December 20, 1957",1,5506420,0.053575558179,0.000021902926,1,0,0,0,0
01051958,01/05/1958,"January 05, 1958",1,9246412,0.088318024619,0.000021902926,0,2,0,0,0
01071958,01/07/1958,"January 07, 1958",1,7930103,0.076238142738,0.000021902926,0,3,0,0,0
01171958,01/17/1958,"January 17, 1958",1,24982,0.000249728815,0.000021902926,0,1,0,0,0
02031958,02/03/1958,"February 03, 1958",2,4346345,0.042532394079,0.000021902926,0,2,0,0,0
02091958,02/09/1958,"February 09, 1958",1,4459055,0.043610947895,0.000021902926,0,1,0,0,0
02211958,02/21/1958,"February 21, 1958",1,8215050,0.078866627791,0.000021902926,0,1,0,0,0
02241958,02/24/1958,"February 24, 1958",1,2275678,0.022499739111,0.000021902926,0,1,0,0,0
03111958,03/11/1958,"March 11, 1958",1,1475584,0.014647447125,0.000021902926,0,1,0,0,0
03151958,03/15/1958,"March 15, 1958",1,6077430,0.058964336565,0.000021902926,0,1,0,0,0
03311958,03/31/1958,"March 31, 1958",1,7751689,0.074588551128,0.000021902926,0,2,0,0,0
04201958,04/20/1958,"April 20, 1958",1,1809127,0.017928546642,0.000021902926,0,1,0,0,0
04221958,04/22/1958,"April 22, 1958",1,1882452,0.018648386599,0.000021902926,0,1,0,0,0
05081958,05/08/1958,"May 08, 1958",1,3414949,0.033572919682,0.000021902926,0,1,0,0,0
05101958,05/10/1958,"May 10, 1958",1,4169720,0.040839772546,0.000021902926,0,1,0,0,0
05161958,05/16/1958,"May 16, 1958",1,2349019,0.023216384754,0.000021902926,0,1,0,0,0
06021958,06/02/1958,"June 02, 1958",1,7281831,0.070230200347,0.000021902926,0,1,0,0,0
06051958,06/05/1958,"June 05, 1958",1,8828716,0.084502001297,0.000021902926,0,1,0,0,0
06101958,06/10/1958,"June 10, 1958",1,5054691,0.049290613588,0.000021902926,0,1,0,0,0
06111958,06/11/1958,"June 11, 1958",1,7104427,0.068579287556,0.000021902926,0,1,0,0,0
07161958,07/16/1958,"July 16, 1958",1,1908744,0.018906369652,0.000021902926,0,1,0,0,0
07251958,07/25/1958,"July 25, 1958",1,8168165,0.078434653147,0.000021902926,0,1,0,0,0
09051958,09/05/1958,"September 05, 1958",1,1102599,0.010965367334,0.000021902926,0,1,0,0,0
09081958,09/08/1958,"September 08, 1958",1,5124993,0.049958746424,0.000021902926,0,1,0,0,0
09171958,09/17/1958,"September 17, 1958",1,820344,0.008169824180,0.000021902926,0,2,1,0,0
09181958,09/18/1958,"September 18, 1958",1,1973266,0.019539186715,0.000021902926,0,1,0,0,0
10041958,10/04/1958,"October 04, 1958",1,7640727,0.073561126146,0.000021902926,1,0,0,0,0
10261958,10/26/1958,"October 26, 1958",1,4656648,0.045498839948,0.000021902926,1,0,0,0,0
11041958,11/04/1958,"November 04, 1958",1,7512045,0.072368198685,0.000021902926,1,0,0,0,0
11051958,11/05/1958,"November 05, 1958",1,9323116,0.089017053043,0.000021902926,1,0,0,0,0
11161958,11/16/1958,"November 16, 1958",1,6772709,0.065484467166,0.000021902926,1,0,0,0,0
11281958,11/28/1958,"November 28, 1958",1,2340803,0.023136128915,0.000021902926,1,0,0,0,0
12031958,12/03/1958,"December 03, 1958",1,9468930,0.090344425748,0.000021902926,1,0,0,0,0
12151958,12/15/1958,"December 15, 1958",1,2497127,0.024662008639,0.000021902926,1,0,0,0,0
12291958,12/29/1958,"December 29, 1958",1,5642903,0.054866385583,0.000021902926,1,0,0,0,0
01131959,01/13/1959,"January 13, 1959",1,5127778,0.049985204705,0.000021902926,0,1,0,0,0
01171959,01/17/1959,"January 17, 1959",1,3005397,0.029606782052,0.000021902926,0,1,0,0,0
02141959,02/14/1959,"February 14, 1959",1,13690,0.000136830639,0.000021902926,0,1,0,0,0
02191959,02/19/1959,"February 19, 1959",1,9988284,0.095056511611,0.000021902926,0,1,0,0,0
02211959,02/21/1959,"February 21, 1959",1,2194180,0.021702771228,0.000021902926,0,1,0,0,0
03101959,03/10/1959,"March 10, 1959",1,2649211,0.026144214300,0.000021902926,0,1,0,0,0
03311959,03/31/1959,"March 31, 1959",1,4407641,0.043119103595,0.000021902926,0,1,0,0,0
04021959,04/02/1959,"April 02, 1959",1,848495,0.008448994999,0.000021902926,0,2,0,0,0
04031959,04/03/1959,"April 03, 1959",1,2861522,0.028209623956,0.000021902926,0,1,0,0,0
04061959,04/06/1959,"April 06, 1959",1,5160496,0.050295979706,0.000021902926,0,1,0,0,0
04301959,04/30/1959,"April 30, 1959",1,3770498,0.037002940221,0.000021902926,0,2,0,0,0
05081959,05/08/1959,"May 08, 1959",1,3747255,0.036779084798,0.000021902926,0,2,0,0,0
05101959,05/10/1959,"May 10, 1959",1,2753660,0.027160865907,0.000021902926,0,1,0,0,0
05241959,05/24/1959,"May 24, 1959",1,933736,0.009293842870,0.000021902926,0,1,0,0,0
06131959,06/13/1959,"June 13, 1959",1,2466070,0.024359050874,0.000021902926,0,1,0,0,0
06161959,06/16/1959,"June 16, 1959",1,6971722,0.067342425179,0.000021902926,0,2,0,0,0
06191959,06/19/1959,"June 19, 1959",1,168327,0.001681794213,0.000021902926,0,1,0,0,0
07041959,07/04/1959,"July 04, 1959",1,1245356,0.012376276194,0.000021902926,0,1,0,0,0
07121959,07/12/1959,"July 12, 1959",1,5493616,0.053454370234,0.000021902926,0,1,0,0,0
07131959,07/13/1959,"July 13, 1959",1,2149946,0.021269935504,0.000021902926,0,1,0,0,0
07311959,07/31/1959,"July 31, 1959",1,3409270,0.033518034729,0.000021902926,0,1,0,0,0
08031959,08/03/1959,"August 03, 1959",1,8791847,0.084164404106,0.000021902926,0,1,0,0,0
08161959,08/16/1959,"August 16, 1959",1,3087507,0.030403244899,0.000021902926,0,1,0,0,0
09301959,09/30/1959,"September 30, 1959",1,9866023,0.093949442023,0.000021902926,0,3,0,0,0
10061959,10/06/1959,"October 06, 1959",1,9549937,0.091081012063,0.000021902926,1,0,0,0,0
10081959,10/08/1959,"October 08, 1959",1,8314666,0.079783767136,0.000021902926,1,0,0,0,0
10101959,10/10/1959,"October 10, 1959",1,1738308,0.017232807124,0.000021902926,1,0,0,0,0
10201959,10/20/1959,"October 20, 1959",1,6122264,0.059386145935,0.000021902926,1,0,0,0,0
11031959,11/03/1959,"November 03, 1959",1,2809023,0.027699309779,0.000021902926,1,0,0,0,0
12171959,12/17/1959,"December 17, 1959",1,2582509,0.025494416318,0.000021902926,1,0,0,0,0
12211959,12/21/1959,"December 21, 1959",1,1761902,0.017464653866,0.000021902926,1,0,0,0,0
12241959,12/24/1959,"December 24, 1959",1,9601924,0.091553408978,0.000021902926,1,0,0,0,0
01051960,01/05/1960,"January 05, 1960",1,5999086,0.058226802709,0.000021902926,0,1,0,0,0
01141960,01/14/1960,"January 14, 1960",1,6383305,0.061838331772,0.000021902926,0,1,0,0,0
01191960,01/19/1960,"January 19, 1960",1,1463665,0.014529995953,0.000021902926,0,1,0,0,0
01281960,01/28/1960,"January 28, 1960",2,653680,0.006515422056,0.000021902926,0,2,0,0,0
02161960,02/16/1960,"February 16, 1960",1,8081698,0.077637458626,0.000021902926,0,2,0,0,0
02211960,02/21/1960,"February 21, 1960",1,7829602,0.075309286148,0.000021902926,0,1,0,0,0
02241960,02/24/1960,"February 24, 1960",1,3066856,0.030202992795,0.000021902926,0,1,0,0,0
03011960,03/01/1960,"March 01, 1960",1,9797870,0.093331730909,0.000021902926,0,1,0,0,0
03071960,03/07/1960,"March 07, 1960",2,3905830,0.038305301960,0.000021902926,0,2,0,0,0
03151960,03/15/1960,"March 15, 1960",1,5902088,0.057312858351,0.000021902926,0,2,0,0,0
03231960,03/23/1960,"March 23, 1960",1,1738665,0.017236315597,0.000021902926,0,1,0,0,0
03271960,03/27/1960,"March 27, 1960",1,2569181,0.025364525556,0.000021902926,0,1,0,0,0
04061960,04/06/1960,"April 06, 1960",2,1018332,0.010131586260,0.000021902926,0,2,0,0,0
04101960,04/10/1960,"April 10, 1960",1,6194379,0.060064225095,0.000021902926,0,1,0,0,0
05011960,05/01/1960,"May 01, 1960",1,2174101,0.021506319203,0.000021902926,0,1,0,0,0
05101960,05/10/1960,"May 10, 1960",1,2729763,0.026928358756,0.000021902926,0,1,0,0,0
05141960,05/14/1960,"May 14, 1960",1,9022036,0.086270132419,0.000021902926,0,1,0,0,0
06051960,06/05/1960,"June 05, 1960",1,9781507,0.093183360640,0.000021902926,0,1,0,0,0
06131960,06/13/1960,"June 13, 1960",1,5496663,0.053483211041,0.000021902926,0,1,0,0,0
06211960,06/21/1960,"June 21, 1960",1,1384736,0.013751867282,0.000021902926,0,1,0,0,0
06271960,06/27/1960,"June 27, 1960",1,4610145,0.045054865046,0.000021902926,0,1,0,0,0
07101960,07/10/1960,"July 10, 1960",1,2978898,0.029349603478,0.000021902926,0,1,0,0,0
08061960,08/06/1960,"August 06, 1960",1,2980622,0.029366337346,0.000021902926,0,1,0,0,0
08231960,08/23/1960,"August 23, 1960",1,9273415,0.088564172870,0.000021902926,0,1,0,0,0
08261960,08/26/1960,"August 26, 1960",1,4629871,0.045243218948,0.000021902926,0,1,0,0,0
09031960,09/03/1960,"September 03, 1960",1,4659067,0.045521929052,0.000021902926,0,1,0,0,0
09101960,09/10/1960,"September 10, 1960",1,4971188,0.048496411175,0.000021902926,0,1,0,0,0
09191960,09/19/1960,"September 19, 1960",1,8039289,0.077246210935,0.000021902926,0,1,0,0,0
09241960,09/24/1960,"September 24, 1960",1,4112293,0.040288797408,0.000021902926,0,1,0,0,0
09281960,09/28/1960,"September 28, 1960",1,3081089,0.030341014182,0.000021902926,0,1,0,0,0
10161960,10/16/1960,"October 16, 1960",1,5525613,0.053757187994,0.000021902926,1,0,0,0,0
10201960,10/20/1960,"October 20, 1960",1,9234874,0.088212828683,0.000021902926,1,0,0,0,0
10311960,10/31/1960,"October 31, 1960",1,3261746,0.032091189650,0.000021902926,1,0,0,0,0
11111960,11/11/1960,"November 11, 1960",1,5065189,0.049390413821,0.000021902926,1,0,0,0,0
11151960,11/15/1960,"November 15, 1960",1,2346355,0.023190362892,0.000021902926,1,0,0,0,0
11191960,11/19/1960,"November 19, 1960",1,3578507,0.035152296552,0.000021902926,1,0,0,0,0
12171960,12/17/1960,"December 17, 1960",1,579402,0.005777207442,0.000021902926,1,0,0,0,0
12201960,12/20/1960,"December 20, 1960",1,8913745,0.085280109242,0.000021902926,1,0,0,0,0
01291961,01/29/1961,"January 29, 1961",1,2940412,0.028975967068,0.000021902926,0,1,0,0,0
01301961,01/30/1961,"January 30, 1961",1,6457139,0.062530758411,0.000021902926,0,1,0,0,0
03281961,03/28/1961,"March 28, 1961",1,9359138,0.089345148227,0.000021902926,0,1,0,0,0
04101961,04/10/1961,"April 10, 1961",1,5400206,0.052569788873,0.000021902926,0,1,0,0,0
04111961,04/11/1961,"April 11, 1961",1,7083718,0.068386379665,0.000021902926,0,1,0,0,0
04141961,04/14/1961,"April 14, 1961",1,616218,0.006143173138,0.000021902926,0,1,0,0,0
04251961,04/25/1961,"April 25, 1961",1,3248469,0.031962671865,0.000021902926,0,1,0,0,0
04271961,04/27/1961,"April 27, 1961",1,9163828,0.087564810195,0.000021902926,0,2,0,0,0
05161961,05/16/1961,"May 16, 1961",1,6982594,0.067443818200,0.000021902926,0,1,0,0,0
05181961,05/18/1961,"May 18, 1961",1,1414683,0.014047174793,0.000021902926,0,1,0,0,0
05211961,05/21/1961,"May 21, 1961",1,863676,0.008599510933,0.000021902926,0,2,1,0,0
06021961,06/02/1961,"June 02, 1961",1,7978322,0.076683464099,0.000021902926,0,1,0,0,0
06051961,06/05/1961,"June 05, 1961",1,70753,0.000707219809,0.000021902926,0,1,0,0,0
06081961,06/08/1961,"June 08, 1961",1,688937,0.006865633176,0.000021902926,0,1,0,0,0
06171961,06/17/1961,"June 17, 1961",1,6657763,0.064409661326,0.000021902926,0,1,0,0,0
06291961,06/29/1961,"June 29, 1961",1,1431087,0.014208897231,0.000021902926,0,1,0,0,0
07191961,07/19/1961,"July 19, 1961",1,8402646,0.080593017344,0.000021902926,0,1,0,0,0
07311961,07/31/1961,"July 31, 1961",1,8209032,0.078811192316,0.000021902926,0,1,0,0,0
08201961,08/20/1961,"August 20, 1961",1,5879618,0.057101012748,0.000021902926,0,1,0,0,0
09141961,09/14/1961,"September 14, 1961",1,3711352,0.036433197501,0.000021902926,0,1,0,0,0
09251961,09/25/1961,"September 25, 1961",1,7750079,0.074573651884,0.000021902926,0,1,0,0,0
10121961,10/12/1961,"October 12, 1961",1,7704790,0.074154440620,0.000021902926,1,0,0,0,0
10311961,10/31/1961,"October 31, 1961",1,3833082,0.037605433755,0.000021902926,1,0,0,0,0
11161961,11/16/1961,"November 16, 1961",1,3055879,0.030096532333,0.000021902926,2,1,0,0,0
11271961,11/27/1961,"November 27, 1961",2,2686109,0.026503481327,0.000021902926,2,0,0,0,0
12141961,12/14/1961,"December 14, 1961",1,4539541,0.044380397504,0.000021902926,1,0,0,0,0
12151961,12/15/1961,"December 15, 1961",1,3860248,0.037866842357,0.000021902926,1,0,0,0,0
01061962,01/06/1962,"January 06, 1962",1,3258035,0.032055269887,0.000021902926,0,2,0,0,0
02081962,02/08/1962,"February 08, 1962",1,553500,0.005519650497,0.000021902926,0,2,0,0,0
02121962,02/12/1962,"February 12, 1962",1,1621934,0.016088455885,0.000021902926,0,1,0,0,0
04151962,04/15/1962,"April 15, 1962",1,4103826,0.040207535220,0.000021902926,0,1,0,0,0
04251962,04/25/1962,"April 25, 1962",1,2517750,0.024863131856,0.000021902926,0,1,0,0,0
04281962,04/28/1962,"April 28, 1962",1,6277284,0.060843155926,0.000021902926,0,1,0,0,0
04291962,04/29/1962,"April 29, 1962",1,9080889,0.086807731652,0.000021902926,0,1,0,0,0
05011962,05/01/1962,"May 01, 1962",1,8527935,0.081744211859,0.000021902926,0,2,0,0,0
05031962,05/03/1962,"May 03, 1962",1,8740358,0.083692728091,0.000021902926,0,1,0,0,0
05221962,05/22/1962,"May 22, 1962",1,5820334,0.056541858779,0.000021902926,0,1,0,0,0
05251962,05/25/1962,"May 25, 1962",1,2238898,0.022140148386,0.000021902926,0,1,0,0,0
05291962,05/29/1962,"May 29, 1962",1,5796536,0.056317307890,0.000021902926,0,2,0,0,0
05311962,05/31/1962,"May 31, 1962",1,3202615,0.031518686239,0.000021902926,0,1,0,0,0
06171962,06/17/1962,"June 17, 1962",1,2668557,0.026332598220,0.000021902926,0,1,0,0,0
06181962,06/18/1962,"June 18, 1962",1,7104056,0.068575831978,0.000021902926,0,1,0,0,0
06191962,06/19/1962,"June 19, 1962",2,6209683,0.060208061860,0.000021902926,0,2,0,0,0
07011962,07/01/1962,"July 01, 1962",1,8489891,0.081394804164,0.000021902926,0,1,0,0,0
07021962,07/02/1962,"July 02, 1962",1,4737882,0.046273904578,0.000021902926,0,2,0,0,0
07041962,07/04/1962,"July 04, 1962",1,1793466,0.017774732386,0.000021902926,0,1,0,0,0
07061962,07/06/1962,"July 06, 1962",1,5464955,0.053183041908,0.000021902926,0,1,0,0,0
07291962,07/29/1962,"July 29, 1962",1,6617861,0.064036267574,0.000021902926,0,1,0,0,0
08011962,08/01/1962,"August 01, 1962",1,5731232,0.055700844073,0.000021902926,0,1,0,0,0
08241962,08/24/1962,"August 24, 1962",1,6953936,0.067176527949,0.000021902926,0,1,0,0,0
09091962,09/09/1962,"September 09, 1962",1,5465293,0.053186242144,0.000021902926,0,2,0,0,0
09201962,09/20/1962,"September 20, 1962",1,2561885,0.025293413557,0.000021902926,0,1,0,0,0
09291962,09/29/1962,"September 29, 1962",1,8923629,0.085370515689,0.000021902926,0,1,0,0,0
10061962,10/06/1962,"October 06, 1962",1,109795,0.001097287550,0.000021902926,1,0,0,0,0
10111962,10/11/1962,"October 11, 1962",1,6009747,0.058327199798,0.000021902926,1,0,0,0,0
10281962,10/28/1962,"October 28, 1962",1,5956065,0.057821555293,0.000021902926,1,0,0,0,0
11111962,11/11/1962,"November 11, 1962",2,5165400,0.050342552050,0.000021902926,3,0,0,0,0
11181962,11/18/1962,"November 18, 1962",1,8154667,0.078310251860,0.000021902926,1,0,0,0,0
12161962,12/16/1962,"December 16, 1962",1,3289682,0.032361546893,0.000021902926,1,0,0,0,0
12271962,12/27/1962,"December 27, 1962",1,5732916,0.055716745937,0.000021902926,1,0,0,0,0
12311962,12/31/1962,"December 31, 1962",1,5343906,0.052036235478,0.000021902926,1,0,0,0,0
01041963,01/04/1963,"January 04, 1963",1,3838180,0.037654495380,0.000021902926,0,1,0,0,0
01171963,01/17/1963,"January 17, 1963",1,4368631,0.042745751536,0.000021902926,0,1,0,0,0
02101963,02/10/1963,"February 10, 1963",1,2038189,0.020175524708,0.000021902926,0,1,0,0,0
02111963,02/11/1963,"February 11, 1963",2,6793138,0.065675359846,0.000021902926,0,3,0,0,0
02121963,02/12/1963,"February 12, 1963",1,2745749,0.027083901558,0.000021902926,0,1,0,0,0
02131963,02/13/1963,"February 13, 1963",1,1324059,0.013153259906,0.000021902926,0,1,0,0,0
02161963,02/16/1963,"February 16, 1963",1,8872070,0.084898820278,0.000021902926,0,1,0,0,0
02281963,02/28/1963,"February 28, 1963",1,2560131,0.025276317054,0.000021902926,0,2,0,0,0
03161963,03/16/1963,"March 16, 1963",1,1935246,0.019166344638,0.000021902926,0,3,0,0,0
03221963,03/22/1963,"March 22, 1963",1,4367223,0.042732273301,0.000021902926,0,1,0,0,0
03251963,03/25/1963,"March 25, 1963",1,2803479,0.027645403934,0.000021902926,0,1,0,0,0
03281963,03/28/1963,"March 28, 1963",1,1045347,0.010398963098,0.000021902926,0,1,0,0,0
04231963,04/23/1963,"April 23, 1963",1,4534705,0.044334182622,0.000021902926,0,1,0,0,0
05021963,05/02/1963,"May 02, 1963",1,4691440,0.045830872231,0.000021902926,0,1,0,0,0
05071963,05/07/1963,"May 07, 1963",1,2205355,0.021812089836,0.000021902926,0,2,0,0,0
05091963,05/09/1963,"May 09, 1963",1,8265889,0.079334803773,0.000021902926,0,1,0,0,0
06171963,06/17/1963,"June 17, 1963",1,3475349,0.034156465396,0.000021902926,0,1,0,0,0
06241963,06/24/1963,"June 24, 1963",1,6460056,0.062558103990,0.000021902926,0,2,0,0,0
07171963,07/17/1963,"July 17, 1963",1,9716868,0.092597013943,0.000021902926,0,1,0,0,0
08031963,08/03/1963,"August 03, 1963",1,4781431,0.046689152334,0.000021902926,0,2,0,0,0
08181963,08/18/1963,"August 18, 1963",1,1939787,0.019210883283,0.000021902926,0,2,0,0,0
08291963,08/29/1963,"August 29, 1963",1,2732493,0.026954923250,0.000021902926,0,1,0,0,0
09021963,09/02/1963,"September 02, 1963",1,8324599,0.079875167676,0.000021902926,0,1,0,0,0
09031963,09/03/1963,"September 03, 1963",1,4974488,0.048527810276,0.000021902926,0,1,0,0,0
09131963,09/13/1963,"September 13, 1963",1,4442007,0.043447888789,0.000021902926,0,1,0,0,0
09151963,09/15/1963,"September 15, 1963",2,5597844,0.054440421863,0.000021902926,0,2,0,0,0
09241963,09/24/1963,"September 24, 1963",1,2934997,0.028923384692,0.000021902926,0,1,0,0,0
09251963,09/25/1963,"September 25, 1963",1,6142224,0.059573873726,0.000021902926,0,1,0,0,0
10291963,10/29/1963,"October 29, 1963",1,4786669,0.046739085449,0.000021902926,1,0,0,0,0
11131963,11/13/1963,"November 13, 1963",1,2044134,0.020233773543,0.000021902926,1,0,0,0,0
11181963,11/18/1963,"November 18, 1963",1,5294403,0.051566848800,0.000021902926,1,0,0,0,0
11241963,11/24/1963,"November 24, 1963",1,3861348,0.037877425764,0.000021902926,1,0,0,0,0
12251963,12/25/1963,"December 25, 1963",1,5361755,0.052205422433,0.000021902926,1,0,0,0,0
12271963,12/27/1963,"December 27, 1963",1,5236911,0.051021418833,0.000021902926,1,0,0,0,0
01021964,01/02/1964,"January 02, 1964",1,5703475,0.055438698573,0.000021902926,0,1,0,0,0
01251964,01/25/1964,"January 25, 1964",1,4796341,0.046831280387,0.000021902926,0,1,0,0,0
02021964,02/02/1964,"February 02, 1964",1,2797639,0.027588616766,0.000021902926,0,1,0,0,0
02051964,02/05/1964,"February 05, 1964",1,1036368,0.010310102830,0.000021902926,0,1,0,0,0
02111964,02/11/1964,"February 11, 1964",1,2024183,0.020038280880,0.000021902926,0,1,0,0,0
02281964,02/28/1964,"February 28, 1964",1,7072149,0.068278595049,0.000021902926,0,1,0,0,0
03051964,03/05/1964,"March 05, 1964",1,9097742,0.086961618978,0.000021902926,0,1,0,0,0
03291964,03/29/1964,"March 29, 1964",1,3767732,0.036976303354,0.000021902926,0,1,0,0,0
04251964,04/25/1964,"April 25, 1964",1,458440,0.004573847998,0.000021902926,0,1,0,0,0
05091964,05/09/1964,"May 09, 1964",1,4211339,0.041238882387,0.000021902926,0,1,0,0,0
05151964,05/15/1964,"May 15, 1964",1,2308306,0.022818625873,0.000021902926,0,2,0,0,0
05171964,05/17/1964,"May 17, 1964",1,9132045,0.087274764825,0.000021902926,0,1,0,0,0
05251964,05/25/1964,"May 25, 1964",1,3323341,0.032687189516,0.000021902926,0,1,0,0,0
06021964,06/02/1964,"June 02, 1964",1,3396507,0.033394674763,0.000021902926,0,2,1,0,0
06031964,06/03/1964,"June 03, 1964",1,2508661,0.024774497637,0.000021902926,0,2,0,0,0
06051964,06/05/1964,"June 05, 1964",1,7556305,0.072778677679,0.000021902926,0,1,0,0,0
06221964,06/22/1964,"June 22, 1964",1,163719,0.001635790650,0.000021902926,0,1,0,0,0
06241964,06/24/1964,"June 24, 1964",1,4256834,0.041674971555,0.000021902926,0,1,0,0,0
06251964,06/25/1964,"June 25, 1964",1,921403,0.009171651544,0.000021902926,0,1,0,0,0
08191964,08/19/1964,"August 19, 1964",1,2368748,0.023409075387,0.000021902926,0,1,0,0,0
08261964,08/26/1964,"August 26, 1964",1,7929461,0.076232212168,0.000021902926,0,1,0,0,0
08271964,08/27/1964,"August 27, 1964",1,6045400,0.058662874563,0.000021902926,0,1,0,0,0
09061964,09/06/1964,"September 06, 1964",1,8607511,0.082474632435,0.000021902926,0,1,0,0,0
09121964,09/12/1964,"September 12, 1964",1,1849406,0.018324035552,0.000021902926,0,1,0,0,0
09171964,09/17/1964,"September 17, 1964",1,2750723,0.027132293201,0.000021902926,0,1,0,0,0
09241964,09/24/1964,"September 24, 1964",1,7863006,0.075618118253,0.000021902926,0,3,0,0,0
09301964,09/30/1964,"September 30, 1964",1,886282,0.008823601600,0.000021902926,0,1,0,0,0
10281964,10/28/1964,"October 28, 1964",1,6235018,0.060446127992,0.000021902926,1,0,0,0,0
10291964,10/29/1964,"October 29, 1964",1,9760930,0.092996745779,0.000021902926,1,0,0,0,0
11281964,11/28/1964,"November 28, 1964",1,1371368,0.013620016817,0.000021902926,1,0,0,0,0
11291964,11/29/1964,"November 29, 1964",1,1801080,0.017849516172,0.000021902926,1,0,0,0,0
12071964,12/07/1964,"December 07, 1964",1,1867900,0.018505569920,0.000021902926,1,0,0,0,0
12291964,12/29/1964,"December 29, 1964",1,1287657,0.012793962561,0.000021902926,1,0,0,0,0
12311964,12/31/1964,"December 31, 1964",1,968599,0.009639172561,0.000021902926,1,0,0,0,0
01011965,01/01/1965,"January 01, 1965",1,7642155,0.073574355599,0.000021902926,0,1,0,0,0
01081965,01/08/1965,"January 08, 1965",1,4260848,0.041713437950,0.000021902926,0,2,0,0,0
02061965,02/06/1965,"February 06, 1965",2,6927488,0.066929782166,0.000021902926,0,3,0,0,0
02181965,02/18/1965,"February 18, 1965",1,304803,0.003043329686,0.000021902926,0,1,0,0,0
02221965,02/22/1965,"February 22, 1965",1,1168240,0.011614366536,0.000021902926,0,1,0,0,0
02231965,02/23/1965,"February 23, 1965",1,2837089,0.027972157403,0.000021902926,0,1,0,0,0
02271965,02/27/1965,"February 27, 1965",1,431038,0.004301043946,0.000021902926,0,1,0,0,0
03101965,03/10/1965,"March 10, 1965",1,6408668,0.062076247546,0.000021902926,0,1,0,0,0
04031965,04/03/1965,"April 03, 1965",1,8531702,0.081778801904,0.000021902926,0,1,0,0,0
04121965,04/12/1965,"April 12, 1965",1,5661258,0.055039848940,0.000021902926,0,1,0,0,0
04201965,04/20/1965,"April 20, 1965",1,5222638,0.050885961452,0.000021902926,0,1,0,0,0
04211965,04/21/1965,"April 21, 1965",1,4793062,0.046800025472,0.000021902926,0,1,0,0,0
05061965,05/06/1965,"May 06, 1965",2,3390913,0.033340601348,0.000021902926,0,3,0,0,0
05121965,05/12/1965,"May 12, 1965",1,1659087,0.016453940646,0.000021902926,0,1,0,0,0
05191965,05/19/1965,"May 19, 1965",1,3980533,0.039023448486,0.000021902926,0,1,0,0,0
05271965,05/27/1965,"May 27, 1965",1,5356775,0.052158221087,0.000021902926,0,1,0,0,0
05281965,05/28/1965,"May 28, 1965",1,5845210,0.056776524240,0.000021902926,0,1,0,0,0
06151965,06/15/1965,"June 15, 1965",1,1294286,0.012859402280,0.000021902926,0,1,0,0,0
07011965,07/01/1965,"July 01, 1965",1,2457662,0.024277015533,0.000021902926,0,2,0,0,0
07041965,07/04/1965,"July 04, 1965",1,4030386,0.039502404734,0.000021902926,0,1,0,0,0
07051965,07/05/1965,"July 05, 1965",2,805591,0.008023488678,0.000021902926,0,2,0,0,0
09041965,09/04/1965,"September 04, 1965",1,4399768,0.043043765396,0.000021902926,0,1,0,0,0
09081965,09/08/1965,"September 08, 1965",1,2237522,0.022126692942,0.000021902926,0,1,0,0,0
09261965,09/26/1965,"September 26, 1965",1,5388784,0.052461567213,0.000021902926,0,1,0,0,0
10051965,10/05/1965,"October 05, 1965",1,3999833,0.039208899066,0.000021902926,1,0,0,0,0
10181965,10/18/1965,"October 18, 1965",1,9482160,0.090464765221,0.000021902926,1,0,0,0,0
10201965,10/20/1965,"October 20, 1965",1,8042157,0.077272675135,0.000021902926,1,0,0,0,0
10261965,10/26/1965,"October 26, 1965",1,8545196,0.081902698314,0.000021902926,1,0,0,0,0
11051965,11/05/1965,"November 05, 1965",1,4100526,0.040175861545,0.000021902926,2,0,0,0,0
12061965,12/06/1965,"December 06, 1965",1,8476497,0.081271757942,0.000021902926,1,0,0,0,0
12101965,12/10/1965,"December 10, 1965",1,7586551,0.073059082635,0.000021902926,1,0,0,0,0
12111965,12/11/1965,"December 11, 1965",1,2330607,0.023036522796,0.000021902926,1,0,0,0,0
12301965,12/30/1965,"December 30, 1965",1,9439859,0.090079941331,0.000021902926,2,0,0,0,0
01011966,01/01/1966,"January 01, 1966",1,3616952,0.035523160961,0.000021902926,0,1,0,0,0
01111966,01/11/1966,"January 11, 1966",1,2678290,0.026427360657,0.000021902926,0,1,0,0,0
01251966,01/25/1966,"January 25, 1966",1,7954451,0.076463032898,0.000021902926,0,1,0,0,0
01311966,01/31/1966,"January 31, 1966",1,8073167,0.077558768520,0.000021902926,0,1,0,0,0
02241966,02/24/1966,"February 24, 1966",1,4838338,0.047231498613,0.000021902926,0,1,0,0,0
04041966,04/04/1966,"April 04, 1966",1,9503727,0.090660903535,0.000021902926,0,1,0,0,0
05091966,05/09/1966,"May 09, 1966",1,1498237,0.014870633761,0.000021902926,0,1,0,0,0
05151966,05/15/1966,"May 15, 1966",1,1084125,0.010782636196,0.000021902926,0,1,0,0,0
05161966,05/16/1966,"May 16, 1966",1,1265768,0.012577849377,0.000021902926,0,1,0,0,0
05251966,05/25/1966,"May 25, 1966",1,8379559,0.080380729347,0.000021902926,0,1,0,0,0
05291966,05/29/1966,"May 29, 1966",2,3644784,0.035791556806,0.000021902926,0,2,0,0,0
06091966,06/09/1966,"June 09, 1966",1,4985725,0.048634721200,0.000021902926,0,1,0,0,0
06161966,06/16/1966,"June 16, 1966",1,8949758,0.085609468010,0.000021902926,0,1,0,0,0
06231966,06/23/1966,"June 23, 1966",1,8971744,0.085810483816,0.000021902926,0,1,0,0,0
08121966,08/12/1966,"August 12, 1966",1,3396774,0.033397255596,0.000021902926,0,1,0,0,0
08131966,08/13/1966,"August 13, 1966",1,833327,0.008298585134,0.000021902926,0,1,0,0,0
08171966,08/17/1966,"August 17, 1966",1,4835309,0.047202638818,0.000021902926,0,1,0,0,0
09121966,09/12/1966,"September 12, 1966",1,5743491,0.055816598612,0.000021902926,0,2,0,0,0
09131966,09/13/1966,"September 13, 1966",1,2235983,0.022111643356,0.000021902926,0,1,0,0,0
09221966,09/22/1966,"September 22, 1966",1,4768968,0.046570333798,0.000021902926,0,1,0,0,0
09231966,09/23/1966,"September 23, 1966",1,1327893,0.013191094885,0.000021902926,0,1,0,0,0
10241966,10/24/1966,"October 24, 1966",1,2039426,0.020187645062,0.000021902926,2,0,0,0,0
12071966,12/07/1966,"December 07, 1966",1,4421301,0.043249804600,0.000021902926,1,0,0,0,0
12211966,12/21/1966,"December 21, 1966",1,4769551,0.046575892277,0.000021902926,1,0,0,0,0
01141967,01/14/1967,"January 14, 1967",1,3502144,0.034415228505,0.000021902926,0,1,0,0,0
01181967,01/18/1967,"January 18, 1967",1,323024,0.003224968614,0.000021902926,0,1,0,0,0
01201967,01/20/1967,"January 20, 1967",1,3782540,0.037118897346,0.000021902926,0,1,0,0,0
02031967,02/03/1967,"February 03, 1967",1,6871126,0.066403736894,0.000021902926,0,1,0,0,0
02071967,02/07/1967,"February 07, 1967",1,214746,0.002145096008,0.000021902926,0,1,0,0,0
02111967,02/11/1967,"February 11, 1967",1,1026530,0.010212732348,0.000021902926,0,1,0,0,0
02131967,02/13/1967,"February 13, 1967",1,9894862,0.094210700272,0.000021902926,0,1,0,0,0
02181967,02/18/1967,"February 18, 1967",1,9254649,0.088393116772,0.000021902926,0,2,1,0,0
03051967,03/05/1967,"March 05, 1967",1,208449,0.002082259105,0.000021902926,0,1,0,0,0
03181967,03/18/1967,"March 18, 1967",1,747197,0.007444064751,0.000021902926,0,1,0,0,0
04201967,04/20/1967,"April 20, 1967",1,3235716,0.031839210190,0.000021902926,0,1,0,0,0
04211967,04/21/1967,"April 21, 1967",2,2406592,0.023778586537,0.000021902926,0,3,0,0,0
05141967,05/14/1967,"May 14, 1967",1,9304932,0.088851384840,0.000021902926,0,1,0,0,0
05191967,05/19/1967,"May 19, 1967",1,4542089,0.044404746382,0.000021902926,0,1,0,0,0
05241967,05/24/1967,"May 24, 1967",1,8411468,0.080674123851,0.000021902926,0,1,0,0,0
06091967,06/09/1967,"June 09, 1967",1,7239299,0.069834666544,0.000021902926,0,1,0,0,0
06111967,06/11/1967,"June 11, 1967",1,6469449,0.062646153773,0.000021902926,0,1,0,0,0
06141967,06/14/1967,"June 14, 1967",1,4014913,0.039353775441,0.000021902926,0,1,0,0,0
06191967,06/19/1967,"June 19, 1967",1,7418736,0.071502230769,0.000021902926,0,1,0,0,0
06301967,06/30/1967,"June 30, 1967",1,7473389,0.072009544016,0.000021902926,0,1,0,0,0
07101967,07/10/1967,"July 10, 1967",1,2467326,0.024371304847,0.000021902926,0,1,0,0,0
07141967,07/14/1967,"July 14, 1967",1,573869,0.005722195572,0.000021902926,0,1,0,0,0
07171967,07/17/1967,"July 17, 1967",1,1610740,0.015978310661,0.000021902926,0,1,0,0,0
08021967,08/02/1967,"August 02, 1967",1,7654118,0.073685177271,0.000021902926,0,2,1,0,0
08251967,08/25/1967,"August 25, 1967",1,142623,0.001425153517,0.000021902926,0,1,0,0,0
09151967,09/15/1967,"September 15, 1967",1,7907754,0.076031668127,0.000021902926,0,1,0,0,0
09161967,09/16/1967,"September 16, 1967",1,1784893,0.017690522604,0.000021902926,0,1,0,0,0
09191967,09/19/1967,"September 19, 1967",1,4675325,0.045677095485,0.000021902926,0,1,0,0,0
10091967,10/09/1967,"October 09, 1967",1,9403531,0.089749325519,0.000021902926,1,0,0,0,0
10271967,10/27/1967,"October 27, 1967",1,5370912,0.052292208009,0.000021902926,1,0,0,0,0
12081967,12/08/1967,"December 08, 1967",1,8596242,0.082371230674,0.000021902926,2,0,0,0,0
12131967,12/13/1967,"December 13, 1967",1,3426742,0.033686883709,0.000021902926,1,0,0,0,0
12171967,12/17/1967,"December 17, 1967",1,2473613,0.024432640696,0.000021902926,1,0,0,0,0
12301967,12/30/1967,"December 30, 1967",1,3988582,0.039100794377,0.000021902926,1,0,0,0,0
01071968,01/07/1968,"January 07, 1968",1,1241447,0.012337669228,0.000021902926,0,1,0,0,0
01091968,01/09/1968,"January 09, 1968",1,1899301,0.018813720605,0.000021902926,0,1,0,0,0
02121968,02/12/1968,"February 12, 1968",1,1318351,0.013096929086,0.000021902926,0,2,0,0,0
02251968,02/25/1968,"February 25, 1968",1,5761396,0.055985639518,0.000021902926,0,1,0,0,0
03051968,03/05/1968,"March 05, 1968",1,3765655,0.036956301144,0.000021902926,0,1,0,0,0
03101968,03/10/1968,"March 10, 1968",1,5550456,0.053992233900,0.000021902926,0,1,0,0,0
03281968,03/28/1968,"March 28, 1968",1,6536220,0.063271825409,0.000021902926,0,1,0,0,0
04231968,04/23/1968,"April 23, 1968",1,6289259,0.060955613225,0.000021902926,0,1,0,0,0
05021968,05/02/1968,"May 02, 1968",1,4305827,0.042144368746,0.000021902926,0,1,0,0,0
05061968,05/06/1968,"May 06, 1968",1,1993647,0.019738994074,0.000021902926,0,1,0,0,0
05111968,05/11/1968,"May 11, 1968",2,4128326,0.040442655572,0.000021902926,0,2,0,0,0
05211968,05/21/1968,"May 21, 1968",1,8585156,0.082269496708,0.000021902926,0,2,0,0,0
05221968,05/22/1968,"May 22, 1968",1,6503544,0.062965690094,0.000021902926,0,1,0,0,0
06071968,06/07/1968,"June 07, 1968",1,7817534,0.075197687738,0.000021902926,0,1,0,0,0
06101968,06/10/1968,"June 10, 1968",1,7093177,0.068474496830,0.000021902926,0,1,0,0,0
06291968,06/29/1968,"June 29, 1968",1,6744341,0.065219326191,0.000021902926,0,1,0,0,0
07061968,07/06/1968,"July 06, 1968",1,4716966,0.046074402362,0.000021902926,0,1,0,0,0
07161968,07/16/1968,"July 16, 1968",1,6282441,0.060891586996,0.000021902926,0,1,0,0,0
07201968,07/20/1968,"July 20, 1968",1,1579831,0.015674112384,0.000021902926,0,1,0,0,0
07281968,07/28/1968,"July 28, 1968",1,616053,0.006141533273,0.000021902926,0,1,0,0,0
08021968,08/02/1968,"August 02, 1968",1,8202802,0.078753800465,0.000021902926,0,1,0,0,0
08121968,08/12/1968,"August 12, 1968",1,8606783,0.082467952825,0.000021902926,0,1,0,0,0
08161968,08/16/1968,"August 16, 1968",1,8877554,0.084949003052,0.000021902926,0,1,0,0,0
08261968,08/26/1968,"August 26, 1968",1,64713,0.000646860702,0.000021902926,0,1,0,0,0
09011968,09/01/1968,"September 01, 1968",1,4000985,0.039219967316,0.000021902926,0,1,0,0,0
09061968,09/06/1968,"September 06, 1968",1,9740356,0.092810119730,0.000021902926,0,1,0,0,0
10021968,10/02/1968,"October 02, 1968",1,5808017,0.056425645882,0.000021902926,1,0,0,0,0
10301968,10/30/1968,"October 30, 1968",1,263676,0.002633226986,0.000021902926,1,0,0,0,0
11041968,11/04/1968,"November 04, 1968",1,3318378,0.032639180589,0.000021902926,1,0,0,0,0
11051968,11/05/1968,"November 05, 1968",1,1432236,0.014220223906,0.000021902926,1,0,0,0,0
11081968,11/08/1968,"November 08, 1968",1,3245789,0.031936728116,0.000021902926,1,0,0,0,0
11131968,11/13/1968,"November 13, 1968",1,3287716,0.032342522934,0.000021902926,1,0,0,0,0
11151968,11/15/1968,"November 15, 1968",1,7941020,0.076338984317,0.000021902926,1,0,0,0,0
11161968,11/16/1968,"November 16, 1968",1,2969298,0.029256416566,0.000021902926,1,0,0,0,0
11281968,11/28/1968,"November 28, 1968",1,8166605,0.078420276616,0.000021902926,1,0,0,0,0
12031968,12/03/1968,"December 03, 1968",1,4527338,0.044263776127,0.000021902926,1,0,0,0,0
12101968,12/10/1968,"December 10, 1968",1,37854,0.000378408389,0.000021902926,1,0,0,0,0
12251968,12/25/1968,"December 25, 1968",1,1671777,0.016578744723,0.000021902926,1,0,0,0,0
01121969,01/12/1969,"January 12, 1969",1,8789695,0.084144695111,0.000021902926,0,1,0,0,0
01151969,01/15/1969,"January 15, 1969",1,5109225,0.049808932107,0.000021902926,0,1,0,0,0
01211969,01/21/1969,"January 21, 1969",1,6831884,0.066037303151,0.000021902926,0,1,0,0,0
01251969,01/25/1969,"January 25, 1969",1,9955069,0.094755884705,0.000021902926,0,1,0,0,0
01271969,01/27/1969,"January 27, 1969",1,316328,0.003158222322,0.000021902926,0,1,0,0,0
02201969,02/20/1969,"February 20, 1969",1,3764207,0.036942356170,0.000021902926,0,1,0,0,0
03071969,03/07/1969,"March 07, 1969",1,768384,0.007654335303,0.000021902926,0,1,0,0,0
03201969,03/20/1969,"March 20, 1969",1,1511675,0.015003006552,0.000021902926,0,1,0,0,0
03231969,03/23/1969,"March 23, 1969",1,5925340,0.057532026486,0.000021902926,0,1,0,0,0
03271969,03/27/1969,"March 27, 1969",1,2355288,0.023277617401,0.000021902926,0,1,0,0,0
04231969,04/23/1969,"April 23, 1969",1,6800712,0.065746122915,0.000021902926,0,1,0,0,0
05201969,05/20/1969,"May 20, 1969",1,4351994,0.042586479897,0.000021902926,0,1,0,0,0
07111969,07/11/1969,"July 11, 1969",1,619061,0.006171428086,0.000021902926,0,1,0,0,0
08241969,08/24/1969,"August 24, 1969",1,1044259,0.010388196180,0.000021902926,0,1,0,0,0
08291969,08/29/1969,"August 29, 1969",1,5060130,0.049342321265,0.000021902926,0,1,0,0,0
09071969,09/07/1969,"September 07, 1969",2,5211332,0.050778648552,0.000021902926,0,2,0,0,0
09121969,09/12/1969,"September 12, 1969",1,1482327,0.014713887208,0.000021902926,0,1,0,0,0
09171969,09/17/1969,"September 17, 1969",1,7899999,0.075960011604,0.000021902926,0,1,0,0,0
09211969,09/21/1969,"September 21, 1969",1,5746288,0.055843007053,0.000021902926,0,4,0,0,0
09231969,09/23/1969,"September 23, 1969",1,8660194,0.082957885022,0.000021902926,0,1,0,0,0
10011969,10/01/1969,"October 01, 1969",1,1551139,0.015391649077,0.000021902926,1,0,0,0,0
10121969,10/12/1969,"October 12, 1969",1,5532746,0.053824681087,0.000021902926,1,0,0,0,0
10171969,10/17/1969,"October 17, 1969",1,1564655,0.015524719750,0.000021902926,1,0,0,0,0
11261969,11/26/1969,"November 26, 1969",1,4385806,0.042910145837,0.000021902926,1,0,0,0,0
12131969,12/13/1969,"December 13, 1969",1,6899840,0.066671771244,0.000021902926,1,0,0,0,0
01071970,01/07/1970,"January 07, 1970",1,8509551,0.081575384196,0.000021902926,0,1,0,0,0
02231970,02/23/1970,"February 23, 1970",1,5188431,0.050561242475,0.000021902926,0,1,0,0,0
03041970,03/04/1970,"March 04, 1970",1,5693067,0.055340383516,0.000021902926,0,1,0,0,0
03291970,03/29/1970,"March 29, 1970",1,4483911,0.043848638419,0.000021902926,0,1,0,0,0
04011970,04/01/1970,"April 01, 1970",1,6910369,0.066770036201,0.000021902926,0,1,0,0,0
04181970,04/18/1970,"April 18, 1970",1,1182358,0.011753896972,0.000021902926,0,1,0,0,0
04251970,04/25/1970,"April 25, 1970",2,1146835,0.011402779945,0.000021902926,0,2,0,0,0
04281970,04/28/1970,"April 28, 1970",2,234679,0.002343978605,0.000021902926,0,2,0,0,0
05021970,05/02/1970,"May 02, 1970",1,3452855,0.033939184113,0.000021902926,0,1,0,0,0
06101970,06/10/1970,"June 10, 1970",1,3263670,0.032109812037,0.000021902926,0,1,0,0,0
06131970,06/13/1970,"June 13, 1970",1,8817416,0.084398544177,0.000021902926,0,1,0,0,0
06201970,06/20/1970,"June 20, 1970",1,7640094,0.073555261769,0.000021902926,0,1,0,0,0
07141970,07/14/1970,"July 14, 1970",1,3752842,0.036832898448,0.000021902926,0,1,0,0,0
07261970,07/26/1970,"July 26, 1970",1,5798185,0.056332869090,0.000021902926,0,1,0,0,0
08111970,08/11/1970,"August 11, 1970",1,9793540,0.093292471323,0.000021902926,0,1,0,0,0
09091970,09/09/1970,"September 09, 1970",1,8520925,0.081679839872,0.000021902926,0,1,0,0,0
09141970,09/14/1970,"September 14, 1970",1,5913475,0.057420196026,0.000021902926,0,1,0,0,0
09191970,09/19/1970,"September 19, 1970",1,3731460,0.036626932037,0.000021902926,0,1,0,0,0
09271970,09/27/1970,"September 27, 1970",1,9292868,0.088741457239,0.000021902926,0,1,0,0,0
10151970,10/15/1970,"October 15, 1970",1,3147321,0.030983026096,0.000021902926,1,0,0,0,0
10181970,10/18/1970,"October 18, 1970",1,486078,0.004848925866,0.000021902926,1,0,0,0,0
11151970,11/15/1970,"November 15, 1970",1,7001834,0.067623224752,0.000021902926,1,0,0,0,0
11181970,11/18/1970,"November 18, 1970",1,2385092,0.023568676367,0.000021902926,1,0,0,0,0
11241970,11/24/1970,"November 24, 1970",1,2448321,0.024185868992,0.000021902926,1,0,0,0,0
11271970,11/27/1970,"November 27, 1970",1,6173706,0.059869892083,0.000021902926,1,0,0,0,0
11301970,11/30/1970,"November 30, 1970",1,2709903,0.026735087535,0.000021902926,1,0,0,0,0
12051970,12/05/1970,"December 05, 1970",1,6928920,0.066943143636,0.000021902926,1,0,0,0,0
12171970,12/17/1970,"December 17, 1970",1,5806513,0.056411454417,0.000021902926,1,0,0,0,0
12181970,12/18/1970,"December 18, 1970",1,5278581,0.051416775834,0.000021902926,1,0,0,0,0
12251970,12/25/1970,"December 25, 1970",1,3448267,0.033894860225,0.000021902926,1,0,0,0,0
12281970,12/28/1970,"December 28, 1970",1,9965192,0.094847517929,0.000021902926,1,0,0,0,0
12291970,12/29/1970,"December 29, 1970",1,7118876,0.068713858814,0.000021902926,1,0,0,0,0
01071971,01/07/1971,"January 07, 1971",1,7435753,0.071660219793,0.000021902926,0,2,0,0,0
01191971,01/19/1971,"January 19, 1971",1,8587323,0.082289383713,0.000021902926,0,2,1,0,0
01281971,01/28/1971,"January 28, 1971",1,229809,0.002295391574,0.000021902926,0,1,0,0,0
02111971,02/11/1971,"February 11, 1971",1,7849605,0.075494233535,0.000021902926,0,1,0,0,0
02121971,02/12/1971,"February 12, 1971",1,9786010,0.093224193675,0.000021902926,0,1,0,0,0
02211971,02/21/1971,"February 21, 1971",1,7430220,0.071608853332,0.000021902926,0,1,0,0,0
03241971,03/24/1971,"March 24, 1971",1,6666308,0.064489604105,0.000021902926,0,1,0,0,0
04281971,04/28/1971,"April 28, 1971",1,8972229,0.085814917625,0.000021902926,0,1,0,0,0
05111971,05/11/1971,"May 11, 1971",1,6892751,0.066605605260,0.000021902926,0,1,0,0,0
05231971,05/23/1971,"May 23, 1971",1,1402584,0.013927877143,0.000021902926,0,1,0,0,0
06141971,06/14/1971,"June 14, 1971",1,8029412,0.077155066041,0.000021902926,0,1,0,0,0
06241971,06/24/1971,"June 24, 1971",1,4922706,0.048034991357,0.000021902926,0,1,0,0,0
06261971,06/26/1971,"June 26, 1971",3,2422389,0.023932788055,0.000021902926,0,3,0,0,0
06271971,06/27/1971,"June 27, 1971",1,7681685,0.073940499286,0.000021902926,0,2,0,0,0
07081971,07/08/1971,"July 08, 1971",1,9148812,0.087427788638,0.000021902926,0,1,0,0,0
08101971,08/10/1971,"August 10, 1971",1,9168178,0.087604500262,0.000021902926,0,1,0,0,0
08181971,08/18/1971,"August 18, 1971",1,7254419,0.069975296912,0.000021902926,0,1,0,0,0
09101971,09/10/1971,"September 10, 1971",1,6044190,0.058651484314,0.000021902926,0,1,0,0,0
10111971,10/11/1971,"October 11, 1971",1,460268,0.004592044222,0.000021902926,1,0,0,0,0
10191971,10/19/1971,"October 19, 1971",2,5974117,0.057991621997,0.000021902926,2,0,0,0,0
10251971,10/25/1971,"October 25, 1971",1,9032560,0.086366288292,0.000021902926,1,0,0,0,0
11021971,11/02/1971,"November 02, 1971",1,7357747,0.070935776539,0.000021902926,1,0,0,0,0
11181971,11/18/1971,"November 18, 1971",1,8242319,0.079117777408,0.000021902926,1,0,0,0,0
11291971,11/29/1971,"November 29, 1971",1,8442607,0.080960348173,0.000021902926,1,0,0,0,0
12021971,12/02/1971,"December 02, 1971",1,8554960,0.081992336959,0.000021902926,1,0,0,0,0
12031971,12/03/1971,"December 03, 1971",1,7372071,0.071068846169,0.000021902926,1,0,0,0,0
12101971,12/10/1971,"December 10, 1971",1,1566069,0.015538640132,0.000021902926,1,0,0,0,0
12111971,12/11/1971,"December 11, 1971",1,4217582,0.041298735976,0.000021902926,2,0,0,0,0
12301971,12/30/1971,"December 30, 1971",1,4108596,0.040253316229,0.000021902926,1,0,0,0,0
12311971,12/31/1971,"December 31, 1971",1,1932445,0.019138871102,0.000021902926,1,0,0,0,0
01101972,01/10/1972,"January 10, 1972",1,9137621,0.087325656966,0.000021902926,0,1,0,0,0
01251972,01/25/1972,"January 25, 1972",1,2633843,0.025994540641,0.000021902926,0,1,0,0,0
02011972,02/01/1972,"February 01, 1972",1,5253474,0.051178585141,0.000021902926,0,1,0,0,0
02101972,02/10/1972,"February 10, 1972",1,2505355,0.024742256149,0.000021902926,0,1,0,0,0
02161972,02/16/1972,"February 16, 1972",1,417013,0.004161387373,0.000021902926,0,1,0,0,0
03231972,03/23/1972,"March 23, 1972",1,5014778,0.048911081210,0.000021902926,0,1,0,0,0
04191972,04/19/1972,"April 19, 1972",1,8253432,0.079220109365,0.000021902926,0,1,0,0,0
04271972,04/27/1972,"April 27, 1972",1,3144080,0.030951619746,0.000021902926,0,1,0,0,0
04301972,04/30/1972,"April 30, 1972",1,1378841,0.013693726240,0.000021902926,0,1,0,0,0
05051972,05/05/1972,"May 05, 1972",1,1551534,0.015395538273,0.000021902926,0,2,0,0,0
05151972,05/15/1972,"May 15, 1972",2,2080470,0.020589716730,0.000021902926,0,2,0,0,0
05261972,05/26/1972,"May 26, 1972",1,5119687,0.049908335897,0.000021902926,0,1,0,0,0
06101972,06/10/1972,"June 10, 1972",1,5721492,0.055608864855,0.000021902926,0,1,0,0,0
07241972,07/24/1972,"July 24, 1972",1,1774213,0.017585606348,0.000021902926,0,1,0,0,0
07261972,07/26/1972,"July 26, 1972",1,4711336,0.046020694839,0.000021902926,0,1,0,0,0
08071972,08/07/1972,"August 07, 1972",1,5196846,0.050641134386,0.000021902926,0,1,0,0,0
08081972,08/08/1972,"August 08, 1972",1,1384797,0.013752468893,0.000021902926,0,1,0,0,0
08141972,08/14/1972,"August 14, 1972",1,6134328,0.059499614747,0.000021902926,0,1,0,0,0
08241972,08/24/1972,"August 24, 1972",1,5334665,0.051948630098,0.000021902926,0,1,0,0,0
09241972,09/24/1972,"September 24, 1972",2,4796641,0.046834139889,0.000021902926,0,2,0,0,0
10061972,10/06/1972,"October 06, 1972",1,4237866,0.041493179221,0.000021902926,1,0,0,0,0
10101972,10/10/1972,"October 10, 1972",2,3009712,0.029648653617,0.000021902926,2,0,0,0,0
10131972,10/13/1972,"October 13, 1972",1,1172975,0.011661165488,0.000021902926,1,0,0,0,0
10161972,10/16/1972,"October 16, 1972",1,401389,0.004005785391,0.000021902926,1,0,0,0,0
12181972,12/18/1972,"December 18, 1972",1,1654650,0.016410299739,0.000021902926,1,0,0,0,0
01201973,01/20/1973,"January 20, 1973",1,8611835,0.082514305374,0.000021902926,0,1,0,0,0
02011973,02/01/1973,"February 01, 1973",1,876401,0.008725658620,0.000021902926,0,1,0,0,0
02071973,02/07/1973,"February 07, 1973",1,6112062,0.059290179613,0.000021902926,0,1,0,0,0
02151973,02/15/1973,"February 15, 1973",1,607179,0.006053334358,0.000021902926,0,3,0,0,0
03021973,03/02/1973,"March 02, 1973",1,2085233,0.020636364932,0.000021902926,0,1,0,0,0
03081973,03/08/1973,"March 08, 1973",2,2391789,0.023634065783,0.000021902926,0,2,0,0,0
03101973,03/10/1973,"March 10, 1973",1,4909954,0.047913589038,0.000021902926,0,1,0,0,0
03141973,03/14/1973,"March 14, 1973",1,170767,0.001706152881,0.000021902926,0,1,0,0,0
03241973,03/24/1973,"March 24, 1973",1,2392106,0.023637160859,0.000021902926,0,1,0,0,0
04101973,04/10/1973,"April 10, 1973",1,8252757,0.079213894079,0.000021902926,0,1,0,0,0
04161973,04/16/1973,"April 16, 1973",1,9832255,0.093643435204,0.000021902926,0,1,0,0,0
05011973,05/01/1973,"May 01, 1973",1,8830636,0.084519578690,0.000021902926,0,1,0,0,0
05181973,05/18/1973,"May 18, 1973",1,8837590,0.084583238985,0.000021902926,0,1,0,0,0
06051973,06/05/1973,"June 05, 1973",1,3399451,0.033423131205,0.000021902926,0,1,0,0,0
06061973,06/06/1973,"June 06, 1973",1,1162874,0.011561328340,0.000021902926,0,2,0,0,0
06171973,06/17/1973,"June 17, 1973",1,8714695,0.083457545977,0.000021902926,0,1,0,0,0
06191973,06/19/1973,"June 19, 1973",1,8541271,0.081866662287,0.000021902926,0,1,0,0,0
06261973,06/26/1973,"June 26, 1973",1,7768589,0.074744932450,0.000021902926,0,1,0,0,0
06291973,06/29/1973,"June 29, 1973",1,3562312,0.034996026811,0.000021902926,0,1,0,0,0
07081973,07/08/1973,"July 08, 1973",1,3165254,0.031156784331,0.000021902926,0,1,0,0,0
07161973,07/16/1973,"July 16, 1973",1,3548106,0.034858928607,0.000021902926,0,1,0,0,0
07241973,07/24/1973,"July 24, 1973",1,4418732,0.043225225371,0.000021902926,0,1,0,0,0
07291973,07/29/1973,"July 29, 1973",2,1155517,0.011488606231,0.000021902926,0,3,0,0,0
08051973,08/05/1973,"August 05, 1973",2,1916042,0.018977967253,0.000021902926,0,2,0,0,0
08261973,08/26/1973,"August 26, 1973",1,3329589,0.032747625333,0.000021902926,0,1,0,0,0
09271973,09/27/1973,"September 27, 1973",1,9005720,0.086121036090,0.000021902926,0,1,0,0,0
10131973,10/13/1973,"October 13, 1973",1,5034668,0.049100233986,0.000021902926,1,0,0,0,0
11161973,11/16/1973,"November 16, 1973",1,9069246,0.086701402485,0.000021902926,1,0,0,0,0
11221973,11/22/1973,"November 22, 1973",1,7393421,0.071267151803,0.000021902926,1,0,0,0,0
11271973,11/27/1973,"November 27, 1973",1,1151664,0.011450518153,0.000021902926,1,0,0,0,0
11301973,11/30/1973,"November 30, 1973",1,8483919,0.081339943423,0.000021902926,1,0,0,0,0
12011973,12/01/1973,"December 01, 1973",1,1503359,0.014921090795,0.000021902926,1,0,0,0,0
01031974,01/03/1974,"January 03, 1974",1,922840,0.009185889645,0.000021902926,0,1,0,0,0
01051974,01/05/1974,"January 05, 1974",1,3342753,0.032874946056,0.000021902926,0,2,0,0,0
01171974,01/17/1974,"January 17, 1974",1,5968211,0.057935985338,0.000021902926,0,1,0,0,0
01191974,01/19/1974,"January 19, 1974",1,8896188,0.085119497771,0.000021902926,0,2,0,0,0
02051974,02/05/1974,"February 05, 1974",1,398221,0.003974231794,0.000021902926,0,1,0,0,0
02061974,02/06/1974,"February 06, 1974",1,9376966,0.089507485304,0.000021902926,0,1,0,0,0
02091974,02/09/1974,"February 09, 1974",2,1547864,0.015359402625,0.000021902926,0,3,0,0,0
02141974,02/14/1974,"February 14, 1974",1,8159531,0.078355081760,0.000021902926,0,1,0,0,0
02241974,02/24/1974,"February 24, 1974",1,8004642,0.076926449036,0.000021902926,0,1,0,0,0
03091974,03/09/1974,"March 09, 1974",1,7354849,0.070908851867,0.000021902926,0,1,0,0,0
03101974,03/10/1974,"March 10, 1974",1,3448877,0.033900753449,0.000021902926,0,1,0,0,0
04061974,04/06/1974,"April 06, 1974",1,3850074,0.037768949949,0.000021902926,0,1,0,0,0
04141974,04/14/1974,"April 14, 1974",1,2667083,0.026318246256,0.000021902926,0,1,0,0,0
04161974,04/16/1974,"April 16, 1974",1,9318228,0.088972523108,0.000021902926,0,1,0,0,0
04231974,04/23/1974,"April 23, 1974",1,7223169,0.069684618773,0.000021902926,0,1,0,0,0
05041974,05/04/1974,"May 04, 1974",1,5194684,0.050620609025,0.000021902926,0,1,0,0,0
05241974,05/24/1974,"May 24, 1974",1,9278831,0.088613534898,0.000021902926,0,1,0,0,0
06091974,06/09/1974,"June 09, 1974",1,6937593,0.067024064149,0.000021902926,0,1,0,0,0
06131974,06/13/1974,"June 13, 1974",1,6378849,0.061796526357,0.000021902926,0,1,0,0,0
06201974,06/20/1974,"June 20, 1974",1,5842419,0.056750198505,0.000021902926,0,1,0,0,0
06221974,06/22/1974,"June 22, 1974",1,548865,0.005473555264,0.000021902926,0,1,0,0,0
06231974,06/23/1974,"June 23, 1974",1,6548402,0.063385930686,0.000021902926,0,1,0,0,0
07051974,07/05/1974,"July 05, 1974",1,6265886,0.060736104727,0.000021902926,0,2,0,0,0
07151974,07/15/1974,"July 15, 1974",1,3665121,0.035987627941,0.000021902926,0,1,0,0,0
07161974,07/16/1974,"July 16, 1974",1,6288257,0.060946203953,0.000021902926,0,1,0,0,0
07181974,07/18/1974,"July 18, 1974",1,1776457,0.017607651480,0.000021902926,0,1,0,0,0
07211974,07/21/1974,"July 21, 1974",1,7138355,0.068895246376,0.000021902926,0,1,0,0,0
07311974,07/31/1974,"July 31, 1974",1,7782522,0.074873839259,0.000021902926,0,1,0,0,0
08261974,08/26/1974,"August 26, 1974",1,7947491,0.076398752488,0.000021902926,0,1,0,0,0
09051974,09/05/1974,"September 05, 1974",1,8086298,0.077679886327,0.000021902926,0,1,0,0,0
10021974,10/02/1974,"October 02, 1974",1,8689252,0.083224320410,0.000021902926,1,0,0,0,0
10041974,10/04/1974,"October 04, 1974",1,3059550,0.030132136836,0.000021902926,1,0,0,0,0
10081974,10/08/1974,"October 08, 1974",1,3101277,0.030536749182,0.000021902926,1,0,0,0,0
10161974,10/16/1974,"October 16, 1974",1,7546369,0.072686544390,0.000021902926,1,0,0,0,0
10181974,10/18/1974,"October 18, 1974",1,1708642,0.016941216156,0.000021902926,1,0,0,0,0
10251974,10/25/1974,"October 25, 1974",1,1442449,0.014320896455,0.000021902926,1,0,0,0,0
10291974,10/29/1974,"October 29, 1974",1,9662534,0.092103851634,0.000021902926,1,0,0,0,0
11011974,11/01/1974,"November 01, 1974",1,1242297,0.012346064322,0.000021902926,1,0,0,0,0
11251974,11/25/1974,"November 25, 1974",1,1615329,0.016023466381,0.000021902926,1,0,0,0,0
11261974,11/26/1974,"November 26, 1974",1,7915727,0.076105333186,0.000021902926,1,0,0,0,0
12051974,12/05/1974,"December 05, 1974",1,1078756,0.010729523690,0.000021902926,1,0,0,0,0
12151974,12/15/1974,"December 15, 1974",1,7735459,0.074438344660,0.000021902926,1,0,0,0,0
12261974,12/26/1974,"December 26, 1974",2,953515,0.009489775265,0.000021902926,3,0,0,0,0
01141975,01/14/1975,"January 14, 1975",1,8169707,0.078448863576,0.000021902926,0,1,0,0,0
01241975,01/24/1975,"January 24, 1975",1,2720860,0.026841722331,0.000021902926,0,1,0,0,0
01311975,01/31/1975,"January 31, 1975",1,1731979,0.017170605819,0.000021902926,0,1,0,0,0
02211975,02/21/1975,"February 21, 1975",1,2898396,0.028567895885,0.000021902926,0,1,0,0,0
02231975,02/23/1975,"February 23, 1975",1,9078612,0.086786938027,0.000021902926,0,1,0,0,0
02251975,02/25/1975,"February 25, 1975",1,7412967,0.071448664187,0.000021902926,0,1,0,0,0
03251975,03/25/1975,"March 25, 1975",2,4760071,0.046485503386,0.000021902926,0,2,0,0,0
03271975,03/27/1975,"March 27, 1975",1,2113711,0.020915228401,0.000021902926,0,1,0,0,0
04051975,04/05/1975,"April 05, 1975",1,9897316,0.094232928069,0.000021902926,0,1,0,0,0
05191975,05/19/1975,"May 19, 1975",1,6157999,0.059722214248,0.000021902926,0,1,0,0,0
05241975,05/24/1975,"May 24, 1975",1,4877874,0.047608110718,0.000021902926,0,1,0,0,0
05301975,05/30/1975,"May 30, 1975",1,681503,0.006791800822,0.000021902926,0,1,0,0,0
06031975,06/03/1975,"June 03, 1975",1,9299135,0.088798564023,0.000021902926,0,1,0,0,0
06121975,06/12/1975,"June 12, 1975",1,4129706,0.040455897372,0.000021902926,0,1,0,0,0
06141975,06/14/1975,"June 14, 1975",1,9032162,0.086362652022,0.000021902926,0,2,0,0,0
07031975,07/03/1975,"July 03, 1975",1,9935380,0.094577633642,0.000021902926,0,1,0,0,0
07221975,07/22/1975,"July 22, 1975",1,9386326,0.089592703416,0.000021902926,0,1,0,0,0
09021975,09/02/1975,"September 02, 1975",1,2007170,0.019871545808,0.000021902926,0,1,0,0,0
09031975,09/03/1975,"September 03, 1975",1,9337846,0.089151230950,0.000021902926,0,1,0,0,0
09051975,09/05/1975,"September 05, 1975",1,1047958,0.010424801244,0.000021902926,0,1,0,0,0
09121975,09/12/1975,"September 12, 1975",1,4158359,0.040730796162,0.000021902926,0,1,0,0,0
09211975,09/21/1975,"September 21, 1975",1,5774615,0.056110420530,0.000021902926,0,1,0,0,0
09221975,09/22/1975,"September 22, 1975",1,868009,0.008642467386,0.000021902926,0,2,0,0,0
09281975,09/28/1975,"September 28, 1975",1,9224207,0.088115563157,0.000021902926,0,1,0,0,0
10071975,10/07/1975,"October 07, 1975",1,4369151,0.042750729245,0.000021902926,1,0,0,0,0
10211975,10/21/1975,"October 21, 1975",1,2950422,0.029073161710,0.000021902926,2,0,0,0,0
10281975,10/28/1975,"October 28, 1975",1,64280,0.000642533493,0.000021902926,1,0,0,0,0
11011975,11/01/1975,"November 01, 1975",1,7605726,0.073236806518,0.000021902926,1,0,0,0,0
11061975,11/06/1975,"November 06, 1975",1,1370383,0.013610300927,0.000021902926,1,0,0,0,0
11261975,11/26/1975,"November 26, 1975",1,3698621,0.036310518001,0.000021902926,1,0,0,0,0
12011975,12/01/1975,"December 01, 1975",1,1340366,0.013314171885,0.000021902926,1,0,0,0,0
12021975,12/02/1975,"December 02, 1975",1,1207332,0.012000670740,0.000021902926,1,0,0,0,0
12211975,12/21/1975,"December 21, 1975",1,5715092,0.055548421888,0.000021902926,1,0,0,0,0
12221975,12/22/1975,"December 22, 1975",1,6542815,0.063333600596,0.000021902926,1,0,0,0,0
12301975,12/30/1975,"December 30, 1975",1,8635693,0.082733173004,0.000021902926,1,0,0,0,0
01031976,01/03/1976,"January 03, 1976",2,2753703,0.027161284227,0.000021902926,0,2,0,0,0
01251976,01/25/1976,"January 25, 1976",1,7311950,0.070510195548,0.000021902926,0,1,0,0,0
02021976,02/02/1976,"February 02, 1976",1,964217,0.009595773999,0.000021902926,0,1,0,0,0
02181976,02/18/1976,"February 18, 1976",1,7010607,0.067705018579,0.000021902926,0,3,0,0,0
02251976,02/25/1976,"February 25, 1976",1,5488591,0.053406805121,0.000021902926,0,1,0,0,0
03071976,03/07/1976,"March 07, 1976",1,1139606,0.011331311668,0.000021902926,0,2,0,0,0
03271976,03/27/1976,"March 27, 1976",2,1959989,0.019409002290,0.000021902926,0,2,0,0,0
04101976,04/10/1976,"April 10, 1976",1,3585655,0.035221261401,0.000021902926,0,1,0,0,0
05101976,05/10/1976,"May 10, 1976",1,6371759,0.061730005371,0.000021902926,0,1,0,0,0
05201976,05/20/1976,"May 20, 1976",1,1234661,0.012270644187,0.000021902926,0,1,0,0,0
05211976,05/21/1976,"May 21, 1976",2,2738657,0.027014899900,0.000021902926,0,2,0,0,0
06131976,06/13/1976,"June 13, 1976",1,134093,0.001339971449,0.000021902926,0,2,0,0,0
06191976,06/19/1976,"June 19, 1976",1,499689,0.004984366663,0.000021902926,0,1,0,0,0
06231976,06/23/1976,"June 23, 1976",1,4193473,0.041067574822,0.000021902926,0,1,0,0,0
07101976,07/10/1976,"July 10, 1976",1,9185510,0.087762622949,0.000021902926,0,2,1,0,0
07251976,07/25/1976,"July 25, 1976",1,4524131,0.044233125175,0.000021902926,0,1,0,0,0
08011976,08/01/1976,"August 01, 1976",1,6433699,0.062310989862,0.000021902926,0,1,0,0,0
08161976,08/16/1976,"August 16, 1976",1,7234080,0.069786119948,0.000021902926,0,1,0,0,0
08211976,08/21/1976,"August 21, 1976",1,987546,0.009826798454,0.000021902926,0,1,0,0,0
09271976,09/27/1976,"September 27, 1976",1,9799068,0.093342592730,0.000021902926,0,1,0,0,0
09291976,09/29/1976,"September 29, 1976",1,1987350,0.019677265094,0.000021902926,0,1,0,0,0
10031976,10/03/1976,"October 03, 1976",1,8307653,0.079719230108,0.000021902926,1,0,0,0,0
11041976,11/04/1976,"November 04, 1976",1,976669,0.009719091456,0.000021902926,1,0,0,0,0
11091976,11/09/1976,"November 09, 1976",1,4669730,0.045623699624,0.000021902926,1,0,0,0,0
11111976,11/11/1976,"November 11, 1976",1,6727042,0.065057604493,0.000021902926,1,0,0,0,0
11231976,11/23/1976,"November 23, 1976",1,9950333,0.094713011328,0.000021902926,1,0,0,0,0
11271976,11/27/1976,"November 27, 1976",1,8953045,0.085639523533,0.000021902926,1,0,0,0,0
12041976,12/04/1976,"December 04, 1976",1,3059380,0.030130488060,0.000021902926,1,0,0,0,0
12061976,12/06/1976,"December 06, 1976",1,9729128,0.092708254731,0.000021902926,2,1,0,0,0
12111976,12/11/1976,"December 11, 1976",1,7956084,0.076478114134,0.000021902926,1,0,0,0,0
12171976,12/17/1976,"December 17, 1976",1,8515911,0.081633794144,0.000021902926,1,0,0,0,0
12251976,12/25/1976,"December 25, 1976",1,7287403,0.070282005678,0.000021902926,1,0,0,0,0
01161977,01/16/1977,"January 16, 1977",1,343515,0.003429196862,0.000021902926,0,1,0,0,0
02091977,02/09/1977,"February 09, 1977",1,7212868,0.069588782049,0.000021902926,0,3,2,0,0
02191977,02/19/1977,"February 19, 1977",1,4572409,0.044694438946,0.000021902926,0,1,0,0,0
02241977,02/24/1977,"February 24, 1977",1,2749713,0.027122467188,0.000021902926,0,1,0,0,0
03041977,03/04/1977,"March 04, 1977",1,3434127,0.033758243298,0.000021902926,0,1,0,0,0
03151977,03/15/1977,"March 15, 1977",1,2454468,0.024245850443,0.000021902926,0,1,0,0,0
03231977,03/23/1977,"March 23, 1977",1,6671450,0.064537706814,0.000021902926,0,1,0,0,0
04121977,04/12/1977,"April 12, 1977",1,7467498,0.071954874488,0.000021902926,0,1,0,0,0
04151977,04/15/1977,"April 15, 1977",1,7564524,0.072854882869,0.000021902926,0,2,0,0,0
04191977,04/19/1977,"April 19, 1977",1,5728493,0.055674979365,0.000021902926,0,1,0,0,0
04241977,04/24/1977,"April 24, 1977",1,3561721,0.034990323620,0.000021902926,0,1,0,0,0
04261977,04/26/1977,"April 26, 1977",1,8903071,0.085182466829,0.000021902926,0,1,0,0,0
04271977,04/27/1977,"April 27, 1977",1,2799689,0.027608550996,0.000021902926,0,1,0,0,0
04301977,04/30/1977,"April 30, 1977",1,9733239,0.092745552728,0.000021902926,0,1,0,0,0
05051977,05/05/1977,"May 05, 1977",1,4167775,0.040821116698,0.000021902926,0,1,0,0,0
05101977,05/10/1977,"May 10, 1977",2,4069927,0.039882120015,0.000021902926,0,2,0,0,0
05201977,05/20/1977,"May 20, 1977",1,597386,0.005955992394,0.000021902926,0,1,0,0,0
06121977,06/12/1977,"June 12, 1977",1,8331870,0.079942067521,0.000021902926,0,1,0,0,0
06171977,06/17/1977,"June 17, 1977",1,788502,0.007853955325,0.000021902926,0,1,0,0,0
07291977,07/29/1977,"July 29, 1977",1,3826270,0.037539873204,0.000021902926,0,1,0,0,0
08291977,08/29/1977,"August 29, 1977",1,2018230,0.019979942022,0.000021902926,0,1,0,0,0
09091977,09/09/1977,"September 09, 1977",2,2396195,0.023677083519,0.000021902926,0,2,0,0,0
09111977,09/11/1977,"September 11, 1977",1,3450800,0.033919331359,0.000021902926,0,1,0,0,0
09131977,09/13/1977,"September 13, 1977",1,6615525,0.064014403206,0.000021902926,0,1,0,0,0
09191977,09/19/1977,"September 19, 1977",1,3591410,0.035276782821,0.000021902926,0,1,0,0,0
09211977,09/21/1977,"September 21, 1977",1,7313955,0.070528831632,0.000021902926,0,1,0,0,0
09291977,09/29/1977,"September 29, 1977",1,2572113,0.025393101450,0.000021902926,0,1,0,0,0
11291977,11/29/1977,"November 29, 1977",1,7690608,0.074023127890,0.000021902926,2,0,0,0,0
12041977,12/04/1977,"December 04, 1977",1,371764,0.003710678392,0.000021902926,1,0,0,0,0
12161977,12/16/1977,"December 16, 1977",1,1606193,0.015933566177,0.000021902926,1,0,0,0,0
12261977,12/26/1977,"December 26, 1977",1,795290,0.007921299914,0.000021902926,2,0,0,0,0
12311977,12/31/1977,"December 31, 1977",1,631982,0.006299832381,0.000021902926,1,0,0,0,0
01071978,01/07/1978,"January 07, 1978",1,9206852,0.087957291878,0.000021902926,0,1,0,0,0
01111978,01/11/1978,"January 11, 1978",1,6284857,0.060914275581,0.000021902926,0,1,0,0,0
02111978,02/11/1978,"February 11, 1978",1,6044238,0.058651936162,0.000021902926,0,1,0,0,0
02221978,02/22/1978,"February 22, 1978",1,7603272,0.073214063470,0.000021902926,0,1,0,0,0
02241978,02/24/1978,"February 24, 1978",2,8714486,0.083455630401,0.000021902926,0,2,0,0,0
03151978,03/15/1978,"March 15, 1978",1,7258301,0.070011399770,0.000021902926,0,1,0,0,0
03301978,03/30/1978,"March 30, 1978",1,405009,0.004041839730,0.000021902926,0,1,0,0,0
04181978,04/18/1978,"April 18, 1978",1,4180467,0.040942847958,0.000021902926,0,1,0,0,0
05111978,05/11/1978,"May 11, 1978",1,3652836,0.035869191745,0.000021902926,0,1,0,0,0
05181978,05/18/1978,"May 18, 1978",1,8493197,0.081425172750,0.000021902926,0,1,0,0,0
06121978,06/12/1978,"June 12, 1978",1,6475817,0.062705842566,0.000021902926,0,1,0,0,0
06131978,06/13/1978,"June 13, 1978",1,879911,0.008760451740,0.000021902926,0,1,0,0,0
07011978,07/01/1978,"July 01, 1978",1,586738,0.005850140951,0.000021902926,0,1,0,0,0
07121978,07/12/1978,"July 12, 1978",1,5092682,0.049651728994,0.000021902926,0,2,0,0,0
07201978,07/20/1978,"July 20, 1978",1,2532420,0.025006173943,0.000021902926,0,1,0,0,0
07261978,07/26/1978,"July 26, 1978",1,7313252,0.070522297427,0.000021902926,0,1,0,0,0
08041978,08/04/1978,"August 04, 1978",1,5442034,0.052965997117,0.000021902926,0,1,0,0,0
08131978,08/13/1978,"August 13, 1978",1,9906450,0.094315657055,0.000021902926,0,2,1,0,0
08221978,08/22/1978,"August 22, 1978",1,9385824,0.089588133160,0.000021902926,0,1,0,0,0
09061978,09/06/1978,"September 06, 1978",2,6943054,0.067075012574,0.000021902926,0,2,0,0,0
09081978,09/08/1978,"September 08, 1978",1,3403163,0.033459009873,0.000021902926,0,1,0,0,0
09131978,09/13/1978,"September 13, 1978",1,28004,0.000279940812,0.000021902926,0,2,0,0,0
09261978,09/26/1978,"September 26, 1978",1,7214747,0.069606264311,0.000021902926,0,1,0,0,0
09291978,09/29/1978,"September 29, 1978",1,3663071,0.035967865484,0.000021902926,0,1,0,0,0
10011978,10/01/1978,"October 01, 1978",1,7787674,0.074921500532,0.000021902926,2,1,0,0,0
10141978,10/14/1978,"October 14, 1978",1,4340183,0.042473393107,0.000021902926,1,0,0,0,0
10151978,10/15/1978,"October 15, 1978",1,5927262,0.057550140547,0.000021902926,1,0,0,0,0
10201978,10/20/1978,"October 20, 1978",2,4955057,0.048342911750,0.000021902926,2,0,0,0,0
11041978,11/04/1978,"November 04, 1978",1,6049294,0.058699529517,0.000021902926,1,0,0,0,0
11081978,11/08/1978,"November 08, 1978",1,9522728,0.090833670645,0.000021902926,1,0,0,0,0
11111978,11/11/1978,"November 11, 1978",1,4435480,0.043385452595,0.000021902926,1,0,0,0,0
11131978,11/13/1978,"November 13, 1978",1,7751356,0.074585469503,0.000021902926,1,0,0,0,0
11161978,11/16/1978,"November 16, 1978",1,3559266,0.034966632342,0.000021902926,2,0,0,0,0
11201978,11/20/1978,"November 20, 1978",1,4022736,0.039428923857,0.000021902926,1,0,0,0,0
11301978,11/30/1978,"November 30, 1978",1,5926115,0.057539330585,0.000021902926,2,0,0,0,0
12091978,12/09/1978,"December 09, 1978",1,8493770,0.081430436169,0.000021902926,1,0,0,0,0
12161978,12/16/1978,"December 16, 1978",1,2882280,0.028411327269,0.000021902926,1,0,0,0,0
02051979,02/05/1979,"February 05, 1979",1,9396943,0.089689356229,0.000021902926,0,1,0,0,0
02131979,02/13/1979,"February 13, 1979",1,2520705,0.024891946725,0.000021902926,0,1,0,0,0
02151979,02/15/1979,"February 15, 1979",2,5279987,0.051430112820,0.000021902926,0,3,0,0,0
02221979,02/22/1979,"February 22, 1979",1,7332240,0.070698769900,0.000021902926,0,1,0,0,0
02231979,02/23/1979,"February 23, 1979",1,7030568,0.067891095410,0.000021902926,0,2,1,0,0
02251979,02/25/1979,"February 25, 1979",1,4303192,0.042119128917,0.000021902926,0,1,0,0,0
03181979,03/18/1979,"March 18, 1979",1,9378939,0.089525449144,0.000021902926,0,1,0,0,0
03211979,03/21/1979,"March 21, 1979",1,2335614,0.023085438133,0.000021902926,0,1,0,0,0
04081979,04/08/1979,"April 08, 1979",1,239467,0.002391745233,0.000021902926,0,1,0,0,0
04091979,04/09/1979,"April 09, 1979",1,205357,0.002051403011,0.000021902926,0,1,0,0,0
04111979,04/11/1979,"April 11, 1979",1,738008,0.007352854594,0.000021902926,0,1,0,0,0
04231979,04/23/1979,"April 23, 1979",1,8267005,0.079345078339,0.000021902926,0,1,0,0,0
05211979,05/21/1979,"May 21, 1979",1,5053981,0.049283863527,0.000021902926,0,1,0,0,0
05241979,05/24/1979,"May 24, 1979",1,6690865,0.064719309190,0.000021902926,0,1,0,0,0
05311979,05/31/1979,"May 31, 1979",1,2126293,0.021038409099,0.000021902926,0,1,0,0,0
06201979,06/20/1979,"June 20, 1979",1,7692131,0.074037230411,0.000021902926,0,1,0,0,0
07141979,07/14/1979,"July 14, 1979",1,7484767,0.072115124765,0.000021902926,0,1,0,0,0
07181979,07/18/1979,"July 18, 1979",1,4001739,0.039227211570,0.000021902926,0,1,0,0,0
07221979,07/22/1979,"July 22, 1979",1,9776232,0.093135524800,0.000021902926,0,1,0,0,0
07241979,07/24/1979,"July 24, 1979",1,1299676,0.012912607725,0.000021902926,0,1,0,0,0
08051979,08/05/1979,"August 05, 1979",1,8595246,0.082362091046,0.000021902926,0,1,0,0,0
08091979,08/09/1979,"August 09, 1979",1,160569,0.001604341682,0.000021902926,0,1,0,0,0
08221979,08/22/1979,"August 22, 1979",1,6004683,0.058279512280,0.000021902926,0,1,0,0,0
09201979,09/20/1979,"September 20, 1979",1,8914876,0.085290454666,0.000021902926,0,1,0,0,0
09261979,09/26/1979,"September 26, 1979",1,8929971,0.085428519652,0.000021902926,0,1,0,0,0
10051979,10/05/1979,"October 05, 1979",1,9895519,0.094216651288,0.000021902926,2,0,0,0,0
10141979,10/14/1979,"October 14, 1979",1,7017132,0.067765848843,0.000021902926,1,0,0,0,0
10301979,10/30/1979,"October 30, 1979",1,3890970,0.038162383508,0.000021902926,1,0,0,0,0
11091979,11/09/1979,"November 09, 1979",1,6197367,0.060092309956,0.000021902926,1,0,0,0,0
11111979,11/11/1979,"November 11, 1979",1,254079,0.002537505103,0.000021902926,1,0,0,0,0
11201979,11/20/1979,"November 20, 1979",1,3332816,0.032778838064,0.000021902926,1,0,0,0,0
12241979,12/24/1979,"December 24, 1979",1,9207284,0.087961231894,0.000021902926,2,0,0,0,0
12281979,12/28/1979,"December 28, 1979",1,4528496,0.044274843489,0.000021902926,1,0,0,0,0
12291979,12/29/1979,"December 29, 1979",1,931606,0.009272740604,0.000021902926,1,0,0,0,0
01121980,01/12/1980,"January 12, 1980",1,7128250,0.068801153486,0.000021902926,0,1,0,0,0
02131980,02/13/1980,"February 13, 1980",2,2163316,0.021400782968,0.000021902926,0,4,0,0,0
02171980,02/17/1980,"February 17, 1980",1,9782431,0.093191739587,0.000021902926,0,1,0,0,0
02201980,02/20/1980,"February 20, 1980",1,6691741,0.064727502213,0.000021902926,0,1,0,0,0
03061980,03/06/1980,"March 06, 1980",1,1321953,0.013132476695,0.000021902926,0,1,0,0,0
03221980,03/22/1980,"March 22, 1980",1,571424,0.005697885182,0.000021902926,0,1,0,0,0
04111980,04/11/1980,"April 11, 1980",1,1432762,0.014225409094,0.000021902926,0,1,0,0,0
05021980,05/02/1980,"May 02, 1980",1,3994990,0.039162366826,0.000021902926,0,1,0,0,0
05031980,05/03/1980,"May 03, 1980",1,6285417,0.060919534447,0.000021902926,0,1,0,0,0
05051980,05/05/1980,"May 05, 1980",2,6524640,0.063163346004,0.000021902926,0,2,0,0,0
05071980,05/07/1980,"May 07, 1980",1,4698536,0.045898577671,0.000021902926,0,1,0,0,0
05211980,05/21/1980,"May 21, 1980",1,250069,0.002497506054,0.000021902926,0,1,0,0,0
07121980,07/12/1980,"July 12, 1980",1,7342104,0.070790431653,0.000021902926,0,1,0,0,0
07171980,07/17/1980,"July 17, 1980",1,1327886,0.013191025809,0.000021902926,0,1,0,0,0
07231980,07/23/1980,"July 23, 1980",1,6889043,0.066570994354,0.000021902926,0,1,0,0,0
07281980,07/28/1980,"July 28, 1980",1,7738155,0.074463297466,0.000021902926,0,1,0,0,0
07291980,07/29/1980,"July 29, 1980",1,4706052,0.045970285240,0.000021902926,0,1,0,0,0
08011980,08/01/1980,"August 01, 1980",1,2555958,0.025235640985,0.000021902926,0,1,0,0,0
08131980,08/13/1980,"August 13, 1980",1,3446824,0.033880919227,0.000021902926,0,1,0,0,0
08161980,08/16/1980,"August 16, 1980",1,7286362,0.070272327263,0.000021902926,0,1,0,0,0
08181980,08/18/1980,"August 18, 1980",1,8658292,0.082940442715,0.000021902926,0,1,0,0,0
08271980,08/27/1980,"August 27, 1980",1,8721833,0.083522966443,0.000021902926,0,1,0,0,0
09021980,09/02/1980,"September 02, 1980",1,3795290,0.037241656862,0.000021902926,0,1,0,0,0
09271980,09/27/1980,"September 27, 1980",1,3100760,0.030531737044,0.000021902926,0,1,0,0,0
11091980,11/09/1980,"November 09, 1980",1,6167720,0.059813614210,0.000021902926,1,0,0,0,0
11241980,11/24/1980,"November 24, 1980",1,8040830,0.077260430462,0.000021902926,1,0,0,0,0
11261980,11/26/1980,"November 26, 1980",1,6675496,0.064575554853,0.000021902926,1,0,0,0,0
11291980,11/29/1980,"November 29, 1980",1,5508201,0.053592413849,0.000021902926,1,0,0,0,0
01071981,01/07/1981,"January 07, 1981",1,9040050,0.086434716895,0.000021902926,0,2,0,0,0
01141981,01/14/1981,"January 14, 1981",1,7636027,0.073517582495,0.000021902926,0,1,0,0,0
01231981,01/23/1981,"January 23, 1981",1,7471975,0.071996422138,0.000021902926,0,1,0,0,0
01281981,01/28/1981,"January 28, 1981",1,3292652,0.032390285328,0.000021902926,0,2,0,0,0
02031981,02/03/1981,"February 03, 1981",1,8430945,0.080853163518,0.000021902926,0,2,0,0,0
02121981,02/12/1981,"February 12, 1981",1,5646070,0.054896317491,0.000021902926,0,2,0,0,0
02141981,02/14/1981,"February 14, 1981",1,1132560,0.011261647617,0.000021902926,0,1,0,0,0
02251981,02/25/1981,"February 25, 1981",1,6647163,0.064310483492,0.000021902926,0,1,0,0,0
02261981,02/26/1981,"February 26, 1981",1,8765455,0.083922664874,0.000021902926,0,1,0,0,0
03031981,03/03/1981,"March 03, 1981",1,5328671,0.051891802195,0.000021902926,0,1,0,0,0
03041981,03/04/1981,"March 04, 1981",1,9043517,0.086466389654,0.000021902926,0,1,0,0,0
04011981,04/01/1981,"April 01, 1981",1,4724887,0.046149959817,0.000021902926,0,1,0,0,0
04071981,04/07/1981,"April 07, 1981",1,5061960,0.049359718142,0.000021902926,0,1,0,0,0
04121981,04/12/1981,"April 12, 1981",1,4837341,0.047221999463,0.000021902926,0,1,0,0,0
04241981,04/24/1981,"April 24, 1981",2,3601822,0.035377224574,0.000021902926,0,2,0,0,0
05241981,05/24/1981,"May 24, 1981",1,1895108,0.018772578601,0.000021902926,0,1,0,0,0
05251981,05/25/1981,"May 25, 1981",1,4630464,0.045248880639,0.000021902926,0,1,0,0,0
06061981,06/06/1981,"June 06, 1981",1,5621664,0.054665627334,0.000021902926,0,1,0,0,0
06121981,06/12/1981,"June 12, 1981",1,6507186,0.062999816262,0.000021902926,0,1,0,0,0
06131981,06/13/1981,"June 13, 1981",1,2340429,0.023132475437,0.000021902926,0,1,0,0,0
06181981,06/18/1981,"June 18, 1981",1,3573114,0.035100260911,0.000021902926,0,2,0,0,0
07021981,07/02/1981,"July 02, 1981",1,1086520,0.010806327669,0.000021902926,0,1,0,0,0
07131981,07/13/1981,"July 13, 1981",1,130777,0.001306855333,0.000021902926,0,1,0,0,0
07251981,07/25/1981,"July 25, 1981",1,887974,0.008840372163,0.000021902926,0,1,0,0,0
08011981,08/01/1981,"August 01, 1981",1,3381508,0.033249682755,0.000021902926,0,1,0,0,0
08041981,08/04/1981,"August 04, 1981",1,323739,0.003232095530,0.000021902926,0,1,0,0,0
08061981,08/06/1981,"August 06, 1981",1,5590909,0.054374845032,0.000021902926,0,1,0,0,0
08091981,08/09/1981,"August 09, 1981",1,8727051,0.083570786968,0.000021902926,0,1,0,0,0
08151981,08/15/1981,"August 15, 1981",1,8277633,0.079442920346,0.000021902926,0,1,0,0,0
08191981,08/19/1981,"August 19, 1981",1,9508996,0.090708815351,0.000021902926,0,2,0,0,0
08261981,08/26/1981,"August 26, 1981",1,3854535,0.037811874119,0.000021902926,0,1,0,0,0
09251981,09/25/1981,"September 25, 1981",1,5394292,0.052513756193,0.000021902926,0,1,0,0,0
09261981,09/26/1981,"September 26, 1981",1,3608039,0.035437193308,0.000021902926,0,1,0,0,0
10081981,10/08/1981,"October 08, 1981",1,622836,0.006208944407,0.000021902926,1,0,0,0,0
10121981,10/12/1981,"October 12, 1981",2,4640180,0.045341639752,0.000021902926,2,0,0,0,0
10211981,10/21/1981,"October 21, 1981",1,6485867,0.062800035896,0.000021902926,1,0,0,0,0
11121981,11/12/1981,"November 12, 1981",1,4704224,0.045952845417,0.000021902926,1,0,0,0,0
11221981,11/22/1981,"November 22, 1981",1,7914226,0.076091465423,0.000021902926,1,0,0,0,0
11301981,11/30/1981,"November 30, 1981",1,7350126,0.070864969856,0.000021902926,1,0,0,0,0
12031981,12/03/1981,"December 03, 1981",2,5776742,0.056130496848,0.000021902926,3,0,0,0,0
12091981,12/09/1981,"December 09, 1981",1,5713058,0.055529211547,0.000021902926,1,0,0,0,0
12171981,12/17/1981,"December 17, 1981",1,6116882,0.059335520734,0.000021902926,1,0,0,0,0
12251981,12/25/1981,"December 25, 1981",1,7847881,0.075478294918,0.000021902926,1,0,0,0,0
12281981,12/28/1981,"December 28, 1981",1,7680876,0.073933007435,0.000021902926,1,0,0,0,0
01021982,01/02/1982,"January 02, 1982",1,3297434,0.032436555319,0.000021902926,0,2,0,0,0
01071982,01/07/1982,"January 07, 1982",1,6329408,0.061332554486,0.000021902926,0,1,0,0,0
01161982,01/16/1982,"January 16, 1982",1,3936812,0.038603208064,0.000021902926,0,2,0,0,0
01281982,01/28/1982,"January 28, 1982",1,8869322,0.084873672952,0.000021902926,0,1,0,0,0
03051982,03/05/1982,"March 05, 1982",1,8728781,0.083586641056,0.000021902926,0,1,0,0,0
03061982,03/06/1982,"March 06, 1982",1,2694981,0.026589846107,0.000021902926,0,1,0,0,0
03121982,03/12/1982,"March 12, 1982",1,8486059,0.081359602538,0.000021902926,0,2,1,0,0
03151982,03/15/1982,"March 15, 1982",1,9176351,0.087679067300,0.000021902926,0,1,0,0,0
03301982,03/30/1982,"March 30, 1982",1,7037750,0.067958037069,0.000021902926,0,1,0,0,0
04041982,04/04/1982,"April 04, 1982",1,967695,0.009630219659,0.000021902926,0,3,2,0,0
04051982,04/05/1982,"April 05, 1982",1,6665902,0.064485805925,0.000021902926,0,1,0,0,0
04071982,04/07/1982,"April 07, 1982",1,8492768,0.081421232055,0.000021902926,0,1,0,0,0
04291982,04/29/1982,"April 29, 1982",1,2387344,0.023590665353,0.000021902926,0,1,0,0,0
05051982,05/05/1982,"May 05, 1982",1,1566406,0.015541957762,0.000021902926,0,2,0,0,0
05071982,05/07/1982,"May 07, 1982",1,3117804,0.030696959135,0.000021902926,0,1,0,0,0
05151982,05/15/1982,"May 15, 1982",1,5428254,0.052835486838,0.000021902926,0,2,0,0,0
05211982,05/21/1982,"May 21, 1982",1,1127707,0.011213662980,0.000021902926,0,1,0,0,0
05251982,05/25/1982,"May 25, 1982",1,689223,0.006868473536,0.000021902926,0,1,0,0,0
06061982,06/06/1982,"June 06, 1982",1,820561,0.008171976449,0.000021902926,0,4,0,0,0
06181982,06/18/1982,"June 18, 1982",1,2201041,0.021769889899,0.000021902926,0,1,0,0,0
06201982,06/20/1982,"June 20, 1982",1,6419083,0.062173927219,0.000021902926,0,1,0,0,0
08071982,08/07/1982,"August 07, 1982",1,4354837,0.042613698776,0.000021902926,0,2,0,0,0
08201982,08/20/1982,"August 20, 1982",1,5681857,0.055234481236,0.000021902926,0,1,0,0,0
09151982,09/15/1982,"September 15, 1982",1,4841356,0.047260252733,0.000021902926,0,2,0,0,0
09271982,09/27/1982,"September 27, 1982",2,994295,0.009893622989,0.000021902926,0,3,0,0,0
10061982,10/06/1982,"October 06, 1982",1,6830144,0.066021052059,0.000021902926,1,0,0,0,0
10131982,10/13/1982,"October 13, 1982",1,6290611,0.060968309020,0.000021902926,1,0,0,0,0
10141982,10/14/1982,"October 14, 1982",1,3964021,0.038864758935,0.000021902926,1,0,0,0,0
10171982,10/17/1982,"October 17, 1982",1,1427085,0.014169445082,0.000021902926,1,0,0,0,0
10261982,10/26/1982,"October 26, 1982",1,7577932,0.072979186154,0.000021902926,1,0,0,0,0
12131982,12/13/1982,"December 13, 1982",1,5757060,0.055944706168,0.000021902926,2,0,0,0,0
01241983,01/24/1983,"January 24, 1983",1,7487840,0.072143638229,0.000021902926,0,1,0,0,0
02021983,02/02/1983,"February 02, 1983",1,7225858,0.069709634618,0.000021902926,0,1,0,0,0
03091983,03/09/1983,"March 09, 1983",1,3721720,0.036533094930,0.000021902926,0,1,0,0,0
03231983,03/23/1983,"March 23, 1983",1,3041203,0.029954178853,0.000021902926,0,1,0,0,0
04141983,04/14/1983,"April 14, 1983",1,9215171,0.088033161556,0.000021902926,0,1,0,0,0
05261983,05/26/1983,"May 26, 1983",1,7026370,0.067851964657,0.000021902926,0,1,0,0,0
06011983,06/01/1983,"June 01, 1983",1,4611136,0.045064328506,0.000021902926,0,1,0,0,0
06021983,06/02/1983,"June 02, 1983",1,8663501,0.082988211103,0.000021902926,0,1,0,0,0
06041983,06/04/1983,"June 04, 1983",1,7991318,0.076803450521,0.000021902926,0,1,0,0,0
06051983,06/05/1983,"June 05, 1983",1,3832873,0.037603422349,0.000021902926,0,1,0,0,0
06081983,06/08/1983,"June 08, 1983",1,9352079,0.089280862831,0.000021902926,0,1,0,0,0
06141983,06/14/1983,"June 14, 1983",1,2585418,0.025522764273,0.000021902926,0,1,0,0,0
07091983,07/09/1983,"July 09, 1983",1,6641578,0.064258223773,0.000021902926,0,1,0,0,0
07101983,07/10/1983,"July 10, 1983",1,3915654,0.038399774208,0.000021902926,0,2,0,0,0
08021983,08/02/1983,"August 02, 1983",1,265108,0.002647509176,0.000021902926,0,2,0,0,0
08051983,08/05/1983,"August 05, 1983",1,9169619,0.087617647787,0.000021902926,0,1,0,0,0
08131983,08/13/1983,"August 13, 1983",2,8569595,0.082126677552,0.000021902926,0,2,0,0,0
08161983,08/16/1983,"August 16, 1983",1,4642113,0.045360093120,0.000021902926,0,1,0,0,0
08271983,08/27/1983,"August 27, 1983",1,4486827,0.043876519386,0.000021902926,0,1,0,0,0
09121983,09/12/1983,"September 12, 1983",1,8797024,0.084211815688,0.000021902926,0,1,0,0,0
09191983,09/19/1983,"September 19, 1983",1,3909928,0.038344711402,0.000021902926,0,1,0,0,0
09221983,09/22/1983,"September 22, 1983",1,9760183,0.092989970440,0.000021902926,0,1,0,0,0
09271983,09/27/1983,"September 27, 1983",1,7636286,0.073519982081,0.000021902926,0,1,0,0,0
10041983,10/04/1983,"October 04, 1983",1,3216953,0.031657537137,0.000021902926,1,0,0,0,0
10051983,10/05/1983,"October 05, 1983",1,4488349,0.043891071475,0.000021902926,1,0,0,0,0
10091983,10/09/1983,"October 09, 1983",1,7856722,0.075560028270,0.000021902926,1,0,0,0,0
10211983,10/21/1983,"October 21, 1983",1,6159258,0.059734052271,0.000021902926,1,0,0,0,0
11051983,11/05/1983,"November 05, 1983",1,1881449,0.018638543593,0.000021902926,2,0,0,0,0
11061983,11/06/1983,"November 06, 1983",1,4305492,0.042141159924,0.000021902926,1,0,0,0,0
11171983,11/17/1983,"November 17, 1983",1,5530881,0.053807034753,0.000021902926,1,0,0,0,0
11211983,11/21/1983,"November 21, 1983",1,5015227,0.048915351590,0.000021902926,1,0,0,0,0
11221983,11/22/1983,"November 22, 1983",1,160100,0.001599659195,0.000021902926,1,0,0,0,0
12091983,12/09/1983,"December 09, 1983",1,3610345,0.035459435870,0.000021902926,1,0,0,0,0
12111983,12/11/1983,"December 11, 1983",1,9095372,0.086939979712,0.000021902926,1,0,0,0,0
12191983,12/19/1983,"December 19, 1983",1,7705823,0.074164004555,0.000021902926,1,0,0,0,0
01061984,01/06/1984,"January 06, 1984",1,6802278,0.065760753217,0.000021902926,0,1,0,0,0
01111984,01/11/1984,"January 11, 1984",1,9027991,0.086324543413,0.000021902926,0,1,0,0,0
01201984,01/20/1984,"January 20, 1984",1,9970324,0.094893969163,0.000021902926,0,1,0,0,0
01271984,01/27/1984,"January 27, 1984",1,4127164,0.040431505451,0.000021902926,0,2,1,1,0
02021984,02/02/1984,"February 02, 1984",1,9711891,0.092551851372,0.000021902926,0,1,0,0,0
02051984,02/05/1984,"February 05, 1984",1,1727228,0.017123910485,0.000021902926,0,1,0,0,0
02161984,02/16/1984,"February 16, 1984",1,8618027,0.082571114330,0.000021902926,0,1,0,0,0
02181984,02/18/1984,"February 18, 1984",1,841672,0.008381339165,0.000021902926,0,1,0,0,0
03061984,03/06/1984,"March 06, 1984",1,8184734,0.078587334662,0.000021902926,0,1,0,0,0
03151984,03/15/1984,"March 15, 1984",1,7267630,0.070098154361,0.000021902926,0,2,0,0,0
03211984,03/21/1984,"March 21, 1984",1,1717497,0.017028262158,0.000021902926,0,1,0,0,0
03231984,03/23/1984,"March 23, 1984",1,913974,0.009098040171,0.000021902926,0,1,0,0,0
04091984,04/09/1984,"April 09, 1984",1,320254,0.003197357563,0.000021902926,0,1,0,0,0
05041984,05/04/1984,"May 04, 1984",1,6581,0.000065747839,0.000021902926,0,1,0,0,0
05091984,05/09/1984,"May 09, 1984",1,9485653,0.090496534732,0.000021902926,0,1,0,0,0
05291984,05/29/1984,"May 29, 1984",1,4421273,0.043249536710,0.000021902926,0,1,0,0,0
06041984,06/04/1984,"June 04, 1984",1,1935595,0.019169767741,0.000021902926,0,3,0,0,0
07171984,07/17/1984,"July 17, 1984",1,3070414,0.030237497559,0.000021902926,0,1,0,0,0
07181984,07/18/1984,"July 18, 1984",1,9567244,0.091238305062,0.000021902926,0,1,0,0,0
08271984,08/27/1984,"August 27, 1984",1,5974823,0.057998272552,0.000021902926,0,1,0,0,0
09041984,09/04/1984,"September 04, 1984",1,1566219,0.015540116823,0.000021902926,0,3,0,0,0
09131984,09/13/1984,"September 13, 1984",1,3865520,0.037917564681,0.000021902926,0,1,0,0,0
10141984,10/14/1984,"October 14, 1984",1,1284751,0.012765273936,0.000021902926,1,0,0,0,0
11021984,11/02/1984,"November 02, 1984",1,1004755,0.009997182701,0.000021902926,1,0,0,0,0
11041984,11/04/1984,"November 04, 1984",1,6811909,0.065850725467,0.000021902926,1,0,0,0,0
11051984,11/05/1984,"November 05, 1984",1,2838396,0.027984861724,0.000021902926,1,0,0,0,0
11061984,11/06/1984,"November 06, 1984",1,2329436,0.023025082486,0.000021902926,1,0,0,0,0
11211984,11/21/1984,"November 21, 1984",1,376632,0.003759176576,0.000021902926,1,0,0,0,0
12181984,12/18/1984,"December 18, 1984",1,193165,0.001929725700,0.000021902926,1,0,0,0,0
12211984,12/21/1984,"December 21, 1984",1,9139034,0.087338552963,0.000021902926,1,0,0,0,0
01011985,01/01/1985,"January 01, 1985",1,3830048,0.037576234261,0.000021902926,0,1,0,0,0
01221985,01/22/1985,"January 22, 1985",1,1647518,0.016340147619,0.000021902926,0,1,0,0,0
01291985,01/29/1985,"January 29, 1985",1,4364149,0.042702846439,0.000021902926,0,3,0,0,0
02041985,02/04/1985,"February 04, 1985",1,7925333,0.076194078246,0.000021902926,0,1,0,0,0
02151985,02/15/1985,"February 15, 1985",1,7593309,0.073121723186,0.000021902926,0,1,0,0,0
02251985,02/25/1985,"February 25, 1985",1,1397612,0.013878848418,0.000021902926,0,1,0,0,0
03011985,03/01/1985,"March 01, 1985",2,2145506,0.021226478924,0.000021902926,0,2,0,0,0
03141985,03/14/1985,"March 14, 1985",1,2886347,0.028450840977,0.000021902926,0,2,0,0,0
03171985,03/17/1985,"March 17, 1985",1,8837653,0.084583815698,0.000021902926,0,1,0,0,0
03231985,03/23/1985,"March 23, 1985",1,2223330,0.021987903313,0.000021902926,0,2,1,0,0
03251985,03/25/1985,"March 25, 1985",1,2952765,0.029095910260,0.000021902926,0,1,0,0,0
04061985,04/06/1985,"April 06, 1985",1,5104584,0.049764832716,0.000021902926,0,2,0,0,0
04181985,04/18/1985,"April 18, 1985",1,4222311,0.041344071887,0.000021902926,0,1,0,0,0
04191985,04/19/1985,"April 19, 1985",1,4644379,0.045381725015,0.000021902926,0,1,0,0,0
04251985,04/25/1985,"April 25, 1985",1,7394522,0.071277377095,0.000021902926,0,1,0,0,0
05151985,05/15/1985,"May 15, 1985",2,303805,0.003033380008,0.000021902926,0,2,0,0,0
05221985,05/22/1985,"May 22, 1985",1,7357215,0.070930833904,0.000021902926,0,1,0,0,0
05251985,05/25/1985,"May 25, 1985",1,1245441,0.012377115674,0.000021902926,0,1,0,0,0
06031985,06/03/1985,"June 03, 1985",1,7914162,0.076090874122,0.000021902926,0,1,0,0,0
06071985,06/07/1985,"June 07, 1985",1,9692940,0.092379864576,0.000021902926,0,1,0,0,0
06261985,06/26/1985,"June 26, 1985",1,4537963,0.044365317708,0.000021902926,0,1,0,0,0
06271985,06/27/1985,"June 27, 1985",2,1029159,0.010238753513,0.000021902926,0,2,0,0,0
07111985,07/11/1985,"July 11, 1985",1,8664164,0.082994290871,0.000021902926,0,1,0,0,0
07181985,07/18/1985,"July 18, 1985",2,525923,0.005245364830,0.000021902926,0,2,0,0,0
08171985,08/17/1985,"August 17, 1985",1,2897523,0.028559415245,0.000021902926,0,1,0,0,0
08261985,08/26/1985,"August 26, 1985",1,3781094,0.037104973985,0.000021902926,0,1,0,0,0
09081985,09/08/1985,"September 08, 1985",1,7198503,0.069455118876,0.000021902926,0,1,0,0,0
09151985,09/15/1985,"September 15, 1985",1,8772612,0.083988226184,0.000021902926,0,1,0,0,0
10251985,10/25/1985,"October 25, 1985",1,8912079,0.085264869882,0.000021902926,1,0,0,0,0
10271985,10/27/1985,"October 27, 1985",1,8769742,0.083961936268,0.000021902926,1,0,0,0,0
11131985,11/13/1985,"November 13, 1985",1,8053973,0.077381698155,0.000021902926,1,0,0,0,0
11141985,11/14/1985,"November 14, 1985",1,9637495,0.091876495053,0.000021902926,1,0,0,0,0
11251985,11/25/1985,"November 25, 1985",1,9036852,0.086405500610,0.000021902926,1,0,0,0,0
11261985,11/26/1985,"November 26, 1985",1,5399121,0.052559509200,0.000021902926,1,0,0,0,0
12071985,12/07/1985,"December 07, 1985",1,1201477,0.011942821685,0.000021902926,1,0,0,0,0
12131985,12/13/1985,"December 13, 1985",1,3010757,0.029658793735,0.000021902926,1,0,0,0,0
12191985,12/19/1985,"December 19, 1985",1,7911816,0.076069198959,0.000021902926,1,0,0,0,0
12301985,12/30/1985,"December 30, 1985",1,8016690,0.077037654239,0.000021902926,2,0,0,0,0
01021986,01/02/1986,"January 02, 1986",1,8835413,0.084563310145,0.000021902926,0,2,0,0,0
01231986,01/23/1986,"January 23, 1986",1,501722,0.005004595125,0.000021902926,0,1,0,0,0
01261986,01/26/1986,"January 26, 1986",1,8549990,0.081946710844,0.000021902926,0,1,0,0,0
02141986,02/14/1986,"February 14, 1986",1,1314692,0.013060817642,0.000021902926,0,1,0,0,0
02181986,02/18/1986,"February 18, 1986",1,1019495,0.010143098363,0.000021902926,0,1,0,0,0
03111986,03/11/1986,"March 11, 1986",1,408571,0.004077315128,0.000021902926,0,1,0,0,0
03151986,03/15/1986,"March 15, 1986",1,6031645,0.058533384734,0.000021902926,0,1,0,0,0
04031986,04/03/1986,"April 03, 1986",1,1735843,0.017208581614,0.000021902926,0,1,0,0,0
04131986,04/13/1986,"April 13, 1986",1,4673966,0.045664126148,0.000021902926,0,1,0,0,0
04141986,04/14/1986,"April 14, 1986",1,3894954,0.038200702356,0.000021902926,0,1,0,0,0
05121986,05/12/1986,"May 12, 1986",1,1218536,0.012111359985,0.000021902926,0,1,0,0,0
05161986,05/16/1986,"May 16, 1986",1,1930621,0.019120980032,0.000021902926,0,1,0,0,0
05221986,05/22/1986,"May 22, 1986",1,2650519,0.026156952251,0.000021902926,0,1,0,0,0
06021986,06/02/1986,"June 02, 1986",1,8688070,0.083213484057,0.000021902926,0,1,0,0,0
06141986,06/14/1986,"June 14, 1986",1,8950975,0.085620596076,0.000021902926,0,3,0,0,0
06171986,06/17/1986,"June 17, 1986",1,3212115,0.031610687594,0.000021902926,0,1,0,0,0
06251986,06/25/1986,"June 25, 1986",1,209017,0.002087927262,0.000021902926,0,1,0,0,0
07051986,07/05/1986,"July 05, 1986",1,1421641,0.014115775005,0.000021902926,0,1,0,0,0
07151986,07/15/1986,"July 15, 1986",2,1425136,0.014150231057,0.000021902926,0,2,0,0,0
07221986,07/22/1986,"July 22, 1986",1,6863330,0.066330950891,0.000021902926,0,1,0,0,0
07241986,07/24/1986,"July 24, 1986",1,9794732,0.093303279212,0.000021902926,0,1,0,0,0
08161986,08/16/1986,"August 16, 1986",1,9867942,0.093966828966,0.000021902926,0,1,0,0,0
08181986,08/18/1986,"August 18, 1986",1,802179,0.007989641862,0.000021902926,0,1,0,0,0
09071986,09/07/1986,"September 07, 1986",1,9833631,0.093655906584,0.000021902926,0,1,0,0,0
09121986,09/12/1986,"September 12, 1986",1,4868486,0.047518695969,0.000021902926,0,1,0,0,0
09161986,09/16/1986,"September 16, 1986",1,6107940,0.059251402755,0.000021902926,0,1,0,0,0
09191986,09/19/1986,"September 19, 1986",1,3855351,0.037819725542,0.000021902926,0,1,0,0,0
09201986,09/20/1986,"September 20, 1986",1,1703364,0.016889328944,0.000021902926,0,1,0,0,0
10081986,10/08/1986,"October 08, 1986",1,4517774,0.044172365143,0.000021902926,1,0,0,0,0
10121986,10/12/1986,"October 12, 1986",1,1736609,0.017216109767,0.000021902926,1,0,0,0,0
10281986,10/28/1986,"October 28, 1986",1,6943084,0.067075292451,0.000021902926,1,0,0,0,0
10311986,10/31/1986,"October 31, 1986",1,1453418,0.014429009667,0.000021902926,1,0,0,0,0
12181986,12/18/1986,"December 18, 1986",1,5168191,0.050369056620,0.000021902926,1,0,0,0,0
12311986,12/31/1986,"December 31, 1986",1,5479965,0.053325148469,0.000021902926,1,0,0,0,0
01141987,01/14/1987,"January 14, 1987",1,9744493,0.092847649400,0.000021902926,0,1,0,0,0
01151987,01/15/1987,"January 15, 1987",1,4863907,0.047475080851,0.000021902926,0,1,0,0,0
01201987,01/20/1987,"January 20, 1987",2,3828075,0.037557245452,0.000021902926,0,3,0,0,0
01281987,01/28/1987,"January 28, 1987",1,8371603,0.080307561527,0.000021902926,0,1,0,0,0
01301987,01/30/1987,"January 30, 1987",1,2866679,0.028259737894,0.000021902926,0,1,0,0,0
02221987,02/22/1987,"February 22, 1987",1,9070643,0.086714161177,0.000021902926,0,1,0,0,0
03031987,03/03/1987,"March 03, 1987",2,5094814,0.049671990204,0.000021902926,0,2,0,0,0
03231987,03/23/1987,"March 23, 1987",1,298586,0.002981346962,0.000021902926,0,1,0,0,0
03291987,03/29/1987,"March 29, 1987",1,1299236,0.012908264531,0.000021902926,0,1,0,0,0
04021987,04/02/1987,"April 02, 1987",1,5910670,0.057393756291,0.000021902926,0,1,0,0,0
04111987,04/11/1987,"April 11, 1987",1,4397865,0.043025554345,0.000021902926,0,1,0,0,0
04221987,04/22/1987,"April 22, 1987",1,8076173,0.077586496687,0.000021902926,0,1,0,0,0
04301987,04/30/1987,"April 30, 1987",1,2116011,0.020937747092,0.000021902926,0,1,0,0,0
05071987,05/07/1987,"May 07, 1987",1,2348886,0.023215085631,0.000021902926,0,1,0,0,0
05131987,05/13/1987,"May 13, 1987",1,5551878,0.054005686035,0.000021902926,0,1,0,0,0
05151987,05/15/1987,"May 15, 1987",1,7019051,0.067783738245,0.000021902926,0,1,0,0,0
05261987,05/26/1987,"May 26, 1987",1,3448164,0.033893865136,0.000021902926,0,1,0,0,0
06061987,06/06/1987,"June 06, 1987",1,6780575,0.065557973267,0.000021902926,0,1,0,0,0
06201987,06/20/1987,"June 20, 1987",1,6655463,0.064388142500,0.000021902926,0,1,0,0,0
06221987,06/22/1987,"June 22, 1987",1,7060312,0.068168300658,0.000021902926,0,1,0,0,0
07071987,07/07/1987,"July 07, 1987",1,5841850,0.056744831398,0.000021902926,0,1,0,0,0
07091987,07/09/1987,"July 09, 1987",1,8518555,0.081658075426,0.000021902926,0,1,0,0,0
08031987,08/03/1987,"August 03, 1987",1,2567737,0.025350451718,0.000021902926,0,1,0,0,0
08071987,08/07/1987,"August 07, 1987",1,1903501,0.018854929564,0.000021902926,0,1,0,0,0
08121987,08/12/1987,"August 12, 1987",1,6773951,0.065496073776,0.000021902926,0,1,0,0,0
09241987,09/24/1987,"September 24, 1987",1,3216605,0.031654167299,0.000021902926,0,1,0,0,0
10121987,10/12/1987,"October 12, 1987",1,6529119,0.063205305979,0.000021902926,1,0,0,0,0
11151987,11/15/1987,"November 15, 1987",1,4916687,0.047977690858,0.000021902926,1,0,0,0,0
11251987,11/25/1987,"November 25, 1987",1,2867257,0.028265354537,0.000021902926,1,0,0,0,0
12051987,12/05/1987,"December 05, 1987",1,9569964,0.091263023044,0.000021902926,1,0,0,0,0
12121987,12/12/1987,"December 12, 1987",1,3756382,0.036866993960,0.000021902926,1,0,0,0,0
12131987,12/13/1987,"December 13, 1987",1,3814194,0.037423639500,0.000021902926,1,0,0,0,0
12241987,12/24/1987,"December 24, 1987",1,6118430,0.059350082108,0.000021902926,1,0,0,0,0
12291987,12/29/1987,"December 29, 1987",1,1837424,0.018206404090,0.000021902926,1,0,0,0,0
01101988,01/10/1988,"January 10, 1988",1,8579945,0.082221672525,0.000021902926,0,1,0,0,0
01291988,01/29/1988,"January 29, 1988",2,4636635,0.045307796513,0.000021902926,0,2,0,0,0
01311988,01/31/1988,"January 31, 1988",1,5780818,0.056168968186,0.000021902926,0,1,0,0,0
02111988,02/11/1988,"February 11, 1988",1,1519469,0.015079774227,0.000021902926,0,1,0,0,0
02121988,02/12/1988,"February 12, 1988",1,5403584,0.052601792526,0.000021902926,0,1,0,0,0
02171988,02/17/1988,"February 17, 1988",1,3562540,0.034998227017,0.000021902926,0,1,0,0,0
02271988,02/27/1988,"February 27, 1988",1,1378348,0.013688863738,0.000021902926,0,1,0,0,0
03101988,03/10/1988,"March 10, 1988",1,7290370,0.070309590002,0.000021902926,0,1,0,0,0
03171988,03/17/1988,"March 17, 1988",1,3015701,0.029706766219,0.000021902926,0,1,0,0,0
03231988,03/23/1988,"March 23, 1988",1,5975638,0.058005949835,0.000021902926,0,1,0,0,0
03281988,03/28/1988,"March 28, 1988",1,8563815,0.082073622940,0.000021902926,0,1,0,0,0
04271988,04/27/1988,"April 27, 1988",1,969889,0.009651948134,0.000021902926,0,1,0,0,0
04301988,04/30/1988,"April 30, 1988",1,7969018,0.076597554732,0.000021902926,0,1,0,0,0
05131988,05/13/1988,"May 13, 1988",1,3935293,0.038588604335,0.000021902926,0,1,0,0,0
05141988,05/14/1988,"May 14, 1988",1,611919,0.006100446314,0.000021902926,0,2,0,0,0
06071988,06/07/1988,"June 07, 1988",1,5985108,0.058095152449,0.000021902926,0,1,0,0,0
06091988,06/09/1988,"June 09, 1988",1,8274209,0.079411399931,0.000021902926,0,1,0,0,0
06281988,06/28/1988,"June 28, 1988",1,8730925,0.083606288748,0.000021902926,0,1,0,0,0
07111988,07/11/1988,"July 11, 1988",1,2160727,0.021375446706,0.000021902926,0,1,0,0,0
07311988,07/31/1988,"July 31, 1988",1,6486267,0.062803784689,0.000021902926,0,1,0,0,0
08081988,08/08/1988,"August 08, 1988",1,1440363,0.014300334974,0.000021902926,0,1,0,0,0
08181988,08/18/1988,"August 18, 1988",1,6963537,0.067266084032,0.000021902926,0,1,0,0,0
08201988,08/20/1988,"August 20, 1988",1,5786836,0.056225766229,0.000021902926,0,1,0,0,0
08211988,08/21/1988,"August 21, 1988",1,6310752,0.061157420349,0.000021902926,0,1,0,0,0
09091988,09/09/1988,"September 09, 1988",1,9462981,0.090290308727,0.000021902926,0,1,0,0,0
09161988,09/16/1988,"September 16, 1988",1,422025,0.004211297554,0.000021902926,0,1,0,0,0
09191988,09/19/1988,"September 19, 1988",1,3259543,0.032069866384,0.000021902926,0,2,0,0,0
09291988,09/29/1988,"September 29, 1988",1,9795738,0.093312400535,0.000021902926,0,1,0,0,0
10081988,10/08/1988,"October 08, 1988",1,9997760,0.095142259994,0.000021902926,1,0,0,0,0
10151988,10/15/1988,"October 15, 1988",1,6205281,0.060166691308,0.000021902926,2,0,0,0,0
10161988,10/16/1988,"October 16, 1988",1,9888132,0.094149738600,0.000021902926,2,0,0,0,0
10231988,10/23/1988,"October 23, 1988",1,5439761,0.052944470790,0.000021902926,1,0,0,0,0
10251988,10/25/1988,"October 25, 1988",1,8449935,0.081027692932,0.000021902926,1,0,0,0,0
10291988,10/29/1988,"October 29, 1988",1,3421264,0.033633947626,0.000021902926,1,0,0,0,0
11071988,11/07/1988,"November 07, 1988",1,7621268,0.073380832862,0.000021902926,1,0,0,0,0
12061988,12/06/1988,"December 06, 1988",1,7176578,0.069251074541,0.000021902926,1,0,0,0,0
12211988,12/21/1988,"December 21, 1988",1,9321632,0.089003533956,0.000021902926,1,0,0,0,0
01201989,01/20/1989,"January 20, 1989",1,3836592,0.037639213212,0.000021902926,0,1,0,0,0
01281989,01/28/1989,"January 28, 1989",1,1712871,0.016982788833,0.000021902926,0,1,0,0,0
01291989,01/29/1989,"January 29, 1989",1,3568099,0.035051869975,0.000021902926,0,1,0,0,0
02101989,02/10/1989,"February 10, 1989",1,2769138,0.027311430297,0.000021902926,0,1,0,0,0
02271989,02/27/1989,"February 27, 1989",1,8722668,0.083530618995,0.000021902926,0,1,0,0,0
03191989,03/19/1989,"March 19, 1989",1,365883,0.003652084893,0.000021902926,0,1,0,0,0
04131989,04/13/1989,"April 13, 1989",1,7850373,0.075501333712,0.000021902926,0,1,0,0,0
04241989,04/24/1989,"April 24, 1989",1,7153249,0.069033914792,0.000021902926,0,1,0,0,0
04271989,04/27/1989,"April 27, 1989",1,3427092,0.033690265799,0.000021902926,0,1,0,0,0
05071989,05/07/1989,"May 07, 1989",2,6950211,0.067141779627,0.000021902926,0,2,0,0,0
05291989,05/29/1989,"May 29, 1989",1,4459216,0.043612487680,0.000021902926,0,1,0,0,0
05311989,05/31/1989,"May 31, 1989",1,6588114,0.063757805025,0.000021902926,0,1,0,0,0
06041989,06/04/1989,"June 04, 1989",1,8682063,0.083158411036,0.000021902926,0,1,0,0,0
06171989,06/17/1989,"June 17, 1989",1,493408,0.004921867767,0.000021902926,0,1,0,0,0
06191989,06/19/1989,"June 19, 1989",1,4674834,0.045672409748,0.000021902926,0,1,0,0,0
06271989,06/27/1989,"June 27, 1989",1,4276453,0.041862966902,0.000021902926,0,1,0,0,0
06281989,06/28/1989,"June 28, 1989",1,8331679,0.079940310208,0.000021902926,0,1,0,0,0
07141989,07/14/1989,"July 14, 1989",1,4460927,0.043628851331,0.000021902926,0,2,0,0,0
07291989,07/29/1989,"July 29, 1989",2,1406964,0.013971066156,0.000021902926,0,2,0,0,0
07311989,07/31/1989,"July 31, 1989",1,576318,0.005746545138,0.000021902926,0,1,0,0,0
08041989,08/04/1989,"August 04, 1989",1,1033941,0.010286082765,0.000021902926,0,1,0,0,0
08151989,08/15/1989,"August 15, 1989",1,5699103,0.055397401450,0.000021902926,0,1,0,0,0
09011989,09/01/1989,"September 01, 1989",1,240298,0.002400035323,0.000021902926,0,1,0,0,0
10061989,10/06/1989,"October 06, 1989",1,362772,0.003621088027,0.000021902926,1,0,0,0,0
10131989,10/13/1989,"October 13, 1989",1,4036785,0.039563865009,0.000021902926,1,0,0,0,0
10181989,10/18/1989,"October 18, 1989",1,3999337,0.039204133530,0.000021902926,1,0,0,0,0
10191989,10/19/1989,"October 19, 1989",1,9596718,0.091506114017,0.000021902926,1,0,0,0,0
10211989,10/21/1989,"October 21, 1989",1,5289768,0.051522887905,0.000021902926,1,0,0,0,0
11041989,11/04/1989,"November 04, 1989",1,8182697,0.078568565295,0.000021902926,1,0,0,0,0
11091989,11/09/1989,"November 09, 1989",1,1068880,0.010631818512,0.000021902926,1,0,0,0,0
11171989,11/17/1989,"November 17, 1989",1,7149590,0.068999850120,0.000021902926,1,0,0,0,0
11191989,11/19/1989,"November 19, 1989",1,8650710,0.082870908622,0.000021902926,1,0,0,0,0
12011989,12/01/1989,"December 01, 1989",1,237526,0.002372381468,0.000021902926,1,0,0,0,0
12231989,12/23/1989,"December 23, 1989",1,4929166,0.048096486311,0.000021902926,1,0,0,0,0
01051990,01/05/1990,"January 05, 1990",1,3983744,0.039054304948,0.000021902926,0,1,0,0,0
01071990,01/07/1990,"January 07, 1990",1,8826422,0.084480999532,0.000021902926,0,1,0,0,0
01141990,01/14/1990,"January 14, 1990",1,5184573,0.050524612421,0.000021902926,0,1,0,0,0
01221990,01/22/1990,"January 22, 1990",1,7852128,0.075517558522,0.000021902926,0,1,0,0,0
01261990,01/26/1990,"January 26, 1990",1,3964001,0.038864566708,0.000021902926,0,1,0,0,0
02011990,02/01/1990,"February 01, 1990",1,1580201,0.015677754383,0.000021902926,0,1,0,0,0
02121990,02/12/1990,"February 12, 1990",1,1870383,0.018529940124,0.000021902926,0,1,0,0,0
02211990,02/21/1990,"February 21, 1990",1,7047449,0.068048431436,0.000021902926,0,1,0,0,0
02221990,02/22/1990,"February 22, 1990",1,7313913,0.070528441254,0.000021902926,0,1,0,0,0
02261990,02/26/1990,"February 26, 1990",1,6824447,0.065967841762,0.000021902926,0,2,0,0,0
03061990,03/06/1990,"March 06, 1990",2,5875455,0.057061759046,0.000021902926,0,4,0,0,0
03121990,03/12/1990,"March 12, 1990",1,7318505,0.070571121609,0.000021902926,0,1,0,0,0
03251990,03/25/1990,"March 25, 1990",1,980088,0.009752948582,0.000021902926,0,1,0,0,0
04011990,04/01/1990,"April 01, 1990",1,4742088,0.046314017454,0.000021902926,0,1,0,0,0
04021990,04/02/1990,"April 02, 1990",1,4447965,0.043504878467,0.000021902926,0,1,0,0,0
04121990,04/12/1990,"April 12, 1990",1,595670,0.005938934452,0.000021902926,0,1,0,0,0
04291990,04/29/1990,"April 29, 1990",1,20396,0.000203879216,0.000021902926,0,1,0,0,0
05011990,05/01/1990,"May 01, 1990",1,7115923,0.068686357527,0.000021902926,0,1,0,0,0
05141990,05/14/1990,"May 14, 1990",1,5427817,0.052831347720,0.000021902926,0,1,0,0,0
05181990,05/18/1990,"May 18, 1990",1,7631389,0.073474611244,0.000021902926,0,1,0,0,0
05231990,05/23/1990,"May 23, 1990",1,38038,0.000380247691,0.000021902926,0,1,0,0,0
06051990,06/05/1990,"June 05, 1990",1,1442880,0.014325144723,0.000021902926,0,1,0,0,0
06121990,06/12/1990,"June 12, 1990",1,2117698,0.020954263733,0.000021902926,0,1,0,0,0
06221990,06/22/1990,"June 22, 1990",2,4846177,0.047306183209,0.000021902926,0,2,0,0,0
06291990,06/29/1990,"June 29, 1990",1,5412471,0.052685984064,0.000021902926,0,1,0,0,0
07041990,07/04/1990,"July 04, 1990",1,8714379,0.083454649698,0.000021902926,0,1,0,0,0
07151990,07/15/1990,"July 15, 1990",1,8697023,0.083295560280,0.000021902926,0,1,0,0,0
07161990,07/16/1990,"July 16, 1990",1,2789487,0.027509342558,0.000021902926,0,1,0,0,0
07221990,07/22/1990,"July 22, 1990",1,1838699,0.018218921878,0.000021902926,0,1,0,0,0
08021990,08/02/1990,"August 02, 1990",1,2806840,0.027678084223,0.000021902926,0,1,0,0,0
08071990,08/07/1990,"August 07, 1990",1,5575898,0.054232886584,0.000021902926,0,1,0,0,0
08191990,08/19/1990,"August 19, 1990",1,4197545,0.041106621755,0.000021902926,0,1,0,0,0
08301990,08/30/1990,"August 30, 1990",1,8124189,0.078029296443,0.000021902926,0,1,0,0,0
09131990,09/13/1990,"September 13, 1990",1,761654,0.007587548192,0.000021902926,0,1,0,0,0
09151990,09/15/1990,"September 15, 1990",1,9430190,0.089991956906,0.000021902926,0,1,0,0,0
09171990,09/17/1990,"September 17, 1990",1,1537918,0.015261465400,0.000021902926,0,1,0,0,0
09241990,09/24/1990,"September 24, 1990",1,1342143,0.013331705137,0.000021902926,0,2,0,0,0
10201990,10/20/1990,"October 20, 1990",1,5124455,0.049953635188,0.000021902926,1,0,0,0,0
11151990,11/15/1990,"November 15, 1990",1,3157500,0.031081657314,0.000021902926,1,0,0,0,0
12071990,12/07/1990,"December 07, 1990",1,9828341,0.093607959713,0.000021902926,1,0,0,0,0
12141990,12/14/1990,"December 14, 1990",1,4314357,0.042226070347,0.000021902926,1,0,0,0,0
12251990,12/25/1990,"December 25, 1990",1,7076809,0.068322012255,0.000021902926,1,0,0,0,0
12311990,12/31/1990,"December 31, 1990",1,8772954,0.083991358939,0.000021902926,1,0,0,0,0
01011991,01/01/1991,"January 01, 1991",1,4370838,0.042766877905,0.000021902926,0,1,0,0,0
01031991,01/03/1991,"January 03, 1991",1,6752153,0.065292348405,0.000021902926,0,1,0,0,0
01141991,01/14/1991,"January 14, 1991",1,6020029,0.058424017619,0.000021902926,0,2,0,0,0
01221991,01/22/1991,"January 22, 1991",1,5261364,0.051253444198,0.000021902926,0,1,0,0,0
02111991,02/11/1991,"February 11, 1991",1,8836103,0.084569626637,0.000021902926,0,1,0,0,0
02121991,02/12/1991,"February 12, 1991",1,7161099,0.069106992763,0.000021902926,0,1,0,0,0
02191991,02/19/1991,"February 19, 1991",1,4113734,0.040302626747,0.000021902926,0,1,0,0,0
02211991,02/21/1991,"February 21, 1991",1,851929,0.008483044276,0.000021902926,0,1,0,0,0
02221991,02/22/1991,"February 22, 1991",1,4807271,0.046935456036,0.000021902926,0,1,0,0,0
02271991,02/27/1991,"February 27, 1991",1,7503658,0.072290394943,0.000021902926,0,1,0,0,0
03101991,03/10/1991,"March 10, 1991",1,1505273,0.014939945025,0.000021902926,0,1,0,0,0
03121991,03/12/1991,"March 12, 1991",1,4890948,0.047732618295,0.000021902926,0,1,0,0,0
03251991,03/25/1991,"March 25, 1991",1,5299997,0.051619902667,0.000021902926,0,1,0,0,0
03301991,03/30/1991,"March 30, 1991",1,8044134,0.077290917274,0.000021902926,0,1,0,0,0
04071991,04/07/1991,"April 07, 1991",1,9457950,0.090244540081,0.000021902926,0,1,0,0,0
04171991,04/17/1991,"April 17, 1991",1,3547019,0.034848437467,0.000021902926,0,1,0,0,0
04271991,04/27/1991,"April 27, 1991",1,1839425,0.018226049583,0.000021902926,0,1,0,0,0
04301991,04/30/1991,"April 30, 1991",1,9916772,0.094409136970,0.000021902926,0,1,0,0,0
05121991,05/12/1991,"May 12, 1991",1,2575508,0.025426188793,0.000021902926,0,2,0,0,0
05151991,05/15/1991,"May 15, 1991",1,3919481,0.038436573945,0.000021902926,0,1,0,0,0
05251991,05/25/1991,"May 25, 1991",1,4358658,0.042650279808,0.000021902926,0,1,0,0,0
05311991,05/31/1991,"May 31, 1991",1,3902743,0.038275613987,0.000021902926,0,1,0,0,0
06051991,06/05/1991,"June 05, 1991",1,1717351,0.017026827018,0.000021902926,0,1,0,0,0
06101991,06/10/1991,"June 10, 1991",1,1334093,0.013252275141,0.000021902926,0,1,0,0,0
06161991,06/16/1991,"June 16, 1991",1,3385557,0.033288825684,0.000021902926,0,1,0,0,0
06241991,06/24/1991,"June 24, 1991",1,5140697,0.050107929190,0.000021902926,0,1,0,0,0
07021991,07/02/1991,"July 02, 1991",1,3718674,0.036503747280,0.000021902926,0,1,0,0,0
07071991,07/07/1991,"July 07, 1991",1,5271050,0.051345335340,0.000021902926,0,1,0,0,0
07151991,07/15/1991,"July 15, 1991",1,8098390,0.077791406534,0.000021902926,0,1,0,0,0
07231991,07/23/1991,"July 23, 1991",2,1066123,0.010604541255,0.000021902926,0,2,0,0,0
08131991,08/13/1991,"August 13, 1991",1,3601651,0.035375575067,0.000021902926,0,1,0,0,0
08171991,08/17/1991,"August 17, 1991",1,9680709,0.092268846767,0.000021902926,0,1,0,0,0
08271991,08/27/1991,"August 27, 1991",1,610008,0.006081452712,0.000021902926,0,1,0,0,0
09261991,09/26/1991,"September 26, 1991",1,1098408,0.010923916024,0.000021902926,0,1,0,0,0
09301991,09/30/1991,"September 30, 1991",1,342050,0.003414596993,0.000021902926,0,1,0,0,0
10241991,10/24/1991,"October 24, 1991",1,3902983,0.038277922122,0.000021902926,1,0,0,0,0
10291991,10/29/1991,"October 29, 1991",1,5039388,0.049145115396,0.000021902926,1,0,0,0,0
10311991,10/31/1991,"October 31, 1991",1,5114501,0.049859062866,0.000021902926,1,0,0,0,0
11041991,11/04/1991,"November 04, 1991",1,5500440,0.053518960305,0.000021902926,1,0,0,0,0
11161991,11/16/1991,"November 16, 1991",1,2222794,0.021982661154,0.000021902926,1,0,0,0,0
11171991,11/17/1991,"November 17, 1991",1,3002989,0.029583414702,0.000021902926,1,0,0,0,0
11191991,11/19/1991,"November 19, 1991",1,7920664,0.076150944741,0.000021902926,2,0,0,0,0
11201991,11/20/1991,"November 20, 1991",1,9720233,0.092627547540,0.000021902926,1,0,0,0,0
11211991,11/21/1991,"November 21, 1991",1,7523300,0.072472597770,0.000021902926,1,0,0,0,0
12011991,12/01/1991,"December 01, 1991",1,3025369,0.029800569636,0.000021902926,2,0,0,0,0
12151991,12/15/1991,"December 15, 1991",1,3165894,0.031162984908,0.000021902926,1,0,0,0,0
12191991,12/19/1991,"December 19, 1991",1,4083845,0.040015739925,0.000021902926,1,0,0,0,0
12271991,12/27/1991,"December 27, 1991",1,7149978,0.069003462393,0.000021902926,1,0,0,0,0
01131992,01/13/1992,"January 13, 1992",1,775661,0.007726545670,0.000021902926,0,1,0,0,0
01211992,01/21/1992,"January 21, 1992",1,269343,0.002689746160,0.000021902926,0,1,0,0,0
01261992,01/26/1992,"January 26, 1992",2,7965996,0.076569649088,0.000021902926,0,2,0,0,0
02011992,02/01/1992,"February 01, 1992",1,4770793,0.046587733731,0.000021902926,0,1,0,0,0
02221992,02/22/1992,"February 22, 1992",1,7670666,0.073838451167,0.000021902926,0,1,0,0,0
02241992,02/24/1992,"February 24, 1992",1,9342585,0.089194395051,0.000021902926,0,1,0,0,0
03221992,03/22/1992,"March 22, 1992",1,6474269,0.062691333140,0.000021902926,0,1,0,0,0
03271992,03/27/1992,"March 27, 1992",1,2748087,0.027106648070,0.000021902926,0,1,0,0,0
03291992,03/29/1992,"March 29, 1992",1,6980606,0.067425278799,0.000021902926,0,1,0,0,0
04041992,04/04/1992,"April 04, 1992",1,2955627,0.029123697137,0.000021902926,0,1,0,0,0
04181992,04/18/1992,"April 18, 1992",1,591048,0.005892987887,0.000021902926,0,1,0,0,0
04211992,04/21/1992,"April 21, 1992",1,1491289,0.014802184594,0.000021902926,0,1,0,0,0
05031992,05/03/1992,"May 03, 1992",1,1131653,0.011252679720,0.000021902926,0,2,1,0,0
05201992,05/20/1992,"May 20, 1992",1,6942543,0.067070245315,0.000021902926,0,1,0,0,0
05221992,05/22/1992,"May 22, 1992",1,3804267,0.037328079800,0.000021902926,0,1,0,0,0
05241992,05/24/1992,"May 24, 1992",1,9455708,0.090224143135,0.000021902926,0,1,0,0,0
07021992,07/02/1992,"July 02, 1992",1,7053163,0.068101681627,0.000021902926,0,3,0,0,0
07121992,07/12/1992,"July 12, 1992",1,5307052,0.051686808524,0.000021902926,0,1,0,0,0
07161992,07/16/1992,"July 16, 1992",1,7056555,0.068133291083,0.000021902926,0,2,0,0,0
07271992,07/27/1992,"July 27, 1992",1,6104164,0.059215879417,0.000021902926,0,1,0,0,0
07291992,07/29/1992,"July 29, 1992",1,4443590,0.043463030889,0.000021902926,0,1,0,0,0
08071992,08/07/1992,"August 07, 1992",1,1957905,0.019388566560,0.000021902926,0,1,0,0,0
08161992,08/16/1992,"August 16, 1992",1,1002579,0.009975640005,0.000021902926,0,1,0,0,0
08241992,08/24/1992,"August 24, 1992",1,2732539,0.026955370850,0.000021902926,0,1,0,0,0
09011992,09/01/1992,"September 01, 1992",2,6419714,0.062179844883,0.000021902926,0,3,0,0,0
09111992,09/11/1992,"September 11, 1992",1,3008277,0.029634728975,0.000021902926,0,1,0,0,0
10011992,10/01/1992,"October 01, 1992",1,1602424,0.015896476014,0.000021902926,1,0,0,0,0
10081992,10/08/1992,"October 08, 1992",1,8535130,0.081810277987,0.000021902926,1,0,0,0,0
10111992,10/11/1992,"October 11, 1992",1,9373653,0.089477320187,0.000021902926,2,0,0,0,0
10191992,10/19/1992,"October 19, 1992",1,7229843,0.069746705950,0.000021902926,2,1,1,0,0
10201992,10/20/1992,"October 20, 1992",1,8447471,0.081005049175,0.000021902926,1,0,0,0,0
11031992,11/03/1992,"November 03, 1992",1,1445495,0.014350919783,0.000021902926,1,0,0,0,0
11061992,11/06/1992,"November 06, 1992",1,7262120,0.070046915357,0.000021902926,1,0,0,0,0
11071992,11/07/1992,"November 07, 1992",1,910342,0.009062049957,0.000021902926,1,0,0,0,0
11101992,11/10/1992,"November 10, 1992",1,6909115,0.066758333424,0.000021902926,1,0,0,0,0
11161992,11/16/1992,"November 16, 1992",1,654498,0.006523548726,0.000021902926,1,0,0,0,0
11191992,11/19/1992,"November 19, 1992",1,1034215,0.010288794577,0.000021902926,1,0,0,0,0
11291992,11/29/1992,"November 29, 1992",1,7184879,0.069328332803,0.000021902926,1,0,0,0,0
11301992,11/30/1992,"November 30, 1992",1,6557364,0.063469866279,0.000021902926,1,0,0,0,0
01171993,01/17/1993,"January 17, 1993",1,1726260,0.017114396198,0.000021902926,0,1,0,0,0
01281993,01/28/1993,"January 28, 1993",1,827797,0.008243742529,0.000021902926,0,1,0,0,0
02041993,02/04/1993,"February 04, 1993",1,5136798,0.050070892176,0.000021902926,0,1,0,0,0
02151993,02/15/1993,"February 15, 1993",1,2589459,0.025562142103,0.000021902926,0,1,0,0,0
02181993,02/18/1993,"February 18, 1993",1,9684315,0.092301578962,0.000021902926,0,1,0,0,0
02231993,02/23/1993,"February 23, 1993",1,6719880,0.064990641520,0.000021902926,0,1,0,0,0
03111993,03/11/1993,"March 11, 1993",1,9790402,0.093264018394,0.000021902926,0,1,0,0,0
03121993,03/12/1993,"March 12, 1993",1,2045755,0.020249655424,0.000021902926,0,1,0,0,0
03131993,03/13/1993,"March 13, 1993",1,131897,0.001318040634,0.000021902926,0,1,0,0,0
03171993,03/17/1993,"March 17, 1993",1,1488148,0.014771239044,0.000021902926,0,1,0,0,0
03191993,03/19/1993,"March 19, 1993",1,3999451,0.039205228837,0.000021902926,0,1,0,0,0
03201993,03/20/1993,"March 20, 1993",1,4696347,0.045877692162,0.000021902926,0,1,0,0,0
03291993,03/29/1993,"March 29, 1993",1,6904798,0.066718044511,0.000021902926,0,1,0,0,0
04211993,04/21/1993,"April 21, 1993",1,8355989,0.080163949537,0.000021902926,0,1,0,0,0
04221993,04/22/1993,"April 22, 1993",1,7329706,0.070675221108,0.000021902926,0,1,0,0,0
04271993,04/27/1993,"April 27, 1993",1,9085935,0.086853810171,0.000021902926,0,1,0,0,0
04301993,04/30/1993,"April 30, 1993",1,8110675,0.077904692902,0.000021902926,0,1,0,0,0
05091993,05/09/1993,"May 09, 1993",1,32303,0.000322917854,0.000021902926,0,1,0,0,0
05191993,05/19/1993,"May 19, 1993",1,2115981,0.020937453374,0.000021902926,0,1,0,0,0
05251993,05/25/1993,"May 25, 1993",1,4140694,0.040561326287,0.000021902926,0,1,0,0,0
05271993,05/27/1993,"May 27, 1993",1,1412301,0.014023689117,0.000021902926,0,1,0,0,0
06051993,06/05/1993,"June 05, 1993",1,2845246,0.028051442481,0.000021902926,0,1,0,0,0
06071993,06/07/1993,"June 07, 1993",1,9000681,0.086074984568,0.000021902926,0,1,0,0,0
07141993,07/14/1993,"July 14, 1993",1,6426275,0.062241373246,0.000021902926,0,2,0,0,0
07171993,07/17/1993,"July 17, 1993",1,6366663,0.061682189914,0.000021902926,0,1,0,0,0
07281993,07/28/1993,"July 28, 1993",1,425334,0.004244247657,0.000021902926,0,1,0,0,0
08041993,08/04/1993,"August 04, 1993",1,5612326,0.054577347888,0.000021902926,0,1,0,0,0
08071993,08/07/1993,"August 07, 1993",1,6549065,0.063392140417,0.000021902926,0,1,0,0,0
08161993,08/16/1993,"August 16, 1993",1,8683068,0.083167625248,0.000021902926,0,1,0,0,0
08181993,08/18/1993,"August 18, 1993",1,992832,0.009879137627,0.000021902926,0,2,0,0,0
08251993,08/25/1993,"August 25, 1993",1,5206661,0.050734309386,0.000021902926,0,1,0,0,0
09231993,09/23/1993,"September 23, 1993",1,6262717,0.060706338982,0.000021902926,0,1,0,0,0
09281993,09/28/1993,"September 28, 1993",1,6210967,0.060220128711,0.000021902926,0,1,0,0,0
10091993,10/09/1993,"October 09, 1993",1,8097684,0.077784895718,0.000021902926,1,0,0,0,0
10121993,10/12/1993,"October 12, 1993",1,6247898,0.060567134739,0.000021902926,1,0,0,0,0
10171993,10/17/1993,"October 17, 1993",2,5671624,0.055137798433,0.000021902926,2,0,0,0,0
10201993,10/20/1993,"October 20, 1993",1,4281337,0.041909761173,0.000021902926,2,0,0,0,0
10241993,10/24/1993,"October 24, 1993",1,1018524,0.010133486806,0.000021902926,1,0,0,0,0
10311993,10/31/1993,"October 31, 1993",1,4803536,0.046899858410,0.000021902926,1,0,0,0,0
11031993,11/03/1993,"November 03, 1993",1,1030364,0.010250680064,0.000021902926,1,0,0,0,0
11051993,11/05/1993,"November 05, 1993",1,6270676,0.060781094390,0.000021902926,1,0,0,0,0
11111993,11/11/1993,"November 11, 1993",1,5393309,0.052504442358,0.000021902926,1,0,0,0,0
11141993,11/14/1993,"November 14, 1993",1,8511410,0.081592457551,0.000021902926,1,0,0,0,0
12261993,12/26/1993,"December 26, 1993",1,9638202,0.091882915463,0.000021902926,1,0,0,0,0
12271993,12/27/1993,"December 27, 1993",1,1270915,0.012628670688,0.000021902926,1,0,0,0,0
01301994,01/30/1994,"January 30, 1994",1,1303827,0.012953580873,0.000021902926,0,1,0,0,0
02051994,02/05/1994,"February 05, 1994",1,4328139,0.042358061656,0.000021902926,0,2,0,0,0
02141994,02/14/1994,"February 14, 1994",1,6107901,0.059251035863,0.000021902926,0,1,0,0,0
02181994,02/18/1994,"February 18, 1994",1,6577085,0.063654541178,0.000021902926,0,1,0,0,0
03081994,03/08/1994,"March 08, 1994",1,5052102,0.049265999403,0.000021902926,0,1,0,0,0
03091994,03/09/1994,"March 09, 1994",1,5173992,0.050424143114,0.000021902926,0,1,0,0,0
03171994,03/17/1994,"March 17, 1994",1,4479849,0.043809798761,0.000021902926,0,2,0,0,0
03181994,03/18/1994,"March 18, 1994",1,394427,0.003936441860,0.000021902926,0,1,0,0,0
03251994,03/25/1994,"March 25, 1994",1,7833357,0.075344007633,0.000021902926,0,3,0,0,0
04011994,04/01/1994,"April 01, 1994",1,5765120,0.056020793959,0.000021902926,0,1,0,0,0
04051994,04/05/1994,"April 05, 1994",1,1416940,0.014069427497,0.000021902926,0,1,0,0,0
04171994,04/17/1994,"April 17, 1994",1,3178511,0.031285215364,0.000021902926,0,1,0,0,0
04221994,04/22/1994,"April 22, 1994",1,174548,0.001743897658,0.000021902926,0,3,0,0,0
04241994,04/24/1994,"April 24, 1994",1,5715320,0.055550575235,0.000021902926,0,2,1,0,0
04271994,04/27/1994,"April 27, 1994",1,4099971,0.040170534506,0.000021902926,0,1,0,0,0
05101994,05/10/1994,"May 10, 1994",1,3107911,0.030601061241,0.000021902926,0,1,0,0,0
05141994,05/14/1994,"May 14, 1994",1,8712589,0.083438243390,0.000021902926,0,1,0,0,0
05311994,05/31/1994,"May 31, 1994",1,1661011,0.016472863890,0.000021902926,0,2,1,0,0
06041994,06/04/1994,"June 04, 1994",1,6353970,0.061563081674,0.000021902926,0,1,0,0,0
06071994,06/07/1994,"June 07, 1994",2,3527567,0.034660677922,0.000021902926,0,3,0,0,0
06121994,06/12/1994,"June 12, 1994",1,8897798,0.085134227228,0.000021902926,0,1,0,0,0
06201994,06/20/1994,"June 20, 1994",1,9119317,0.087158585763,0.000021902926,0,1,0,0,0
07021994,07/02/1994,"July 02, 1994",1,1822187,0.018056796800,0.000021902926,0,1,0,0,0
07181994,07/18/1994,"July 18, 1994",2,3974857,0.038968901908,0.000021902926,0,2,0,0,0
08041994,08/04/1994,"August 04, 1994",1,3206980,0.031560959526,0.000021902926,0,1,0,0,0
08111994,08/11/1994,"August 11, 1994",1,148393,0.001482769624,0.000021902926,0,1,0,0,0
08131994,08/13/1994,"August 13, 1994",1,4620689,0.045155549154,0.000021902926,0,1,0,0,0
08161994,08/16/1994,"August 16, 1994",1,3023525,0.029782678993,0.000021902926,0,1,0,0,0
08181994,08/18/1994,"August 18, 1994",1,7035790,0.067939768867,0.000021902926,0,1,0,0,0
08231994,08/23/1994,"August 23, 1994",1,5393424,0.052505531977,0.000021902926,0,1,0,0,0
08251994,08/25/1994,"August 25, 1994",1,7187466,0.069352408968,0.000021902926,0,1,0,0,0
08301994,08/30/1994,"August 30, 1994",2,1532697,0.015210050859,0.000021902926,0,2,0,0,0
09011994,09/01/1994,"September 01, 1994",1,2209537,0.021852996799,0.000021902926,0,1,0,0,0
09161994,09/16/1994,"September 16, 1994",1,6302075,0.061075953444,0.000021902926,0,1,0,0,0
09201994,09/20/1994,"September 20, 1994",1,1869663,0.018522873514,0.000021902926,0,1,0,0,0
10031994,10/03/1994,"October 03, 1994",1,3668739,0.036022505278,0.000021902926,1,0,0,0,0
10081994,10/08/1994,"October 08, 1994",1,2620220,0.025861842838,0.000021902926,1,0,0,0,0
10291994,10/29/1994,"October 29, 1994",1,8753163,0.083810053726,0.000021902926,1,0,0,0,0
11031994,11/03/1994,"November 03, 1994",1,5022184,0.048981516248,0.000021902926,1,0,0,0,0
11081994,11/08/1994,"November 08, 1994",1,2535472,0.025035930301,0.000021902926,1,0,0,0,0
11191994,11/19/1994,"November 19, 1994",1,9813027,0.093469144206,0.000021902926,1,0,0,0,0
11251994,11/25/1994,"November 25, 1994",1,1049938,0.010444394639,0.000021902926,1,0,0,0,0
12141994,12/14/1994,"December 14, 1994",1,8259688,0.079277711553,0.000021902926,1,0,0,0,0
12251994,12/25/1994,"December 25, 1994",1,3581954,0.035185554279,0.000021902926,2,0,0,0,0
01101995,01/10/1995,"January 10, 1995",1,5987529,0.058117955689,0.000021902926,0,1,0,0,0
01191995,01/19/1995,"January 19, 1995",1,9386313,0.089592585063,0.000021902926,0,1,0,0,0
02021995,02/02/1995,"February 02, 1995",1,1734054,0.017190999318,0.000021902926,0,1,0,0,0
02051995,02/05/1995,"February 05, 1995",1,8233544,0.079036966447,0.000021902926,0,1,0,0,0
02211995,02/21/1995,"February 21, 1995",1,6424964,0.062229079149,0.000021902926,0,1,0,0,0
03071995,03/07/1995,"March 07, 1995",1,3819244,0.037472248379,0.000021902926,0,1,0,0,0
03101995,03/10/1995,"March 10, 1995",1,1101420,0.010953706547,0.000021902926,0,2,0,0,0
03111995,03/11/1995,"March 11, 1995",1,1952099,0.019331630607,0.000021902926,0,1,0,0,0
03121995,03/12/1995,"March 12, 1995",1,2899639,0.028579970711,0.000021902926,0,2,0,0,0
03211995,03/21/1995,"March 21, 1995",1,4265267,0.041755783698,0.000021902926,0,1,0,0,0
03241995,03/24/1995,"March 24, 1995",1,3653514,0.035875728529,0.000021902926,0,1,0,0,0
03291995,03/29/1995,"March 29, 1995",1,2422377,0.023932670927,0.000021902926,0,1,0,0,0
04031995,04/03/1995,"April 03, 1995",1,4369911,0.042758004312,0.000021902926,0,2,0,0,0
04041995,04/04/1995,"April 04, 1995",1,9700663,0.092449957373,0.000021902926,0,1,0,0,0
04101995,04/10/1995,"April 10, 1995",1,6673912,0.064560737612,0.000021902926,0,1,0,0,0
04191995,04/19/1995,"April 19, 1995",1,18727,0.000187192479,0.000021902926,0,1,0,0,0
04281995,04/28/1995,"April 28, 1995",1,6288927,0.060952495593,0.000021902926,0,1,0,0,0
05101995,05/10/1995,"May 10, 1995",2,7296139,0.070363222295,0.000021902926,0,2,0,0,0
05121995,05/12/1995,"May 12, 1995",1,3659499,0.035933429641,0.000021902926,0,1,0,0,0
05161995,05/16/1995,"May 16, 1995",1,9832900,0.093649281185,0.000021902926,0,1,0,0,0
05231995,05/23/1995,"May 23, 1995",1,6327066,0.061310570637,0.000021902926,0,1,0,0,0
05301995,05/30/1995,"May 30, 1995",1,6426618,0.062244589752,0.000021902926,0,1,0,0,0
06071995,06/07/1995,"June 07, 1995",1,1621208,0.016081312661,0.000021902926,0,1,0,0,0
06191995,06/19/1995,"June 19, 1995",1,403154,0.004023364534,0.000021902926,0,1,0,0,0
07011995,07/01/1995,"July 01, 1995",1,3622410,0.035575800671,0.000021902926,0,1,0,0,0
07221995,07/22/1995,"July 22, 1995",1,9023265,0.086281362091,0.000021902926,0,1,0,0,0
08011995,08/01/1995,"August 01, 1995",1,6845835,0.066167591200,0.000021902926,0,2,0,0,0
08081995,08/08/1995,"August 08, 1995",1,4642427,0.045363090685,0.000021902926,0,3,0,0,0
08091995,08/09/1995,"August 09, 1995",1,6123417,0.059396991150,0.000021902926,0,1,0,0,0
08171995,08/17/1995,"August 17, 1995",1,530684,0.005292723971,0.000021902926,0,1,0,0,0
08231995,08/23/1995,"August 23, 1995",1,4250899,0.041618093276,0.000021902926,0,1,0,0,0
09091995,09/09/1995,"September 09, 1995",1,5705261,0.055455568288,0.000021902926,0,1,0,0,0
09141995,09/14/1995,"September 14, 1995",1,7720099,0.074296167469,0.000021902926,0,1,0,0,0
09161995,09/16/1995,"September 16, 1995",1,4830056,0.047152587057,0.000021902926,0,1,0,0,0
09251995,09/25/1995,"September 25, 1995",1,6073757,0.058929771690,0.000021902926,0,1,0,0,0
09281995,09/28/1995,"September 28, 1995",1,6666521,0.064491596740,0.000021902926,0,1,0,0,0
10021995,10/02/1995,"October 02, 1995",2,203990,0.002037760961,0.000021902926,2,0,0,0,0
10261995,10/26/1995,"October 26, 1995",1,1730182,0.017152944216,0.000021902926,1,0,0,0,0
10271995,10/27/1995,"October 27, 1995",2,6423963,0.062219692015,0.000021902926,3,1,0,0,0
10281995,10/28/1995,"October 28, 1995",1,105044,0.001049828555,0.000021902926,1,0,0,0,0
11111995,11/11/1995,"November 11, 1995",1,8200483,0.078732436518,0.000021902926,1,0,0,0,0
11241995,11/24/1995,"November 24, 1995",1,9958917,0.094790717828,0.000021902926,1,0,0,0,0
11281995,11/28/1995,"November 28, 1995",1,972968,0.009682440481,0.000021902926,1,0,0,0,0
12041995,12/04/1995,"December 04, 1995",1,3240163,0.031882263344,0.000021902926,1,0,0,0,0
01071996,01/07/1996,"January 07, 1996",1,127290,0.001272030295,0.000021902926,0,2,0,0,0
01131996,01/13/1996,"January 13, 1996",1,3748672,0.036792733542,0.000021902926,0,1,0,0,0
01171996,01/17/1996,"January 17, 1996",1,7936208,0.076294536679,0.000021902926,0,1,0,0,0
02061996,02/06/1996,"February 06, 1996",1,7428845,0.071596087865,0.000021902926,0,2,0,0,0
03041996,03/04/1996,"March 04, 1996",1,3836980,0.037642947165,0.000021902926,0,1,0,0,0
03131996,03/13/1996,"March 13, 1996",1,632464,0.006304622005,0.000021902926,0,1,0,0,0
03221996,03/22/1996,"March 22, 1996",1,238186,0.002378965789,0.000021902926,0,1,0,0,0
03241996,03/24/1996,"March 24, 1996",1,1083963,0.010781033663,0.000021902926,0,1,0,0,0
03261996,03/26/1996,"March 26, 1996",1,4677286,0.045695809574,0.000021902926,0,1,0,0,0
04011996,04/01/1996,"April 01, 1996",1,625421,0.006234633574,0.000021902926,0,1,0,0,0
04211996,04/21/1996,"April 21, 1996",1,5044291,0.049191734669,0.000021902926,0,1,0,0,0
04301996,04/30/1996,"April 30, 1996",1,1351678,0.013425779475,0.000021902926,0,1,0,0,0
05051996,05/05/1996,"May 05, 1996",1,7074749,0.068302819491,0.000021902926,0,1,0,0,0
05181996,05/18/1996,"May 18, 1996",1,1537547,0.015257812013,0.000021902926,0,1,0,0,0
06031996,06/03/1996,"June 03, 1996",2,5901687,0.057309078168,0.000021902926,0,3,1,0,0
06181996,06/18/1996,"June 18, 1996",1,3099561,0.030520113049,0.000021902926,0,1,0,0,0
06231996,06/23/1996,"June 23, 1996",1,6058196,0.058783320356,0.000021902926,0,1,0,0,0
07121996,07/12/1996,"July 12, 1996",1,1767592,0.017520558537,0.000021902926,0,1,0,0,0
07261996,07/26/1996,"July 26, 1996",1,5276004,0.051392330529,0.000021902926,0,1,0,0,0
08101996,08/10/1996,"August 10, 1996",1,7679945,0.073924385711,0.000021902926,0,1,0,0,0
08121996,08/12/1996,"August 12, 1996",1,9022292,0.086272471565,0.000021902926,0,1,0,0,0
08171996,08/17/1996,"August 17, 1996",1,3594520,0.035306785246,0.000021902926,0,1,0,0,0
08241996,08/24/1996,"August 24, 1996",1,5471367,0.053243749866,0.000021902926,0,1,0,0,0
09031996,09/03/1996,"September 03, 1996",1,6698692,0.064792510746,0.000021902926,0,1,0,0,0
09151996,09/15/1996,"September 15, 1996",1,6496431,0.062899036472,0.000021902926,0,1,0,0,0
09161996,09/16/1996,"September 16, 1996",1,4241520,0.041528202421,0.000021902926,0,1,0,0,0
09171996,09/17/1996,"September 17, 1996",1,7996892,0.076854908063,0.000021902926,0,1,0,0,0
09201996,09/20/1996,"September 20, 1996",1,5592359,0.054388556497,0.000021902926,0,1,0,0,0
09221996,09/22/1996,"September 22, 1996",1,1309280,0.013007403047,0.000021902926,0,1,0,0,0
09251996,09/25/1996,"September 25, 1996",1,7645986,0.073609846286,0.000021902926,0,1,0,0,0
09271996,09/27/1996,"September 27, 1996",1,6303019,0.061084816845,0.000021902926,0,1,0,0,0
10021996,10/02/1996,"October 02, 1996",1,376222,0.003755091980,0.000021902926,1,0,0,0,0
10031996,10/03/1996,"October 03, 1996",2,3813887,0.037420684386,0.000021902926,2,0,0,0,0
10061996,10/06/1996,"October 06, 1996",1,7925614,0.076196674137,0.000021902926,1,0,0,0,0
10291996,10/29/1996,"October 29, 1996",1,6705134,0.064852754872,0.000021902926,1,0,0,0,0
11171996,11/17/1996,"November 17, 1996",1,5449481,0.053036520114,0.000021902926,1,0,0,0,0
11271996,11/27/1996,"November 27, 1996",1,2713103,0.026766231514,0.000021902926,1,0,0,0,0
12041996,12/04/1996,"December 04, 1996",1,5239458,0.051045589010,0.000021902926,2,0,0,0,0
12061996,12/06/1996,"December 06, 1996",1,3371815,0.033155971105,0.000021902926,1,0,0,0,0
12071996,12/07/1996,"December 07, 1996",1,7253685,0.069968470505,0.000021902926,1,0,0,0,0
12111996,12/11/1996,"December 11, 1996",1,2901720,0.028600185751,0.000021902926,1,0,0,0,0
12201996,12/20/1996,"December 20, 1996",1,3105021,0.030573045207,0.000021902926,1,0,0,0,0
12241996,12/24/1996,"December 24, 1996",1,2760153,0.027224030301,0.000021902926,1,0,0,0,0
12271996,12/27/1996,"December 27, 1996",1,2004449,0.019844876150,0.000021902926,1,0,0,0,0
01011997,01/01/1997,"January 01, 1997",1,1724445,0.017096556663,0.000021902926,0,1,0,0,0
01101997,01/10/1997,"January 10, 1997",1,9096390,0.086949274616,0.000021902926,0,1,0,0,0
01301997,01/30/1997,"January 30, 1997",1,9634219,0.091846744439,0.000021902926,0,1,0,0,0
02101997,02/10/1997,"February 10, 1997",1,381252,0.003805201839,0.000021902926,0,1,0,0,0
02201997,02/20/1997,"February 20, 1997",1,3400667,0.033434884709,0.000021902926,0,1,0,0,0
02231997,02/23/1997,"February 23, 1997",2,5934488,0.057618239514,0.000021902926,0,2,0,0,0
03011997,03/01/1997,"March 01, 1997",1,1008479,0.010034049720,0.000021902926,0,1,0,0,0
03241997,03/24/1997,"March 24, 1997",1,2891349,0.028499436651,0.000021902926,0,1,0,0,0
03251997,03/25/1997,"March 25, 1997",1,172970,0.001728145052,0.000021902926,0,1,0,0,0
04051997,04/05/1997,"April 05, 1997",1,9143040,0.087375113449,0.000021902926,0,1,0,0,0
04081997,04/08/1997,"April 08, 1997",1,9574370,0.091303061113,0.000021902926,0,1,0,0,0
05111997,05/11/1997,"May 11, 1997",1,7845517,0.075456438967,0.000021902926,0,1,0,0,0
05211997,05/21/1997,"May 21, 1997",1,8447537,0.081005655711,0.000021902926,0,1,0,0,0
05221997,05/22/1997,"May 22, 1997",1,4582429,0.044790155768,0.000021902926,0,1,0,0,0
06071997,06/07/1997,"June 07, 1997",1,3949176,0.038722067816,0.000021902926,0,1,0,0,0
06131997,06/13/1997,"June 13, 1997",1,2627809,0.025935767378,0.000021902926,0,2,0,0,0
06301997,06/30/1997,"June 30, 1997",1,5447925,0.053021785248,0.000021902926,0,1,0,0,0
07071997,07/07/1997,"July 07, 1997",1,9805888,0.093404424657,0.000021902926,0,1,0,0,0
07121997,07/12/1997,"July 12, 1997",1,1854958,0.018378536689,0.000021902926,0,1,0,0,0
07221997,07/22/1997,"July 22, 1997",2,146269,0.001461560893,0.000021902926,0,2,0,0,0
08161997,08/16/1997,"August 16, 1997",1,6462694,0.062582833381,0.000021902926,0,1,0,0,0
08181997,08/18/1997,"August 18, 1997",1,5843648,0.056761790974,0.000021902926,0,1,0,0,0
08291997,08/29/1997,"August 29, 1997",1,6178359,0.059913635320,0.000021902926,0,1,0,0,0
09061997,09/06/1997,"September 06, 1997",1,3987790,0.039093184025,0.000021902926,0,1,0,0,0
09211997,09/21/1997,"September 21, 1997",1,3012111,0.029671932067,0.000021902926,0,2,0,0,0
09231997,09/23/1997,"September 23, 1997",1,1848271,0.018312893467,0.000021902926,0,1,0,0,0
09261997,09/26/1997,"September 26, 1997",1,4137386,0.040529587531,0.000021902926,0,1,0,0,0
10211997,10/21/1997,"October 21, 1997",1,8460744,0.081127019281,0.000021902926,1,0,0,0,0
11031997,11/03/1997,"November 03, 1997",1,6730525,0.065090167969,0.000021902926,1,0,0,0,0
11091997,11/09/1997,"November 09, 1997",1,5719703,0.055591969546,0.000021902926,1,0,0,0,0
11101997,11/10/1997,"November 10, 1997",1,3813714,0.037419019122,0.000021902926,1,0,0,0,0
11121997,11/12/1997,"November 12, 1997",1,4804788,0.046911791149,0.000021902926,2,0,0,0,0
11281997,11/28/1997,"November 28, 1997",1,425814,0.004249027274,0.000021902926,1,0,0,0,0
12181997,12/18/1997,"December 18, 1997",1,4568632,0.044658356373,0.000021902926,1,0,0,0,0
12281997,12/28/1997,"December 28, 1997",1,575091,0.005734345573,0.000021902926,1,0,0,0,0
01041998,01/04/1998,"January 04, 1998",1,4345361,0.042522972551,0.000021902926,0,1,0,0,0
01231998,01/23/1998,"January 23, 1998",1,6134298,0.059499332596,0.000021902926,0,1,0,0,0
01261998,01/26/1998,"January 26, 1998",1,7707986,0.074184030171,0.000021902926,0,2,0,0,0
01311998,01/31/1998,"January 31, 1998",2,2632848,0.025984849238,0.000021902926,0,2,0,0,0
02101998,02/10/1998,"February 10, 1998",1,6563044,0.063523059680,0.000021902926,0,1,0,0,0
03141998,03/14/1998,"March 14, 1998",1,2025364,0.020049854160,0.000021902926,0,1,0,0,0
03161998,03/16/1998,"March 16, 1998",1,8247126,0.079162043153,0.000021902926,0,1,0,0,0
03181998,03/18/1998,"March 18, 1998",1,6868459,0.066378837549,0.000021902926,0,1,0,0,0
04231998,04/23/1998,"April 23, 1998",1,9871261,0.093996899708,0.000021902926,0,1,0,0,0
04281998,04/28/1998,"April 28, 1998",1,9517638,0.090787392900,0.000021902926,0,1,0,0,0
05061998,05/06/1998,"May 06, 1998",1,7954367,0.076462257127,0.000021902926,0,1,0,0,0
05301998,05/30/1998,"May 30, 1998",1,5198935,0.050660966285,0.000021902926,0,1,0,0,0
07041998,07/04/1998,"July 04, 1998",1,8538949,0.081845342984,0.000021902926,0,1,0,0,0
07051998,07/05/1998,"July 05, 1998",1,6139343,0.059546779659,0.000021902926,0,1,0,0,0
07081998,07/08/1998,"July 08, 1998",1,9598531,0.091522584862,0.000021902926,0,2,0,0,0
07211998,07/21/1998,"July 21, 1998",1,8594718,0.082357245905,0.000021902926,0,1,0,0,0
08261998,08/26/1998,"August 26, 1998",1,3666021,0.035996304013,0.000021902926,0,1,0,0,0
08271998,08/27/1998,"August 27, 1998",1,4549559,0.044476126682,0.000021902926,0,1,0,0,0
09221998,09/22/1998,"September 22, 1998",1,7457206,0.071859355167,0.000021902926,0,2,1,0,0
09241998,09/24/1998,"September 24, 1998",1,8332485,0.079947725860,0.000021902926,0,1,0,0,0
10021998,10/02/1998,"October 02, 1998",1,2421725,0.023926306948,0.000021902926,2,0,0,0,0
10191998,10/19/1998,"October 19, 1998",1,4259674,0.041702187600,0.000021902926,1,0,0,0,0
10201998,10/20/1998,"October 20, 1998",1,3123529,0.030752450147,0.000021902926,1,0,0,0,0
10231998,10/23/1998,"October 23, 1998",1,3529391,0.034678285551,0.000021902926,1,0,0,0,0
11031998,11/03/1998,"November 03, 1998",1,9415569,0.089858894901,0.000021902926,2,0,0,0,0
11151998,11/15/1998,"November 15, 1998",1,8682510,0.083162509309,0.000021902926,1,0,0,0,0
11221998,11/22/1998,"November 22, 1998",1,3095006,0.030475952234,0.000021902926,1,0,0,0,0
11271998,11/27/1998,"November 27, 1998",1,9368306,0.089428633237,0.000021902926,1,0,0,0,0
12121998,12/12/1998,"December 12, 1998",1,8402307,0.080589900549,0.000021902926,1,0,0,0,0
12161998,12/16/1998,"December 16, 1998",1,5715147,0.055548941336,0.000021902926,1,0,0,0,0
12241998,12/24/1998,"December 24, 1998",1,2876478,0.028354954059,0.000021902926,3,0,0,0,0
12251998,12/25/1998,"December 25, 1998",1,2402740,0.023740981764,0.000021902926,1,0,0,0,0
12301998,12/30/1998,"December 30, 1998",1,6985315,0.067469192709,0.000021902926,1,0,0,0,0
01081999,01/08/1999,"January 08, 1999",1,6319872,0.061243038889,0.000021902926,0,1,0,0,0
02141999,02/14/1999,"February 14, 1999",1,5539389,0.053887533426,0.000021902926,0,1,0,0,0
02261999,02/26/1999,"February 26, 1999",1,3825392,0.037531422767,0.000021902926,0,1,0,0,0
03011999,03/01/1999,"March 01, 1999",1,83591,0.000835500783,0.000021902926,0,1,0,0,0
03071999,03/07/1999,"March 07, 1999",1,520178,0.005188214534,0.000021902926,0,1,0,0,0
03271999,03/27/1999,"March 27, 1999",1,2565151,0.025325246955,0.000021902926,0,2,0,0,0
04231999,04/23/1999,"April 23, 1999",1,2424208,0.023950542557,0.000021902926,0,1,0,0,0
05231999,05/23/1999,"May 23, 1999",1,9367705,0.089423160687,0.000021902926,0,1,0,0,0
06061999,06/06/1999,"June 06, 1999",1,8113555,0.077931248864,0.000021902926,0,1,0,0,0
06291999,06/29/1999,"June 29, 1999",1,4521847,0.044211295210,0.000021902926,0,1,0,0,0
07021999,07/02/1999,"July 02, 1999",1,1707181,0.016926853562,0.000021902926,0,1,0,0,0
07181999,07/18/1999,"July 18, 1999",1,5596617,0.054428819776,0.000021902926,0,1,0,0,0
07241999,07/24/1999,"July 24, 1999",1,1175682,0.011687919459,0.000021902926,0,1,0,0,0
08181999,08/18/1999,"August 18, 1999",1,8830147,0.084515101980,0.000021902926,0,2,0,0,0
08271999,08/27/1999,"August 27, 1999",1,8067097,0.077502774637,0.000021902926,0,1,0,0,0
09091999,09/09/1999,"September 09, 1999",1,7273184,0.070149799676,0.000021902926,0,1,0,0,0
09121999,09/12/1999,"September 12, 1999",1,7112747,0.068656778536,0.000021902926,0,1,0,0,0
10041999,10/04/1999,"October 04, 1999",1,2814179,0.027749440310,0.000021902926,1,0,0,0,0
10131999,10/13/1999,"October 13, 1999",1,3066039,0.030195069521,0.000021902926,1,0,0,0,0
11021999,11/02/1999,"November 02, 1999",2,4223850,0.041358825488,0.000021902926,2,0,0,0,0
11031999,11/03/1999,"November 03, 1999",1,4204428,0.041172620116,0.000021902926,1,0,0,0,0
11081999,11/08/1999,"November 08, 1999",1,899053,0.008950176657,0.000021902926,2,0,0,0,0
11161999,11/16/1999,"November 16, 1999",1,4232779,0.041444418738,0.000021902926,1,0,0,0,0
11211999,11/21/1999,"November 21, 1999",1,8426579,0.080813032690,0.000021902926,1,0,0,0,0
11241999,11/24/1999,"November 24, 1999",1,1066278,0.010606074817,0.000021902926,1,0,0,0,0
12031999,12/03/1999,"December 03, 1999",1,7324023,0.070622406080,0.000021902926,2,0,0,0,0
12041999,12/04/1999,"December 04, 1999",1,8198965,0.078718451570,0.000021902926,2,0,0,0,0
12091999,12/09/1999,"December 09, 1999",1,7476692,0.072040195035,0.000021902926,1,0,0,0,0
02092000,02/09/2000,"February 09, 2000",1,5408050,0.052644102385,0.000021902926,0,1,0,0,0
02112000,02/11/2000,"February 11, 2000",1,1521973,0.015104436320,0.000021902926,0,1,0,0,0
02212000,02/21/2000,"February 21, 2000",1,6662469,0.064453689171,0.000021902926,0,1,0,0,0
03082000,03/08/2000,"March 08, 2000",1,2198166,0.021741765378,0.000021902926,0,1,0,0,0
04262000,04/26/2000,"April 26, 2000",1,6875004,0.066439941055,0.000021902926,0,1,0,0,0
05192000,05/19/2000,"May 19, 2000",1,4603485,0.044991263582,0.000021902926,0,1,0,0,0
05202000,05/20/2000,"May 20, 2000",1,9657792,0.092060798178,0.000021902926,0,2,1,0,0
05242000,05/24/2000,"May 24, 2000",1,4137437,0.040530076860,0.000021902926,0,1,0,0,0
06072000,06/07/2000,"June 07, 2000",1,1465372,0.014546817783,0.000021902926,0,1,0,0,0
06132000,06/13/2000,"June 13, 2000",1,70366,0.000703352539,0.000021902926,0,1,0,0,0
06152000,06/15/2000,"June 15, 2000",1,1309331,0.013007906413,0.000021902926,0,1,0,0,0
06162000,06/16/2000,"June 16, 2000",2,627149,0.006251805691,0.000021902926,0,2,0,0,0
06202000,06/20/2000,"June 20, 2000",1,294461,0.002940219094,0.000021902926,0,1,0,0,0
06222000,06/22/2000,"June 22, 2000",1,733539,0.007308492202,0.000021902926,0,1,0,0,0
08022000,08/02/2000,"August 02, 2000",1,2513385,0.024820566202,0.000021902926,0,1,0,0,0
08062000,08/06/2000,"August 06, 2000",1,5911073,0.057397554987,0.000021902926,0,1,0,0,0
08092000,08/09/2000,"August 09, 2000",1,5271234,0.051347080863,0.000021902926,0,1,0,0,0
09132000,09/13/2000,"September 13, 2000",1,5081866,0.049548933765,0.000021902926,0,1,0,0,0
09212000,09/21/2000,"September 21, 2000",1,1704432,0.016899828510,0.000021902926,0,1,0,0,0
09222000,09/22/2000,"September 22, 2000",1,5078031,0.049512483267,0.000021902926,0,1,0,0,0
09272000,09/27/2000,"September 27, 2000",1,1489633,0.014785869583,0.000021902926,0,1,0,0,0
10012000,10/01/2000,"October 01, 2000",1,8285990,0.079519848087,0.000021902926,1,0,0,0,0
10062000,10/06/2000,"October 06, 2000",1,1706510,0.016920257119,0.000021902926,1,0,0,0,0
10122000,10/12/2000,"October 12, 2000",1,3433572,0.033752880642,0.000021902926,1,0,0,0,0
11052000,11/05/2000,"November 05, 2000",1,2939982,0.028971791656,0.000021902926,1,0,0,0,0
11112000,11/11/2000,"November 11, 2000",2,1278617,0.012704715100,0.000021902926,2,0,0,0,0
11282000,11/28/2000,"November 28, 2000",1,7352953,0.070891236132,0.000021902926,1,0,0,0,0
11302000,11/30/2000,"November 30, 2000",2,5878673,0.057092102311,0.000021902926,2,0,0,0,0
12132000,12/13/2000,"December 13, 2000",1,3492855,0.034325531168,0.000021902926,1,0,0,0,0
12182000,12/18/2000,"December 18, 2000",1,7817673,0.075198973212,0.000021902926,1,0,0,0,0
12242000,12/24/2000,"December 24, 2000",1,2631447,0.025971203190,0.000021902926,1,0,0,0,0
01222001,01/22/2001,"January 22, 2001",1,4171381,0.040855704066,0.000021902926,0,1,0,0,0
02102001,02/10/2001,"February 10, 2001",1,1179832,0.011728933559,0.000021902926,0,1,0,0,0
02142001,02/14/2001,"February 14, 2001",1,273788,0.002734075616,0.000021902926,0,1,0,0,0
03022001,03/02/2001,"March 02, 2001",1,9666442,0.092139331523,0.000021902926,0,1,0,0,0
03112001,03/11/2001,"March 11, 2001",1,8727936,0.083578897331,0.000021902926,0,1,0,0,0
03262001,03/26/2001,"March 26, 2001",1,3277859,0.032247136234,0.000021902926,0,1,0,0,0
03302001,03/30/2001,"March 30, 2001",1,8381099,0.080394891375,0.000021902926,0,1,0,0,0
04062001,04/06/2001,"April 06, 2001",1,91508,0.000914601506,0.000021902926,0,1,0,0,0
04092001,04/09/2001,"April 09, 2001",1,8475320,0.081260944447,0.000021902926,0,2,0,0,0
04182001,04/18/2001,"April 18, 2001",1,8638450,0.082758461702,0.000021902926,0,1,0,0,0
04202001,04/20/2001,"April 20, 2001",1,2151686,0.021286965259,0.000021902926,0,1,0,0,0
05112001,05/11/2001,"May 11, 2001",1,9662785,0.092106130451,0.000021902926,0,1,0,0,0
06012001,06/01/2001,"June 01, 2001",1,8411839,0.080677534544,0.000021902926,0,1,0,0,0
06032001,06/03/2001,"June 03, 2001",1,3906461,0.038311370235,0.000021902926,0,2,0,0,0
06072001,06/07/2001,"June 07, 2001",1,1903005,0.018850063072,0.000021902926,0,1,0,0,0
06092001,06/09/2001,"June 09, 2001",1,2210031,0.021857828834,0.000021902926,0,1,0,0,0
06122001,06/12/2001,"June 12, 2001",1,96746,0.000966932229,0.000021902926,0,3,2,0,0
06152001,06/15/2001,"June 15, 2001",1,4013139,0.039336733426,0.000021902926,0,1,0,0,0
06202001,06/20/2001,"June 20, 2001",2,320429,0.003199101966,0.000021902926,0,2,0,0,0
07302001,07/30/2001,"July 30, 2001",1,3497684,0.034372162463,0.000021902926,0,1,0,0,0
08052001,08/05/2001,"August 05, 2001",1,718596,0.007160143224,0.000021902926,0,1,0,0,0
08082001,08/08/2001,"August 08, 2001",1,8738085,0.083671900190,0.000021902926,0,1,0,0,0
08112001,08/11/2001,"August 11, 2001",1,8055473,0.077395537326,0.000021902926,0,1,0,0,0
08152001,08/15/2001,"August 15, 2001",1,3735606,0.036666872657,0.000021902926,0,1,0,0,0
08232001,08/23/2001,"August 23, 2001",1,9865817,0.093947575557,0.000021902926,0,1,0,0,0
08292001,08/29/2001,"August 29, 2001",1,9031459,0.086356229129,0.000021902926,0,1,0,0,0
09092001,09/09/2001,"September 09, 2001",1,6448189,0.062446851158,0.000021902926,0,1,0,0,0
09272001,09/27/2001,"September 27, 2001",1,1160875,0.011541569253,0.000021902926,0,1,0,0,0
09302001,09/30/2001,"September 30, 2001",1,3806426,0.037348863663,0.000021902926,0,1,0,0,0
10072001,10/07/2001,"October 07, 2001",1,8168132,0.078434349031,0.000021902926,1,0,0,0,0
11052001,11/05/2001,"November 05, 2001",1,5738079,0.055765498023,0.000021902926,2,0,0,0,0
11082001,11/08/2001,"November 08, 2001",1,6206277,0.060176052001,0.000021902926,1,0,0,0,0
11122001,11/12/2001,"November 12, 2001",1,5705537,0.055458175227,0.000021902926,1,0,0,0,0
11152001,11/15/2001,"November 15, 2001",1,9728810,0.092705369539,0.000021902926,1,0,0,0,0
11192001,11/19/2001,"November 19, 2001",1,2092046,0.020703086704,0.000021902926,1,0,0,0,0
11232001,11/23/2001,"November 23, 2001",1,7336428,0.070737688221,0.000021902926,2,0,0,0,0
12062001,12/06/2001,"December 06, 2001",1,3600597,0.035365407872,0.000021902926,2,0,0,0,0
12172001,12/17/2001,"December 17, 2001",1,9243878,0.088294922305,0.000021902926,1,0,0,0,0
12202001,12/20/2001,"December 20, 2001",1,2256589,0.022313126273,0.000021902926,2,0,0,0,0
12242001,12/24/2001,"December 24, 2001",1,2426819,0.023976026876,0.000021902926,1,0,0,0,0
12252001,12/25/2001,"December 25, 2001",1,555020,0.005534766483,0.000021902926,1,0,0,0,0
01292002,01/29/2002,"January 29, 2002",1,9050140,0.086526890983,0.000021902926,0,1,0,0,0
02022002,02/02/2002,"February 02, 2002",1,411232,0.004103816278,0.000021902926,0,1,0,0,0
02082002,02/08/2002,"February 08, 2002",1,2308736,0.022822827744,0.000021902926,0,1,0,0,0
02172002,02/17/2002,"February 17, 2002",1,351280,0.003506577582,0.000021902926,0,1,0,0,0
02242002,02/24/2002,"February 24, 2002",1,1227062,0.012195583781,0.000021902926,0,1,0,0,0
03012002,03/01/2002,"March 01, 2002",1,3957083,0.038798073058,0.000021902926,0,1,0,0,0
03112002,03/11/2002,"March 11, 2002",1,2096313,0.020744872412,0.000021902926,0,1,0,0,0
03162002,03/16/2002,"March 16, 2002",1,5252184,0.051166345266,0.000021902926,0,1,0,0,0
03222002,03/22/2002,"March 22, 2002",1,5454562,0.053084634107,0.000021902926,0,1,0,0,0
03282002,03/28/2002,"March 28, 2002",1,9087380,0.086867005039,0.000021902926,0,1,0,0,0
03312002,03/31/2002,"March 31, 2002",1,2267396,0.022418779186,0.000021902926,0,1,0,0,0
05062002,05/06/2002,"May 06, 2002",1,50059,0.000500404761,0.000021902926,0,1,0,0,0
05142002,05/14/2002,"May 14, 2002",1,9952749,0.094734882797,0.000021902926,0,1,0,0,0
05152002,05/15/2002,"May 15, 2002",1,608879,0.006070231308,0.000021902926,0,1,0,0,0
06072002,06/07/2002,"June 07, 2002",1,2751678,0.027141584044,0.000021902926,0,1,0,0,0
06132002,06/13/2002,"June 13, 2002",2,4096599,0.040138168511,0.000021902926,0,2,0,0,0
06152002,06/15/2002,"June 15, 2002",1,9130200,0.087257924889,0.000021902926,0,2,0,0,0
06172002,06/17/2002,"June 17, 2002",1,798207,0.007950238428,0.000021902926,0,1,0,0,0
07102002,07/10/2002,"July 10, 2002",1,4317260,0.042253874121,0.000021902926,0,1,0,0,0
07122002,07/12/2002,"July 12, 2002",1,4595569,0.044915662097,0.000021902926,0,2,0,0,0
07312002,07/31/2002,"July 31, 2002",2,5297109,0.051592513054,0.000021902926,0,3,0,0,0
08232002,08/23/2002,"August 23, 2002",1,2680080,0.026444787452,0.000021902926,0,1,0,0,0
09062002,09/06/2002,"September 06, 2002",1,4054300,0.039732070669,0.000021902926,0,1,0,0,0
09142002,09/14/2002,"September 14, 2002",1,470903,0.004697900230,0.000021902926,0,1,0,0,0
10042002,10/04/2002,"October 04, 2002",1,7487754,0.072142840272,0.000021902926,1,0,0,0,0
10312002,10/31/2002,"October 31, 2002",1,2562404,0.025298472271,0.000021902926,1,0,0,0,0
11122002,11/12/2002,"November 12, 2002",1,7643254,0.073584536961,0.000021902926,1,0,0,0,0
11132002,11/13/2002,"November 13, 2002",1,5215505,0.050818258733,0.000021902926,1,0,0,0,0
11192002,11/19/2002,"November 19, 2002",1,6922142,0.066879898898,0.000021902926,1,0,0,0,0
11272002,11/27/2002,"November 27, 2002",1,704805,0.007023211236,0.000021902926,1,0,0,0,0
12022002,12/02/2002,"December 02, 2002",1,9397089,0.089690685281,0.000021902926,1,0,0,0,0
12092002,12/09/2002,"December 09, 2002",1,6698083,0.064786815315,0.000021902926,1,0,0,0,0
12152002,12/15/2002,"December 15, 2002",1,343457,0.003428618851,0.000021902926,2,1,0,0,0
12232002,12/23/2002,"December 23, 2002",1,1075273,0.010695066799,0.000021902926,1,0,0,0,0
12292002,12/29/2002,"December 29, 2002",1,809987,0.008067095008,0.000021902926,1,0,0,0,0
01042003,01/04/2003,"January 04, 2003",1,8895468,0.085112910607,0.000021902926,0,1,0,0,0
01112003,01/11/2003,"January 11, 2003",1,7025714,0.067845849745,0.000021902926,0,1,0,0,0
01142003,01/14/2003,"January 14, 2003",1,7853292,0.075528319435,0.000021902926,0,1,0,0,0
02072003,02/07/2003,"February 07, 2003",1,9895434,0.094215881372,0.000021902926,0,1,0,0,0
02262003,02/26/2003,"February 26, 2003",1,9682237,0.092282716793,0.000021902926,0,1,0,0,0
03122003,03/12/2003,"March 12, 2003",1,5130285,0.050009021278,0.000021902926,0,1,0,0,0
03142003,03/14/2003,"March 14, 2003",1,8178278,0.078527846339,0.000021902926,0,1,0,0,0
03262003,03/26/2003,"March 26, 2003",1,5821042,0.056548538439,0.000021902926,0,1,0,0,0
03312003,03/31/2003,"March 31, 2003",1,8195322,0.078684888671,0.000021902926,0,1,0,0,0
04152003,04/15/2003,"April 15, 2003",1,7072917,0.068285750642,0.000021902926,0,1,0,0,0
05092003,05/09/2003,"May 09, 2003",1,5449017,0.053032126193,0.000021902926,0,2,1,0,0
06222003,06/22/2003,"June 22, 2003",1,1273508,0.012654272895,0.000021902926,0,1,0,0,0
07212003,07/21/2003,"July 21, 2003",1,2753672,0.027160982647,0.000021902926,0,1,0,0,0
07262003,07/26/2003,"July 26, 2003",1,4732968,0.046227037325,0.000021902926,0,1,0,0,0
08172003,08/17/2003,"August 17, 2003",1,9478221,0.090428937922,0.000021902926,0,1,0,0,0
08182003,08/18/2003,"August 18, 2003",1,8329959,0.079924485045,0.000021902926,0,1,0,0,0
09132003,09/13/2003,"September 13, 2003",1,5027719,0.049034153665,0.000021902926,0,1,0,0,0
09282003,09/28/2003,"September 28, 2003",1,1477019,0.014661586833,0.000021902926,0,1,0,0,0
10012003,10/01/2003,"October 01, 2003",1,750455,0.007476401696,0.000021902926,1,0,0,0,0
10062003,10/06/2003,"October 06, 2003",1,6738247,0.065162358920,0.000021902926,1,0,0,0,0
10292003,10/29/2003,"October 29, 2003",1,7503124,0.072285440960,0.000021902926,1,0,0,0,0
11072003,11/07/2003,"November 07, 2003",1,8753624,0.083814277352,0.000021902926,1,0,0,0,0
11092003,11/09/2003,"November 09, 2003",1,8131120,0.078093196019,0.000021902926,1,0,0,0,0
11152003,11/15/2003,"November 15, 2003",1,8843725,0.084639398082,0.000021902926,1,0,0,0,0
11222003,11/22/2003,"November 22, 2003",1,1175556,0.011686674185,0.000021902926,2,0,0,0,0
12092003,12/09/2003,"December 09, 2003",1,2416128,0.023871674574,0.000021902926,1,0,0,0,0
12152003,12/15/2003,"December 15, 2003",1,4902930,0.047846712139,0.000021902926,1,0,0,0,0
01162004,01/16/2004,"January 16, 2004",1,5423005,0.052785768868,0.000021902926,0,1,0,0,0
01172004,01/17/2004,"January 17, 2004",1,3849107,0.037759645130,0.000021902926,0,1,0,0,0
01232004,01/23/2004,"January 23, 2004",1,1052903,0.010473734528,0.000021902926,0,1,0,0,0
01242004,01/24/2004,"January 24, 2004",1,4873610,0.047567499861,0.000021902926,0,1,0,0,0
01252004,01/25/2004,"January 25, 2004",1,5229100,0.050947291221,0.000021902926,0,1,0,0,0
01282004,01/28/2004,"January 28, 2004",1,9538586,0.090977834812,0.000021902926,0,1,0,0,0
01302004,01/30/2004,"January 30, 2004",1,8225630,0.078964078548,0.000021902926,0,2,0,0,0
02232004,02/23/2004,"February 23, 2004",1,9676323,0.092229032805,0.000021902926,0,1,0,0,0
02262004,02/26/2004,"February 26, 2004",1,4793229,0.046801617315,0.000021902926,0,1,0,0,0
03132004,03/13/2004,"March 13, 2004",1,8305630,0.079700612639,0.000021902926,0,1,0,0,0
03272004,03/27/2004,"March 27, 2004",1,7344205,0.070809954141,0.000021902926,0,1,0,0,0
04132004,04/13/2004,"April 13, 2004",1,6054245,0.058746132150,0.000021902926,0,1,0,0,0
05032004,05/03/2004,"May 03, 2004",1,3531593,0.034699541701,0.000021902926,0,1,0,0,0
05202004,05/20/2004,"May 20, 2004",1,817034,0.008136994057,0.000021902926,0,1,0,0,0
05282004,05/28/2004,"May 28, 2004",1,4691317,0.045829698603,0.000021902926,0,3,0,0,0
05302004,05/30/2004,"May 30, 2004",1,2779588,0.027413070942,0.000021902926,0,1,0,0,0
06132004,06/13/2004,"June 13, 2004",1,9515565,0.090768544727,0.000021902926,0,1,0,0,0
07042004,07/04/2004,"July 04, 2004",1,324725,0.003241923613,0.000021902926,0,1,0,0,0
07162004,07/16/2004,"July 16, 2004",1,2776224,0.027380352568,0.000021902926,0,1,0,0,0
07242004,07/24/2004,"July 24, 2004",1,7046799,0.068042373731,0.000021902926,0,1,0,0,0
08072004,08/07/2004,"August 07, 2004",1,563381,0.005617910246,0.000021902926,0,1,0,0,0
08112004,08/11/2004,"August 11, 2004",1,7270552,0.070125325696,0.000021902926,0,1,0,0,0
08132004,08/13/2004,"August 13, 2004",2,6158765,0.059729416749,0.000021902926,0,2,0,0,0
08152004,08/15/2004,"August 15, 2004",1,3146788,0.030977861221,0.000021902926,0,1,0,0,0
08282004,08/28/2004,"August 28, 2004",1,6666924,0.064495366832,0.000021902926,0,1,0,0,0
08302004,08/30/2004,"August 30, 2004",1,3695216,0.036277703816,0.000021902926,0,1,0,0,0
09022004,09/02/2004,"September 02, 2004",1,3194618,0.031441233691,0.000021902926,0,1,0,0,0
09042004,09/04/2004,"September 04, 2004",1,5853903,0.056858515094,0.000021902926,0,1,0,0,0
09132004,09/13/2004,"September 13, 2004",1,9661579,0.092095181185,0.000021902926,0,1,0,0,0
09182004,09/18/2004,"September 18, 2004",1,2359029,0.023314155902,0.000021902926,0,1,0,0,0
10162004,10/16/2004,"October 16, 2004",1,9635528,0.091858632088,0.000021902926,1,0,0,0,0
10302004,10/30/2004,"October 30, 2004",1,7358387,0.070941722531,0.000021902926,1,0,0,0,0
11062004,11/06/2004,"November 06, 2004",1,4943003,0.048228192089,0.000021902926,1,0,0,0,0
11142004,11/14/2004,"November 14, 2004",1,8412478,0.080683408996,0.000021902926,1,0,0,0,0
11182004,11/18/2004,"November 18, 2004",1,1874279,0.018568177453,0.000021902926,2,0,0,0,0
11202004,11/20/2004,"November 20, 2004",1,8648435,0.082850043698,0.000021902926,1,0,0,0,0
11282004,11/28/2004,"November 28, 2004",1,9219127,0.088069238251,0.000021902926,1,0,0,0,0
12032004,12/03/2004,"December 03, 2004",2,1329896,0.013210860470,0.000021902926,4,0,0,0,0
12062004,12/06/2004,"December 06, 2004",1,9286840,0.088686524918,0.000021902926,1,0,0,0,0
12312004,12/31/2004,"December 31, 2004",1,5866829,0.056980417684,0.000021902926,1,0,0,0,0
01182005,01/18/2005,"January 18, 2005",1,940303,0.009358900408,0.000021902926,0,1,0,0,0
01292005,01/29/2005,"January 29, 2005",1,5387992,0.052454062679,0.000021902926,0,1,0,0,0
02012005,02/01/2005,"February 01, 2005",1,8154748,0.078310998428,0.000021902926,0,1,0,0,0
02212005,02/21/2005,"February 21, 2005",1,2750258,0.027127769356,0.000021902926,0,1,0,0,0
02222005,02/22/2005,"February 22, 2005",1,253725,0.002533974079,0.000021902926,0,1,0,0,0
02232005,02/23/2005,"February 23, 2005",1,8689755,0.083228931780,0.000021902926,0,1,0,0,0
02262005,02/26/2005,"February 26, 2005",1,535417,0.005339802353,0.000021902926,0,2,0,0,0
03062005,03/06/2005,"March 06, 2005",1,8795096,0.084194159121,0.000021902926,0,1,0,0,0
03202005,03/20/2005,"March 20, 2005",1,9259887,0.088440865490,0.000021902926,0,2,0,0,0
03222005,03/22/2005,"March 22, 2005",1,1763636,0.017481690881,0.000021902926,0,1,0,0,0
04132005,04/13/2005,"April 13, 2005",2,4607234,0.045027066189,0.000021902926,0,3,0,0,0
04262005,04/26/2005,"April 26, 2005",1,4690951,0.045826206333,0.000021902926,0,1,0,0,0
05032005,05/03/2005,"May 03, 2005",1,3974489,0.038965365307,0.000021902926,0,1,0,0,0
05212005,05/21/2005,"May 21, 2005",1,3281411,0.032281510206,0.000021902926,0,1,0,0,0
05272005,05/27/2005,"May 27, 2005",1,1627643,0.016144625792,0.000021902926,0,2,0,0,0
06072005,06/07/2005,"June 07, 2005",1,8780815,0.084063363549,0.000021902926,0,1,0,0,0
06192005,06/19/2005,"June 19, 2005",1,2454408,0.024245264991,0.000021902926,0,1,0,0,0
07132005,07/13/2005,"July 13, 2005",1,7997568,0.076861148503,0.000021902926,0,1,0,0,0
07152005,07/15/2005,"July 15, 2005",1,5144392,0.050143027054,0.000021902926,0,1,0,0,0
07192005,07/19/2005,"July 19, 2005",1,8929340,0.085422748688,0.000021902926,0,1,0,0,0
08012005,08/01/2005,"August 01, 2005",1,8556165,0.082003398885,0.000021902926,0,1,0,0,0
08262005,08/26/2005,"August 26, 2005",1,7981083,0.076708956517,0.000021902926,0,1,0,0,0
09172005,09/17/2005,"September 17, 2005",1,7641767,0.073570761060,0.000021902926,0,1,0,0,0
09202005,09/20/2005,"September 20, 2005",1,8858751,0.084776929834,0.000021902926,0,1,0,0,0
09232005,09/23/2005,"September 23, 2005",1,6635603,0.064202311531,0.000021902926,0,1,0,0,0
09242005,09/24/2005,"September 24, 2005",1,5851785,0.056838539145,0.000021902926,0,1,0,0,0
10102005,10/10/2005,"October 10, 2005",1,1493281,0.014821809539,0.000021902926,1,0,0,0,0
11122005,11/12/2005,"November 12, 2005",1,7944347,0.076369714008,0.000021902926,1,0,0,0,0
11222005,11/22/2005,"November 22, 2005",1,9369038,0.089435298595,0.000021902926,1,0,0,0,0
11242005,11/24/2005,"November 24, 2005",1,1495000,0.014838744607,0.000021902926,1,0,0,0,0
12122005,12/12/2005,"December 12, 2005",1,1085492,0.010796158705,0.000021902926,1,0,0,0,0
12202005,12/20/2005,"December 20, 2005",1,1500899,0.014896857555,0.000021902926,1,0,0,0,0
12222005,12/22/2005,"December 22, 2005",1,5086995,0.049597681151,0.000021902926,1,0,0,0,0
01042006,01/04/2006,"January 04, 2006",1,2484701,0.024540805609,0.000021902926,0,1,0,0,0
01112006,01/11/2006,"January 11, 2006",1,8585955,0.082276829346,0.000021902926,0,1,0,0,0
01282006,01/28/2006,"January 28, 2006",1,8619808,0.082587453593,0.000021902926,0,1,0,0,0
01312006,01/31/2006,"January 31, 2006",1,9670220,0.092173629851,0.000021902926,0,1,0,0,0
02012006,02/01/2006,"February 01, 2006",1,1090932,0.010849969931,0.000021902926,0,1,0,0,0
02052006,02/05/2006,"February 05, 2006",1,5456614,0.053104064611,0.000021902926,0,1,0,0,0
02152006,02/15/2006,"February 15, 2006",1,6582361,0.063703941461,0.000021902926,0,1,0,0,0
02162006,02/16/2006,"February 16, 2006",1,1026271,0.010210168795,0.000021902926,0,1,0,0,0
02222006,02/22/2006,"February 22, 2006",1,1306485,0.012979816218,0.000021902926,0,1,0,0,0
03022006,03/02/2006,"March 02, 2006",1,1629115,0.016159108037,0.000021902926,0,2,0,0,0
03082006,03/08/2006,"March 08, 2006",1,698954,0.006965110464,0.000021902926,0,1,0,0,0
03122006,03/12/2006,"March 12, 2006",1,3657969,0.035918679309,0.000021902926,0,1,0,0,0
03252006,03/25/2006,"March 25, 2006",1,7580355,0.073001647596,0.000021902926,0,1,0,0,0
03302006,03/30/2006,"March 30, 2006",1,5993068,0.058170125092,0.000021902926,0,2,1,0,0
04022006,04/02/2006,"April 02, 2006",2,3831199,0.037587311695,0.000021902926,0,2,0,0,0
04072006,04/07/2006,"April 07, 2006",1,3569768,0.035067974826,0.000021902926,0,1,0,0,0
04152006,04/15/2006,"April 15, 2006",1,5982801,0.058073422453,0.000021902926,0,1,0,0,0
04182006,04/18/2006,"April 18, 2006",1,3470801,0.034112537833,0.000021902926,0,1,0,0,0
04262006,04/26/2006,"April 26, 2006",1,8304285,0.079688234529,0.000021902926,0,2,0,0,0
05012006,05/01/2006,"May 01, 2006",1,7313052,0.070520438469,0.000021902926,0,1,0,0,0
05212006,05/21/2006,"May 21, 2006",1,4022482,0.039426484003,0.000021902926,0,1,0,0,0
06232006,06/23/2006,"June 23, 2006",1,8083000,0.077649467708,0.000021902926,0,2,0,0,0
07092006,07/09/2006,"July 09, 2006",1,5876724,0.057073724857,0.000021902926,0,1,0,0,0
07112006,07/11/2006,"July 11, 2006",1,6525059,0.063167271342,0.000021902926,0,1,0,0,0
07232006,07/23/2006,"July 23, 2006",1,3354607,0.032989582267,0.000021902926,0,1,0,0,0
07302006,07/30/2006,"July 30, 2006",1,539850,0.005383894663,0.000021902926,0,1,0,0,0
08032006,08/03/2006,"August 03, 2006",1,6280214,0.060870672818,0.000021902926,0,1,0,0,0
08122006,08/12/2006,"August 12, 2006",1,160381,0.001602464696,0.000021902926,0,1,0,0,0
09072006,09/07/2006,"September 07, 2006",1,6878353,0.066471205458,0.000021902926,0,1,0,0,0
09102006,09/10/2006,"September 10, 2006",1,2190351,0.021665311509,0.000021902926,0,1,0,0,0
09202006,09/20/2006,"September 20, 2006",1,4526041,0.044251380148,0.000021902926,0,1,0,0,0
11062006,11/06/2006,"November 06, 2006",1,3475474,0.034157672700,0.000021902926,1,0,0,0,0
11192006,11/19/2006,"November 19, 2006",1,4645903,0.045396273287,0.000021902926,1,0,0,0,0
12072006,12/07/2006,"December 07, 2006",1,9947284,0.094685408706,0.000021902926,1,0,0,0,0
12142006,12/14/2006,"December 14, 2006",1,8686251,0.083196807559,0.000021902926,1,0,0,0,0
12152006,12/15/2006,"December 15, 2006",1,6313216,0.061180553146,0.000021902926,1,0,0,0,0
01032007,01/03/2007,"January 03, 2007",1,5534501,0.053841286318,0.000021902926,0,1,0,0,0
01232007,01/23/2007,"January 23, 2007",1,3098549,0.030510301863,0.000021902926,0,1,0,0,0
02012007,02/01/2007,"February 01, 2007",1,4545482,0.044437169179,0.000021902926,0,1,0,0,0
02032007,02/03/2007,"February 03, 2007",1,5928064,0.057557698964,0.000021902926,0,2,0,0,0
03032007,03/03/2007,"March 03, 2007",2,943251,0.009388104077,0.000021902926,0,2,0,0,0
03102007,03/10/2007,"March 10, 2007",1,8833082,0.084541971067,0.000021902926,0,1,0,0,0
03152007,03/15/2007,"March 15, 2007",1,7708864,0.074192158800,0.000021902926,0,1,0,0,0
03202007,03/20/2007,"March 20, 2007",1,7989963,0.076790941123,0.000021902926,0,1,0,0,0
03272007,03/27/2007,"March 27, 2007",1,7179571,0.069278931440,0.000021902926,0,1,0,0,0
03282007,03/28/2007,"March 28, 2007",1,7644137,0.073592717173,0.000021902926,0,1,0,0,0
03292007,03/29/2007,"March 29, 2007",1,7308744,0.070480395627,0.000021902926,0,1,0,0,0
04122007,04/12/2007,"April 12, 2007",1,2930491,0.028879626994,0.000021902926,0,1,0,0,0
04142007,04/14/2007,"April 14, 2007",1,5792728,0.056281371769,0.000021902926,0,1,0,0,0
04262007,04/26/2007,"April 26, 2007",1,5343694,0.052034225793,0.000021902926,0,1,0,0,0
04282007,04/28/2007,"April 28, 2007",2,57726,0.000577033458,0.000021902926,0,2,0,0,0
05162007,05/16/2007,"May 16, 2007",1,1564179,0.015520033637,0.000021902926,0,1,0,0,0
05272007,05/27/2007,"May 27, 2007",1,3480668,0.034207837248,0.000021902926,0,1,0,0,0
05312007,05/31/2007,"May 31, 2007",1,1333945,0.013250814754,0.000021902926,0,1,0,0,0
06042007,06/04/2007,"June 04, 2007",1,235580,0.002352967446,0.000021902926,0,1,0,0,0
06142007,06/14/2007,"June 14, 2007",1,5651750,0.054949997856,0.000021902926,0,1,0,0,0
06242007,06/24/2007,"June 24, 2007",1,9950891,0.094718062815,0.000021902926,0,1,0,0,0
06292007,06/29/2007,"June 29, 2007",1,4873155,0.047563166284,0.000021902926,0,1,0,0,0
07112007,07/11/2007,"July 11, 2007",1,4086404,0.040040305608,0.000021902926,0,2,0,0,0
07232007,07/23/2007,"July 23, 2007",1,4014717,0.039351892573,0.000021902926,0,1,0,0,0
08162007,08/16/2007,"August 16, 2007",1,7543068,0.072655933268,0.000021902926,0,1,0,0,0
08202007,08/20/2007,"August 20, 2007",1,5373700,0.052318629734,0.000021902926,0,1,0,0,0
08242007,08/24/2007,"August 24, 2007",1,3540560,0.034786096313,0.000021902926,0,1,0,0,0
09032007,09/03/2007,"September 03, 2007",1,6914868,0.066812021273,0.000021902926,0,2,0,0,0
09052007,09/05/2007,"September 05, 2007",2,1988590,0.019689421021,0.000021902926,0,2,0,0,0
09102007,09/10/2007,"September 10, 2007",1,3166249,0.031166424273,0.000021902926,0,1,0,0,0
09222007,09/22/2007,"September 22, 2007",1,6868236,0.066376755572,0.000021902926,0,1,0,0,0
09232007,09/23/2007,"September 23, 2007",1,6142129,0.059572980321,0.000021902926,0,1,0,0,0
10012007,10/01/2007,"October 01, 2007",1,2025899,0.020055096879,0.000021902926,1,0,0,0,0
10082007,10/08/2007,"October 08, 2007",1,7443743,0.071734391179,0.000021902926,1,0,0,0,0
10252007,10/25/2007,"October 25, 2007",1,9435124,0.090036855596,0.000021902926,1,0,0,0,0
10262007,10/26/2007,"October 26, 2007",1,5464252,0.053176385761,0.000021902926,1,0,0,0,0
10302007,10/30/2007,"October 30, 2007",1,6345204,0.061480814687,0.000021902926,1,0,0,0,0
11062007,11/06/2007,"November 06, 2007",1,4992225,0.048696557934,0.000021902926,1,0,0,0,0
11082007,11/08/2007,"November 08, 2007",1,2918231,0.028760560336,0.000021902926,1,0,0,0,0
11172007,11/17/2007,"November 17, 2007",1,9522666,0.090833106961,0.000021902926,1,0,0,0,0
12032007,12/03/2007,"December 03, 2007",1,3686077,0.036189625209,0.000021902926,1,0,0,0,0
12132007,12/13/2007,"December 13, 2007",1,485666,0.004844825835,0.000021902926,1,0,0,0,0
12142007,12/14/2007,"December 14, 2007",1,2155802,0.021327248259,0.000021902926,1,0,0,0,0
12292007,12/29/2007,"December 29, 2007",1,2809851,0.027707360395,0.000021902926,1,0,0,0,0
01032008,01/03/2008,"January 03, 2008",1,9519174,0.090801358299,0.000021902926,0,3,2,0,0
01082008,01/08/2008,"January 08, 2008",2,4409286,0.043134844157,0.000021902926,0,3,0,0,0
01252008,01/25/2008,"January 25, 2008",1,2892913,0.028514630802,0.000021902926,0,1,0,0,0
02052008,02/05/2008,"February 05, 2008",1,5555439,0.054039372293,0.000021902926,0,1,0,0,0
02062008,02/06/2008,"February 06, 2008",1,9906614,0.094317142377,0.000021902926,0,1,0,0,0
02182008,02/18/2008,"February 18, 2008",1,827683,0.008242611926,0.000021902926,0,1,0,0,0
02282008,02/28/2008,"February 28, 2008",1,8803460,0.084270753919,0.000021902926,0,1,0,0,0
03032008,03/03/2008,"March 03, 2008",1,5085543,0.049583881209,0.000021902926,0,1,0,0,0
03312008,03/31/2008,"March 31, 2008",1,2902977,0.028612396171,0.000021902926,0,1,0,0,0
04052008,04/05/2008,"April 05, 2008",1,6461979,0.062576130825,0.000021902926,0,1,0,0,0
04142008,04/14/2008,"April 14, 2008",1,3999617,0.039206823755,0.000021902926,0,1,0,0,0
05012008,05/01/2008,"May 01, 2008",1,4026909,0.039469007652,0.000021902926,0,1,0,0,0
05032008,05/03/2008,"May 03, 2008",1,5235836,0.051011217259,0.000021902926,0,1,0,0,0
05072008,05/07/2008,"May 07, 2008",1,2100128,0.020782230283,0.000021902926,0,1,0,0,0
06092008,06/09/2008,"June 09, 2008",1,4826306,0.047116854609,0.000021902926,0,1,0,0,0
06242008,06/24/2008,"June 24, 2008",1,2116307,0.020940645112,0.000021902926,0,1,0,0,0
07032008,07/03/2008,"July 03, 2008",1,8667730,0.083026990712,0.000021902926,0,1,0,0,0
07062008,07/06/2008,"July 06, 2008",1,7856041,0.075553732812,0.000021902926,0,1,0,0,0
07072008,07/07/2008,"July 07, 2008",1,9154636,0.087480935296,0.000021902926,0,1,0,0,0
07182008,07/18/2008,"July 18, 2008",1,5909171,0.057379626518,0.000021902926,0,1,0,0,0
07192008,07/19/2008,"July 19, 2008",1,3728494,0.036598357968,0.000021902926,0,1,0,0,0
08052008,08/05/2008,"August 05, 2008",1,7338407,0.070756078140,0.000021902926,0,1,0,0,0
08172008,08/17/2008,"August 17, 2008",1,1421668,0.014116041193,0.000021902926,0,3,0,0,0
08192008,08/19/2008,"August 19, 2008",1,9434990,0.090035636244,0.000021902926,0,1,0,0,0
08212008,08/21/2008,"August 21, 2008",1,7008301,0.067683519609,0.000021902926,0,1,0,0,0
08232008,08/23/2008,"August 23, 2008",1,152755,0.001526323996,0.000021902926,0,1,0,0,0
08252008,08/25/2008,"August 25, 2008",1,7121826,0.068741331350,0.000021902926,0,1,0,0,0
08272008,08/27/2008,"August 27, 2008",1,4524669,0.044238267187,0.000021902926,0,1,0,0,0
08282008,08/28/2008,"August 28, 2008",1,61818,0.000617929009,0.000021902926,0,1,0,0,0
08312008,08/31/2008,"August 31, 2008",1,1875738,0.018582496439,0.000021902926,0,1,0,0,0
09022008,09/02/2008,"September 02, 2008",1,9181538,0.087726388160,0.000021902926,0,1,0,0,0
09112008,09/11/2008,"September 11, 2008",1,1476728,0.014658719494,0.000021902926,0,1,0,0,0
09142008,09/14/2008,"September 14, 2008",1,5960840,0.057866543240,0.000021902926,0,1,0,0,0
09282008,09/28/2008,"September 28, 2008",1,6306299,0.061115612758,0.000021902926,0,1,0,0,0
10042008,10/04/2008,"October 04, 2008",1,5600842,0.054468769315,0.000021902926,1,0,0,0,0
10162008,10/16/2008,"October 16, 2008",1,1420182,0.014101390849,0.000021902926,1,0,0,0,0
10222008,10/22/2008,"October 22, 2008",1,4761187,0.046496144549,0.000021902926,1,0,0,0,0
11062008,11/06/2008,"November 06, 2008",1,9149043,0.087429896677,0.000021902926,1,0,0,0,0
11112008,11/11/2008,"November 11, 2008",1,2182688,0.021590338849,0.000021902926,1,0,0,0,0
11132008,11/13/2008,"November 13, 2008",2,3198330,0.031477185925,0.000021902926,3,1,1,0,0
11162008,11/16/2008,"November 16, 2008",1,7534397,0.072575519777,0.000021902926,1,0,0,0,0
11192008,11/19/2008,"November 19, 2008",1,2404462,0.023757792799,0.000021902926,1,0,0,0,0
11302008,11/30/2008,"November 30, 2008",1,8000339,0.076886728326,0.000021902926,1,0,0,0,0
12142008,12/14/2008,"December 14, 2008",1,3495486,0.034350937730,0.000021902926,1,0,0,0,0
01042009,01/04/2009,"January 04, 2009",1,4685997,0.045778935392,0.000021902926,0,1,0,0,0
01232009,01/23/2009,"January 23, 2009",1,5821466,0.056552538665,0.000021902926,0,1,0,0,0
02092009,02/09/2009,"February 09, 2009",1,7885371,0.075824833146,0.000021902926,0,1,0,0,0
02172009,02/17/2009,"February 17, 2009",1,7893554,0.075900455307,0.000021902926,0,1,0,0,0
03042009,03/04/2009,"March 04, 2009",1,5056428,0.049307127266,0.000021902926,0,1,0,0,0
03192009,03/19/2009,"March 19, 2009",1,946518,0.009420466840,0.000021902926,0,1,0,0,0
04042009,04/04/2009,"April 04, 2009",1,2027995,0.020075636309,0.000021902926,0,1,0,0,0
04052009,04/05/2009,"April 05, 2009",1,6531310,0.063225830926,0.000021902926,0,1,0,0,0
04162009,04/16/2009,"April 16, 2009",1,4688856,0.045806216182,0.000021902926,0,1,0,0,0
04192009,04/19/2009,"April 19, 2009",1,5803924,0.056387024593,0.000021902926,0,1,0,0,0
05072009,05/07/2009,"May 07, 2009",1,630246,0.006282581596,0.000021902926,0,1,0,0,0
05102009,05/10/2009,"May 10, 2009",1,9110128,0.087074700910,0.000021902926,0,1,0,0,0
05162009,05/16/2009,"May 16, 2009",1,6956163,0.067197301696,0.000021902926,0,1,0,0,0
05182009,05/18/2009,"May 18, 2009",1,1719371,0.017046682876,0.000021902926,0,1,0,0,0
05212009,05/21/2009,"May 21, 2009",1,1629255,0.016160485413,0.000021902926,0,2,0,0,0
05302009,05/30/2009,"May 30, 2009",1,4271902,0.041819361093,0.000021902926,0,1,0,0,0
06112009,06/11/2009,"June 11, 2009",1,7131577,0.068832133956,0.000021902926,0,1,0,0,0
06132009,06/13/2009,"June 13, 2009",1,9045134,0.086481161374,0.000021902926,0,1,0,0,0
06242009,06/24/2009,"June 24, 2009",1,2648527,0.026137553104,0.000021902926,0,1,0,0,0
07222009,07/22/2009,"July 22, 2009",1,1931179,0.019126453321,0.000021902926,0,1,0,0,0
07292009,07/29/2009,"July 29, 2009",1,6667273,0.064498631737,0.000021902926,0,1,0,0,0
09012009,09/01/2009,"September 01, 2009",1,2810966,0.027718201398,0.000021902926,0,1,0,0,0
09022009,09/02/2009,"September 02, 2009",1,5845765,0.056781759116,0.000021902926,0,1,0,0,0
09132009,09/13/2009,"September 13, 2009",1,8381479,0.080398385868,0.000021902926,0,1,0,0,0
09182009,09/18/2009,"September 18, 2009",1,3354841,0.032991845068,0.000021902926,0,1,0,0,0
09282009,09/28/2009,"September 28, 2009",1,3822914,0.037507572500,0.000021902926,0,1,0,0,0
09292009,09/29/2009,"September 29, 2009",1,8129954,0.078082446523,0.000021902926,0,1,0,0,0
10082009,10/08/2009,"October 08, 2009",1,3674496,0.036077999865,0.000021902926,1,0,0,0,0
10152009,10/15/2009,"October 15, 2009",1,8907995,0.085227511336,0.000021902926,1,0,0,0,0
10162009,10/16/2009,"October 16, 2009",1,1711202,0.016966382139,0.000021902926,1,0,0,0,0
10212009,10/21/2009,"October 21, 2009",1,5114303,0.049857181585,0.000021902926,1,0,0,0,0
11042009,11/04/2009,"November 04, 2009",1,4586412,0.044828201019,0.000021902926,1,0,0,0,0
11052009,11/05/2009,"November 05, 2009",1,4313869,0.042221396399,0.000021902926,1,0,0,0,0
11212009,11/21/2009,"November 21, 2009",1,3730990,0.036622404173,0.000021902926,2,0,0,0,0
12012009,12/01/2009,"December 01, 2009",1,2346008,0.023186973357,0.000021902926,1,0,0,0,0
12042009,12/04/2009,"December 04, 2009",1,8856017,0.084751907293,0.000021902926,1,0,0,0,0
12102009,12/10/2009,"December 10, 2009",1,4100509,0.040175698375,0.000021902926,1,0,0,0,0
01052010,01/05/2010,"January 05, 2010",1,4339931,0.042470980136,0.000021902926,0,1,0,0,0
01162010,01/16/2010,"January 16, 2010",1,8201085,0.078737982532,0.000021902926,0,1,0,0,0
01182010,01/18/2010,"January 18, 2010",1,8404582,0.080610816891,0.000021902926,0,1,0,0,0
01302010,01/30/2010,"January 30, 2010",1,9117428,0.087141342025,0.000021902926,0,1,0,0,0
02102010,02/10/2010,"February 10, 2010",1,6948900,0.067129549775,0.000021902926,0,1,0,0,0
02272010,02/27/2010,"February 27, 2010",1,6647380,0.064312513936,0.000021902926,0,1,0,0,0
02282010,02/28/2010,"February 28, 2010",1,3105299,0.030575740210,0.000021902926,0,1,0,0,0
03202010,03/20/2010,"March 20, 2010",1,9757965,0.092969852734,0.000021902926,0,1,0,0,0
04072010,04/07/2010,"April 07, 2010",1,9545621,0.091041782272,0.000021902926,0,1,0,0,0
04082010,04/08/2010,"April 08, 2010",1,226455,0.002261927999,0.000021902926,0,1,0,0,0
05042010,05/04/2010,"May 04, 2010",1,2958459,0.029151191965,0.000021902926,0,1,0,0,0
05252010,05/25/2010,"May 25, 2010",1,5797720,0.056328481027,0.000021902926,0,1,0,0,0
05262010,05/26/2010,"May 26, 2010",1,3324240,0.032695885619,0.000021902926,0,1,0,0,0
06072010,06/07/2010,"June 07, 2010",1,7867172,0.075656627201,0.000021902926,0,1,0,0,0
06122010,06/12/2010,"June 12, 2010",1,3165955,0.031163575898,0.000021902926,0,2,0,0,0
06182010,06/18/2010,"June 18, 2010",1,7028423,0.067871101460,0.000021902926,0,1,0,0,0
06272010,06/27/2010,"June 27, 2010",1,2883811,0.028426202178,0.000021902926,0,2,0,0,0
06302010,06/30/2010,"June 30, 2010",1,1094405,0.010884322516,0.000021902926,0,1,0,0,0
07162010,07/16/2010,"July 16, 2010",1,6642522,0.064267057134,0.000021902926,0,1,0,0,0
08172010,08/17/2010,"August 17, 2010",2,4522994,0.044222258044,0.000021902926,0,2,0,0,0
08192010,08/19/2010,"August 19, 2010",1,3297429,0.032436506941,0.000021902926,0,1,0,0,0
08262010,08/26/2010,"August 26, 2010",1,7916900,0.076116170407,0.000021902926,0,1,0,0,0
08282010,08/28/2010,"August 28, 2010",1,9543243,0.091020166988,0.000021902926,0,1,0,0,0
08302010,08/30/2010,"August 30, 2010",1,8214435,0.078860962803,0.000021902926,0,1,0,0,0
09192010,09/19/2010,"September 19, 2010",1,6114650,0.059314524869,0.000021902926,0,1,0,0,0
09202010,09/20/2010,"September 20, 2010",1,1644525,0.016310706239,0.000021902926,0,2,1,0,0
09232010,09/23/2010,"September 23, 2010",1,9770868,0.093086879285,0.000021902926,0,1,0,0,0
09242010,09/24/2010,"September 24, 2010",1,1285885,0.012776469114,0.000021902926,0,1,0,0,0
10042010,10/04/2010,"October 04, 2010",1,4237519,0.041489853197,0.000021902926,1,0,0,0,0
10072010,10/07/2010,"October 07, 2010",1,2765624,0.027277249419,0.000021902926,2,0,0,0,0
10132010,10/13/2010,"October 13, 2010",1,8683187,0.083168716278,0.000021902926,1,0,0,0,0
11042010,11/04/2010,"November 04, 2010",1,6731611,0.065100321035,0.000021902926,1,0,0,0,0
11192010,11/19/2010,"November 19, 2010",1,4293570,0.042026957184,0.000021902926,2,0,0,0,0
12032010,12/03/2010,"December 03, 2010",1,3924061,0.038480612542,0.000021902926,1,0,0,0,0
01032011,01/03/2011,"January 03, 2011",1,5245209,0.051100161810,0.000021902926,0,1,0,0,0
01052011,01/05/2011,"January 05, 2011",1,9972629,0.094914831617,0.000021902926,0,1,0,0,0
01132011,01/13/2011,"January 13, 2011",1,7504470,0.072297927914,0.000021902926,0,1,0,0,0
01142011,01/14/2011,"January 14, 2011",1,4686585,0.045784546195,0.000021902926,0,1,0,0,0
02082011,02/08/2011,"February 08, 2011",1,7805284,0.075084392514,0.000021902926,0,1,0,0,0
02112011,02/11/2011,"February 11, 2011",1,6972682,0.067351378649,0.000021902926,0,2,0,0,0
02122011,02/12/2011,"February 12, 2011",1,9913438,0.094378944067,0.000021902926,0,1,0,0,0
02232011,02/23/2011,"February 23, 2011",1,6198112,0.060099312242,0.000021902926,0,1,0,0,0
02272011,02/27/2011,"February 27, 2011",1,6119929,0.059364182345,0.000021902926,0,1,0,0,0
03212011,03/21/2011,"March 21, 2011",1,3299930,0.032460705401,0.000021902926,0,1,0,0,0
03302011,03/30/2011,"March 30, 2011",2,6701794,0.064821520432,0.000021902926,0,2,0,0,0
03312011,03/31/2011,"March 31, 2011",1,3932824,0.038564866795,0.000021902926,0,1,0,0,0
04122011,04/12/2011,"April 12, 2011",1,9705203,0.092491159210,0.000021902926,0,1,0,0,0
04142011,04/14/2011,"April 14, 2011",1,9893625,0.094199495589,0.000021902926,0,1,0,0,0
05052011,05/05/2011,"May 05, 2011",1,7652058,0.073666094989,0.000021902926,0,1,0,0,0
05072011,05/07/2011,"May 07, 2011",1,9422308,0.089920227244,0.000021902926,0,1,0,0,0
05192011,05/19/2011,"May 19, 2011",1,110509,0.001104419690,0.000021902926,0,1,0,0,0
06172011,06/17/2011,"June 17, 2011",1,7918307,0.076129169362,0.000021902926,0,1,0,0,0
06292011,06/29/2011,"June 29, 2011",1,7803968,0.075072220545,0.000021902926,0,1,0,0,0
07022011,07/02/2011,"July 02, 2011",1,5089005,0.049616784045,0.000021902926,0,1,0,0,0
07092011,07/09/2011,"July 09, 2011",1,4774504,0.046623114204,0.000021902926,0,2,0,0,0
07292011,07/29/2011,"July 29, 2011",1,7317016,0.070557282309,0.000021902926,0,1,0,0,0
08062011,08/06/2011,"August 06, 2011",1,6769747,0.065456786405,0.000021902926,0,1,0,0,0
08072011,08/07/2011,"August 07, 2011",1,5336208,0.051963258418,0.000021902926,0,2,1,0,0
08142011,08/14/2011,"August 14, 2011",1,2785235,0.027467991376,0.000021902926,0,1,0,0,0
09032011,09/03/2011,"September 03, 2011",1,2522484,0.024909293743,0.000021902926,0,1,0,0,0
09112011,09/11/2011,"September 11, 2011",1,1859377,0.018421913584,0.000021902926,0,1,0,0,0
09162011,09/16/2011,"September 16, 2011",1,3427787,0.033696981628,0.000021902926,0,1,0,0,0
09172011,09/17/2011,"September 17, 2011",2,3856683,0.037832541698,0.000021902926,0,3,0,0,0
09302011,09/30/2011,"September 30, 2011",1,1506041,0.014947510257,0.000021902926,0,1,0,0,0
10012011,10/01/2011,"October 01, 2011",1,6181488,0.059943050162,0.000021902926,2,0,0,0,0
10052011,10/05/2011,"October 05, 2011",1,7498619,0.072243646477,0.000021902926,1,0,0,0,0
10072011,10/07/2011,"October 07, 2011",1,8829052,0.084505077365,0.000021902926,1,0,0,0,0
10122011,10/12/2011,"October 12, 2011",1,4649612,0.045431678883,0.000021902926,1,0,0,0,0
11202011,11/20/2011,"November 20, 2011",1,3558579,0.034960002540,0.000021902926,1,0,0,0,0
11222011,11/22/2011,"November 22, 2011",1,4573276,0.044702721409,0.000021902926,1,0,0,0,0
11292011,11/29/2011,"November 29, 2011",1,1038960,0.010335755260,0.000021902926,1,0,0,0,0
12192011,12/19/2011,"December 19, 2011",1,5702,0.000056958378,0.000021902926,1,0,0,0,0
12262011,12/26/2011,"December 26, 2011",1,7909013,0.076043300815,0.000021902926,1,0,0,0,0
01032012,01/03/2012,"January 03, 2012",1,6404810,0.062040061749,0.000021902926,0,1,0,0,0
01082012,01/08/2012,"January 08, 2012",1,4354454,0.042610031980,0.000021902926,0,1,0,0,0
01122012,01/12/2012,"January 12, 2012",1,3160185,0.031107672423,0.000021902926,0,1,0,0,0
01242012,01/24/2012,"January 24, 2012",1,1307012,0.012985017801,0.000021902926,0,1,0,0,0
01262012,01/26/2012,"January 26, 2012",1,1981297,0.019617924362,0.000021902926,0,1,0,0,0
01272012,01/27/2012,"January 27, 2012",1,5625216,0.054699205015,0.000021902926,0,1,0,0,0
01312012,01/31/2012,"January 31, 2012",1,6156483,0.059707959529,0.000021902926,0,1,0,0,0
02082012,02/08/2012,"February 08, 2012",1,8988625,0.085964795125,0.000021902926,0,1,0,0,0
02202012,02/20/2012,"February 20, 2012",1,8300001,0.079648807528,0.000021902926,0,1,0,0,0
02232012,02/23/2012,"February 23, 2012",1,2388558,0.023602518890,0.000021902926,0,1,0,0,0
02282012,02/28/2012,"February 28, 2012",1,2255569,0.022303153816,0.000021902926,0,1,0,0,0
03182012,03/18/2012,"March 18, 2012",1,7689265,0.074010691937,0.000021902926,0,1,0,0,0
03192012,03/19/2012,"March 19, 2012",1,4210595,0.041231749178,0.000021902926,0,1,0,0,0
03222012,03/22/2012,"March 22, 2012",1,4808427,0.046946473399,0.000021902926,0,1,0,0,0
03232012,03/23/2012,"March 23, 2012",1,1561560,0.015494249768,0.000021902926,0,1,0,0,0
04062012,04/06/2012,"April 06, 2012",1,8884621,0.085013667421,0.000021902926,0,1,0,0,0
04132012,04/13/2012,"April 13, 2012",1,3468324,0.034088612504,0.000021902926,0,1,0,0,0
04142012,04/14/2012,"April 14, 2012",1,9418494,0.089885516140,0.000021902926,0,2,0,0,0
04202012,04/20/2012,"April 20, 2012",1,2146883,0.021239956543,0.000021902926,0,1,0,0,0
05152012,05/15/2012,"May 15, 2012",1,7861652,0.075605602038,0.000021902926,0,1,0,0,0
06062012,06/06/2012,"June 06, 2012",1,8373307,0.080323232953,0.000021902926,0,1,0,0,0
06172012,06/17/2012,"June 17, 2012",1,846924,0.008433417610,0.000021902926,0,1,0,0,0
06202012,06/20/2012,"June 20, 2012",1,6083561,0.059022029694,0.000021902926,0,1,0,0,0
06232012,06/23/2012,"June 23, 2012",1,9186495,0.087771608443,0.000021902926,0,1,0,0,0
07022012,07/02/2012,"July 02, 2012",1,2601424,0.025678726619,0.000021902926,0,1,0,0,0
07162012,07/16/2012,"July 16, 2012",1,3302976,0.032490176200,0.000021902926,0,1,0,0,0
07182012,07/18/2012,"July 18, 2012",1,9996008,0.095126406748,0.000021902926,0,1,0,0,0
07202012,07/20/2012,"July 20, 2012",1,275477,0.002750919296,0.000021902926,0,1,0,0,0
08292012,08/29/2012,"August 29, 2012",1,338774,0.003381948320,0.000021902926,0,1,0,0,0
09192012,09/19/2012,"September 19, 2012",1,4326714,0.042344415161,0.000021902926,0,1,0,0,0
09272012,09/27/2012,"September 27, 2012",1,1036074,0.010307193138,0.000021902926,0,1,0,0,0
10302012,10/30/2012,"October 30, 2012",1,3760157,0.036903351545,0.000021902926,1,0,0,0,0
11072012,11/07/2012,"November 07, 2012",1,358297,0.003576499073,0.000021902926,1,0,0,0,0
11222012,11/22/2012,"November 22, 2012",1,1597721,0.015850192536,0.000021902926,1,0,0,0,0
12302012,12/30/2012,"December 30, 2012",1,4935770,0.048159347944,0.000021902926,1,0,0,0,0
01082013,01/08/2013,"January 08, 2013",1,6991565,0.067527474064,0.000021902926,0,1,0,0,0
02052013,02/05/2013,"February 05, 2013",1,820873,0.008175070948,0.000021902926,0,1,0,0,0
02212013,02/21/2013,"February 21, 2013",1,6389030,0.061892039991,0.000021902926,0,1,0,0,0
03012013,03/01/2013,"March 01, 2013",1,6428042,0.062257943294,0.000021902926,0,1,0,0,0
03172013,03/17/2013,"March 17, 2013",2,3873646,0.037995740324,0.000021902926,0,2,0,0,0
03272013,03/27/2013,"March 27, 2013",1,8108322,0.077882995744,0.000021902926,0,1,0,0,0
04072013,04/07/2013,"April 07, 2013",1,7580956,0.073007218839,0.000021902926,0,2,0,0,0
04202013,04/20/2013,"April 20, 2013",1,7233812,0.069783626971,0.000021902926,0,1,0,0,0
04212013,04/21/2013,"April 21, 2013",1,7068264,0.068242396969,0.000021902926,0,1,0,0,0
04302013,04/30/2013,"April 30, 2013",1,2345021,0.023177332164,0.000021902926,0,1,0,0,0
05112013,05/11/2013,"May 11, 2013",1,3606725,0.035424518870,0.000021902926,0,1,0,0,0
06262013,06/26/2013,"June 26, 2013",2,1901906,0.018839280175,0.000021902926,0,2,0,0,0
07092013,07/09/2013,"July 09, 2013",1,8167855,0.078431796290,0.000021902926,0,1,0,0,0
07242013,07/24/2013,"July 24, 2013",1,5363820,0.052224994189,0.000021902926,0,1,0,0,0
07252013,07/25/2013,"July 25, 2013",1,6507797,0.063005541316,0.000021902926,0,1,0,0,0
08042013,08/04/2013,"August 04, 2013",1,2102633,0.020806759381,0.000021902926,0,1,0,0,0
08112013,08/11/2013,"August 11, 2013",1,4202564,0.041154747407,0.000021902926,0,1,0,0,0
08162013,08/16/2013,"August 16, 2013",1,1248355,0.012405894586,0.000021902926,0,1,0,0,0
08312013,08/31/2013,"August 31, 2013",1,7683205,0.073954575284,0.000021902926,0,1,0,0,0
09122013,09/12/2013,"September 12, 2013",1,4988061,0.048656944834,0.000021902926,0,1,0,0,0
09232013,09/23/2013,"September 23, 2013",1,1116125,0.011099135113,0.000021902926,0,1,0,0,0
10132013,10/13/2013,"October 13, 2013",1,7606206,0.073241254971,0.000021902926,1,0,0,0,0
10182013,10/18/2013,"October 18, 2013",1,8499966,0.081487348976,0.000021902926,1,0,0,0,0
10252013,10/25/2013,"October 25, 2013",1,4722203,0.046124358138,0.000021902926,1,0,0,0,0
11112013,11/11/2013,"November 11, 2013",1,6620406,0.064060087548,0.000021902926,1,0,0,0,0
11212013,11/21/2013,"November 21, 2013",1,6138106,0.059535146180,0.000021902926,1,0,0,0,0
11232013,11/23/2013,"November 23, 2013",1,4214963,0.041273627261,0.000021902926,1,0,0,0,0
11252013,11/25/2013,"November 25, 2013",1,5844816,0.056772807932,0.000021902926,1,0,0,0,0
12052013,12/05/2013,"December 05, 2013",1,8453909,0.081064212166,0.000021902926,1,0,0,0,0
12092013,12/09/2013,"December 09, 2013",1,6347432,0.061501724662,0.000021902926,1,0,0,0,0
12152013,12/15/2013,"December 15, 2013",1,6870919,0.066401804347,0.000021902926,1,0,0,0,0
01052014,01/05/2014,"January 05, 2014",1,3732453,0.036636498284,0.000021902926,0,1,0,0,0
01172014,01/17/2014,"January 17, 2014",1,4281929,0.041915433050,0.000021902926,0,1,0,0,0
01192014,01/19/2014,"January 19, 2014",1,9693430,0.092384311903,0.000021902926,0,1,0,0,0
01232014,01/23/2014,"January 23, 2014",1,648893,0.006467862810,0.000021902926,0,1,0,0,0
02032014,02/03/2014,"February 03, 2014",1,8162639,0.078383726039,0.000021902926,0,1,0,0,0
04022014,04/02/2014,"April 02, 2014",1,9489172,0.090528539596,0.000021902926,0,1,0,0,0
04042014,04/04/2014,"April 04, 2014",1,1850694,0.018336679457,0.000021902926,0,1,0,0,0
05032014,05/03/2014,"May 03, 2014",1,9667971,0.092153212606,0.000021902926,0,1,0,0,0
06072014,06/07/2014,"June 07, 2014",1,5328171,0.051887061642,0.000021902926,0,1,0,0,0
06292014,06/29/2014,"June 29, 2014",1,1121545,0.011152732088,0.000021902926,0,1,0,0,0
07072014,07/07/2014,"July 07, 2014",1,5702847,0.055432766710,0.000021902926,0,1,0,0,0
07152014,07/15/2014,"July 15, 2014",1,4206878,0.041196111099,0.000021902926,0,1,0,0,0
07302014,07/30/2014,"July 30, 2014",2,1063202,0.010575640591,0.000021902926,0,3,0,0,0
08012014,08/01/2014,"August 01, 2014",1,7956033,0.076477643138,0.000021902926,0,1,0,0,0
08232014,08/23/2014,"August 23, 2014",2,846059,0.008424840522,0.000021902926,0,2,0,0,0
08242014,08/24/2014,"August 24, 2014",1,1943077,0.019243150715,0.000021902926,0,1,0,0,0
09012014,09/01/2014,"September 01, 2014",1,3222251,0.031708838562,0.000021902926,0,1,0,0,0
09022014,09/02/2014,"September 02, 2014",1,9657209,0.092055504877,0.000021902926,0,1,0,0,0
09142014,09/14/2014,"September 14, 2014",1,2832473,0.027927287561,0.000021902926,0,1,0,0,0
09162014,09/16/2014,"September 16, 2014",1,5964147,0.057897699078,0.000021902926,0,1,0,0,0
10152014,10/15/2014,"October 15, 2014",1,7852801,0.075523780268,0.000021902926,1,0,0,0,0
11062014,11/06/2014,"November 06, 2014",1,4943583,0.048233712350,0.000021902926,1,0,0,0,0
12102014,12/10/2014,"December 10, 2014",1,6723692,0.065026283397,0.000021902926,1,0,0,0,0
12142014,12/14/2014,"December 14, 2014",1,8998935,0.086059027298,0.000021902926,1,0,0,0,0
12302014,12/30/2014,"December 30, 2014",1,9053160,0.086554477454,0.000021902926,1,0,0,0,0
01012015,01/01/2015,"January 01, 2015",1,8044022,0.077289883839,0.000021902926,0,1,0,0,0
01022015,01/02/2015,"January 02, 2015",1,1522780,0.015112384396,0.000021902926,0,1,0,0,0
01082015,01/08/2015,"January 08, 2015",1,4170613,0.040848337809,0.000021902926,0,1,0,0,0
02212015,02/21/2015,"February 21, 2015",1,6178195,0.059912093577,0.000021902926,0,1,0,0,0
03012015,03/01/2015,"March 01, 2015",1,8571546,0.082144585086,0.000021902926,0,1,0,0,0
03112015,03/11/2015,"March 11, 2015",1,8453362,0.081059185573,0.000021902926,0,1,0,0,0
03252015,03/25/2015,"March 25, 2015",2,6172719,0.059860612953,0.000021902926,0,2,0,0,0
03292015,03/29/2015,"March 29, 2015",1,5862665,0.056941149531,0.000021902926,0,1,0,0,0
04102015,04/10/2015,"April 10, 2015",1,5084769,0.049576524959,0.000021902926,0,1,0,0,0
04232015,04/23/2015,"April 23, 2015",1,8352602,0.080132794162,0.000021902926,0,2,0,0,0
04282015,04/28/2015,"April 28, 2015",1,6419577,0.062178560069,0.000021902926,0,1,0,0,0
05112015,05/11/2015,"May 11, 2015",1,9558534,0.091159148470,0.000021902926,0,1,0,0,0
05202015,05/20/2015,"May 20, 2015",1,3221210,0.031698758598,0.000021902926,0,1,0,0,0
06182015,06/18/2015,"June 18, 2015",1,5315275,0.051764785112,0.000021902926,0,1,0,0,0
06192015,06/19/2015,"June 19, 2015",1,4497189,0.043975587770,0.000021902926,0,2,0,0,0
06202015,06/20/2015,"June 20, 2015",1,4295020,0.042040847693,0.000021902926,0,1,0,0,0
07122015,07/12/2015,"July 12, 2015",1,5873411,0.057042485191,0.000021902926,0,1,0,0,0
07152015,07/15/2015,"July 15, 2015",1,29881,0.000298705382,0.000021902926,0,1,0,0,0
07222015,07/22/2015,"July 22, 2015",1,1705913,0.016914388115,0.000021902926,0,2,0,0,0
08022015,08/02/2015,"August 02, 2015",1,6266792,0.060744614419,0.000021902926,0,1,0,0,0
08222015,08/22/2015,"August 22, 2015",1,2437276,0.024078084367,0.000021902926,0,1,0,0,0
08252015,08/25/2015,"August 25, 2015",1,953117,0.009485833027,0.000021902926,0,1,0,0,0
09022015,09/02/2015,"September 02, 2015",1,4831244,0.047163906817,0.000021902926,0,1,0,0,0
10062015,10/06/2015,"October 06, 2015",1,536746,0.005353021299,0.000021902926,1,0,0,0,0
10092015,10/09/2015,"October 09, 2015",1,2490800,0.024600297052,0.000021902926,1,0,0,0,0
10252015,10/25/2015,"October 25, 2015",1,5188868,0.050565391513,0.000021902926,1,0,0,0,0
11132015,11/13/2015,"November 13, 2015",1,6538971,0.063297594447,0.000021902926,1,0,0,0,0
11142015,11/14/2015,"November 14, 2015",1,4645679,0.045394134972,0.000021902926,1,0,0,0,0
12042015,12/04/2015,"December 04, 2015",1,1985416,0.019658305469,0.000021902926,1,0,0,0,0
12102015,12/10/2015,"December 10, 2015",1,2746024,0.027086577073,0.000021902926,1,0,0,0,0
12182015,12/18/2015,"December 18, 2015",1,848555,0.008449589929,0.000021902926,1,0,0,0,0
12242015,12/24/2015,"December 24, 2015",1,6829369,0.066013813694,0.000021902926,1,0,0,0,0
12252015,12/25/2015,"December 25, 2015",1,7563534,0.072845704086,0.000021902926,1,0,0,0,0
12272015,12/27/2015,"December 27, 2015",1,7471359,0.071990705619,0.000021902926,1,0,0,0,0
01072016,01/07/2016,"January 07, 2016",1,8625427,0.082639001556,0.000021902926,0,1,0,0,0
01152016,01/15/2016,"January 15, 2016",1,7886599,0.075836181948,0.000021902926,0,1,0,0,0
01172016,01/17/2016,"January 17, 2016",2,685511,0.006831607810,0.000021902926,0,2,0,0,0
01192016,01/19/2016,"January 19, 2016",1,4107990,0.040247500146,0.000021902926,0,2,0,0,0
01292016,01/29/2016,"January 29, 2016",1,1982911,0.019633747601,0.000021902926,0,1,0,0,0
02042016,02/04/2016,"February 04, 2016",1,1539520,0.015277240785,0.000021902926,0,1,0,0,0
02242016,02/24/2016,"February 24, 2016",1,4680516,0.045726633101,0.000021902926,0,1,0,0,0
03112016,03/11/2016,"March 11, 2016",1,2014030,0.019938780315,0.000021902926,0,1,0,0,0
03172016,03/17/2016,"March 17, 2016",2,1191569,0.011844920129,0.000021902926,0,2,0,0,0
03182016,03/18/2016,"March 18, 2016",1,3010169,0.029653088112,0.000021902926,0,1,0,0,0
03262016,03/26/2016,"March 26, 2016",1,2116740,0.020944884430,0.000021902926,0,1,0,0,0
04072016,04/07/2016,"April 07, 2016",1,9922352,0.094459667531,0.000021902926,0,1,0,0,0
04132016,04/13/2016,"April 13, 2016",1,3512449,0.034514726889,0.000021902926,0,1,0,0,0
04192016,04/19/2016,"April 19, 2016",1,3839830,0.037670373950,0.000021902926,0,1,0,0,0
04222016,04/22/2016,"April 22, 2016",1,177093,0.001769302953,0.000021902926,0,1,0,0,0
04302016,04/30/2016,"April 30, 2016",1,4882495,0.047652119731,0.000021902926,0,1,0,0,0
05032016,05/03/2016,"May 03, 2016",1,7147590,0.068981229930,0.000021902926,0,1,0,0,0
05292016,05/29/2016,"May 29, 2016",1,4516867,0.044163695747,0.000021902926,0,1,0,0,0
06072016,06/07/2016,"June 07, 2016",1,1839339,0.018225205257,0.000021902926,0,1,0,0,0
06112016,06/11/2016,"June 11, 2016",1,8074805,0.077573877984,0.000021902926,0,1,0,0,0
06152016,06/15/2016,"June 15, 2016",1,4040182,0.039596490471,0.000021902926,0,1,0,0,0
06242016,06/24/2016,"June 24, 2016",1,1948603,0.019297345841,0.000021902926,0,1,0,0,0
06282016,06/28/2016,"June 28, 2016",1,6004818,0.058280783602,0.000021902926,0,1,0,0,0
07072016,07/07/2016,"July 07, 2016",1,5796880,0.056320554153,0.000021902926,0,1,0,0,0
07102016,07/10/2016,"July 10, 2016",1,1155050,0.011483989872,0.000021902926,0,1,0,0,0
07112016,07/11/2016,"July 11, 2016",1,6284760,0.060913364668,0.000021902926,0,1,0,0,0
07192016,07/19/2016,"July 19, 2016",1,1419718,0.014096816269,0.000021902926,0,1,0,0,0
07262016,07/26/2016,"July 26, 2016",1,8997703,0.086047767476,0.000021902926,0,1,0,0,0
08072016,08/07/2016,"August 07, 2016",1,5046043,0.049208392684,0.000021902926,0,2,0,0,0
08212016,08/21/2016,"August 21, 2016",1,5802809,0.056376503249,0.000021902926,0,1,0,0,0
08282016,08/28/2016,"August 28, 2016",1,8607475,0.082474302125,0.000021902926,0,1,0,0,0
09202016,09/20/2016,"September 20, 2016",1,5981968,0.058065576172,0.000021902926,0,1,0,0,0
09252016,09/25/2016,"September 25, 2016",1,8463010,0.081147840707,0.000021902926,0,2,0,0,0
10112016,10/11/2016,"October 11, 2016",1,3366781,0.033107298951,0.000021902926,1,0,0,0,0
10152016,10/15/2016,"October 15, 2016",1,4347020,0.042538856963,0.000021902926,1,0,0,0,0
10162016,10/16/2016,"October 16, 2016",1,7893407,0.075899096880,0.000021902926,2,0,0,0,0
10182016,10/18/2016,"October 18, 2016",1,3213467,0.031623780130,0.000021902926,1,0,0,0,0
11102016,11/10/2016,"November 10, 2016",1,8117868,0.077971016832,0.000021902926,1,0,0,0,0
11172016,11/17/2016,"November 17, 2016",1,612089,0.006102135942,0.000021902926,1,0,0,0,0
12212016,12/21/2016,"December 21, 2016",1,273893,0.002735122745,0.000021902926,1,0,0,0,0
12282016,12/28/2016,"December 28, 2016",1,7752086,0.074592225004,0.000021902926,1,0,0,0,0
01082017,01/08/2017,"January 08, 2017",1,2695804,0.026597857240,0.000021902926,0,2,0,0,0
01102017,01/10/2017,"January 10, 2017",1,1513902,0.015024942191,0.000021902926,0,1,0,0,0
01142017,01/14/2017,"January 14, 2017",1,6086182,0.059046692403,0.000021902926,0,1,0,0,0
01162017,01/16/2017,"January 16, 2017",1,7667814,0.073812036662,0.000021902926,0,1,0,0,0
01302017,01/30/2017,"January 30, 2017",1,7144838,0.068955607941,0.000021902926,0,1,0,0,0
02032017,02/03/2017,"February 03, 2017",1,9756131,0.092953217648,0.000021902926,0,1,0,0,0
02082017,02/08/2017,"February 08, 2017",1,249030,0.002487141949,0.000021902926,0,1,0,0,0
02222017,02/22/2017,"February 22, 2017",1,438414,0.004374483993,0.000021902926,0,1,0,0,0
02242017,02/24/2017,"February 24, 2017",1,3250930,0.031986494970,0.000021902926,0,1,0,0,0
03232017,03/23/2017,"March 23, 2017",1,5622965,0.054677926054,0.000021902926,0,1,0,0,0
04022017,04/02/2017,"April 02, 2017",1,2619601,0.025855812904,0.000021902926,0,1,0,0,0
05012017,05/01/2017,"May 01, 2017",1,3897397,0.038224198826,0.000021902926,0,1,0,0,0
05102017,05/10/2017,"May 10, 2017",1,2084842,0.020632535612,0.000021902926,0,1,0,0,0
05252017,05/25/2017,"May 25, 2017",1,5551755,0.054004522462,0.000021902926,0,1,0,0,0
06092017,06/09/2017,"June 09, 2017",1,5934017,0.057613800885,0.000021902926,0,1,0,0,0
06182017,06/18/2017,"June 18, 2017",1,9287869,0.088695902286,0.000021902926,0,1,0,0,0
06232017,06/23/2017,"June 23, 2017",1,3379368,0.033228994077,0.000021902926,0,2,1,0,0
06242017,06/24/2017,"June 24, 2017",1,5585971,0.054328148908,0.000021902926,0,1,0,0,0
06252017,06/25/2017,"June 25, 2017",1,5544606,0.053936890827,0.000021902926,0,1,0,0,0
07162017,07/16/2017,"July 16, 2017",3,938685,0.009342871705,0.000021902926,0,3,0,0,0
07212017,07/21/2017,"July 21, 2017",1,1250191,0.012424026647,0.000021902926,0,1,0,0,0
07282017,07/28/2017,"July 28, 2017",1,4065146,0.039836215682,0.000021902926,0,1,0,0,0
09112017,09/11/2017,"September 11, 2017",1,9162893,0.087556278886,0.000021902926,0,1,0,0,0
10022017,10/02/2017,"October 02, 2017",1,5669900,0.055121508868,0.000021902926,1,0,0,0,0
10052017,10/05/2017,"October 05, 2017",1,5915531,0.057439575268,0.000021902926,1,0,0,0,0
10092017,10/09/2017,"October 09, 2017",1,96816,0.000967631552,0.000021902926,1,0,0,0,0
10172017,10/17/2017,"October 17, 2017",1,1838212,0.018214140593,0.000021902926,1,0,0,0,0
10232017,10/23/2017,"October 23, 2017",1,2774147,0.027360151047,0.000021902926,1,0,0,0,0
10242017,10/24/2017,"October 24, 2017",1,1166648,0.011598631311,0.000021902926,1,0,0,0,0
11062017,11/06/2017,"November 06, 2017",1,5263486,0.051273576387,0.000021902926,1,0,0,0,0
11142017,11/14/2017,"November 14, 2017",1,7419062,0.071505257667,0.000021902926,1,0,0,0,0
11292017,11/29/2017,"November 29, 2017",1,1899922,0.018819813753,0.000021902926,1,0,0,0,0
12022017,12/02/2017,"December 02, 2017",1,7523067,0.072470436629,0.000021902926,1,0,0,0,0
12122017,12/12/2017,"December 12, 2017",1,1129311,0.011229522986,0.000021902926,1,0,0,0,0
12162017,12/16/2017,"December 16, 2017",1,9136311,0.087313700854,0.000021902926,1,0,0,0,0
12282017,12/28/2017,"December 28, 2017",1,7844765,0.075449486373,0.000021902926,1,0,0,0,0
12312017,12/31/2017,"December 31, 2017",1,8492153,0.081415582779,0.000021902926,1,0,0,0,0
01042018,01/04/2018,"January 04, 2018",1,3442596,0.033840070849,0.000021902926,0,2,0,0,0
01212018,01/21/2018,"January 21, 2018",1,3153926,0.031047027554,0.000021902926,0,1,0,0,0
02042018,02/04/2018,"February 04, 2018",1,3299233,0.032453961629,0.000021902926,0,2,0,0,0
02062018,02/06/2018,"February 06, 2018",1,9385547,0.089585611315,0.000021902926,0,1,0,0,0
02132018,02/13/2018,"February 13, 2018",1,8513356,0.081610329588,0.000021902926,0,1,0,0,0
03082018,03/08/2018,"March 08, 2018",1,6165736,0.059794960727,0.000021902926,0,2,0,0,0
03212018,03/21/2018,"March 21, 2018",1,4225790,0.041377422947,0.000021902926,0,1,0,0,0
04172018,04/17/2018,"April 17, 2018",1,6252120,0.060606796758,0.000021902926,0,1,0,0,0
04242018,04/24/2018,"April 24, 2018",1,7668405,0.073817510417,0.000021902926,0,1,0,0,0
05012018,05/01/2018,"May 01, 2018",1,5865421,0.056967139875,0.000021902926,0,1,0,0,0
05072018,05/07/2018,"May 07, 2018",1,8636919,0.082744418626,0.000021902926,0,1,0,0,0
05242018,05/24/2018,"May 24, 2018",1,7774751,0.074801944911,0.000021902926,0,1,0,0,0
06082018,06/08/2018,"June 08, 2018",1,3197868,0.031472711339,0.000021902926,0,1,0,0,0
06152018,06/15/2018,"June 15, 2018",1,9302064,0.088825252723,0.000021902926,0,1,0,0,0
06172018,06/17/2018,"June 17, 2018",1,2032217,0.020117007843,0.000021902926,0,1,0,0,0
07062018,07/06/2018,"July 06, 2018",1,3067606,0.030210266245,0.000021902926,0,1,0,0,0
07082018,07/08/2018,"July 08, 2018",1,4175180,0.040892141266,0.000021902926,0,1,0,0,0
07102018,07/10/2018,"July 10, 2018",1,6216322,0.060270452577,0.000021902926,0,1,0,0,0
07122018,07/12/2018,"July 12, 2018",1,4026733,0.039467317116,0.000021902926,0,1,0,0,0
07142018,07/14/2018,"July 14, 2018",1,9836833,0.093684927258,0.000021902926,0,1,0,0,0
07312018,07/31/2018,"July 31, 2018",1,4601667,0.044973901365,0.000021902926,0,1,0,0,0
08192018,08/19/2018,"August 19, 2018",1,5079987,0.049531074622,0.000021902926,0,1,0,0,0
08222018,08/22/2018,"August 22, 2018",1,9704846,0.092487919397,0.000021902926,0,1,0,0,0
08312018,08/31/2018,"August 31, 2018",1,6829695,0.066016858484,0.000021902926,0,1,0,0,0
09212018,09/21/2018,"September 21, 2018",2,1969439,0.019501663762,0.000021902926,0,2,0,0,0
10072018,10/07/2018,"October 07, 2018",1,3046644,0.030006957611,0.000021902926,2,0,0,0,0
10082018,10/08/2018,"October 08, 2018",1,3908159,0.038327699569,0.000021902926,1,0,0,0,0
10132018,10/13/2018,"October 13, 2018",1,4876238,0.047592529459,0.000021902926,1,0,0,0,0
10142018,10/14/2018,"October 14, 2018",1,7256719,0.069996687234,0.000021902926,1,0,0,0,0
10212018,10/21/2018,"October 21, 2018",1,2362791,0.023350898133,0.000021902926,1,0,0,0,0
10242018,10/24/2018,"October 24, 2018",1,4211291,0.041238422182,0.000021902926,1,0,0,0,0
10262018,10/26/2018,"October 26, 2018",2,6778822,0.065541592355,0.000021902926,2,0,0,0,0
11222018,11/22/2018,"November 22, 2018",1,7627439,0.073438012768,0.000021902926,1,0,0,0,0
11242018,11/24/2018,"November 24, 2018",1,3809045,0.037374075166,0.000021902926,1,0,0,0,0
12042018,12/04/2018,"December 04, 2018",1,2818140,0.027787950393,0.000021902926,1,0,0,0,0
12062018,12/06/2018,"December 06, 2018",2,5053466,0.049278967326,0.000021902926,2,0,0,0,0
12312018,12/31/2018,"December 31, 2018",1,9902468,0.094279591987,0.000021902926,1,0,0,0,0
01252019,01/25/2019,"January 25, 2019",2,7374015,0.071086904415,0.000021902926,0,2,0,0,0
01282019,01/28/2019,"January 28, 2019",1,772828,0.007698434165,0.000021902926,0,1,0,0,0
01312019,01/31/2019,"January 31, 2019",1,4261140,0.041716236143,0.000021902926,0,1,0,0,0
02012019,02/01/2019,"February 01, 2019",1,8611833,0.082514287024,0.000021902926,0,1,0,0,0
02022019,02/02/2019,"February 02, 2019",1,258075,0.002577362908,0.000021902926,0,1,0,0,0
02052019,02/05/2019,"February 05, 2019",2,3429853,0.033716945243,0.000021902926,0,2,0,0,0
02192019,02/19/2019,"February 19, 2019",1,8037355,0.077228364704,0.000021902926,0,1,0,0,0
02242019,02/24/2019,"February 24, 2019",1,8107842,0.077878569571,0.000021902926,0,1,0,0,0
02282019,02/28/2019,"February 28, 2019",1,522062,0.005206956612,0.000021902926,0,1,0,0,0
03202019,03/20/2019,"March 20, 2019",1,8478404,0.081289277923,0.000021902926,0,2,0,0,0
03232019,03/23/2019,"March 23, 2019",1,6884890,0.066532228242,0.000021902926,0,1,0,0,0
03312019,03/31/2019,"March 31, 2019",1,7119493,0.068719604831,0.000021902926,0,2,1,0,0
04042019,04/04/2019,"April 04, 2019",1,1809125,0.017928527001,0.000021902926,0,1,0,0,0
04212019,04/21/2019,"April 21, 2019",1,3904963,0.038296964031,0.000021902926,0,1,0,0,0
04222019,04/22/2019,"April 22, 2019",1,9238353,0.088244549207,0.000021902926,0,1,0,0,0
04282019,04/28/2019,"April 28, 2019",2,1499826,0.014886287342,0.000021902926,0,2,0,0,0
04292019,04/29/2019,"April 29, 2019",1,5854461,0.056863777809,0.000021902926,0,1,0,0,0
05052019,05/05/2019,"May 05, 2019",1,9441341,0.090093426246,0.000021902926,0,1,0,0,0
05162019,05/16/2019,"May 16, 2019",1,2355986,0.023284434899,0.000021902926,0,1,0,0,0
07182019,07/18/2019,"July 18, 2019",1,7979137,0.076690989099,0.000021902926,0,1,0,0,0
07282019,07/28/2019,"July 28, 2019",1,4294522,0.042036077044,0.000021902926,0,1,0,0,0
08202019,08/20/2019,"August 20, 2019",1,2244151,0.022191514016,0.000021902926,0,1,0,0,0
08212019,08/21/2019,"August 21, 2019",1,1005593,0.010005478890,0.000021902926,0,1,0,0,0
09082019,09/08/2019,"September 08, 2019",1,4675894,0.045682525567,0.000021902926,0,1,0,0,0
09212019,09/21/2019,"September 21, 2019",1,8692067,0.083250127282,0.000021902926,0,1,0,0,0
10022019,10/02/2019,"October 02, 2019",1,3764205,0.036942336909,0.000021902926,1,0,0,0,0
10182019,10/18/2019,"October 18, 2019",2,5111394,0.049829541528,0.000021902926,2,0,0,0,0
11012019,11/01/2019,"November 01, 2019",1,6723630,0.065025703714,0.000021902926,1,0,0,0,0
11092019,11/09/2019,"November 09, 2019",1,1869661,0.018522853885,0.000021902926,1,0,0,0,0
11102019,11/10/2019,"November 10, 2019",1,4955055,0.048342892717,0.000021902926,1,0,0,0,0
11162019,11/16/2019,"November 16, 2019",1,345133,0.003445321248,0.000021902926,1,0,0,0,0
11232019,11/23/2019,"November 23, 2019",1,6099366,0.059170739511,0.000021902926,1,0,0,0,0
12102019,12/10/2019,"December 10, 2019",1,3123527,0.030752430762,0.000021902926,1,0,0,0,0
12152019,12/15/2019,"December 15, 2019",1,7254816,0.069978989103,0.000021902926,1,0,0,0,0
12202019,12/20/2019,"December 20, 2019",1,475940,0.004748032335,0.000021902926,1,0,0,0,0
12312019,12/31/2019,"December 31, 2019",1,9886630,0.094136132627,0.000021902926,1,0,0,0,0
01032020,01/03/2020,"January 03, 2020",1,7648719,0.073635164183,0.000021902926,0,1,0,0,0
01042020,01/04/2020,"January 04, 2020",1,3127806,0.030793903978,0.000021902926,0,1,0,0,0
01092020,01/09/2020,"January 09, 2020",1,5981966,0.058065557333,0.000021902926,0,1,0,0,0
01272020,01/27/2020,"January 27, 2020",1,5586297,0.054331231794,0.000021902926,0,1,0,0,0
02032020,02/03/2020,"February 03, 2020",1,4837170,0.047220370212,0.000021902926,0,1,0,0,0
02052020,02/05/2020,"February 05, 2020",1,898892,0.008948581065,0.000021902926,0,1,0,0,0
03042020,03/04/2020,"March 04, 2020",2,2955277,0.029120299064,0.000021902926,0,2,0,0,0
03122020,03/12/2020,"March 12, 2020",1,467451,0.004663541809,0.000021902926,0,1,0,0,0
03132020,03/13/2020,"March 13, 2020",1,7847495,0.075474726258,0.000021902926,0,1,0,0,0
03232020,03/23/2020,"March 23, 2020",1,9450330,0.090175214073,0.000021902926,0,1,0,0,0
03262020,03/26/2020,"March 26, 2020",3,638434,0.006363943848,0.000021902926,0,4,0,0,0
03302020,03/30/2020,"March 30, 2020",1,28116,0.000281060498,0.000021902926,0,1,0,0,0
04202020,04/20/2020,"April 20, 2020",1,8249625,0.079185054606,0.000021902926,0,2,0,0,0
04242020,04/24/2020,"April 24, 2020",1,3686053,0.036189393895,0.000021902926,0,2,0,0,0
04262020,04/26/2020,"April 26, 2020",1,4951289,0.048307052635,0.000021902926,0,1,0,0,0
04292020,04/29/2020,"April 29, 2020",1,5981354,0.058059792677,0.000021902926,0,1,0,0,0
05062020,05/06/2020,"May 06, 2020",1,6083559,0.059022010874,0.000021902926,0,1,0,0,0
05112020,05/11/2020,"May 11, 2020",1,6778913,0.065542442711,0.000021902926,0,1,0,0,0
05232020,05/23/2020,"May 23, 2020",1,4228240,0.041400908913,0.000021902926,0,2,0,0,0
05282020,05/28/2020,"May 28, 2020",1,548213,0.005467070930,0.000021902926,0,1,0,0,0
06142020,06/14/2020,"June 14, 2020",1,8308254,0.079724760979,0.000021902926,0,1,0,0,0
06262020,06/26/2020,"June 26, 2020",1,9227949,0.088149685235,0.000021902926,0,1,0,0,0
06282020,06/28/2020,"June 28, 2020",1,710166,0.007076443296,0.000021902926,0,2,0,0,0
07142020,07/14/2020,"July 14, 2020",1,4255930,0.041666308257,0.000021902926,0,1,0,0,0
07182020,07/18/2020,"July 18, 2020",1,9243607,0.088292451581,0.000021902926,0,1,0,0,0
07232020,07/23/2020,"July 23, 2020",1,1192280,0.011851945887,0.000021902926,0,1,0,0,0
07272020,07/27/2020,"July 27, 2020",2,1580566,0.015681347153,0.000021902926,0,2,0,0,0
08032020,08/03/2020,"August 03, 2020",1,1532360,0.015206732111,0.000021902926,0,1,0,0,0
08052020,08/05/2020,"August 05, 2020",1,9694085,0.092390256767,0.000021902926,0,1,0,0,0
08112020,08/11/2020,"August 11, 2020",1,5020365,0.048964217064,0.000021902926,0,1,0,0,0
09122020,09/12/2020,"September 12, 2020",1,7164565,0.069139256955,0.000021902926,0,1,0,0,0
09192020,09/19/2020,"September 19, 2020",1,2481447,0.024509063650,0.000021902926,0,1,0,0,0
09202020,09/20/2020,"September 20, 2020",1,9266779,0.088503687981,0.000021902926,0,1,0,0,0
09222020,09/22/2020,"September 22, 2020",1,4087913,0.040054791290,0.000021902926,0,2,0,0,0
09282020,09/28/2020,"September 28, 2020",1,8420393,0.080756170025,0.000021902926,0,2,0,0,0
10092020,10/09/2020,"October 09, 2020",1,379434,0.003787090853,0.000021902926,1,0,0,0,0
10242020,10/24/2020,"October 24, 2020",1,9595253,0.091492804484,0.000021902926,1,0,0,0,0
10292020,10/29/2020,"October 29, 2020",1,9566812,0.091234379203,0.000021902926,1,0,0,0,0
11062020,11/06/2020,"November 06, 2020",1,6002118,0.058255356839,0.000021902926,1,0,0,0,0
11112020,11/11/2020,"November 11, 2020",1,3833432,0.037608802130,0.000021902926,1,0,0,0,0
11282020,11/28/2020,"November 28, 2020",1,5028843,0.049044842461,0.000021902926,1,0,0,0,0
12032020,12/03/2020,"December 03, 2020",1,8478402,0.081289259549,0.000021902926,1,0,0,0,0
12212020,12/21/2020,"December 21, 2020",1,4914800,0.047959726028,0.000021902926,1,0,0,0,0
01022021,01/02/2021,"January 02, 2021",2,3615179,0.035506060635,0.000021902926,0,2,0,0,0
01042021,01/04/2021,"January 04, 2021",1,98563,0.000985084495,0.000021902926,0,3,2,0,0
01112021,01/11/2021,"January 11, 2021",1,3587828,0.035242225816,0.000021902926,0,1,0,0,0
01182021,01/18/2021,"January 18, 2021",1,2201916,0.021778449375,0.000021902926,0,1,0,0,0
02072021,02/07/2021,"February 07, 2021",1,5734690,0.055733497374,0.000021902926,0,2,0,0,0
02092021,02/09/2021,"February 09, 2021",1,6417561,0.062159653398,0.000021902926,0,1,0,0,0
03012021,03/01/2021,"March 01, 2021",1,7400956,0.071337129187,0.000021902926,0,1,0,0,0
03102021,03/10/2021,"March 10, 2021",2,5452849,0.053068413308,0.000021902926,0,2,0,0,0
03112021,03/11/2021,"March 11, 2021",1,6759216,0.065358364476,0.000021902926,0,1,0,0,0
03212021,03/21/2021,"March 21, 2021",1,8025050,0.077114810667,0.000021902926,0,1,0,0,0
03252021,03/25/2021,"March 25, 2021",1,7764365,0.074705848850,0.000021902926,0,1,0,0,0
03272021,03/27/2021,"March 27, 2021",1,8105650,0.077858356448,0.000021902926,0,1,0,0,0
03292021,03/29/2021,"March 29, 2021",1,3257633,0.032051378742,0.000021902926,0,3,0,0,0
03302021,03/30/2021,"March 30, 2021",1,4592862,0.044889807614,0.000021902926,0,1,0,0,0
04112021,04/11/2021,"April 11, 2021",1,1991700,0.019719908206,0.000021902926,0,1,0,0,0
04242021,04/24/2021,"April 24, 2021",1,2745744,0.027083852912,0.000021902926,0,1,0,0,0
06052021,06/05/2021,"June 05, 2021",1,6402938,0.062022502975,0.000021902926,0,1,0,0,0
06182021,06/18/2021,"June 18, 2021",1,5269547,0.051331076953,0.000021902926,0,1,0,0,0
06192021,06/19/2021,"June 19, 2021",1,5977933,0.058027568351,0.000021902926,0,1,0,0,0
07042021,07/04/2021,"July 04, 2021",1,6384676,0.061851193881,0.000021902926,0,1,0,0,0
07262021,07/26/2021,"July 26, 2021",1,8974026,0.085831345383,0.000021902926,0,1,0,0,0
08172021,08/17/2021,"August 17, 2021",1,344537,0.003439381764,0.000021902926,0,1,0,0,0
08282021,08/28/2021,"August 28, 2021",1,5282208,0.051451180324,0.000021902926,0,1,0,0,0
09042021,09/04/2021,"September 04, 2021",1,2652947,0.026180596873,0.000021902926,0,1,0,0,0
09192021,09/19/2021,"September 19, 2021",1,1870562,0.018531696954,0.000021902926,0,1,0,0,0
10202021,10/20/2021,"October 20, 2021",1,1497903,0.014867343423,0.000021902926,1,0,0,0,0
10212021,10/21/2021,"October 21, 2021",1,7244441,0.069882494416,0.000021902926,1,0,0,0,0
10282021,10/28/2021,"October 28, 2021",1,8182907,0.078570500299,0.000021902926,1,0,0,0,0
11242021,11/24/2021,"November 24, 2021",1,8723891,0.083541827347,0.000021902926,1,0,0,0,0
12032021,12/03/2021,"December 03, 2021",1,9181048,0.087721918008,0.000021902926,1,0,0,0,0
12082021,12/08/2021,"December 08, 2021",1,8353155,0.080137881013,0.000021902926,1,0,0,0,0
12162021,12/16/2021,"December 16, 2021",1,1059204,0.010536082614,0.000021902926,2,0,0,0,0
12192021,12/19/2021,"December 19, 2021",1,8012295,0.076997089152,0.000021902926,1,0,0,0,0
12242021,12/24/2021,"December 24, 2021",1,2547126,0.025149545994,0.000021902926,1,0,0,0,0
01222022,01/22/2022,"January 22, 2022",1,9064913,0.086661828399,0.000021902926,0,2,0,0,0
01242022,01/24/2022,"January 24, 2022",2,4994847,0.048721500784,0.000021902926,0,3,0,0,0
02052022,02/05/2022,"February 05, 2022",1,4434933,0.043380219899,0.000021902926,0,1,0,0,0
02242022,02/24/2022,"February 24, 2022",1,6516311,0.063085313629,0.000021902926,0,1,0,0,0
04022022,04/02/2022,"April 02, 2022",1,1777673,0.017619597298,0.000021902926,0,1,0,0,0
04102022,04/10/2022,"April 10, 2022",1,9731280,0.092727779439,0.000021902926,0,1,0,0,0
04252022,04/25/2022,"April 25, 2022",1,5346311,0.052059033733,0.000021902926,0,1,0,0,0
04262022,04/26/2022,"April 26, 2022",1,218840,0.002185947352,0.000021902926,0,1,0,0,0
05142022,05/14/2022,"May 14, 2022",1,2746716,0.027093309611,0.000021902926,0,1,0,0,0
06212022,06/21/2022,"June 21, 2022",1,4367678,0.042736628860,0.000021902926,0,1,0,0,0
07012022,07/01/2022,"July 01, 2022",1,2473408,0.024430640781,0.000021902926,0,1,0,0,0
07132022,07/13/2022,"July 13, 2022",1,994259,0.009893266551,0.000021902926,0,1,0,0,0
07152022,07/15/2022,"July 15, 2022",1,8472332,0.081233492114,0.000021902926,0,1,0,0,0
07282022,07/28/2022,"July 28, 2022",1,2461575,0.024315194827,0.000021902926,0,1,0,0,0
08032022,08/03/2022,"August 03, 2022",1,2100386,0.020784756662,0.000021902926,0,1,0,0,0
08102022,08/10/2022,"August 10, 2022",1,3929935,0.038537090532,0.000021902926,0,1,0,0,0
09112022,09/11/2022,"September 11, 2022",1,2360685,0.023330329686,0.000021902926,0,1,0,0,0
10192022,10/19/2022,"October 19, 2022",1,9936707,0.094589648517,0.000021902926,1,0,0,0,0
11082022,11/08/2022,"November 08, 2022",1,8881816,0.084988001694,0.000021902926,1,0,0,0,0
11122022,11/12/2022,"November 12, 2022",1,7737107,0.074453597790,0.000021902926,1,0,0,0,0
11132022,11/13/2022,"November 13, 2022",1,3557625,0.034950796014,0.000021902926,1,0,0,0,0
12082022,12/08/2022,"December 08, 2022",1,7773319,0.074788695980,0.000021902926,1,0,0,0,0
12162022,12/16/2022,"December 16, 2022",1,2038386,0.020177454961,0.000021902926,1,0,0,0,0
12222022,12/22/2022,"December 22, 2022",1,4374815,0.042804946309,0.000021902926,1,0,0,0,0
12252022,12/25/2022,"December 25, 2022",1,4494073,0.043945797584,0.000021902926,1,0,0,0,0
01032023,01/03/2023,"January 03, 2023",1,7606179,0.073241004746,0.000021902926,0,1,0,0,0
01052023,01/05/2023,"January 05, 2023",1,1484639,0.014736666760,0.000021902926,0,1,0,0,0
01102023,01/10/2023,"January 10, 2023",1,1321417,0.013127187071,0.000021902926,0,1,0,0,0
01232023,01/23/2023,"January 23, 2023",1,6960948,0.067241935238,0.000021902926,0,2,0,0,0
02012023,02/01/2023,"February 01, 2023",1,919074,0.009148574882,0.000021902926,0,1,0,0,0
02022023,02/02/2023,"February 02, 2023",1,611908,0.006100336985,0.000021902926,0,1,0,0,0
02112023,02/11/2023,"February 11, 2023",1,7995459,0.076841679299,0.000021902926,0,1,0,0,0
02182023,02/18/2023,"February 18, 2023",1,3219264,0.031679915273,0.000021902926,0,1,0,0,0
02192023,02/19/2023,"February 19, 2023",1,7542353,0.072649302734,0.000021902926,0,1,0,0,0
02242023,02/24/2023,"February 24, 2023",1,4923198,0.048039675013,0.000021902926,0,1,0,0,0
03212023,03/21/2023,"March 21, 2023",1,777852,0.007748286144,0.000021902926,0,3,0,0,0
03252023,03/25/2023,"March 25, 2023",1,1604779,0.015919651379,0.000021902926,0,1,0,0,0
04062023,04/06/2023,"April 06, 2023",1,7999753,0.076881318866,0.000021902926,0,1,0,0,0
04082023,04/08/2023,"April 08, 2023",1,9057016,0.086589699235,0.000021902926,0,1,0,0,0
04152023,04/15/2023,"April 15, 2023",1,3897634,0.038226478232,0.000021902926,0,1,0,0,0
04182023,04/18/2023,"April 18, 2023",1,4437623,0.043405952625,0.000021902926,0,1,0,0,0
04272023,04/27/2023,"April 27, 2023",1,3340593,0.032854055929,0.000021902926,0,1,0,0,0
04282023,04/28/2023,"April 28, 2023",1,944780,0.009403250417,0.000021902926,0,1,0,0,0
04292023,04/29/2023,"April 29, 2023",1,1839574,0.018227512425,0.000021902926,0,1,0,0,0
05212023,05/21/2023,"May 21, 2023",1,9303083,0.088834537546,0.000021902926,0,1,0,0,0
06162023,06/16/2023,"June 16, 2023",1,9775178,0.093125966398,0.000021902926,0,1,0,0,0
06172023,06/17/2023,"June 17, 2023",1,7809019,0.075118937467,0.000021902926,0,1,0,0,0
07162023,07/16/2023,"July 16, 2023",1,661442,0.006592533337,0.000021902926,0,1,0,0,0
07172023,07/17/2023,"July 17, 2023",1,5738913,0.055773372906,0.000021902926,0,2,0,0,0
08022023,08/02/2023,"August 02, 2023",1,3551591,0.034892563188,0.000021902926,0,1,0,0,0
08132023,08/13/2023,"August 13, 2023",1,9441981,0.090099249630,0.000021902926,0,1,0,0,0
08222023,08/22/2023,"August 22, 2023",1,722404,0.007197949847,0.000021902926,0,1,0,0,0
09052023,09/05/2023,"September 05, 2023",1,6583320,0.063712920498,0.000021902926,0,2,0,0,0
09072023,09/07/2023,"September 07, 2023",1,563775,0.005621828104,0.000021902926,0,1,0,0,0
09122023,09/12/2023,"September 12, 2023",1,4919464,0.048004128151,0.000021902926,0,1,0,0,0
10312023,10/31/2023,"October 31, 2023",1,8512730,0.081604580450,0.000021902926,1,0,0,0,0
11062023,11/06/2023,"November 06, 2023",1,1581206,0.015687646772,0.000021902926,1,0,0,0,0
11112023,11/11/2023,"November 11, 2023",1,8026321,0.077126540463,0.000021902926,3,0,0,0,0
11302023,11/30/2023,"November 30, 2023",1,3443461,0.033848428096,0.000021902926,1,0,0,0,0
12052023,12/05/2023,"December 05, 2023",1,3790708,0.037197542264,0.000021902926,1,0,0,0,0
12092023,12/09/2023,"December 09, 2023",1,1802095,0.017859484949,0.000021902926,1,0,0,0,0
12172023,12/17/2023,"December 17, 2023",1,62441,0.000624155140,0.000021902926,1,0,0,0,0
12252023,12/25/2023,"December 25, 2023",1,9435630,0.090041459997,0.000021902926,2,1,0,0,0
12262023,12/26/2023,"December 26, 2023",1,8116658,0.077959860214,0.000021902926,1,0,0,0,0
01082024,01/08/2024,"January 08, 2024",1,3263185,0.032105117758,0.000021902926,0,1,0,0,0
01172024,01/17/2024,"January 17, 2024",1,6140848,0.059560933373,0.000021902926,0,1,0,0,0
01272024,01/27/2024,"January 27, 2024",1,8772217,0.083984607930,0.000021902926,0,1,0,0,0
02182024,02/18/2024,"February 18, 2024",1,4767980,0.046560913867,0.000021902926,0,1,0,0,0
03082024,03/08/2024,"March 08, 2024",1,3144535,0.030956028906,0.000021902926,0,1,0,0,0
03122024,03/12/2024,"March 12, 2024",1,8846295,0.084662922547,0.000021902926,0,1,0,0,0
03282024,03/28/2024,"March 28, 2024",1,6595869,0.063830407792,0.000021902926,0,1,0,0,0
04082024,04/08/2024,"April 08, 2024",1,5046699,0.049214629856,0.000021902926,0,1,0,0,0
04112024,04/11/2024,"April 11, 2024",1,751399,0.007485771075,0.000021902926,0,1,0,0,0
04162024,04/16/2024,"April 16, 2024",1,6253777,0.060622362374,0.000021902926,0,2,0,0,0
04212024,04/21/2024,"April 21, 2024",1,7308122,0.070474613997,0.000021902926,0,1,0,0,0
04252024,04/25/2024,"April 25, 2024",1,1535338,0.015236058818,0.000021902926,0,1,0,0,0
05022024,05/02/2024,"May 02, 2024",1,3078066,0.030311700947,0.000021902926,0,1,0,0,0
05252024,05/25/2024,"May 25, 2024",1,7751457,0.074586404171,0.000021902926,0,1,0,0,0
06042024,06/04/2024,"June 04, 2024",1,4017156,0.039375322495,0.000021902926,0,1,0,0,0
06102024,06/10/2024,"June 10, 2024",1,7706547,0.074170707583,0.000021902926,0,1,0,0,0
06212024,06/21/2024,"June 21, 2024",1,8363816,0.080235942288,0.000021902926,0,1,0,0,0
07262024,07/26/2024,"July 26, 2024",1,8856288,0.084754387612,0.000021902926,0,1,0,0,0
08052024,08/05/2024,"August 05, 2024",1,9025072,0.086297872837,0.000021902926,0,1,0,0,0
08282024,08/28/2024,"August 28, 2024",1,1640302,0.016269164162,0.000021902926,0,1,0,0,0
08312024,08/31/2024,"August 31, 2024",1,8672019,0.083066318841,0.000021902926,0,1,0,0,0
09022024,09/02/2024,"September 02, 2024",1,5487955,0.053400784769,0.000021902926,0,1,0,0,0
09032024,09/03/2024,"September 03, 2024",1,9786109,0.093225091382,0.000021902926,0,1,0,0,0
09062024,09/06/2024,"September 06, 2024",1,3856809,0.037833754028,0.000021902926,0,1,0,0,0
10012024,10/01/2024,"October 01, 2024",1,4460080,0.043620750833,0.000021902926,1,0,0,0,0
10082024,10/08/2024,"October 08, 2024",1,7172865,0.069216515192,0.000021902926,1,0,0,0,0
10172024,10/17/2024,"October 17, 2024",1,9512017,0.090736284623,0.000021902926,1,0,0,0,0
10242024,10/24/2024,"October 24, 2024",1,9574144,0.091301007456,0.000021902926,1,0,0,0,0
11092024,11/09/2024,"November 09, 2024",1,5762857,0.055999431467,0.000021902926,1,0,0,0,0
12132024,12/13/2024,"December 13, 2024",2,5760916,0.055981108238,0.000021902926,2,0,0,0,0
12202024,12/20/2024,"December 20, 2024",1,7164567,0.069139275573,0.000021902926,2,0,0,0,0
