pi_digits_20241026_163411_Birthday (MMDDYYYY),pi_digits_20241026_163411_Birthday (MM/DD/YYYY),"pi_digits_20241026_163411_Birthday (Month Day, Year)",pi_digits_20241026_163411_FirstIdx,pi_digits_20241026_163411_Count,pi_digits_20241026_163411_Odds (by position),e_digits_FirstIdx,e_digits_Count,e_digits_Odds (by position)
01061900,01/06/1900,"January 06, 1900",3077586,1,0.030307114311,0,2,0.000000010000
01101900,01/10/1900,"January 10, 1900",6334292,1,0.061378463588,43,2,0.000000440000
01201900,01/20/1900,"January 20, 1900",6459848,1,0.062556219730,86,2,0.000000870000
01301900,01/30/1900,"January 30, 1900",6358251,1,0.061603320987,129,2,0.000001299999
01311900,01/31/1900,"January 31, 1900",1798114,1,0.017820453909,172,2,0.000001729999
02021900,02/02/1900,"February 02, 1900",4473379,1,0.043747998191,215,2,0.000002159998
02081900,02/08/1900,"February 08, 1900",3933359,1,0.038570077759,258,2,0.000002589997
02141900,02/14/1900,"February 14, 1900",1897999,1,0.018801014160,301,2,0.000003019995
03011900,03/01/1900,"March 01, 1900",1082625,1,0.010767867071,344,2,0.000003449994
03151900,03/15/1900,"March 15, 1900",9064312,1,0.086656403154,387,2,0.000003879993
04011900,04/01/1900,"April 01, 1900",161924,1,0.001617939738,430,2,0.000004309991
04101900,04/10/1900,"April 10, 1900",6302700,1,0.061081887425,472,2,0.000004729989
04281900,04/28/1900,"April 28, 1900",6361901,1,0.061637571841,515,2,0.000005159987
05271900,05/27/1900,"May 27, 1900",6287115,1,0.060935545632,558,2,0.000005589984
05311900,05/31/1900,"May 31, 1900",7404001,1,0.071365471545,601,2,0.000006019982
06081900,06/08/1900,"June 08, 1900",3811337,1,0.037396205682,644,2,0.000006449979
06131900,06/13/1900,"June 13, 1900",2144292,1,0.021214665056,687,2,0.000006879976
06151900,06/15/1900,"June 15, 1900",4974131,1,0.048524480118,730,2,0.000007309973
06171900,06/17/1900,"June 17, 1900",4714610,1,0.046051994387,773,2,0.000007739970
07041900,07/04/1900,"July 04, 1900",4253010,1,0.041638391590,816,2,0.000008169967
07081900,07/08/1900,"July 08, 1900",4417446,1,0.043212988144,859,2,0.000008599963
07131900,07/13/1900,"July 13, 1900",743726,1,0.007409682017,902,2,0.000009029959
07161900,07/16/1900,"July 16, 1900",8119819,1,0.077989069983,944,2,0.000009449955
07221900,07/22/1900,"July 22, 1900",7838970,1,0.075395971840,987,2,0.000009879951
07261900,07/26/1900,"July 26, 1900",14854,1,0.000148538968,1030,2,0.000010309947
07301900,07/30/1900,"July 30, 1900",69510,1,0.000694868474,1071,2,0.000010719943
08101900,08/10/1900,"August 10, 1900",635027,1,0.006330159648,1112,2,0.000011129938
08131900,08/13/1900,"August 13, 1900",4315679,2,0.042238799078,1154,2,0.000011549933
08181900,08/18/1900,"August 18, 1900",7125659,1,0.068777090996,1197,2,0.000011979928
08221900,08/22/1900,"August 22, 1900",8286492,1,0.079524533319,1240,2,0.000012409923
08251900,08/25/1900,"August 25, 1900",621574,1,0.006196472251,1283,2,0.000012839918
09071900,09/07/1900,"September 07, 1900",9552645,1,0.091105688878,1325,2,0.000013259912
09161900,09/16/1900,"September 16, 1900",9491134,1,0.090546446913,1368,2,0.000013689906
09261900,09/26/1900,"September 26, 1900",3466189,1,0.034068057691,1411,2,0.000014119900
10271900,10/27/1900,"October 27, 1900",8635369,1,0.082730265263,1454,2,0.000014549894
11091900,11/09/1900,"November 09, 1900",7859310,1,0.075584017176,1497,2,0.000014979888
11111900,11/11/1900,"November 11, 1900",1084152,1,0.010782972530,1540,2,0.000015409881
11161900,11/16/1900,"November 16, 1900",6269989,1,0.060774707680,1583,2,0.000015839875
11241900,11/24/1900,"November 24, 1900",8268108,1,0.079355297552,1626,2,0.000016269868
11301900,11/30/1900,"November 30, 1900",5191567,1,0.050591082866,1669,2,0.000016699861
12131900,12/13/1900,"December 13, 1900",1205364,1,0.011981295883,1712,2,0.000017129853
12151900,12/15/1900,"December 15, 1900",7858735,1,0.075578701769,1755,2,0.000017559846
12221900,12/22/1900,"December 22, 1900",6623748,1,0.064091431651,1798,2,0.000017989838
01101901,01/10/1901,"January 10, 1901",8859517,1,0.084784004481,1841,4,0.000018419831
01141901,01/14/1901,"January 14, 1901",8887786,1,0.085042690328,1884,6,0.000018849823
01191901,01/19/1901,"January 19, 1901",4066251,1,0.039846892644,1927,5,0.000019279814
01231901,01/23/1901,"January 23, 1901",9541001,1,0.090999851062,1970,3,0.000019709806
02041901,02/04/1901,"February 04, 1901",3272588,1,0.032196192382,2013,2,0.000020139797
02061901,02/06/1901,"February 06, 1901",7287369,1,0.070281754654,2056,2,0.000020569789
02201901,02/20/1901,"February 20, 1901",9603077,1,0.091563946898,2099,2,0.000020999780
02261901,02/26/1901,"February 26, 1901",4481563,1,0.043826254653,2142,2,0.000021429771
03141901,03/14/1901,"March 14, 1901",1260510,1,0.012525998478,2185,2,0.000021859761
03271901,03/27/1901,"March 27, 1901",4143099,1,0.040584467669,2228,2,0.000022289752
04061901,04/06/1901,"April 06, 1901",4780434,1,0.046679714510,2271,2,0.000022719742
04071901,04/07/1901,"April 07, 1901",2433917,1,0.024045370916,2314,2,0.000023149732
04151901,04/15/1901,"April 15, 1901",2980528,1,0.029365492895,2357,2,0.000023579722
05101901,05/10/1901,"May 10, 1901",8459830,1,0.081118685065,2400,2,0.000024009712
05271901,05/27/1901,"May 27, 1901",935121,1,0.009307633404,2443,2,0.000024439702
06111901,06/11/1901,"June 11, 1901",41962,1,0.000419541972,2485,2,0.000024859691
06211901,06/21/1901,"June 21, 1901",5272243,2,0.051356719128,2526,2,0.000025269681
07141901,07/14/1901,"July 14, 1901",1687043,1,0.016728931184,2569,2,0.000025699670
07251901,07/25/1901,"July 25, 1901",3683722,1,0.036166994676,2612,2,0.000026129659
09061901,09/06/1901,"September 06, 1901",3681287,1,0.036143525056,2655,2,0.000026559648
09091901,09/09/1901,"September 09, 1901",5814562,1,0.056487466849,2698,2,0.000026989636
09121901,09/12/1901,"September 12, 1901",4266491,1,0.041767579612,2741,2,0.000027419624
09181901,09/18/1901,"September 18, 1901",8170831,1,0.078459286260,2784,2,0.000027849612
09261901,09/26/1901,"September 26, 1901",8605895,1,0.082459869332,2827,2,0.000028279600
11091901,11/09/1901,"November 09, 1901",1410963,1,0.014010565685,2870,2,0.000028709588
11151901,11/15/1901,"November 15, 1901",2505468,1,0.024743426457,2913,2,0.000029139576
11251901,11/25/1901,"November 25, 1901",1309023,1,0.013004935563,2956,2,0.000029569563
11271901,11/27/1901,"November 27, 1901",9411682,1,0.089823580741,2999,3,0.000029999550
12071901,12/07/1901,"December 07, 1901",5054137,1,0.049285413193,3042,2,0.000030429537
12111901,12/11/1901,"December 11, 1901",4696516,1,0.045879371416,3085,2,0.000030859524
12141901,12/14/1901,"December 14, 1901",3772079,1,0.037018232493,3128,2,0.000031289511
12151901,12/15/1901,"December 15, 1901",7153323,1,0.069034668875,3171,2,0.000031719497
12161901,12/16/1901,"December 16, 1901",3020369,1,0.029752126368,3214,2,0.000032149484
12181901,12/18/1901,"December 18, 1901",756805,1,0.007539494417,3257,2,0.000032579470
01021902,01/02/1902,"January 02, 1902",3458400,1,0.033992818321,3299,2,0.000032999456
01061902,01/06/1902,"January 06, 1902",9169035,1,0.087612383326,3342,2,0.000033429442
01261902,01/26/1902,"January 26, 1902",4217580,1,0.041298783911,3385,2,0.000033859427
01271902,01/27/1902,"January 27, 1902",9907154,1,0.094322096448,3428,2,0.000034289412
01281902,01/28/1902,"January 28, 1902",3824018,1,0.037518265731,3471,2,0.000034719398
02051902,02/05/1902,"February 05, 1902",4978453,1,0.048565602001,3514,5,0.000035149383
02101902,02/10/1902,"February 10, 1902",6887750,1,0.066558990379,3557,5,0.000035579367
02231902,02/23/1902,"February 23, 1902",3863837,2,0.037901440044,3600,4,0.000036009352
02281902,02/28/1902,"February 28, 1902",4552729,1,0.044506483193,3485,5,0.000034859393
03281902,03/28/1902,"March 28, 1902",5228042,1,0.050937316624,3686,2,0.000036869321
04161902,04/16/1902,"April 16, 1902",2142154,1,0.021193738402,3729,2,0.000037299305
04301902,04/30/1902,"April 30, 1902",4039017,2,0.039585368934,3772,2,0.000037729289
05031902,05/03/1902,"May 03, 1902",2696688,1,0.026606530215,3815,2,0.000038159272
05051902,05/05/1902,"May 05, 1902",4694400,1,0.045859182010,3858,2,0.000038589256
05061902,05/06/1902,"May 06, 1902",154249,2,0.001541310974,3901,2,0.000039019239
05121902,05/12/1902,"May 12, 1902",9092065,1,0.086909848234,3943,2,0.000039439223
05301902,05/30/1902,"May 30, 1902",5097018,1,0.049693001724,3986,2,0.000039869206
06031902,06/03/1902,"June 03, 1902",7886514,1,0.075835461100,4029,2,0.000040299188
06171902,06/17/1902,"June 17, 1902",5301283,1,0.051632165143,4072,2,0.000040729171
06211902,06/21/1902,"June 21, 1902",7458793,1,0.071874149611,4115,2,0.000041159153
07081902,07/08/1902,"July 08, 1902",3376854,1,0.033204756824,4158,2,0.000041589136
07181902,07/18/1902,"July 18, 1902",4663741,1,0.045566607125,4201,2,0.000042019118
08101902,08/10/1902,"August 10, 1902",4979891,1,0.048579283530,4244,2,0.000042449099
08201902,08/20/1902,"August 20, 1902",5531468,1,0.053812655122,4287,2,0.000042879081
09101902,09/10/1902,"September 10, 1902",3592026,1,0.035282793028,4330,2,0.000043309063
09121902,09/12/1902,"September 12, 1902",4414665,1,0.043186379527,4373,2,0.000043739044
09241902,09/24/1902,"September 24, 1902",5434253,1,0.052892371831,4416,2,0.000044169025
10061902,10/06/1902,"October 06, 1902",5733210,1,0.055719588225,4459,2,0.000044599006
11051902,11/05/1902,"November 05, 1902",2172305,2,0.021488813794,4502,2,0.000045028987
11121902,11/12/1902,"November 12, 1902",6508692,1,0.063013992968,4545,2,0.000045458967
11141902,11/14/1902,"November 14, 1902",1030927,1,0.010256321619,4588,2,0.000045888948
11201902,11/20/1902,"November 20, 1902",6073212,1,0.058924708719,4631,2,0.000046318928
12231902,12/23/1902,"December 23, 1902",5525344,1,0.053754708834,4674,2,0.000046748908
12251902,12/25/1902,"December 25, 1902",2851445,1,0.028111759737,4717,2,0.000047178888
12291902,12/29/1902,"December 29, 1902",5782012,1,0.056180303528,4760,2,0.000047608867
12311902,12/31/1902,"December 31, 1902",8094643,1,0.077756915287,4803,2,0.000048038847
01071903,01/07/1903,"January 07, 1903",9945149,1,0.094666143407,4846,2,0.000048468826
01181903,01/18/1903,"January 18, 1903",8898044,1,0.085136541836,4889,2,0.000048898805
01291903,01/29/1903,"January 29, 1903",991331,1,0.009864345110,4932,2,0.000049328784
02151903,02/15/1903,"February 15, 1903",9476185,1,0.090410482538,4974,2,0.000049748763
02211903,02/21/1903,"February 21, 1903",3093746,1,0.030463804022,5017,2,0.000050178742
02271903,02/27/1903,"February 27, 1903",1129015,1,0.011226665435,5060,2,0.000050608720
02281903,02/28/1903,"February 28, 1903",288020,2,0.002876066203,5103,2,0.000051038698
03031903,03/03/1903,"March 03, 1903",5797941,1,0.056330632596,5145,3,0.000051458676
03131903,03/13/1903,"March 13, 1903",508434,1,0.005071446621,5188,4,0.000051888654
03261903,03/26/1903,"March 26, 1903",8525327,1,0.081720327716,5230,3,0.000052308632
04041903,04/04/1903,"April 04, 1903",5322323,1,0.051831680748,5273,2,0.000052738610
04191903,04/19/1903,"April 19, 1903",7268262,1,0.070104096415,5316,2,0.000053168587
04231903,04/23/1903,"April 23, 1903",8732513,1,0.083620905111,5359,2,0.000053598564
04241903,04/24/1903,"April 24, 1903",6625872,1,0.064111310138,5402,2,0.000054028541
04271903,04/27/1903,"April 27, 1903",2246109,1,0.022210727764,5445,2,0.000054458518
05251903,05/25/1903,"May 25, 1903",2579880,1,0.025468864446,5488,2,0.000054888494
05281903,05/28/1903,"May 28, 1903",1677429,1,0.016634394958,5531,2,0.000055318470
06111903,06/11/1903,"June 11, 1903",5007012,1,0.048837283357,5574,2,0.000055748447
06251903,06/25/1903,"June 25, 1903",6946662,1,0.067108737203,5617,2,0.000056178422
06271903,06/27/1903,"June 27, 1903",3646153,1,0.035804824223,5660,2,0.000056608398
07021903,07/02/1903,"July 02, 1903",5675395,1,0.055173494653,5703,2,0.000057038374
07111903,07/11/1903,"July 11, 1903",4160727,1,0.040753578535,5746,2,0.000057468349
07301903,07/30/1903,"July 30, 1903",3685492,1,0.036184054369,5789,2,0.000057898324
08121903,08/12/1903,"August 12, 1903",5340485,1,0.052003871442,5832,2,0.000058328299
08271903,08/27/1903,"August 27, 1903",7652553,1,0.073670745173,5875,2,0.000058758274
09051903,09/05/1903,"September 05, 1903",9631248,1,0.091819826377,5918,2,0.000059188249
09081903,09/08/1903,"September 08, 1903",8377138,1,0.080358529470,5961,2,0.000059618223
09151903,09/15/1903,"September 15, 1903",7657199,1,0.073713781431,6004,2,0.000060048198
10111903,10/11/1903,"October 11, 1903",5724466,1,0.055637016735,6047,2,0.000060478172
10161903,10/16/1903,"October 16, 1903",1690975,1,0.016767592643,6090,2,0.000060908146
10201903,10/20/1903,"October 20, 1903",6831562,1,0.066034361164,6133,2,0.000061338119
10231903,10/23/1903,"October 23, 1903",7142409,1,0.068933057773,6176,2,0.000061768093
12041903,12/04/1903,"December 04, 1903",4713630,1,0.046042645650,6219,2,0.000062198066
12101903,12/10/1903,"December 10, 1903",8069457,1,0.077524609888,6262,2,0.000062628039
12131903,12/13/1903,"December 13, 1903",897905,1,0.008938868714,6305,2,0.000063058012
12191903,12/19/1903,"December 19, 1903",1565450,2,0.015532615210,6347,2,0.000063477986
12311903,12/31/1903,"December 31, 1903",6726199,1,0.065049788341,6390,2,0.000063907958
01051904,01/05/1904,"January 05, 1904",7605631,1,0.073235990966,6433,2,0.000064337931
01081904,01/08/1904,"January 08, 1904",4840159,1,0.047248915062,6476,2,0.000064767903
01101904,01/10/1904,"January 10, 1904",9720663,1,0.092631512749,6519,2,0.000065197875
01181904,01/18/1904,"January 18, 1904",5816778,1,0.056508374855,6562,2,0.000065627847
01211904,01/21/1904,"January 21, 1904",4282744,1,0.041923308473,6605,2,0.000066057819
01311904,01/31/1904,"January 31, 1904",619314,1,0.006174012037,6648,2,0.000066487790
02251904,02/25/1904,"February 25, 1904",7424866,1,0.071559210929,6690,2,0.000066907762
03111904,03/11/1904,"March 11, 1904",8878431,1,0.084957092067,6733,2,0.000067337733
03181904,03/18/1904,"March 18, 1904",2416752,1,0.023877833924,6776,2,0.000067767704
04011904,04/01/1904,"April 01, 1904",4849578,1,0.047338650461,6819,5,0.000068197675
04101904,04/10/1904,"April 10, 1904",2583131,1,0.025500545939,6533,5,0.000065337866
04121904,04/12/1904,"April 12, 1904",9486687,1,0.090506002614,6905,4,0.000069057616
04181904,04/18/1904,"April 18, 1904",4937298,2,0.048173958586,6576,5,0.000065767838
04191904,04/19/1904,"April 19, 1904",7738415,1,0.074465768645,6991,6,0.000069917556
04211904,04/21/1904,"April 21, 1904",2034558,1,0.020140015226,6619,6,0.000066197809
04281904,04/28/1904,"April 28, 1904",8760646,1,0.083878673784,7077,4,0.000070777496
04291904,04/29/1904,"April 29, 1904",1348770,1,0.013397158541,7120,5,0.000071207465
05151904,05/15/1904,"May 15, 1904",2649785,1,0.026149872386,7163,2,0.000071637435
05171904,05/17/1904,"May 17, 1904",2144562,1,0.021217307773,7206,2,0.000072067404
05221904,05/22/1904,"May 22, 1904",837032,1,0.008335396408,7249,2,0.000072497373
06061904,06/06/1904,"June 06, 1904",8734569,1,0.083639745672,7291,2,0.000072917342
06081904,06/08/1904,"June 08, 1904",3550931,1,0.034886261016,7334,2,0.000073347311
06201904,06/20/1904,"June 20, 1904",1301240,1,0.012928114747,7377,2,0.000073777279
07011904,07/01/1904,"July 01, 1904",9989309,1,0.095065850580,7420,2,0.000074207247
07021904,07/02/1904,"July 02, 1904",4698544,2,0.045898720786,7463,2,0.000074637215
07291904,07/29/1904,"July 29, 1904",7392658,2,0.071260130556,7506,2,0.000075067183
07301904,07/30/1904,"July 30, 1904",8275370,1,0.079422152344,7549,2,0.000075497151
08201904,08/20/1904,"August 20, 1904",1601294,1,0.015885424469,7592,2,0.000075927118
08291904,08/29/1904,"August 29, 1904",749202,1,0.007464034775,7635,2,0.000076357085
09121904,09/12/1904,"September 12, 1904",1762810,1,0.017473644023,7677,2,0.000076777053
09161904,09/16/1904,"September 16, 1904",2941812,1,0.028989629280,7720,2,0.000077207020
09211904,09/21/1904,"September 21, 1904",2806375,1,0.027673630978,7763,2,0.000077636987
09281904,09/28/1904,"September 28, 1904",4768493,1,0.046565871737,7806,2,0.000078066953
10191904,10/19/1904,"October 19, 1904",1926174,1,0.019077428036,7849,2,0.000078496920
11011904,11/01/1904,"November 01, 1904",6418367,1,0.062167278009,7892,2,0.000078926886
11101904,11/10/1904,"November 10, 1904",3816846,1,0.037449234065,7935,2,0.000079356852
11271904,11/27/1904,"November 27, 1904",2523746,2,0.024921667566,7978,2,0.000079786818
12211904,12/21/1904,"December 21, 1904",420566,1,0.004196838597,8021,2,0.000080216783
12231904,12/23/1904,"December 23, 1904",1463363,1,0.014527088813,8063,2,0.000080636749
02081905,02/08/1905,"February 08, 1905",3086046,2,0.030389146860,8106,2,0.000081066715
02261905,02/26/1905,"February 26, 1905",3453012,1,0.033940768451,8149,2,0.000081496680
03051905,03/05/1905,"March 05, 1905",7887637,1,0.075845839409,8192,2,0.000081926645
03131905,03/13/1905,"March 13, 1905",174823,1,0.001746712736,8235,2,0.000082356609
03141905,03/14/1905,"March 14, 1905",7857052,1,0.075563143627,8277,2,0.000082776575
03261905,03/26/1905,"March 26, 1905",2941657,2,0.028988124213,8320,2,0.000083206539
03291905,03/29/1905,"March 29, 1905",9452234,1,0.090192600659,8363,2,0.000083636503
04201905,04/20/1905,"April 20, 1905",7768605,1,0.074745145259,8406,2,0.000084066467
04221905,04/22/1905,"April 22, 1905",3966327,1,0.038886989736,8449,2,0.000084496431
05021905,05/02/1905,"May 02, 1905",6630253,1,0.064152310524,8492,3,0.000084926394
06281905,06/28/1905,"June 28, 1905",2531652,1,0.024998754212,8535,2,0.000085356358
06301905,06/30/1905,"June 30, 1905",6644050,1,0.064281420524,8578,2,0.000085786321
07121905,07/12/1905,"July 12, 1905",1070900,2,0.010651872802,8621,2,0.000086216284
07201905,07/20/1905,"July 20, 1905",3470215,1,0.034106945328,8664,2,0.000086646247
07261905,07/26/1905,"July 26, 1905",9823832,1,0.093567153025,8707,2,0.000087076210
08201905,08/20/1905,"August 20, 1905",6733397,1,0.065117083636,8750,3,0.000087506172
08281905,08/28/1905,"August 28, 1905",1703040,1,0.016886212478,8793,2,0.000087936134
08291905,08/29/1905,"August 29, 1905",84811,1,0.000847760456,8836,2,0.000088366096
09131905,09/13/1905,"September 13, 1905",2954369,1,0.029111551399,8877,2,0.000088776060
10161905,10/16/1905,"October 16, 1905",9459250,1,0.090256430507,8920,2,0.000089206022
10211905,10/21/1905,"October 21, 1905",3228526,1,0.031769664703,8963,2,0.000089635983
10311905,10/31/1905,"October 31, 1905",7423443,1,0.071545999123,9006,2,0.000090065945
11171905,11/17/1905,"November 17, 1905",9841141,1,0.093724033910,9049,2,0.000090495906
11201905,11/20/1905,"November 20, 1905",53219,1,0.000532058412,9092,2,0.000090925867
11241905,11/24/1905,"November 24, 1905",2736320,2,0.026992229083,9133,2,0.000091335830
11261905,11/26/1905,"November 26, 1905",2338035,1,0.023109157331,9176,2,0.000091765790
12261905,12/26/1905,"December 26, 1905",8784400,1,0.084096263402,9219,2,0.000092195751
01011906,01/01/1906,"January 01, 1906",9649409,1,0.091984746004,9262,2,0.000092625711
01061906,01/06/1906,"January 06, 1906",2013962,1,0.019938182477,9305,2,0.000093055671
01091906,01/09/1906,"January 09, 1906",780627,1,0.007775890203,9348,2,0.000093485631
01241906,01/24/1906,"January 24, 1906",1063895,1,0.010582566537,9390,2,0.000093905592
01271906,01/27/1906,"January 27, 1906",2991789,1,0.029474789894,9433,2,0.000094335551
02041906,02/04/1906,"February 04, 1906",8123986,1,0.078027489379,9476,2,0.000094765510
02061906,02/06/1906,"February 06, 1906",8199228,1,0.078720939027,9519,2,0.000095195470
02141906,02/14/1906,"February 14, 1906",3016073,1,0.029710443624,9562,2,0.000095625429
02181906,02/18/1906,"February 18, 1906",4363741,1,0.042699007670,9605,2,0.000096055387
02261906,02/26/1906,"February 26, 1906",4793909,1,0.046808165765,9648,2,0.000096485346
03171906,03/17/1906,"March 17, 1906",8521928,1,0.081689114859,9691,2,0.000096915304
03181906,03/18/1906,"March 18, 1906",8009820,1,0.076974309159,9734,2,0.000097345263
04131906,04/13/1906,"April 13, 1906",5053643,1,0.049280716651,9777,2,0.000097775221
04301906,04/30/1906,"April 30, 1906",5131242,1,0.050018179147,9820,2,0.000098205179
06281906,06/28/1906,"June 28, 1906",5711111,1,0.055510888636,9863,3,0.000098635136
06301906,06/30/1906,"June 30, 1906",2023263,1,0.020029333789,9834,5,0.000098345165
07111906,07/11/1906,"July 11, 1906",4396417,1,0.043011764244,9949,2,0.000099495051
09061906,09/06/1906,"September 06, 1906",4155690,1,0.040705260075,9992,2,0.000099925008
09131906,09/13/1906,"September 13, 1906",8282716,1,0.079489775509,10035,2,0.000100354965
09181906,09/18/1906,"September 18, 1906",9210310,1,0.087988893611,10078,2,0.000100784922
09191906,09/19/1906,"September 19, 1906",7143636,1,0.068944481894,10121,2,0.000101214878
10141906,10/14/1906,"October 14, 1906",4623875,1,0.045186036851,10164,2,0.000101644835
10301906,10/30/1906,"October 30, 1906",5993335,1,0.058172705702,10207,2,0.000102074791
11051906,11/05/1906,"November 05, 1906",9121739,1,0.087180758411,10250,2,0.000102504747
11071906,11/07/1906,"November 07, 1906",9116237,1,0.087130533715,10293,2,0.000102934703
11081906,11/08/1906,"November 08, 1906",8132084,1,0.078102147690,10336,2,0.000103364659
11231906,11/23/1906,"November 23, 1906",3402968,1,0.033457192774,10379,2,0.000103794614
12031906,12/03/1906,"December 03, 1906",6241522,1,0.060507300354,10422,2,0.000104224569
12201906,12/20/1906,"December 20, 1906",3193005,1,0.031425678512,10465,2,0.000104654524
01101907,01/10/1907,"January 10, 1907",2605767,1,0.025721108673,10508,2,0.000105084479
01201907,01/20/1907,"January 20, 1907",3128716,1,0.030802791557,10551,2,0.000105514434
02081907,02/08/1907,"February 08, 1907",2071113,1,0.020498137587,10594,2,0.000105944389
03281907,03/28/1907,"March 28, 1907",1674817,1,0.016608709113,10637,2,0.000106374343
04291907,04/29/1907,"April 29, 1907",8989165,2,0.085969794884,10680,2,0.000106804297
05291907,05/29/1907,"May 29, 1907",3689467,1,0.036222365292,10723,2,0.000107234251
05301907,05/30/1907,"May 30, 1907",4401272,1,0.043058224896,10766,2,0.000107664205
06301907,06/30/1907,"June 30, 1907",504572,1,0.005033021738,10809,2,0.000108094158
07011907,07/01/1907,"July 01, 1907",3153833,1,0.031046194254,10851,3,0.000108514113
07061907,07/06/1907,"July 06, 1907",4167859,1,0.040821989551,10894,3,0.000108944066
07071907,07/07/1907,"July 07, 1907",1628491,1,0.016153037720,10937,3,0.000109374019
07111907,07/11/1907,"July 11, 1907",7157319,1,0.069071869506,10980,4,0.000109803972
08041907,08/04/1907,"August 04, 1907",3962959,1,0.038854618905,11023,2,0.000110233925
08151907,08/15/1907,"August 15, 1907",6960707,1,0.067239752581,11066,2,0.000110663877
08171907,08/17/1907,"August 17, 1907",5321275,1,0.051821743891,11109,2,0.000111093830
08181907,08/18/1907,"August 18, 1907",936477,1,0.009321067101,11152,2,0.000111523782
09031907,09/03/1907,"September 03, 1907",6626055,1,0.064113022813,11194,2,0.000111943735
09091907,09/09/1907,"September 09, 1907",8903088,1,0.085182686385,11237,2,0.000112373687
09111907,09/11/1907,"September 11, 1907",2966105,2,0.029225488182,11280,2,0.000112803638
09211907,09/21/1907,"September 21, 1907",8018374,1,0.077053261401,11323,2,0.000113233590
10241907,10/24/1907,"October 24, 1907",93843,1,0.000937999812,11366,2,0.000113663541
10311907,10/31/1907,"October 31, 1907",6214572,1,0.060254072948,11407,2,0.000114073494
11081907,11/08/1907,"November 08, 1907",3555166,1,0.034927132717,11450,2,0.000114503445
11131907,11/13/1907,"November 13, 1907",4659412,1,0.045525288809,11493,2,0.000114933396
11291907,11/29/1907,"November 29, 1907",6330439,1,0.061342297803,11536,2,0.000115363346
12161907,12/16/1907,"December 16, 1907",6190933,1,0.060031900147,11579,2,0.000115793297
12271907,12/27/1907,"December 27, 1907",7043232,1,0.068009195448,11622,2,0.000116223247
12291907,12/29/1907,"December 29, 1907",8943282,1,0.085550314173,11665,2,0.000116653197
01111908,01/11/1908,"January 11, 1908",7736004,1,0.074443453746,11708,2,0.000117083146
01131908,01/13/1908,"January 13, 1908",1777894,1,0.017621837123,11751,2,0.000117513096
01151908,01/15/1908,"January 15, 1908",6151223,1,0.059658564690,11794,2,0.000117943045
01191908,01/19/1908,"January 19, 1908",2716845,1,0.026802717365,11837,2,0.000118372995
03071908,03/07/1908,"March 07, 1908",2521481,1,0.024899581791,11880,2,0.000118802944
03161908,03/16/1908,"March 16, 1908",2228157,1,0.022035179275,11923,2,0.000119232892
03231908,03/23/1908,"March 23, 1908",5608028,1,0.054536778931,11966,2,0.000119662841
03241908,03/24/1908,"March 24, 1908",1944405,1,0.019256243731,12009,2,0.000120092789
04261908,04/26/1908,"April 26, 1908",7335471,2,0.070728860187,12052,2,0.000120522738
04271908,04/27/1908,"April 27, 1908",8565935,1,0.082093147026,12095,2,0.000120952686
04281908,04/28/1908,"April 28, 1908",810053,1,0.008067819119,12138,2,0.000121382634
04291908,04/29/1908,"April 29, 1908",2678775,1,0.026432150623,12180,2,0.000121802583
05091908,05/09/1908,"May 09, 1908",5242735,1,0.051076752162,12223,2,0.000122232530
05121908,05/12/1908,"May 12, 1908",1117125,1,0.011109093295,12266,2,0.000122662478
05251908,05/25/1908,"May 25, 1908",3134423,1,0.030858102064,12309,2,0.000123092425
06121908,06/12/1908,"June 12, 1908",9867691,1,0.093964618242,12352,2,0.000123522372
06251908,06/25/1908,"June 25, 1908",4959968,1,0.048389713095,12395,2,0.000123952319
07021908,07/02/1908,"July 02, 1908",1635300,1,0.016220025579,12438,2,0.000124382265
07041908,07/04/1908,"July 04, 1908",4459402,1,0.043614333506,12481,2,0.000124812212
07291908,07/29/1908,"July 29, 1908",7582071,1,0.073017619640,12524,2,0.000125242158
08191908,08/19/1908,"August 19, 1908",6527072,1,0.063186195172,11851,5,0.000118512978
09101908,09/10/1908,"September 10, 1908",3331341,1,0.032764639153,12610,2,0.000126102050
09211908,09/21/1908,"September 21, 1908",2896006,1,0.028544746382,12653,2,0.000126531995
10061908,10/06/1908,"October 06, 1908",5752792,1,0.055904479114,12696,3,0.000126961941
10121908,10/12/1908,"October 12, 1908",5182350,1,0.050503571813,12739,2,0.000127391886
11051908,11/05/1908,"November 05, 1908",9645751,1,0.091951530199,12782,2,0.000127821831
11171908,11/17/1908,"November 17, 1908",510445,1,0.005091454433,12825,2,0.000128251776
11271908,11/27/1908,"November 27, 1908",6220778,1,0.060312391771,12867,2,0.000128671722
12061908,12/06/1908,"December 06, 1908",663700,1,0.006615033761,12910,2,0.000129101667
01111909,01/11/1909,"January 11, 1909",2289752,1,0.022637371234,12952,2,0.000129521613
01291909,01/29/1909,"January 29, 1909",4065992,1,0.039844405844,12995,2,0.000129951557
03121909,03/12/1909,"March 12, 1909",3369811,1,0.033136663036,13038,2,0.000130381501
03301909,03/30/1909,"March 30, 1909",6210905,1,0.060219611832,13081,2,0.000130811445
04261909,04/26/1909,"April 26, 1909",317237,1,0.003167353351,13124,2,0.000131241388
05021909,05/02/1909,"May 02, 1909",1019933,1,0.010147503217,13166,2,0.000131661333
05061909,05/06/1909,"May 06, 1909",4830384,1,0.047155779091,13209,2,0.000132091277
05091909,05/09/1909,"May 09, 1909",9321160,1,0.088999297812,13252,2,0.000132521220
05101909,05/10/1909,"May 10, 1909",5622797,1,0.054676404084,13295,2,0.000132951163
05151909,05/15/1909,"May 15, 1909",9682014,1,0.092280756121,13338,2,0.000133381105
05191909,05/19/1909,"May 19, 1909",6619339,1,0.064050166532,13381,2,0.000133811048
05211909,05/21/1909,"May 21, 1909",5864026,1,0.056954050488,13424,2,0.000134240990
05241909,05/24/1909,"May 24, 1909",5040856,1,0.049159140402,13467,2,0.000134670932
05251909,05/25/1909,"May 25, 1909",343125,1,0.003425379989,13510,2,0.000135100874
05311909,05/31/1909,"May 31, 1909",7990259,1,0.076793738442,13552,2,0.000135520818
06021909,06/02/1909,"June 02, 1909",5852876,1,0.056848895001,13595,2,0.000135950759
07171909,07/17/1909,"July 17, 1909",1258739,1,0.012508510159,13638,2,0.000136380701
07291909,07/29/1909,"July 29, 1909",69297,1,0.000692739952,13681,2,0.000136810642
08121909,08/12/1909,"August 12, 1909",8024380,1,0.077108691918,13722,2,0.000137220586
08301909,08/30/1909,"August 30, 1909",1414509,1,0.014045528250,13765,2,0.000137650527
09011909,09/01/1909,"September 01, 1909",6576361,1,0.063647827557,13808,4,0.000138080467
09041909,09/04/1909,"September 04, 1909",311249,1,0.003107661225,13851,3,0.000138510408
09071909,09/07/1909,"September 07, 1909",902797,1,0.008987350239,13893,4,0.000138930350
10011909,10/01/1909,"October 01, 1909",3498569,1,0.034380775825,13935,2,0.000139350291
10021909,10/02/1909,"October 02, 1909",4383687,1,0.042889931886,13978,2,0.000139780231
10111909,10/11/1909,"October 11, 1909",7959660,1,0.076511203331,14021,2,0.000140210171
10261909,10/26/1909,"October 26, 1909",2768551,1,0.027305788687,14064,2,0.000140640111
11071909,11/07/1909,"November 07, 1909",8923082,1,0.085365576677,14107,2,0.000141070050
11121909,11/12/1909,"November 12, 1909",1477041,1,0.014661872581,14150,2,0.000141499989
11131909,11/13/1909,"November 13, 1909",9781412,1,0.093182562641,14193,2,0.000141929928
11191909,11/19/1909,"November 19, 1909",3581477,1,0.035181019640,14236,2,0.000142359867
12061909,12/06/1909,"December 06, 1909",6789909,1,0.065645255421,14279,2,0.000142789806
12111909,12/11/1909,"December 11, 1909",3036818,1,0.029911709317,14322,2,0.000143219745
12161909,12/16/1909,"December 16, 1909",2173487,1,0.021500379728,14365,2,0.000143649683
12191909,12/19/1909,"December 19, 1909",1804047,1,0.017878724893,14408,2,0.000144079621
12311909,12/31/1909,"December 31, 1909",1815454,1,0.017990749079,14451,2,0.000144509559
01251910,01/25/1910,"January 25, 1910",819091,1,0.008157465899,14494,3,0.000144939497
02051910,02/05/1910,"February 05, 1910",9394527,1,0.089667426581,14536,2,0.000145359436
02261910,02/26/1910,"February 26, 1910",685369,1,0.006830267031,14579,2,0.000145789373
03011910,03/01/1910,"March 01, 1910",7074153,1,0.068297331778,14621,2,0.000146209312
03081910,03/08/1910,"March 08, 1910",51968,1,0.000519554990,14664,2,0.000146639249
04081910,04/08/1910,"April 08, 1910",7621164,1,0.073379934041,14705,2,0.000147049189
04151910,04/15/1910,"April 15, 1910",323062,1,0.003225417162,14748,2,0.000147479125
04191910,04/19/1910,"April 19, 1910",6696277,1,0.064769990678,14790,2,0.000147899063
04241910,04/24/1910,"April 24, 1910",9300959,1,0.088815247969,14833,2,0.000148329000
04301910,04/30/1910,"April 30, 1910",7056269,1,0.068130691171,14876,2,0.000148758936
05171910,05/17/1910,"May 17, 1910",2256470,1,0.022312031263,14919,2,0.000149188872
06091910,06/09/1910,"June 09, 1910",4969410,1,0.048479559897,14962,2,0.000149618807
06251910,06/25/1910,"June 25, 1910",5250804,1,0.051153317690,15005,2,0.000150048743
06271910,06/27/1910,"June 27, 1910",2225279,1,0.022007033042,15048,2,0.000150478678
07221910,07/22/1910,"July 22, 1910",2021398,1,0.020011057165,15091,2,0.000150908614
07241910,07/24/1910,"July 24, 1910",3079751,1,0.030328107935,15134,2,0.000151338549
08081910,08/08/1910,"August 08, 1910",2673247,1,0.026378330304,15177,2,0.000151768484
08291910,08/29/1910,"August 29, 1910",3593597,1,0.035297948616,15220,2,0.000152198418
09101910,09/10/1910,"September 10, 1910",4534259,1,0.044329987240,15263,2,0.000152628353
09111910,09/11/1910,"September 11, 1910",2891406,1,0.028500058412,15306,2,0.000153058287
09241910,09/24/1910,"September 24, 1910",7570120,1,0.072906829355,15349,2,0.000153488221
09271910,09/27/1910,"September 27, 1910",6512222,1,0.063047067991,15392,2,0.000153918155
10071910,10/07/1910,"October 07, 1910",7749000,1,0.074563731260,15435,4,0.000154348089
10111910,10/11/1910,"October 11, 1910",1410251,1,0.014003545415,15320,4,0.000153198265
10241910,10/24/1910,"October 24, 1910",7831695,1,0.075328704449,14847,6,0.000148468979
11011910,11/01/1910,"November 01, 1910",2799478,1,0.027606567315,15564,2,0.000155637889
11021910,11/02/1910,"November 02, 1910",4116700,1,0.040331158126,15607,2,0.000156067822
11071910,11/07/1910,"November 07, 1910",1354554,1,0.013454222000,15650,2,0.000156497755
11281910,11/28/1910,"November 28, 1910",9025647,1,0.086303190568,15693,2,0.000156927687
12021910,12/02/1910,"December 02, 1910",8773452,1,0.083995984771,15736,2,0.000157357620
12191910,12/19/1910,"December 19, 1910",9958734,1,0.094789124659,15779,2,0.000157787552
01041911,01/04/1911,"January 04, 1911",4988331,1,0.048659580050,15822,2,0.000158217484
01081911,01/08/1911,"January 08, 1911",5843923,1,0.056764450902,15865,2,0.000158647416
01111911,01/11/1911,"January 11, 1911",7097839,1,0.068517988741,15908,2,0.000159077347
01131911,01/13/1911,"January 13, 1911",5749356,1,0.055872039434,15951,2,0.000159507279
02111911,02/11/1911,"February 11, 1911",1671566,1,0.016576738542,15994,2,0.000159937210
02241911,02/24/1911,"February 24, 1911",3890234,1,0.038155371686,16037,2,0.000160367141
02251911,02/25/1911,"February 25, 1911",8233388,1,0.079035594211,16080,2,0.000160797072
03201911,03/20/1911,"March 20, 1911",5270162,1,0.051336977656,16123,2,0.000161227003
03211911,03/21/1911,"March 21, 1911",698374,1,0.006959420358,16166,2,0.000161656934
03241911,03/24/1911,"March 24, 1911",9830297,1,0.093625752015,16208,2,0.000162076866
03291911,03/29/1911,"March 29, 1911",3021412,1,0.029762246001,16251,2,0.000162506796
04041911,04/04/1911,"April 04, 1911",7539519,1,0.072623086159,16294,2,0.000162936726
04091911,04/09/1911,"April 09, 1911",7387249,1,0.071209893657,16337,2,0.000163366656
04111911,04/11/1911,"April 11, 1911",5324163,1,0.051849126884,16380,2,0.000163796586
04131911,04/13/1911,"April 13, 1911",3211353,1,0.031603376227,16423,2,0.000164226515
04201911,04/20/1911,"April 20, 1911",5790022,1,0.056255900459,16466,2,0.000164656444
04221911,04/22/1911,"April 22, 1911",507291,1,0.005060074523,16509,2,0.000165086373
05121911,05/12/1911,"May 12, 1911",675426,1,0.006731511254,16551,2,0.000165506304
05201911,05/20/1911,"May 20, 1911",3176644,1,0.031267197101,16593,2,0.000165926234
05221911,05/22/1911,"May 22, 1911",2453655,1,0.024237985833,16636,2,0.000166356163
05311911,05/31/1911,"May 31, 1911",1129113,1,0.011227634433,16679,2,0.000166786091
06171911,06/17/1911,"June 17, 1911",1922618,1,0.019042545809,16722,2,0.000167216020
06191911,06/19/1911,"June 19, 1911",2668854,1,0.026335558164,16765,2,0.000167645948
06291911,06/29/1911,"June 29, 1911",7097892,1,0.068518482426,16808,2,0.000168075875
07051911,07/05/1911,"July 05, 1911",3996170,1,0.039173771901,16851,2,0.000168505803
07201911,07/20/1911,"July 20, 1911",5670675,1,0.055128897789,16894,2,0.000168935730
07301911,07/30/1911,"July 30, 1911",9197808,1,0.087874866853,16937,2,0.000169365658
08131911,08/13/1911,"August 13, 1911",3213462,1,0.031623799497,16980,2,0.000169795585
08181911,08/18/1911,"August 18, 1911",3500189,1,0.034396418730,17023,2,0.000170225512
08271911,08/27/1911,"August 27, 1911",1990990,1,0.019713016813,17066,2,0.000170655438
08281911,08/28/1911,"August 28, 1911",445465,1,0.004444752763,17109,2,0.000171085365
08301911,08/30/1911,"August 30, 1911",5871517,1,0.057024691415,17151,2,0.000171505293
09261911,09/26/1911,"September 26, 1911",1031485,1,0.010261844374,17194,2,0.000171935219
10011911,10/01/1911,"October 01, 1911",9510226,1,0.090720063213,17237,2,0.000172365145
10111911,10/11/1911,"October 11, 1911",2786722,1,0.027482520896,17280,2,0.000172795071
10131911,10/13/1911,"October 13, 1911",5821608,1,0.056553944401,17323,2,0.000173224997
10211911,10/21/1911,"October 21, 1911",7443193,1,0.071729350683,17366,2,0.000173654922
10221911,10/22/1911,"October 22, 1911",3287817,1,0.032343568003,17409,2,0.000174084847
11071911,11/07/1911,"November 07, 1911",5842658,1,0.056752518897,17452,3,0.000174514772
11091911,11/09/1911,"November 09, 1911",9421395,1,0.089911981884,16351,4,0.000163506633
11131911,11/13/1911,"November 13, 1911",9863843,1,0.093929753330,15965,7,0.000159647257
11181911,11/18/1911,"November 18, 1911",6395097,1,0.061949018939,17037,4,0.000170365488
12051911,12/05/1911,"December 05, 1911",2082282,1,0.020607532042,17624,2,0.000176234471
01011912,01/01/1912,"January 01, 1912",2277454,1,0.022517167785,17667,2,0.000176664395
01081912,01/08/1912,"January 08, 1912",2981039,1,0.029370452824,17710,2,0.000177094319
01201912,01/20/1912,"January 20, 1912",5329230,1,0.051897168472,17753,2,0.000177524242
01231912,01/23/1912,"January 23, 1912",3501226,1,0.034406431987,17796,2,0.000177954166
01241912,01/24/1912,"January 24, 1912",6467319,1,0.062626253539,17839,2,0.000178384089
02061912,02/06/1912,"February 06, 1912",4080781,1,0.039986392757,17882,2,0.000178814013
02211912,02/21/1912,"February 21, 1912",1984590,2,0.019650276437,17925,2,0.000179243936
03281912,03/28/1912,"March 28, 1912",6928924,1,0.066943246272,17968,2,0.000179673859
04101912,04/10/1912,"April 10, 1912",7939273,1,0.076322912475,18011,2,0.000180103781
04141912,04/14/1912,"April 14, 1912",5873006,1,0.057038732213,18054,2,0.000180533704
05131912,05/13/1912,"May 13, 1912",9122937,1,0.087191693921,18097,2,0.000180963626
05261912,05/26/1912,"May 26, 1912",2367192,1,0.023393947877,18140,2,0.000181393548
06011912,06/01/1912,"June 01, 1912",401868,1,0.004010625911,18183,2,0.000181823470
06031912,06/03/1912,"June 03, 1912",4082022,1,0.039998306452,18225,2,0.000182243393
06211912,06/21/1912,"June 21, 1912",6720165,1,0.064993371743,18268,2,0.000182673315
06301912,06/30/1912,"June 30, 1912",2696243,2,0.026602198604,18311,2,0.000183103236
07061912,07/06/1912,"July 06, 1912",302742,1,0.003022851985,18354,2,0.000183533158
07131912,07/13/1912,"July 13, 1912",9113726,1,0.087107611274,18396,2,0.000183953080
07181912,07/18/1912,"July 18, 1912",4837479,1,0.047223380991,18439,2,0.000184383001
07281912,07/28/1912,"July 28, 1912",3377337,1,0.033209426434,18482,2,0.000184812922
08041912,08/04/1912,"August 04, 1912",5352349,1,0.052116335033,18525,2,0.000185242842
08101912,08/10/1912,"August 10, 1912",96652,1,0.000966063070,18568,2,0.000185672763
08271912,08/27/1912,"August 27, 1912",4395821,1,0.043006060577,18609,2,0.000186082686
09101912,09/10/1912,"September 10, 1912",7886183,1,0.075832402110,18652,2,0.000186512606
09171912,09/17/1912,"September 17, 1912",1834254,2,0.018175349467,18695,2,0.000186942526
09181912,09/18/1912,"September 18, 1912",9942097,1,0.094638512196,18738,2,0.000187372445
09191912,09/19/1912,"September 19, 1912",3835672,1,0.037630426818,18781,2,0.000187802365
10081912,10/08/1912,"October 08, 1912",388484,1,0.003877313771,18824,2,0.000188232284
10101912,10/10/1912,"October 10, 1912",3723337,1,0.036548741505,18866,2,0.000188652205
10241912,10/24/1912,"October 24, 1912",5654943,1,0.054980238973,18909,2,0.000189082124
10261912,10/26/1912,"October 26, 1912",955009,1,0.009504642712,18952,2,0.000189512042
10311912,10/31/1912,"October 31, 1912",6317713,1,0.061222836622,18994,2,0.000189931963
11171912,11/17/1912,"November 17, 1912",3795719,1,0.037245854479,19037,2,0.000190361881
11201912,11/20/1912,"November 20, 1912",148147,1,0.001480383165,19080,3,0.000190791799
12081912,12/08/1912,"December 08, 1912",7794031,1,0.074980370655,17724,5,0.000177234294
12171912,12/17/1912,"December 17, 1912",4587054,1,0.044834400064,18709,5,0.000187082500
01031913,01/03/1913,"January 03, 1913",4708863,1,0.045997169419,19208,2,0.000192071554
01301913,01/30/1913,"January 30, 1913",488346,1,0.004871565296,19251,2,0.000192501471
02141913,02/14/1913,"February 14, 1913",9931435,1,0.094541977407,19293,2,0.000192921390
02221913,02/22/1913,"February 22, 1913",4310256,1,0.042186858279,19336,2,0.000193351307
02251913,02/25/1913,"February 25, 1913",6116035,1,0.059327619119,19379,2,0.000193781224
03171913,03/17/1913,"March 17, 1913",7241959,1,0.069859473723,19422,2,0.000194211141
03201913,03/20/1913,"March 20, 1913",7285922,1,0.070268301533,19465,2,0.000194641057
03231913,03/23/1913,"March 23, 1913",9067367,1,0.086684305375,19508,2,0.000195070973
03261913,03/26/1913,"March 26, 1913",6012152,1,0.058349912673,19551,2,0.000195500889
04031913,04/03/1913,"April 03, 1913",6567068,1,0.063560808305,19594,2,0.000195930805
04151913,04/15/1913,"April 15, 1913",9863795,1,0.093929318416,19637,2,0.000196360721
05071913,05/07/1913,"May 07, 1913",7062366,1,0.068187505511,19680,2,0.000196790636
05181913,05/18/1913,"May 18, 1913",934494,1,0.009301421743,19723,2,0.000197220551
06051913,06/05/1913,"June 05, 1913",1305798,2,0.012973104458,19765,2,0.000197640469
06211913,06/21/1913,"June 21, 1913",7201009,1,0.069478503175,19808,2,0.000198070383
07031913,07/03/1913,"July 03, 1913",8129460,1,0.078077956773,19851,2,0.000198500298
07281913,07/28/1913,"July 28, 1913",2245108,1,0.022200940044,19894,2,0.000198930213
07301913,07/30/1913,"July 30, 1913",305995,1,0.003055283125,19937,2,0.000199360127
08061913,08/06/1913,"August 06, 1913",5990836,1,0.058149169144,19979,2,0.000199780043
08101913,08/10/1913,"August 10, 1913",6139998,1,0.059553005438,20022,2,0.000200209957
08151913,08/15/1913,"August 15, 1913",9119990,1,0.087164793063,20065,2,0.000200639871
08201913,08/20/1913,"August 20, 1913",6010970,1,0.058338782303,20108,2,0.000201069785
08301913,08/30/1913,"August 30, 1913",7019810,1,0.067790878994,20151,2,0.000201499698
09081913,09/08/1913,"September 08, 1913",8563275,1,0.082068730379,20194,2,0.000201929611
09101913,09/10/1913,"September 10, 1913",5786181,1,0.056219650552,20237,2,0.000202359525
09181913,09/18/1913,"September 18, 1913",4486089,1,0.043869530098,20280,2,0.000202789437
09211913,09/21/1913,"September 21, 1913",1416282,1,0.014063009068,20323,2,0.000203219350
09261913,09/26/1913,"September 26, 1913",4152485,1,0.040674514186,20366,2,0.000203649263
10051913,10/05/1913,"October 05, 1913",5323091,1,0.051838962652,20409,2,0.000204079175
10121913,10/12/1913,"October 12, 1913",7077481,1,0.068328338327,20452,2,0.000204509087
10151913,10/15/1913,"October 15, 1913",5182127,1,0.050501454433,20495,2,0.000204938999
10171913,10/17/1913,"October 17, 1913",3678076,1,0.036112575128,20538,2,0.000205368911
10201913,10/20/1913,"October 20, 1913",5724690,1,0.055639132106,20581,2,0.000205798823
11061913,11/06/1913,"November 06, 1913",4187266,1,0.041008119168,20624,2,0.000206228734
11101913,11/10/1913,"November 10, 1913",5771135,1,0.056077638676,20667,2,0.000206658645
11201913,11/20/1913,"November 20, 1913",3848,1,0.000038489260,20710,2,0.000207088556
11271913,11/27/1913,"November 27, 1913",6197665,1,0.060095176670,20750,2,0.000207488473
12121913,12/12/1913,"December 12, 1913",4339793,1,0.042469725773,20793,2,0.000207918384
12211913,12/21/1913,"December 21, 1913",5302941,1,0.051647888951,20836,2,0.000208348295
12261913,12/26/1913,"December 26, 1913",1382778,1,0.013732625393,20879,2,0.000208778205
01071914,01/07/1914,"January 07, 1914",9526172,1,0.090865045434,20922,2,0.000209208115
02041914,02/04/1914,"February 04, 1914",9125008,1,0.087210597985,20965,2,0.000209638025
02051914,02/05/1914,"February 05, 1914",1499284,1,0.014881016969,21008,2,0.000210067935
02091914,02/09/1914,"February 09, 1914",7278696,1,0.070201116693,21051,2,0.000210497844
02141914,02/14/1914,"February 14, 1914",4727793,1,0.046177745064,21094,2,0.000210927754
03141914,03/14/1914,"March 14, 1914",9588068,1,0.091427589497,21137,2,0.000211357663
04171914,04/17/1914,"April 17, 1914",709055,2,0.007065481359,21180,2,0.000211787572
05091914,05/09/1914,"May 09, 1914",9407570,1,0.089786153517,21222,2,0.000212207483
05111914,05/11/1914,"May 11, 1914",8172793,1,0.078477366712,21265,2,0.000212637392
05271914,05/27/1914,"May 27, 1914",5520271,1,0.053706704593,21308,2,0.000213067300
05311914,05/31/1914,"May 31, 1914",8012036,1,0.076994763182,21351,2,0.000213497208
06071914,06/07/1914,"June 07, 1914",4715541,1,0.046060875601,21394,2,0.000213927116
06261914,06/26/1914,"June 26, 1914",5884791,1,0.057149853652,21437,2,0.000214357024
07011914,07/01/1914,"July 01, 1914",3456816,1,0.033977516646,21480,2,0.000214786932
07031914,07/03/1914,"July 03, 1914",8892221,1,0.085083267785,21523,2,0.000215216840
07131914,07/13/1914,"July 13, 1914",5666611,1,0.055090497447,21566,2,0.000215646747
07221914,07/22/1914,"July 22, 1914",9000930,1,0.086077324213,21609,2,0.000216076654
08021914,08/02/1914,"August 02, 1914",582174,1,0.005804836510,21652,2,0.000216506561
08061914,08/06/1914,"August 06, 1914",823364,1,0.008199846425,21694,2,0.000216926470
08271914,08/27/1914,"August 27, 1914",4569702,1,0.044668645347,21736,2,0.000217346379
09191914,09/19/1914,"September 19, 1914",585207,1,0.005834989992,21779,2,0.000217776285
09201914,09/20/1914,"September 20, 1914",4417907,1,0.043217398922,21821,2,0.000218196194
09231914,09/23/1914,"September 23, 1914",2262900,1,0.022374894579,21864,2,0.000218626100
10041914,10/04/1914,"October 04, 1914",8030741,1,0.077167395167,21907,2,0.000219056006
10051914,10/05/1914,"October 05, 1914",6867072,1,0.066365953488,21950,2,0.000219485912
10161914,10/16/1914,"October 16, 1914",6614649,1,0.064006269455,21993,2,0.000219915817
11101914,11/10/1914,"November 10, 1914",8976993,1,0.085858532355,22036,2,0.000220345723
11151914,11/15/1914,"November 15, 1914",303981,1,0.003035204456,22079,2,0.000220775628
11191914,11/19/1914,"November 19, 1914",6321193,1,0.061255505499,22121,2,0.000221195535
12231914,12/23/1914,"December 23, 1914",8477321,1,0.081279392542,22164,2,0.000221625440
12311914,12/31/1914,"December 31, 1914",1235781,1,0.012281775834,22207,2,0.000222055344
01131915,01/13/1915,"January 13, 1915",6033081,1,0.058546970000,22250,2,0.000222485249
01151915,01/15/1915,"January 15, 1915",6573753,1,0.063623407173,22293,2,0.000222915153
01161915,01/16/1915,"January 16, 1915",310611,1,0.003101301031,22336,2,0.000223345057
01261915,01/26/1915,"January 26, 1915",66622,2,0.000666008125,22378,2,0.000223764963
01311915,01/31/1915,"January 31, 1915",88462,1,0.000884238839,22419,2,0.000224174871
02151915,02/15/1915,"February 15, 1915",1035427,1,0.010300859083,22460,2,0.000224584779
02201915,02/20/1915,"February 20, 1915",4452642,1,0.043549679649,22503,2,0.000225014683
02231915,02/23/1915,"February 23, 1915",1586321,1,0.015738061960,22546,2,0.000225444586
03021915,03/02/1915,"March 02, 1915",8257874,1,0.079261073951,22589,2,0.000225874489
03041915,03/04/1915,"March 04, 1915",393927,1,0.003931531254,22632,2,0.000226304392
03071915,03/07/1915,"March 07, 1915",1528790,2,0.015171643301,22674,2,0.000226724296
03161915,03/16/1915,"March 16, 1915",3357539,1,0.033018002286,22717,2,0.000227154199
03191915,03/19/1915,"March 19, 1915",1002178,1,0.009971739301,22760,2,0.000227584101
03201915,03/20/1915,"March 20, 1915",7816033,1,0.075183871088,22803,2,0.000228014003
04211915,04/21/1915,"April 21, 1915",4079283,1,0.039972011645,22846,2,0.000228443905
05051915,05/05/1915,"May 05, 1915",7732762,1,0.074413446716,22889,2,0.000228873807
05081915,05/08/1915,"May 08, 1915",841148,1,0.008376212483,22932,2,0.000229303708
05181915,05/18/1915,"May 18, 1915",5692750,1,0.055337455067,22974,2,0.000229723612
06081915,06/08/1915,"June 08, 1915",3425068,1,0.033670775135,23017,2,0.000230153513
08071915,08/07/1915,"August 07, 1915",1048327,1,0.010428522039,23060,2,0.000230583414
08111915,08/11/1915,"August 11, 1915",3137416,1,0.030887108048,23103,2,0.000231013315
08191915,08/19/1915,"August 19, 1915",6386073,1,0.061864365398,23146,2,0.000231443215
09041915,09/04/1915,"September 04, 1915",4017065,1,0.039374515570,23189,2,0.000231873116
09141915,09/14/1915,"September 14, 1915",2297799,1,0.022716016441,23232,2,0.000232303016
09301915,09/30/1915,"September 30, 1915",1288546,1,0.012802807887,23275,2,0.000232732916
10191915,10/19/1915,"October 19, 1915",776226,1,0.007732221458,23318,2,0.000233162816
10211915,10/21/1915,"October 21, 1915",4959563,1,0.048385859066,23360,2,0.000233582718
10221915,10/22/1915,"October 22, 1915",950887,1,0.009463813652,23403,2,0.000234012617
10291915,10/29/1915,"October 29, 1915",6545843,1,0.063362027990,23445,2,0.000234432519
11011915,11/01/1915,"November 01, 1915",2628875,1,0.025946219031,23488,2,0.000234862418
11031915,11/03/1915,"November 03, 1915",1863205,1,0.018459556382,23531,2,0.000235292317
11121915,11/12/1915,"November 12, 1915",9239566,1,0.088255672556,23574,2,0.000235722216
11231915,11/23/1915,"November 23, 1915",8664187,1,0.082994565973,23617,2,0.000236152114
12031915,12/03/1915,"December 03, 1915",9978732,1,0.094970130632,23660,2,0.000236582012
12161915,12/16/1915,"December 16, 1915",7700823,1,0.074117776409,23703,2,0.000237011911
12241915,12/24/1915,"December 24, 1915",5701225,1,0.055417511826,23746,2,0.000237441809
01061916,01/06/1916,"January 06, 1916",763585,3,0.007606780959,23789,2,0.000237871706
01131916,01/13/1916,"January 13, 1916",1167907,1,0.011611144394,23831,2,0.000238291606
01191916,01/19/1916,"January 19, 1916",465948,1,0.004648651464,23874,2,0.000238721504
01261916,01/26/1916,"January 26, 1916",9121307,1,0.087176815024,23916,2,0.000239141404
01271916,01/27/1916,"January 27, 1916",5550119,1,0.053989112070,23959,2,0.000239571301
01291916,01/29/1916,"January 29, 1916",1849830,1,0.018328266566,24002,2,0.000240001198
02171916,02/17/1916,"February 17, 1916",9520749,1,0.090815741708,24045,2,0.000240431094
02281916,02/28/1916,"February 28, 1916",4189840,1,0.041032803301,24088,2,0.000240860991
03011916,03/01/1916,"March 01, 1916",7618042,1,0.073351004511,24131,2,0.000241290887
03101916,03/10/1916,"March 10, 1916",61538,1,0.000615200693,24174,2,0.000241720783
03141916,03/14/1916,"March 14, 1916",7500750,1,0.072263481696,24215,2,0.000242130684
03171916,03/17/1916,"March 17, 1916",385629,1,0.003848874062,24258,2,0.000242560580
03211916,03/21/1916,"March 21, 1916",8592414,1,0.082336167408,24300,2,0.000242980478
03281916,03/28/1916,"March 28, 1916",7878529,1,0.075761663614,24343,2,0.000243410373
04021916,04/02/1916,"April 02, 1916",2288637,1,0.022626473579,24386,2,0.000243840269
04091916,04/09/1916,"April 09, 1916",8126292,1,0.078048749820,24429,2,0.000244270164
04161916,04/16/1916,"April 16, 1916",3176803,1,0.031268737385,24472,2,0.000244700059
05071916,05/07/1916,"May 07, 1916",890572,1,0.008866191535,24515,2,0.000245129953
05121916,05/12/1916,"May 12, 1916",1978283,1,0.019588443830,24557,2,0.000245549850
05141916,05/14/1916,"May 14, 1916",1146479,1,0.011399329735,24600,2,0.000245979744
05281916,05/28/1916,"May 28, 1916",8782663,1,0.084080354016,24643,2,0.000246409639
06081916,06/08/1916,"June 08, 1916",3217967,1,0.031667423863,24686,2,0.000246839533
06191916,06/19/1916,"June 19, 1916",6127556,1,0.059435987743,24729,2,0.000247269426
06251916,06/25/1916,"June 25, 1916",2286748,1,0.022608010819,24772,2,0.000247699320
08171916,08/17/1916,"August 17, 1916",9824667,1,0.093574721707,24815,2,0.000248129213
08211916,08/21/1916,"August 21, 1916",3908328,1,0.038329392111,24858,2,0.000248559107
08251916,08/25/1916,"August 25, 1916",815689,1,0.008123722841,24901,2,0.000248989000
08261916,08/26/1916,"August 26, 1916",8484580,1,0.081346080052,24943,2,0.000249408895
08281916,08/28/1916,"August 28, 1916",9001347,1,0.086081135263,24986,2,0.000249838788
09181916,09/18/1916,"September 18, 1916",6814400,1,0.065874060224,25029,2,0.000250268680
11031916,11/03/1916,"November 03, 1916",4934579,1,0.048148078084,25072,2,0.000250698572
11181916,11/18/1916,"November 18, 1916",5468616,1,0.053217770517,25115,2,0.000251128464
11241916,11/24/1916,"November 24, 1916",6511052,1,0.063036105577,25158,2,0.000251558356
12051916,12/05/1916,"December 05, 1916",8877373,1,0.084947410862,25201,2,0.000251988248
12101916,12/10/1916,"December 10, 1916",6585974,1,0.063737834766,25244,2,0.000252418140
01181917,01/18/1917,"January 18, 1917",3046614,1,0.030006734513,25287,2,0.000252848031
02121917,02/12/1917,"February 12, 1917",2742676,1,0.027054071492,25330,2,0.000253277922
02141917,02/14/1917,"February 14, 1917",4527900,1,0.044269214251,25373,2,0.000253707813
02261917,02/26/1917,"February 26, 1917",1182561,1,0.011755972286,25416,2,0.000254137704
03101917,03/10/1917,"March 10, 1917",8395434,1,0.080526771684,25459,2,0.000254567595
03171917,03/17/1917,"March 17, 1917",4175822,1,0.040898365856,25502,2,0.000254997485
03231917,03/23/1917,"March 23, 1917",8608653,1,0.082485174741,25545,2,0.000255427375
03241917,03/24/1917,"March 24, 1917",6469972,1,0.062651121735,25588,2,0.000255857266
03271917,03/27/1917,"March 27, 1917",464281,1,0.004632058818,25631,2,0.000256287155
04091917,04/09/1917,"April 09, 1917",8272822,1,0.079398695721,25673,2,0.000256707048
05171917,05/17/1917,"May 17, 1917",9817664,1,0.093511242522,25716,2,0.000257136937
05261917,05/26/1917,"May 26, 1917",2509756,1,0.024785244563,25759,2,0.000257566827
06161917,06/16/1917,"June 16, 1917",5654019,1,0.054971506950,25802,2,0.000257996716
07251917,07/25/1917,"July 25, 1917",4570133,1,0.044672762816,25845,2,0.000258426605
07281917,07/28/1917,"July 28, 1917",9198814,1,0.087884042786,25888,2,0.000258856493
08011917,08/01/1917,"August 01, 1917",5688962,1,0.055301670571,25931,2,0.000259286382
08021917,08/02/1917,"August 02, 1917",576002,1,0.005743472890,25974,2,0.000259716270
08311917,08/31/1917,"August 31, 1917",7502820,1,0.072282685644,26016,2,0.000260136161
09121917,09/12/1917,"September 12, 1917",9556350,1,0.091139362789,26059,2,0.000260566049
09161917,09/16/1917,"September 16, 1917",8857152,1,0.084762359367,26102,2,0.000260995937
09241917,09/24/1917,"September 24, 1917",5816467,1,0.056505440592,26145,2,0.000261425825
10041917,10/04/1917,"October 04, 1917",3903484,1,0.038282807658,26188,2,0.000261855712
10081917,10/08/1917,"October 08, 1917",4857590,1,0.047414974632,26231,2,0.000262285600
11011917,11/01/1917,"November 01, 1917",2439518,1,0.024100032605,26274,2,0.000262715487
11061917,11/06/1917,"November 06, 1917",735531,1,0.007328335907,26317,2,0.000263145374
11111917,11/11/1917,"November 11, 1917",4632147,1,0.045265015796,26359,2,0.000263565263
11241917,11/24/1917,"November 24, 1917",5480029,1,0.053325820608,26402,2,0.000263995150
11291917,11/29/1917,"November 29, 1917",8298824,1,0.079638039356,26445,2,0.000264425036
12041917,12/04/1917,"December 04, 1917",2421300,1,0.023922226951,26488,2,0.000264854922
12051917,12/05/1917,"December 05, 1917",8728386,1,0.083583085365,26531,2,0.000265284808
12141917,12/14/1917,"December 14, 1917",8546030,1,0.081910419480,26574,2,0.000265714694
12201917,12/20/1917,"December 20, 1917",4435781,1,0.043388398963,26617,2,0.000266144580
12211917,12/21/1917,"December 21, 1917",9532509,1,0.090922655491,26660,2,0.000266574465
02041918,02/04/1918,"February 04, 1918",7451550,1,0.071806923021,26703,2,0.000267004351
02111918,02/11/1918,"February 11, 1918",5954436,1,0.057806273034,26746,2,0.000267434236
02251918,02/25/1918,"February 25, 1918",7610817,1,0.073284051702,26789,2,0.000267864121
03121918,03/12/1918,"March 12, 1918",696181,1,0.006937642739,26832,2,0.000268294005
03131918,03/13/1918,"March 13, 1918",860179,1,0.008564910452,26874,2,0.000268713893
03281918,03/28/1918,"March 28, 1918",989735,1,0.009848542419,26916,2,0.000269133780
04041918,04/04/1918,"April 04, 1918",1073599,1,0.010678574948,26958,2,0.000269553667
04141918,04/14/1918,"April 14, 1918",493484,2,0.004922693682,27001,2,0.000269983551
04191918,04/19/1918,"April 19, 1918",8586001,1,0.082277315739,27043,2,0.000270403437
04301918,04/30/1918,"April 30, 1918",2891534,1,0.028501301931,27086,2,0.000270833321
05151918,05/15/1918,"May 15, 1918",887872,1,0.008839430561,27129,2,0.000271263204
06141918,06/14/1918,"June 14, 1918",7469611,1,0.071974548836,27171,2,0.000271683090
07061918,07/06/1918,"July 06, 1918",29377,1,0.000293736854,27214,2,0.000272112973
07141918,07/14/1918,"July 14, 1918",3328860,1,0.032740641745,27255,2,0.000272522862
07151918,07/15/1918,"July 15, 1918",6289856,1,0.060961285036,27298,2,0.000272952744
07281918,07/28/1918,"July 28, 1918",1877248,1,0.018597384430,27341,2,0.000273382627
08081918,08/08/1918,"August 08, 1918",6355961,1,0.061581831456,27384,2,0.000273812509
08311918,08/31/1918,"August 31, 1918",1310022,2,0.013014795594,27427,2,0.000274242391
09021918,09/02/1918,"September 02, 1918",6724137,1,0.065030509469,27470,2,0.000274672273
09241918,09/24/1918,"September 24, 1918",1951018,1,0.019321098172,27513,2,0.000275102155
10181918,10/18/1918,"October 18, 1918",4148643,1,0.040637656192,27556,2,0.000275532037
10221918,10/22/1918,"October 22, 1918",3489155,2,0.034289868151,27599,2,0.000275961918
11171918,11/17/1918,"November 17, 1918",8868960,1,0.084870424248,27642,2,0.000276391800
11201918,11/20/1918,"November 20, 1918",5924708,1,0.057526136043,27685,2,0.000276821681
11281918,11/28/1918,"November 28, 1918",891836,1,0.008878719388,27728,2,0.000277251561
11301918,11/30/1918,"November 30, 1918",7495772,1,0.072217297823,27770,2,0.000277671445
12081918,12/08/1918,"December 08, 1918",4640842,1,0.045348026395,27813,2,0.000278101325
12101918,12/10/1918,"December 10, 1918",7133379,1,0.068848978631,27856,2,0.000278531206
12201918,12/20/1918,"December 20, 1918",4701806,1,0.045929843063,27899,2,0.000278961086
01011919,01/01/1919,"January 01, 1919",9357242,1,0.089327945794,1933,3,0.000019339813
01021919,01/02/1919,"January 02, 1919",2787392,1,0.027489036741,27985,2,0.000279820846
01051919,01/05/1919,"January 05, 1919",4666839,1,0.045596175014,28028,2,0.000280250725
01161919,01/16/1919,"January 16, 1919",771938,1,0.007689672103,28071,2,0.000280680605
01311919,01/31/1919,"January 31, 1919",467911,1,0.004668190019,28113,2,0.000281100487
02241919,02/24/1919,"February 24, 1919",3230275,1,0.031786598903,28155,2,0.000281520369
02271919,02/27/1919,"February 27, 1919",4898671,1,0.047806225720,28198,2,0.000281950247
03061919,03/06/1919,"March 06, 1919",2668852,1,0.026335538691,28241,2,0.000282380126
03191919,03/19/1919,"March 19, 1919",1913502,1,0.018953117650,28284,2,0.000282810005
03221919,03/22/1919,"March 22, 1919",9812227,1,0.093461955388,28327,2,0.000283239883
04121919,04/12/1919,"April 12, 1919",9451213,1,0.090183311478,28370,2,0.000283669761
04181919,04/18/1919,"April 18, 1919",4553989,1,0.044518522336,28413,2,0.000284099639
04191919,04/19/1919,"April 19, 1919",1395112,1,0.013854264111,28456,2,0.000284529517
04211919,04/21/1919,"April 21, 1919",3734676,1,0.036657981051,28499,2,0.000284959394
05141919,05/14/1919,"May 14, 1919",6580438,1,0.063686001857,28542,2,0.000285389272
05161919,05/16/1919,"May 16, 1919",305126,2,0.003046619637,28585,2,0.000285819149
05181919,05/18/1919,"May 18, 1919",6991166,1,0.067523818764,28627,2,0.000286239029
05271919,05/27/1919,"May 27, 1919",7565057,1,0.072859889439,28670,2,0.000286668905
06041919,06/04/1919,"June 04, 1919",9449954,1,0.090171856813,28713,2,0.000287098782
06051919,06/05/1919,"June 05, 1919",3252399,1,0.032000782744,28756,2,0.000287528659
06131919,06/13/1919,"June 13, 1919",6265979,1,0.060737043990,28799,2,0.000287958535
06211919,06/21/1919,"June 21, 1919",2031472,2,0.020109776280,28842,2,0.000288388411
06251919,06/25/1919,"June 25, 1919",8407648,1,0.080639069287,28885,2,0.000288818287
06281919,06/28/1919,"June 28, 1919",8993854,1,0.086012652756,28928,2,0.000289248163
07041919,07/04/1919,"July 04, 1919",3433985,1,0.033756938871,28971,2,0.000289678038
07221919,07/22/1919,"July 22, 1919",1055938,1,0.010503835459,29014,2,0.000290107913
08121919,08/12/1919,"August 12, 1919",1804045,1,0.017878705251,29057,2,0.000290537789
08191919,08/19/1919,"August 19, 1919",7021779,1,0.067809234011,29100,2,0.000290967664
09231919,09/23/1919,"September 23, 1919",3363298,1,0.033073689176,29143,2,0.000291397538
09261919,09/26/1919,"September 26, 1919",858794,1,0.008551178981,29186,2,0.000291827413
09291919,09/29/1919,"September 29, 1919",9283436,1,0.088655567073,29228,2,0.000292247290
10051919,10/05/1919,"October 05, 1919",2983613,1,0.029395436508,29271,2,0.000292677165
10131919,10/13/1919,"October 13, 1919",6586841,1,0.063745952123,29314,2,0.000293107039
11071919,11/07/1919,"November 07, 1919",7824311,1,0.075260424199,29357,2,0.000293536913
11151919,11/15/1919,"November 15, 1919",4877233,1,0.047602072534,29400,2,0.000293966786
11211919,11/21/1919,"November 21, 1919",1250099,1,0.012423187207,29443,2,0.000294396660
11281919,11/28/1919,"November 28, 1919",9045825,1,0.086487537713,29486,2,0.000294826533
12061919,12/06/1919,"December 06, 1919",7139270,1,0.068903831122,29529,2,0.000295256406
12081919,12/08/1919,"December 08, 1919",1735033,1,0.017200689767,29572,2,0.000295686279
01211920,01/21/1920,"January 21, 1920",8488441,1,0.081381548595,29615,2,0.000296116152
01301920,01/30/1920,"January 30, 1920",9697297,1,0.092419472254,29658,2,0.000296546025
02091920,02/09/1920,"February 09, 1920",7638405,1,0.073539678837,29701,2,0.000296975897
02271920,02/27/1920,"February 27, 1920",8597899,1,0.082386499890,29744,2,0.000297405769
03011920,03/01/1920,"March 01, 1920",4953596,1,0.048329074555,29787,2,0.000297835641
03071920,03/07/1920,"March 07, 1920",6913323,1,0.066797668731,29830,2,0.000298265513
03131920,03/13/1920,"March 13, 1920",6012318,1,0.058351475810,29873,2,0.000298695385
03171920,03/17/1920,"March 17, 1920",5480527,1,0.053330535034,29916,2,0.000299125256
03271920,03/27/1920,"March 27, 1920",3580659,1,0.035173127389,29959,2,0.000299555127
04071920,04/07/1920,"April 07, 1920",2401223,1,0.023726240141,30002,2,0.000299984999
04141920,04/14/1920,"April 14, 1920",5395515,2,0.052525410203,30045,2,0.000300414869
04231920,04/23/1920,"April 23, 1920",2156227,1,0.021331476116,30088,2,0.000300844740
06241920,06/24/1920,"June 24, 1920",266366,1,0.002660125605,30131,2,0.000301274611
07051920,07/05/1920,"July 05, 1920",1425115,1,0.014150093038,30173,2,0.000301694484
07111920,07/11/1920,"July 11, 1920",5344244,1,0.052039505947,30216,2,0.000302124354
07181920,07/18/1920,"July 18, 1920",2767237,1,0.027293007401,30259,2,0.000302554224
08191920,08/19/1920,"August 19, 1920",5678517,2,0.055202991676,30302,2,0.000302984094
08231920,08/23/1920,"August 23, 1920",8859907,1,0.084787573817,30345,2,0.000303413964
09031920,09/03/1920,"September 03, 1920",6566555,1,0.063556004360,30388,3,0.000303843833
09131920,09/13/1920,"September 13, 1920",6349154,1,0.061517951157,30431,2,0.000304273702
09191920,09/19/1920,"September 19, 1920",8450060,1,0.081028905974,30474,2,0.000304703571
09221920,09/22/1920,"September 22, 1920",9281402,1,0.088637030139,30517,2,0.000305133440
09231920,09/23/1920,"September 23, 1920",2128741,1,0.021062442311,30560,2,0.000305563309
10191920,10/19/1920,"October 19, 1920",4931926,1,0.048122825117,30603,2,0.000305993178
10261920,10/26/1920,"October 26, 1920",9302134,1,0.088825954327,30646,2,0.000306423046
11181920,11/18/1920,"November 18, 1920",5807880,1,0.056424419234,30689,2,0.000306852914
12011920,12/01/1920,"December 01, 1920",9962524,1,0.094823431501,30732,2,0.000307282782
12261920,12/26/1920,"December 26, 1920",7727846,1,0.074367943762,30775,2,0.000307712650
01041921,01/04/1921,"January 04, 1921",4855105,1,0.047391302600,30818,2,0.000308142517
01101921,01/10/1921,"January 10, 1921",5050497,1,0.049250806552,30861,2,0.000308572385
01131921,01/13/1921,"January 13, 1921",8291640,1,0.079571918177,30904,2,0.000309002252
01141921,01/14/1921,"January 14, 1921",3440608,1,0.033820931031,30947,2,0.000309432119
01161921,01/16/1921,"January 16, 1921",4477216,1,0.043784688877,30990,2,0.000309861986
01171921,01/17/1921,"January 17, 1921",1704914,1,0.016904635858,31033,2,0.000310291853
02031921,02/03/1921,"February 03, 1921",2748072,1,0.027106570239,31076,2,0.000310721719
02051921,02/05/1921,"February 05, 1921",8625800,1,0.082642487522,31119,2,0.000311151585
02111921,02/11/1921,"February 11, 1921",5504369,1,0.053556213066,31162,2,0.000311581452
02121921,02/12/1921,"February 12, 1921",1917933,1,0.018996586875,31205,2,0.000312011317
02191921,02/19/1921,"February 19, 1921",9622053,1,0.091736315370,31248,2,0.000312441183
02261921,02/26/1921,"February 26, 1921",767570,1,0.007646327041,31291,2,0.000312871049
03281921,03/28/1921,"March 28, 1921",5386821,1,0.052443033180,31333,2,0.000313290917
04081921,04/08/1921,"April 08, 1921",1757209,1,0.017418611180,31376,2,0.000313720782
04101921,04/10/1921,"April 10, 1921",3579426,1,0.035161231000,31419,2,0.000314150647
04221921,04/22/1921,"April 22, 1921",7272113,1,0.070139906017,31462,2,0.000314580512
04251921,04/25/1921,"April 25, 1921",356334,1,0.003557008838,31505,2,0.000315010377
04261921,04/26/1921,"April 26, 1921",4706262,2,0.045972355482,31547,2,0.000315430245
04271921,04/27/1921,"April 27, 1921",2822333,1,0.027828782442,31590,2,0.000315860109
05051921,05/05/1921,"May 05, 1921",2994996,1,0.029505914138,31633,2,0.000316289973
05141921,05/14/1921,"May 14, 1921",4133166,1,0.040489164190,31676,2,0.000316719837
06041921,06/04/1921,"June 04, 1921",5248305,1,0.051129605715,31719,2,0.000317149701
07101921,07/10/1921,"July 10, 1921",5005136,1,0.048819439377,31762,2,0.000317579564
07191921,07/19/1921,"July 19, 1921",6042409,1,0.058634784643,31805,2,0.000318009427
07251921,07/25/1921,"July 25, 1921",7835032,1,0.075359560216,31848,2,0.000318439291
07261921,07/26/1921,"July 26, 1921",7890421,1,0.075871567503,31891,2,0.000318869154
08141921,08/14/1921,"August 14, 1921",5878933,1,0.057094619872,31934,2,0.000319299016
08181921,08/18/1921,"August 18, 1921",2036708,1,0.020161081989,31977,2,0.000319728879
08231921,08/23/1921,"August 23, 1921",5338637,1,0.051986352312,32020,2,0.000320158741
08241921,08/24/1921,"August 24, 1921",6467369,1,0.062626722226,32063,2,0.000320588604
09011921,09/01/1921,"September 01, 1921",4915017,1,0.047961858595,32106,2,0.000321018466
09171921,09/17/1921,"September 17, 1921",5735283,1,0.055739162956,32149,2,0.000321448328
10041921,10/04/1921,"October 04, 1921",5908971,1,0.057377807258,32192,2,0.000321878189
10091921,10/09/1921,"October 09, 1921",3690721,1,0.036234450988,32235,2,0.000322308051
10221921,10/22/1921,"October 22, 1921",5194035,1,0.050614513989,32278,2,0.000322737912
10271921,10/27/1921,"October 27, 1921",4845904,1,0.047303649040,32321,2,0.000323167773
11041921,11/04/1921,"November 04, 1921",9097022,1,0.086955108992,32364,2,0.000323597634
11251921,11/25/1921,"November 25, 1921",6975287,2,0.067375739113,32407,2,0.000324027495
12121921,12/12/1921,"December 12, 1921",7627228,1,0.073436122579,32450,2,0.000324457356
01171922,01/17/1922,"January 17, 1922",4628614,1,0.045231284413,32493,2,0.000324887216
02181922,02/18/1922,"February 18, 1922",3594130,2,0.035303090464,32536,2,0.000325317076
03021922,03/02/1922,"March 02, 1922",6668010,1,0.064505591841,32579,2,0.000325746936
03041922,03/04/1922,"March 04, 1922",7674193,1,0.073871181138,32622,2,0.000326176796
03131922,03/13/1922,"March 13, 1922",213276,1,0.002130497283,32665,2,0.000326606656
03141922,03/14/1922,"March 14, 1922",2323508,1,0.022967234088,32707,2,0.000327026518
03151922,03/15/1922,"March 15, 1922",8890110,1,0.085063953689,32750,2,0.000327456378
03171922,03/17/1922,"March 17, 1922",8013940,1,0.077012337035,32793,2,0.000327886237
03281922,03/28/1922,"March 28, 1922",7872276,1,0.075703869184,32836,2,0.000328316096
04061922,04/06/1922,"April 06, 1922",3715195,1,0.036470294109,32879,2,0.000328745954
04151922,04/15/1922,"April 15, 1922",1871381,1,0.018539803849,32922,2,0.000329175813
04161922,04/16/1922,"April 16, 1922",4341000,1,0.042481283093,32965,2,0.000329605671
04181922,04/18/1922,"April 18, 1922",4874628,1,0.047577262245,33008,2,0.000330035530
04221922,04/22/1922,"April 22, 1922",7005043,1,0.067653209507,33051,2,0.000330465388
05051922,05/05/1922,"May 05, 1922",469223,1,0.004681248687,33094,2,0.000330895245
05141922,05/14/1922,"May 14, 1922",8758479,1,0.083858821220,33136,2,0.000331315106
05151922,05/15/1922,"May 15, 1922",8084073,1,0.077659429040,33179,2,0.000331744964
05181922,05/18/1922,"May 18, 1922",992939,1,0.009880266364,33222,2,0.000332174821
05291922,05/29/1922,"May 29, 1922",7545524,1,0.072678773471,33264,2,0.000332594681
06031922,06/03/1922,"June 03, 1922",8944523,1,0.085561662423,33307,2,0.000333024538
06081922,06/08/1922,"June 08, 1922",1789799,1,0.017738782283,33350,2,0.000333454395
06131922,06/13/1922,"June 13, 1922",5956488,1,0.057825606651,33393,2,0.000333884252
07141922,07/14/1922,"July 14, 1922",2052350,1,0.020314336408,33436,2,0.000334314108
08071922,08/07/1922,"August 07, 1922",9702516,1,0.092466837647,33479,2,0.000334743964
08081922,08/08/1922,"August 08, 1922",7338222,1,0.070754424084,33522,2,0.000335173820
08111922,08/11/1922,"August 11, 1922",1784450,1,0.017686239725,33565,2,0.000335603676
09011922,09/01/1922,"September 01, 1922",8558151,1,0.082021694375,33608,2,0.000336033531
09091922,09/09/1922,"September 09, 1922",8058850,1,0.077426757733,33651,2,0.000336463387
09141922,09/14/1922,"September 14, 1922",9115908,1,0.087127530369,33694,2,0.000336893242
10121922,10/12/1922,"October 12, 1922",7200483,1,0.069473608619,33737,2,0.000337323097
10151922,10/15/1922,"October 15, 1922",763763,1,0.007608547417,33780,2,0.000337752952
10241922,10/24/1922,"October 24, 1922",1428928,2,0.014187682778,33822,2,0.000338172810
10261922,10/26/1922,"October 26, 1922",3174385,1,0.031245313180,33865,2,0.000338602665
11041922,11/04/1922,"November 04, 1922",598274,1,0.005964889048,33908,2,0.000339032519
11201922,11/20/1922,"November 20, 1922",4675237,1,0.045676322483,33950,2,0.000339452376
12081922,12/08/1922,"December 08, 1922",715068,1,0.007125184717,33993,2,0.000339882230
12101922,12/10/1922,"December 10, 1922",7411864,1,0.071438487209,34035,2,0.000340302088
12311922,12/31/1922,"December 31, 1922",8882603,1,0.084995266861,34078,2,0.000340731941
01061923,01/06/1923,"January 06, 1923",2277310,2,0.022515760209,34121,2,0.000341161794
01111923,01/11/1923,"January 11, 1923",9098677,1,0.086970219760,34164,2,0.000341591648
01271923,01/27/1923,"January 27, 1923",1510444,1,0.014990950115,34207,2,0.000342021501
01291923,01/29/1923,"January 29, 1923",1624897,1,0.016117677624,34250,2,0.000342451354
02151923,02/15/1923,"February 15, 1923",9543255,1,0.091020339695,34293,2,0.000342881206
02161923,02/16/1923,"February 16, 1923",3437766,1,0.033793471831,34336,2,0.000343311059
02171923,02/17/1923,"February 17, 1923",9518385,1,0.090794248338,34379,2,0.000343740911
03071923,03/07/1923,"March 07, 1923",3150061,1,0.031009644626,34422,2,0.000344170763
03241923,03/24/1923,"March 24, 1923",2364254,1,0.023365254769,34465,2,0.000344600615
03281923,03/28/1923,"March 28, 1923",3970555,1,0.038927624736,34508,2,0.000345030467
03291923,03/29/1923,"March 29, 1923",9357055,1,0.089326242835,34551,2,0.000345460318
04011923,04/01/1923,"April 01, 1923",9809015,1,0.093432836918,34594,2,0.000345890170
04151923,04/15/1923,"April 15, 1923",5000608,1,0.048776368946,34637,2,0.000346320021
04191923,04/19/1923,"April 19, 1923",3773515,1,0.037032060812,34680,2,0.000346749872
04211923,04/21/1923,"April 21, 1923",1678597,2,0.016645880601,34723,2,0.000347179723
04281923,04/28/1923,"April 28, 1923",8087229,1,0.077688537649,34766,2,0.000347609573
05031923,05/03/1923,"May 03, 1923",5437664,1,0.052924677122,34809,2,0.000348039424
05131923,05/13/1923,"May 13, 1923",4601942,1,0.044976594535,34852,2,0.000348469274
05151923,05/15/1923,"May 15, 1923",6480390,1,0.062748769656,34895,2,0.000348899124
06021923,06/02/1923,"June 02, 1923",3147633,1,0.030986117255,34938,2,0.000349328974
06111923,06/11/1923,"June 11, 1923",377179,1,0.003764695735,34981,2,0.000349758824
06221923,06/22/1923,"June 22, 1923",2480357,1,0.024498499026,35023,2,0.000350178677
06261923,06/26/1923,"June 26, 1923",4678003,1,0.045702718711,35066,2,0.000350608526
07231923,07/23/1923,"July 23, 1923",9719778,1,0.092623482502,35109,2,0.000351038375
07251923,07/25/1923,"July 25, 1923",5556524,1,0.054049702127,35152,2,0.000351468224
07301923,07/30/1923,"July 30, 1923",5065372,1,0.049392219978,35195,2,0.000351898073
08091923,08/09/1923,"August 09, 1923",7299969,1,0.070398891774,35238,2,0.000352327921
08131923,08/13/1923,"August 13, 1923",689819,1,0.006874462102,35281,2,0.000352757770
08161923,08/16/1923,"August 16, 1923",820880,1,0.008175209803,35323,2,0.000353177622
08271923,08/27/1923,"August 27, 1923",3497928,1,0.034374586186,35365,2,0.000353597473
09131923,09/13/1923,"September 13, 1923",6573203,1,0.063618257088,35408,2,0.000354027321
09231923,09/23/1923,"September 23, 1923",2605213,1,0.025715711153,35451,2,0.000354457169
09291923,09/29/1923,"September 29, 1923",9858829,1,0.093884321828,35494,2,0.000354887016
10291923,10/29/1923,"October 29, 1923",2343171,1,0.023159329157,35537,2,0.000355316864
11121923,11/12/1923,"November 12, 1923",9199370,1,0.087889114137,35580,2,0.000355746711
12111923,12/11/1923,"December 11, 1923",622567,1,0.006206340671,35623,2,0.000356176558
12121923,12/12/1923,"December 12, 1923",7813503,1,0.075160472944,35665,2,0.000356596408
12181923,12/18/1923,"December 18, 1923",4511784,1,0.044115176264,35708,2,0.000357026255
12251923,12/25/1923,"December 25, 1923",5890510,1,0.057203773710,35751,2,0.000357456101
12271923,12/27/1923,"December 27, 1923",6969658,1,0.067323240215,35794,2,0.000357885947
12281923,12/28/1923,"December 28, 1923",4731739,1,0.046215382148,35837,2,0.000358315793
01221924,01/22/1924,"January 22, 1924",9084782,1,0.086843345456,35880,2,0.000358745639
02121924,02/12/1924,"February 12, 1924",1182225,1,0.011752651781,35923,2,0.000359175485
02201924,02/20/1924,"February 20, 1924",3036800,1,0.029911534701,35966,2,0.000359605330
02241924,02/24/1924,"February 24, 1924",5664990,1,0.055075180339,36009,2,0.000360035175
03101924,03/10/1924,"March 10, 1924",4041023,1,0.039604634658,36052,2,0.000360465020
03111924,03/11/1924,"March 11, 1924",7002759,1,0.067631914463,36095,2,0.000360894865
03201924,03/20/1924,"March 20, 1924",1057927,1,0.010523516342,36138,2,0.000361324710
03211924,03/21/1924,"March 21, 1924",1220199,1,0.012127857588,36181,2,0.000361754555
04121924,04/12/1924,"April 12, 1924",5160289,1,0.050294080296,36224,2,0.000362184399
04171924,04/17/1924,"April 17, 1924",441387,1,0.004404153192,36267,2,0.000362614243
04201924,04/20/1924,"April 20, 1924",2947247,1,0.029042402260,36309,2,0.000363034091
05011924,05/01/1924,"May 01, 1924",4380948,1,0.042863716282,36352,2,0.000363463935
05021924,05/02/1924,"May 02, 1924",9174337,1,0.087660756835,36395,2,0.000363893778
06181924,06/18/1924,"June 18, 1924",5520286,1,0.053706846537,36438,2,0.000364323622
06301924,06/30/1924,"June 30, 1924",7845653,1,0.075457761063,36481,2,0.000364753465
08141924,08/14/1924,"August 14, 1924",6864779,1,0.066344545014,36524,2,0.000365183308
09011924,09/01/1924,"September 01, 1924",3673340,1,0.036066924338,36567,2,0.000365613151
09061924,09/06/1924,"September 06, 1924",7505722,1,0.072309607610,36610,2,0.000366042994
09071924,09/07/1924,"September 07, 1924",9530028,1,0.090900101002,36653,2,0.000366472836
09131924,09/13/1924,"September 13, 1924",2221764,1,0.021972655985,36696,2,0.000366902678
09291924,09/29/1924,"September 29, 1924",9373387,1,0.089474961930,36739,2,0.000367332521
10211924,10/21/1924,"October 21, 1924",2194608,1,0.021707026811,36782,2,0.000367762363
10301924,10/30/1924,"October 30, 1924",1328332,1,0.013195496043,36825,2,0.000368192204
11031924,11/03/1924,"November 03, 1924",2272286,1,0.022466650166,36868,2,0.000368622046
11111924,11/11/1924,"November 11, 1924",4095836,1,0.040130911928,36911,2,0.000369051887
11131924,11/13/1924,"November 13, 1924",8190890,1,0.078644119575,36954,2,0.000369481729
11261924,11/26/1924,"November 26, 1924",9791261,1,0.093271870694,36997,2,0.000369911570
12061924,12/06/1924,"December 06, 1924",6754591,1,0.065315201728,37040,2,0.000370341410
01231925,01/23/1925,"January 23, 1925",3337182,1,0.032821133721,37083,2,0.000370771251
01281925,01/28/1925,"January 28, 1925",9904423,1,0.094297362047,37126,2,0.000371201092
02231925,02/23/1925,"February 23, 1925",9672231,1,0.092191949603,37169,2,0.000371630932
02241925,02/24/1925,"February 24, 1925",8178419,1,0.078529210117,37212,2,0.000372060772
03011925,03/01/1925,"March 01, 1925",9830247,1,0.093625298827,37255,2,0.000372490612
03041925,03/04/1925,"March 04, 1925",4093637,1,0.040109804174,37298,2,0.000372920452
03051925,03/05/1925,"March 05, 1925",5387853,1,0.052452811918,37341,2,0.000373350291
03131925,03/13/1925,"March 13, 1925",6959678,2,0.067230154429,37384,2,0.000373780131
03161925,03/16/1925,"March 16, 1925",9086488,1,0.086858923776,37427,2,0.000374209970
03221925,03/22/1925,"March 22, 1925",8665654,1,0.083008018344,37470,2,0.000374639809
03271925,03/27/1925,"March 27, 1925",3495296,1,0.034349170590,37513,2,0.000375069648
04151925,04/15/1925,"April 15, 1925",2481183,1,0.024506556635,37556,2,0.000375499486
04191925,04/19/1925,"April 19, 1925",2140845,1,0.021180925744,37599,2,0.000375929325
04301925,04/30/1925,"April 30, 1925",1080171,1,0.010743591016,37642,2,0.000376359163
05021925,05/02/1925,"May 02, 1925",2025918,1,0.020055351665,37685,2,0.000376789001
05091925,05/09/1925,"May 09, 1925",7816747,1,0.075190474252,37728,2,0.000377218839
05111925,05/11/1925,"May 11, 1925",1973399,1,0.019540559360,37771,2,0.000377648677
05121925,05/12/1925,"May 12, 1925",5559776,1,0.054080463931,37814,2,0.000378078514
05131925,05/13/1925,"May 13, 1925",1522592,1,0.015110601747,37857,2,0.000378508351
06301925,06/30/1925,"June 30, 1925",4420661,2,0.043243748352,37900,2,0.000378938189
07021925,07/02/1925,"July 02, 1925",3508867,1,0.034480210174,37943,2,0.000379368026
07131925,07/13/1925,"July 13, 1925",6395285,1,0.061950782473,37986,2,0.000379797862
07171925,07/17/1925,"July 17, 1925",725829,1,0.007232022229,38029,2,0.000380227699
07301925,07/30/1925,"July 30, 1925",9200468,1,0.087899129059,38071,2,0.000380647539
08141925,08/14/1925,"August 14, 1925",8238058,1,0.079078602245,38114,2,0.000381077375
08151925,08/15/1925,"August 15, 1925",5732819,1,0.055715896082,38157,2,0.000381507211
08191925,08/19/1925,"August 19, 1925",1940025,1,0.019213286214,38200,2,0.000381937047
08221925,08/22/1925,"August 22, 1925",1770202,1,0.017546269688,38243,2,0.000382366883
10141925,10/14/1925,"October 14, 1925",5110311,1,0.049819317639,38286,2,0.000382796718
10151925,10/15/1925,"October 15, 1925",2659865,1,0.026248031533,38329,2,0.000383226554
10161925,10/16/1925,"October 16, 1925",7070441,1,0.068262746333,38372,2,0.000383656389
11061925,11/06/1925,"November 06, 1925",4160898,1,0.040755218845,38415,2,0.000384086224
11101925,11/10/1925,"November 10, 1925",2971359,1,0.029276491336,38458,2,0.000384516059
11281925,11/28/1925,"November 28, 1925",6538064,1,0.063289164087,38501,2,0.000384945893
11301925,11/30/1925,"November 30, 1925",1946890,1,0.019280614911,38544,2,0.000385375728
12131925,12/13/1925,"December 13, 1925",5472237,1,0.053252052882,38587,2,0.000385805562
12201925,12/20/1925,"December 20, 1925",2918873,1,0.028766863660,38630,2,0.000386235396
12301925,12/30/1925,"December 30, 1925",764299,1,0.007613866621,38673,2,0.000386665230
12311925,12/31/1925,"December 31, 1925",424243,1,0.004233453606,38715,2,0.000387085067
01181926,01/18/1926,"January 18, 1926",2992303,2,0.029479778380,38757,2,0.000387504904
01201926,01/20/1926,"January 20, 1926",1922550,1,0.019041878757,38800,2,0.000387934738
01211926,01/21/1926,"January 21, 1926",4237999,1,0.041494521130,38843,2,0.000388364571
01241926,01/24/1926,"January 24, 1926",8675189,1,0.083095449362,38886,2,0.000388794404
01261926,01/26/1926,"January 26, 1926",7960642,1,0.076520271946,38929,2,0.000389224236
02251926,02/25/1926,"February 25, 1926",1138591,1,0.011321345837,38972,2,0.000389654069
03071926,03/07/1926,"March 07, 1926",6831854,1,0.066037088340,39015,2,0.000390083901
03111926,03/11/1926,"March 11, 1926",4704794,1,0.045958350254,39058,2,0.000390513734
03191926,03/19/1926,"March 19, 1926",3667179,1,0.036007534591,39101,2,0.000390943566
03281926,03/28/1926,"March 28, 1926",2542894,1,0.025108357692,39144,2,0.000391373397
04011926,04/01/1926,"April 01, 1926",571404,1,0.005697755923,39187,2,0.000391803229
04051926,04/05/1926,"April 05, 1926",5433277,1,0.052883128016,39229,2,0.000392223064
05031926,05/03/1926,"May 03, 1926",2294235,1,0.022681185418,39272,2,0.000392652896
05211926,05/21/1926,"May 21, 1926",4980065,1,0.048580939000,39315,2,0.000393082727
05241926,05/24/1926,"May 24, 1926",9186971,1,0.087776014495,39358,2,0.000393512558
05271926,05/27/1926,"May 27, 1926",3642392,1,0.035768560160,39401,2,0.000393942388
05301926,05/30/1926,"May 30, 1926",856965,2,0.008533045216,39444,2,0.000394372219
06241926,06/24/1926,"June 24, 1926",5515409,1,0.053660694694,39486,2,0.000394792053
06281926,06/28/1926,"June 28, 1926",9383673,1,0.089568613720,39529,2,0.000395221883
06301926,06/30/1926,"June 30, 1926",9004049,1,0.086105829017,39572,2,0.000395651713
07021926,07/02/1926,"July 02, 1926",745560,1,0.007427885957,39615,2,0.000396081543
07161926,07/16/1926,"July 16, 1926",5497291,2,0.053489221403,39657,2,0.000396501377
07221926,07/22/1926,"July 22, 1926",7623584,1,0.073402357976,39700,2,0.000396931206
08061926,08/06/1926,"August 06, 1926",6905443,1,0.066724129489,39743,2,0.000397361035
08111926,08/11/1926,"August 11, 1926",9901218,1,0.094268333812,39786,2,0.000397790864
08311926,08/31/1926,"August 31, 1926",344399,1,0.003438076269,39829,2,0.000398220693
09051926,09/05/1926,"September 05, 1926",394758,2,0.003939808549,39871,2,0.000398640526
10041926,10/04/1926,"October 04, 1926",7011739,1,0.067715637359,39913,2,0.000399060358
10091926,10/09/1926,"October 09, 1926",6012240,1,0.058350741324,39956,2,0.000399490187
10131926,10/13/1926,"October 13, 1926",112847,2,0.001127843517,39999,2,0.000399920015
10191926,10/19/1926,"October 19, 1926",2831917,1,0.027921950867,40041,2,0.000400339847
11181926,11/18/1926,"November 18, 1926",8506463,1,0.081547087097,40084,2,0.000400769674
11251926,11/25/1926,"November 25, 1926",9944294,1,0.094658402769,40127,2,0.000401199502
12011926,12/01/1926,"December 01, 1926",2604156,1,0.025705412913,40170,2,0.000401629329
12071926,12/07/1926,"December 07, 1926",6519854,1,0.063118573510,40213,2,0.000402059157
12131926,12/13/1926,"December 13, 1926",8638343,1,0.082757544460,40256,2,0.000402488984
12271926,12/27/1926,"December 27, 1926",2518089,1,0.024866505823,40299,2,0.000402918810
12311926,12/31/1926,"December 31, 1926",3596777,1,0.035328625654,40342,2,0.000403348637
01041927,01/04/1927,"January 04, 1927",9282768,1,0.088649479272,40385,2,0.000403778464
01311927,01/31/1927,"January 31, 1927",5740831,1,0.055791549094,40428,2,0.000404208290
02191927,02/19/1927,"February 19, 1927",9829706,1,0.093620395327,28001,3,0.000279980801
02211927,02/21/1927,"February 21, 1927",9816816,1,0.093503555464,40514,2,0.000405067942
02251927,02/25/1927,"February 25, 1927",5838988,1,0.056717901079,40557,2,0.000405497768
03051927,03/05/1927,"March 05, 1927",6403244,1,0.062025438840,40600,2,0.000405927593
03071927,03/07/1927,"March 07, 1927",5868081,1,0.056992290226,40643,2,0.000406357419
03131927,03/13/1927,"March 13, 1927",2620038,1,0.025860138094,40686,2,0.000406787244
03251927,03/25/1927,"March 25, 1927",5727008,1,0.055661022138,40729,2,0.000407217069
04051927,04/05/1927,"April 05, 1927",3207067,1,0.031561869858,40772,2,0.000407646894
04071927,04/07/1927,"April 07, 1927",1241157,1,0.012334874139,40815,2,0.000408076718
04111927,04/11/1927,"April 11, 1927",2815130,1,0.027758754426,40858,2,0.000408506543
07261927,07/26/1927,"July 26, 1927",1587694,1,0.015751575784,40901,2,0.000408936367
08181927,08/18/1927,"August 18, 1927",2331167,1,0.023042062163,40944,2,0.000409366191
08191927,08/19/1927,"August 19, 1927",2978380,1,0.029344643441,40987,2,0.000409796015
08271927,08/27/1927,"August 27, 1927",9086012,2,0.086854577214,41030,2,0.000410225838
09131927,09/13/1927,"September 13, 1927",8717104,1,0.083479689376,41073,2,0.000410655662
09161927,09/16/1927,"September 16, 1927",5540994,1,0.053902784637,41116,2,0.000411085485
09281927,09/28/1927,"September 28, 1927",641325,1,0.006392739004,41159,2,0.000411515308
10121927,10/12/1927,"October 12, 1927",655362,2,0.006532201869,41201,2,0.000411935136
10211927,10/21/1927,"October 21, 1927",3237035,1,0.031852047918,41243,2,0.000412354962
10251927,10/25/1927,"October 25, 1927",1806681,1,0.017904593627,41286,2,0.000412784785
11141927,11/14/1927,"November 14, 1927",5913201,1,0.057417679334,41329,2,0.000413214607
12021927,12/02/1927,"December 02, 1927",5984886,1,0.058093127351,41372,2,0.000413644430
12061927,12/06/1927,"December 06, 1927",881194,1,0.008773238647,41415,2,0.000414074252
12291927,12/29/1927,"December 29, 1927",2843432,1,0.028033879212,41457,2,0.000414494078
01031928,01/03/1928,"January 03, 1928",9230736,1,0.088175161977,41500,2,0.000414923899
01041928,01/04/1928,"January 04, 1928",6867396,1,0.066368978457,41543,2,0.000415353721
01081928,01/08/1928,"January 08, 1928",956444,1,0.009518856219,41586,2,0.000415783542
01111928,01/11/1928,"January 11, 1928",4304584,1,0.042132529577,41628,2,0.000416203368
01161928,01/16/1928,"January 16, 1928",390911,1,0.003901489376,41671,2,0.000416633188
01291928,01/29/1928,"January 29, 1928",7564336,1,0.072853204734,41713,2,0.000417053013
01311928,01/31/1928,"January 31, 1928",4472962,1,0.043744010612,41756,2,0.000417482834
02071928,02/07/1928,"February 07, 1928",7585979,1,0.073053845404,41799,2,0.000417912654
02191928,02/19/1928,"February 19, 1928",9149016,1,0.087429714163,41842,2,0.000418342475
02251928,02/25/1928,"February 25, 1928",1369393,1,0.013600604668,41885,2,0.000418772295
03181928,03/18/1928,"March 18, 1928",239209,1,0.002389241233,41928,2,0.000419202114
03201928,03/20/1928,"March 20, 1928",315473,1,0.003149769068,41970,2,0.000419621938
03221928,03/22/1928,"March 22, 1928",1778238,1,0.017625216498,42012,2,0.000420041762
05181928,05/18/1928,"May 18, 1928",3937048,1,0.038605544255,42055,2,0.000420471581
05231928,05/23/1928,"May 23, 1928",649117,1,0.006470157867,42098,2,0.000420901400
05281928,05/28/1928,"May 28, 1928",2922996,1,0.028806906777,42140,2,0.000421321224
06011928,06/01/1928,"June 01, 1928",125572,1,0.001254941914,42183,2,0.000421751042
06111928,06/11/1928,"June 11, 1928",1309348,1,0.013008143291,42225,2,0.000422170865
06271928,06/27/1928,"June 27, 1928",6644814,1,0.064288569387,42268,2,0.000422600683
07251928,07/25/1928,"July 25, 1928",776088,1,0.007730852128,42311,2,0.000423030502
07271928,07/27/1928,"July 27, 1928",3450460,1,0.033916114305,42353,2,0.000423450324
08041928,08/04/1928,"August 04, 1928",6932415,1,0.066975818715,42396,2,0.000423880142
08191928,08/19/1928,"August 19, 1928",5576091,1,0.054234778116,42439,2,0.000424309959
08281928,08/28/1928,"August 28, 1928",1781168,1,0.017653999658,42482,2,0.000424739777
09081928,09/08/1928,"September 08, 1928",5251712,1,0.051161933179,42525,2,0.000425169594
09211928,09/21/1928,"September 21, 1928",312784,2,0.003122963405,42568,2,0.000425599411
10211928,10/21/1928,"October 21, 1928",3569603,1,0.035066450232,42610,2,0.000426019232
10241928,10/24/1928,"October 24, 1928",3406974,1,0.033495911704,42653,2,0.000426449049
11141928,11/14/1928,"November 14, 1928",1402619,1,0.013928291293,42696,2,0.000426878866
11271928,11/27/1928,"November 27, 1928",7941373,1,0.076342309491,42739,2,0.000427308682
12091928,12/09/1928,"December 09, 1928",8557132,1,0.082012340129,42782,2,0.000427738498
12121928,12/12/1928,"December 12, 1928",6186937,1,0.059994338271,42825,2,0.000428168314
12161928,12/16/1928,"December 16, 1928",9802343,1,0.093372348738,42868,2,0.000428598130
01181929,01/18/1929,"January 18, 1929",1842569,1,0.018256984793,42911,2,0.000429027945
01271929,01/27/1929,"January 27, 1929",162667,1,0.001625357689,42954,2,0.000429457761
04041929,04/04/1929,"April 04, 1929",9516345,1,0.090775700351,42996,2,0.000429877580
04201929,04/20/1929,"April 20, 1929",3438797,1,0.033803433369,43039,2,0.000430307396
05281929,05/28/1929,"May 28, 1929",9155869,1,0.087492250463,43082,2,0.000430737210
06261929,06/26/1929,"June 26, 1929",5144209,2,0.050141355304,43125,2,0.000431167025
07101929,07/10/1929,"July 10, 1929",653712,1,0.006515809514,43168,2,0.000431596840
07151929,07/15/1929,"July 15, 1929",6916877,1,0.066830834153,43210,2,0.000432016658
08051929,08/05/1929,"August 05, 1929",564427,1,0.005628381035,43253,2,0.000432446472
08191929,08/19/1929,"August 19, 1929",1735035,1,0.017200709423,43295,2,0.000432866291
09141929,09/14/1929,"September 14, 1929",2142980,1,0.021201823308,43338,2,0.000433296104
09241929,09/24/1929,"September 24, 1929",514248,1,0.005129290086,43381,2,0.000433725918
10151929,10/15/1929,"October 15, 1929",7935519,1,0.076288236986,43423,2,0.000434145736
10271929,10/27/1929,"October 27, 1929",9329865,1,0.089078596972,43466,2,0.000434575549
10291929,10/29/1929,"October 29, 1929",368214,1,0.003675379235,43509,2,0.000435005362
11211929,11/21/1929,"November 21, 1929",3912953,1,0.038373868349,43551,2,0.000435425179
11271929,11/27/1929,"November 27, 1929",2001169,1,0.019812795147,43594,2,0.000435854992
11291929,11/29/1929,"November 29, 1929",6703966,1,0.064841897749,43637,2,0.000436284804
12071929,12/07/1929,"December 07, 1929",5120213,1,0.049913399873,43680,2,0.000436714617
12231929,12/23/1929,"December 23, 1929",2241227,1,0.022162990926,43723,2,0.000437144429
01091930,01/09/1930,"January 09, 1930",3083530,1,0.030364751143,43766,2,0.000437574241
01141930,01/14/1930,"January 14, 1930",3886295,1,0.038117483880,43809,2,0.000438004053
01171930,01/17/1930,"January 17, 1930",4477550,1,0.043787882630,43852,2,0.000438433864
02081930,02/08/1930,"February 08, 1930",2949515,1,0.029064423329,43895,2,0.000438863676
02181930,02/18/1930,"February 18, 1930",7152199,1,0.069024204765,43938,2,0.000439293487
02251930,02/25/1930,"February 25, 1930",1932027,1,0.019134839754,43981,2,0.000439723298
03091930,03/09/1930,"March 09, 1930",1684684,1,0.016705735545,44024,2,0.000440153109
03131930,03/13/1930,"March 13, 1930",3870367,1,0.037964263029,44067,2,0.000440582919
03191930,03/19/1930,"March 19, 1930",6981476,1,0.067433457443,44110,2,0.000441012730
03281930,03/28/1930,"March 28, 1930",8630350,1,0.082684226339,44153,2,0.000441442540
04281930,04/28/1930,"April 28, 1930",8517189,1,0.081645595074,44196,2,0.000441872350
05131930,05/13/1930,"May 13, 1930",948620,1,0.009441357942,44239,2,0.000442302160
05271930,05/27/1930,"May 27, 1930",1074043,2,0.010682967525,44281,2,0.000442721974
06171930,06/17/1930,"June 17, 1930",5965502,1,0.057910530425,44324,2,0.000443151784
06181930,06/18/1930,"June 18, 1930",5891416,1,0.057212315405,44367,2,0.000443581593
07041930,07/04/1930,"July 04, 1930",9068858,1,0.086697922811,44410,2,0.000444011402
07211930,07/21/1930,"July 21, 1930",929798,1,0.009254897445,44453,2,0.000444441211
07281930,07/28/1930,"July 28, 1930",6004834,1,0.058281000197,44495,2,0.000444861024
08011930,08/01/1930,"August 01, 1930",8792659,1,0.084171904769,44538,2,0.000445290833
08131930,08/13/1930,"August 13, 1930",4493163,1,0.043937164376,44581,2,0.000445720641
08181930,08/18/1930,"August 18, 1930",5966963,1,0.057924294251,44624,2,0.000446150450
08211930,08/21/1930,"August 21, 1930",9204887,1,0.087939433907,44667,2,0.000446580258
09161930,09/16/1930,"September 16, 1930",6777053,1,0.065525127052,44710,2,0.000447010066
09221930,09/22/1930,"September 22, 1930",5321770,1,0.051826437362,44753,2,0.000447439873
10011930,10/01/1930,"October 01, 1930",5676577,1,0.055184662436,44796,2,0.000447869681
10211930,10/21/1930,"October 21, 1930",463471,1,0.004623996305,44839,2,0.000448299488
11031930,11/03/1930,"November 03, 1930",7054352,1,0.068112827065,44881,2,0.000448719300
11041930,11/04/1930,"November 04, 1930",4222145,1,0.041342547623,44924,2,0.000449149107
11051930,11/05/1930,"November 05, 1930",7295652,1,0.070358760028,44967,2,0.000449578914
11151930,11/15/1930,"November 15, 1930",9174422,1,0.087661532323,45010,2,0.000450008720
11301930,11/30/1930,"November 30, 1930",6954081,1,0.067177945839,45053,2,0.000450438527
12311930,12/31/1930,"December 31, 1930",1065208,1,0.010595557503,45096,2,0.000450868333
01101931,01/10/1931,"January 10, 1931",2476204,1,0.024457985607,45139,2,0.000451298139
01181931,01/18/1931,"January 18, 1931",9818972,1,0.093523099317,45182,2,0.000451727945
01271931,01/27/1931,"January 27, 1931",7830616,1,0.075318727192,45225,2,0.000452157750
01311931,01/31/1931,"January 31, 1931",4072117,1,0.039903213574,45268,2,0.000452587556
02031931,02/03/1931,"February 03, 1931",2421751,1,0.023926629052,45311,2,0.000453017361
02131931,02/13/1931,"February 13, 1931",8702913,1,0.083349616748,45354,2,0.000453447166
02241931,02/24/1931,"February 24, 1931",3873724,1,0.037996558027,45397,2,0.000453876971
03041931,03/04/1931,"March 04, 1931",1480706,1,0.014697984562,45440,2,0.000454306776
03161931,03/16/1931,"March 16, 1931",7971693,1,0.076622320053,45483,2,0.000454736581
04191931,04/19/1931,"April 19, 1931",1672063,1,0.016581626143,45526,2,0.000455166385
04261931,04/26/1931,"April 26, 1931",235872,1,0.002355950406,45569,2,0.000455596189
05161931,05/16/1931,"May 16, 1931",2821118,1,0.027816970490,45611,2,0.000456015998
05231931,05/23/1931,"May 23, 1931",6105432,1,0.059227874338,45654,2,0.000456445801
05251931,05/25/1931,"May 25, 1931",6253867,2,0.060623273570,45697,2,0.000456875605
06011931,06/01/1931,"June 01, 1931",9233082,1,0.088196553137,45740,2,0.000457305409
06201931,06/20/1931,"June 20, 1931",8642544,1,0.082796077006,45783,2,0.000457735212
06301931,06/30/1931,"June 30, 1931",6904412,1,0.066714507365,45826,2,0.000458165015
07011931,07/01/1931,"July 01, 1931",3953541,1,0.038764093969,45869,2,0.000458594818
07091931,07/09/1931,"July 09, 1931",5146211,1,0.050160371284,45912,2,0.000459024621
07111931,07/11/1931,"July 11, 1931",6934346,1,0.066993835238,45955,2,0.000459454423
07131931,07/13/1931,"July 13, 1931",9885771,1,0.094128414634,45998,2,0.000459884225
07301931,07/30/1931,"July 30, 1931",1351456,1,0.013423658338,46041,2,0.000460314028
08021931,08/02/1931,"August 02, 1931",961188,2,0.009565843530,46084,2,0.000460743830
08151931,08/15/1931,"August 15, 1931",9832020,1,0.093641368708,46126,2,0.000461163636
08291931,08/29/1931,"August 29, 1931",3538199,1,0.034763374910,46169,2,0.000461593438
09061931,09/06/1931,"September 06, 1931",6649281,1,0.064330366684,46212,2,0.000462023239
09181931,09/18/1931,"September 18, 1931",1292860,1,0.012845394656,46255,2,0.000462453040
09191931,09/19/1931,"September 19, 1931",862733,2,0.008590231381,46298,2,0.000462882841
10121931,10/12/1931,"October 12, 1931",4305831,1,0.042144474110,46340,2,0.000463302647
10151931,10/15/1931,"October 15, 1931",6091281,1,0.059094736253,46383,2,0.000463732448
10201931,10/20/1931,"October 20, 1931",5853752,1,0.056857156969,46426,2,0.000464162248
10251931,10/25/1931,"October 25, 1931",6274146,1,0.060813750464,46469,2,0.000464592048
10271931,10/27/1931,"October 27, 1931",925456,1,0.009211878358,46512,2,0.000465021848
11201931,11/20/1931,"November 20, 1931",7327267,1,0.070652619654,46554,2,0.000465441653
01071932,01/07/1932,"January 07, 1932",8152475,1,0.078290112719,46597,2,0.000465871453
01241932,01/24/1932,"January 24, 1932",3652928,1,0.035870146234,46640,2,0.000466301252
02061932,02/06/1932,"February 06, 1932",9205530,1,0.087945298437,46683,2,0.000466731052
02101932,02/10/1932,"February 10, 1932",162172,1,0.001620415723,46726,2,0.000467160851
02151932,02/15/1932,"February 15, 1932",296918,1,0.002964786345,46768,2,0.000467580655
03091932,03/09/1932,"March 09, 1932",1935285,1,0.019166795821,46810,2,0.000468000458
03101932,03/10/1932,"March 10, 1932",7997174,1,0.076857575948,46853,2,0.000468430257
04091932,04/09/1932,"April 09, 1932",5653662,1,0.054968133192,46896,2,0.000468860055
04121932,04/12/1932,"April 12, 1932",5462718,1,0.053161927654,46939,2,0.000469289854
04241932,04/24/1932,"April 24, 1932",1518381,1,0.015069127181,46982,2,0.000469719652
05111932,05/11/1932,"May 11, 1932",4953415,1,0.048327352029,47025,2,0.000470149450
05121932,05/12/1932,"May 12, 1932",3039354,1,0.029936310445,47068,2,0.000470579248
05151932,05/15/1932,"May 15, 1932",6094201,1,0.059122210286,47111,2,0.000471009045
05301932,05/30/1932,"May 30, 1932",9788959,1,0.093250997572,47154,2,0.000471438842
06021932,06/02/1932,"June 02, 1932",1026935,1,0.010216810263,47197,2,0.000471868640
06301932,06/30/1932,"June 30, 1932",6557990,1,0.063475794496,47240,2,0.000472298437
07031932,07/03/1932,"July 03, 1932",1924963,1,0.019065548991,47283,2,0.000472728234
07261932,07/26/1932,"July 26, 1932",2519861,1,0.024883785036,47326,2,0.000473158030
08081932,08/08/1932,"August 08, 1932",3832739,1,0.037602200104,47369,2,0.000473587827
08141932,08/14/1932,"August 14, 1932",1462042,1,0.014514070629,47412,2,0.000474017623
08211932,08/21/1932,"August 21, 1932",9828008,1,0.093605004870,47455,2,0.000474447419
09051932,09/05/1932,"September 05, 1932",601810,1,0.006000037508,47498,2,0.000474877215
09121932,09/12/1932,"September 12, 1932",6284547,1,0.060911430147,47540,2,0.000475297015
09291932,09/29/1932,"September 29, 1932",375490,1,0.003747869178,47583,2,0.000475726811
10141932,10/14/1932,"October 14, 1932",9124037,1,0.087201734757,47625,2,0.000476146611
10151932,10/15/1932,"October 15, 1932",2223717,1,0.021991756673,47668,2,0.000476576406
10251932,10/25/1932,"October 25, 1932",9741680,1,0.092822194347,47711,2,0.000477006201
10261932,10/26/1932,"October 26, 1932",1154945,2,0.011483021125,47754,2,0.000477435996
11021932,11/02/1932,"November 02, 1932",4360411,1,0.042667129015,47797,2,0.000477865791
11261932,11/26/1932,"November 26, 1932",1705736,2,0.016912716868,47840,2,0.000478295585
12221932,12/22/1932,"December 22, 1932",9749816,1,0.092895999332,47883,2,0.000478725379
12231932,12/23/1932,"December 23, 1932",757989,1,0.007551245080,47926,2,0.000479155173
12311932,12/31/1932,"December 31, 1932",2787119,1,0.027486381783,47968,2,0.000479574972
01091933,01/09/1933,"January 09, 1933",3662054,2,0.035958128710,48011,2,0.000480004766
02251933,02/25/1933,"February 25, 1933",3841708,1,0.037688513693,48054,2,0.000480434559
03051933,03/05/1933,"March 05, 1933",9517212,1,0.090783583291,48097,2,0.000480864352
03071933,03/07/1933,"March 07, 1933",4529074,1,0.044280434465,48140,2,0.000481294146
03081933,03/08/1933,"March 08, 1933",9951374,1,0.094722498686,48183,2,0.000481723939
03121933,03/12/1933,"March 12, 1933",1039814,1,0.010344276233,48226,2,0.000482153731
04091933,04/09/1933,"April 09, 1933",8058455,1,0.077423113562,48269,2,0.000482583524
04181933,04/18/1933,"April 18, 1933",987117,1,0.009822619914,48312,2,0.000483013316
05041933,05/04/1933,"May 04, 1933",9709506,1,0.092530271998,48354,2,0.000483433113
05221933,05/22/1933,"May 22, 1933",6248433,1,0.060572226451,48397,2,0.000483862905
05251933,05/25/1933,"May 25, 1933",6248794,1,0.060575617779,48440,2,0.000484292697
06081933,06/08/1933,"June 08, 1933",5478944,1,0.053315549138,48483,2,0.000484722489
06121933,06/12/1933,"June 12, 1933",4404630,1,0.043090358461,48526,2,0.000485152280
06211933,06/21/1933,"June 21, 1933",6954088,1,0.067178011137,48569,2,0.000485582072
06221933,06/22/1933,"June 22, 1933",9318979,1,0.088979428670,48612,2,0.000486011863
07021933,07/02/1933,"July 02, 1933",8324944,1,0.079878406509,48655,2,0.000486441654
07061933,07/06/1933,"July 06, 1933",935880,2,0.009315152730,48698,2,0.000486871444
07121933,07/12/1933,"July 12, 1933",914765,1,0.009105947537,48740,2,0.000487291240
07131933,07/13/1933,"July 13, 1933",9488968,1,0.090526747936,48782,2,0.000487711035
07161933,07/16/1933,"July 16, 1933",5721022,1,0.055604492314,48825,2,0.000488140825
07211933,07/21/1933,"July 21, 1933",2897588,1,0.028560114682,48868,2,0.000488570615
07291933,07/29/1933,"July 29, 1933",238645,1,0.002383614692,48911,2,0.000489000405
08011933,08/01/1933,"August 01, 1933",2131329,1,0.021087776888,48953,2,0.000489420200
08031933,08/03/1933,"August 03, 1933",914366,1,0.009101993862,48996,2,0.000489849989
08231933,08/23/1933,"August 23, 1933",6658153,1,0.064413375612,49038,2,0.000490269783
09061933,09/06/1933,"September 06, 1933",582885,1,0.005811905212,49081,2,0.000490699572
09131933,09/13/1933,"September 13, 1933",6109573,1,0.059266830905,49123,2,0.000491119366
09141933,09/14/1933,"September 14, 1933",3652427,1,0.035865315931,49166,2,0.000491549155
09151933,09/15/1933,"September 15, 1933",7845402,1,0.075455440459,49209,2,0.000491978944
09211933,09/21/1933,"September 21, 1933",9163599,1,0.087562784586,49252,2,0.000492408732
09261933,09/26/1933,"September 26, 1933",6454737,1,0.062508305753,49295,2,0.000492838520
10011933,10/01/1933,"October 01, 1933",3137829,1,0.030891110476,49338,2,0.000493268308
10071933,10/07/1933,"October 07, 1933",3074253,1,0.030274793908,49381,2,0.000493698096
10091933,10/09/1933,"October 09, 1933",4367234,1,0.042732445610,49424,2,0.000494127884
12031933,12/03/1933,"December 03, 1933",1178535,1,0.011716184780,49467,2,0.000494557671
12041933,12/04/1933,"December 04, 1933",809226,1,0.008059615805,49510,2,0.000494987458
12141933,12/14/1933,"December 14, 1933",2025626,1,0.020052490222,49552,2,0.000495407250
12161933,12/16/1933,"December 16, 1933",5062124,1,0.049361343735,49595,2,0.000495837037
12201933,12/20/1933,"December 20, 1933",2627419,1,0.025932036705,49638,2,0.000496266824
01031934,01/03/1934,"January 03, 1934",2446506,1,0.024168226112,49681,2,0.000496696610
01171934,01/17/1934,"January 17, 1934",1070302,1,0.010645956482,49724,2,0.000497126397
02071934,02/07/1934,"February 07, 1934",9708749,1,0.092523402426,49767,2,0.000497556183
02131934,02/13/1934,"February 13, 1934",2698460,1,0.026623778594,49810,2,0.000497985969
02161934,02/16/1934,"February 16, 1934",2029820,2,0.020093588359,49853,2,0.000498415755
02281934,02/28/1934,"February 28, 1934",961090,1,0.009564872904,49896,2,0.000498845540
03071934,03/07/1934,"March 07, 1934",1660784,1,0.016470700128,49938,2,0.000499265331
03281934,03/28/1934,"March 28, 1934",415845,1,0.004149825620,49981,2,0.000499695116
04031934,04/03/1934,"April 03, 1934",1411548,1,0.014016333706,50023,2,0.000500114906
04271934,04/27/1934,"April 27, 1934",991018,1,0.009861245981,50066,2,0.000500544691
05011934,05/01/1934,"May 01, 1934",6486750,1,0.062808376939,50108,2,0.000500964480
05121934,05/12/1934,"May 12, 1934",8092164,1,0.077734052597,50151,2,0.000501394265
06071934,06/07/1934,"June 07, 1934",1267482,1,0.012594842766,50194,2,0.000501824049
06081934,06/08/1934,"June 08, 1934",5629918,1,0.054743718182,50237,2,0.000502253833
06141934,06/14/1934,"June 14, 1934",9333842,1,0.089114823597,50280,2,0.000502683617
06151934,06/15/1934,"June 15, 1934",8450389,1,0.081031929384,50323,2,0.000503113401
06161934,06/16/1934,"June 16, 1934",4193202,1,0.041065043237,50366,2,0.000503543185
06201934,06/20/1934,"June 20, 1934",2934899,1,0.028922501012,50409,2,0.000503972968
06261934,06/26/1934,"June 26, 1934",2914974,1,0.028728994541,50452,2,0.000504402751
07091934,07/09/1934,"July 09, 1934",1812553,1,0.017962260577,50495,2,0.000504832534
08051934,08/05/1934,"August 05, 1934",6180693,1,0.059935642484,50538,2,0.000505262317
08121934,08/12/1934,"August 12, 1934",9451096,1,0.090182246991,50581,2,0.000505692100
08131934,08/13/1934,"August 13, 1934",6760369,1,0.065369206256,50624,2,0.000506121882
08201934,08/20/1934,"August 20, 1934",6383512,1,0.061840339436,50667,2,0.000506551664
08271934,08/27/1934,"August 27, 1934",7388886,1,0.071225097827,50710,2,0.000506981447
09061934,09/06/1934,"September 06, 1934",670779,1,0.006685352995,50753,2,0.000507411228
09131934,09/13/1934,"September 13, 1934",1044681,1,0.010392441605,50795,2,0.000507831015
09201934,09/20/1934,"September 20, 1934",1073830,1,0.010680860278,50838,2,0.000508260797
10011934,10/01/1934,"October 01, 1934",2042181,1,0.020214707106,50881,2,0.000508690578
10021934,10/02/1934,"October 02, 1934",3004293,1,0.029596136780,50924,2,0.000509120359
10091934,10/09/1934,"October 09, 1934",6634050,1,0.064187843987,50967,2,0.000509550140
11211934,11/21/1934,"November 21, 1934",780185,1,0.007771504562,51010,2,0.000509979921
11301934,11/30/1934,"November 30, 1934",7318500,1,0.070571140197,51052,2,0.000510399707
12081934,12/08/1934,"December 08, 1934",7746632,1,0.074541816670,51095,2,0.000510829487
01021935,01/02/1935,"January 02, 1935",6912151,1,0.066786731536,51138,2,0.000511259268
01091935,01/09/1935,"January 09, 1935",4101035,1,0.040180814225,51181,2,0.000511689048
01141935,01/14/1935,"January 14, 1935",1564463,1,0.015522898469,51224,2,0.000512118828
02051935,02/05/1935,"February 05, 1935",4670551,1,0.045631601827,51267,2,0.000512548607
02231935,02/23/1935,"February 23, 1935",159907,1,0.001597802169,51310,2,0.000512978387
02251935,02/25/1935,"February 25, 1935",7430903,1,0.071615259208,51352,2,0.000513398171
03031935,03/03/1935,"March 03, 1935",905421,2,0.009013354070,51395,2,0.000513827950
03091935,03/09/1935,"March 09, 1935",6402875,1,0.062021977707,51437,2,0.000514247734
03281935,03/28/1935,"March 28, 1935",1144904,1,0.011383759151,51480,2,0.000514677513
04121935,04/12/1935,"April 12, 1935",3002372,1,0.029577495143,51523,2,0.000515107292
04201935,04/20/1935,"April 20, 1935",3418296,1,0.033605333103,51566,2,0.000515537070
04291935,04/29/1935,"April 29, 1935",9641306,1,0.091911166547,51609,2,0.000515966848
05071935,05/07/1935,"May 07, 1935",9527350,1,0.090875754980,51652,2,0.000516396627
06041935,06/04/1935,"June 04, 1935",7729486,1,0.074383124004,51695,2,0.000516826404
06051935,06/05/1935,"June 05, 1935",1837867,1,0.018210822151,51738,2,0.000517256182
07011935,07/01/1935,"July 01, 1935",6106546,1,0.059238354481,51781,2,0.000517685960
07231935,07/23/1935,"July 23, 1935",7142452,1,0.068933458131,51824,2,0.000518115737
07241935,07/24/1935,"July 24, 1935",2261123,1,0.022357522027,51867,2,0.000518545514
08211935,08/21/1935,"August 21, 1935",6157451,1,0.059717127332,51910,2,0.000518975291
08271935,08/27/1935,"August 27, 1935",314894,1,0.003143997288,51953,2,0.000519405068
09211935,09/21/1935,"September 21, 1935",3328001,1,0.032732332952,51995,2,0.000519824849
09221935,09/22/1935,"September 22, 1935",255136,1,0.002548118047,52038,2,0.000520254626
09261935,09/26/1935,"September 26, 1935",2571053,1,0.025382838785,52080,2,0.000520674407
09281935,09/28/1935,"September 28, 1935",2835960,1,0.027961251189,52123,2,0.000521104183
09301935,09/30/1935,"September 30, 1935",8863190,1,0.084817619748,52166,2,0.000521533959
10011935,10/01/1935,"October 01, 1935",1484192,2,0.014732331592,52209,2,0.000521963735
10061935,10/06/1935,"October 06, 1935",1784071,1,0.017682516749,52252,2,0.000522393510
10191935,10/19/1935,"October 19, 1935",181015,1,0.001808522667,52295,2,0.000522823285
10211935,10/21/1935,"October 21, 1935",2394150,1,0.023657185855,52337,2,0.000523243066
10241935,10/24/1935,"October 24, 1935",5441733,1,0.052963212833,52380,2,0.000523672841
11121935,11/12/1935,"November 12, 1935",4432461,1,0.043356638930,52423,2,0.000524102615
12191935,12/19/1935,"December 19, 1935",7918828,1,0.076134047387,52466,2,0.000524532390
01021936,01/02/1936,"January 02, 1936",3711400,3,0.036433727463,52509,2,0.000524962164
01101936,01/10/1936,"January 10, 1936",6966040,1,0.067289495360,52552,2,0.000525391939
01131936,01/13/1936,"January 13, 1936",4346578,1,0.042534691998,52595,2,0.000525821713
01181936,01/18/1936,"January 18, 1936",2388024,2,0.023597373262,52638,2,0.000526251486
02091936,02/09/1936,"February 09, 1936",8337185,1,0.079991031701,52681,2,0.000526681260
02161936,02/16/1936,"February 16, 1936",8798222,1,0.084222850869,52724,2,0.000527111033
02171936,02/17/1936,"February 17, 1936",2821751,1,0.027823124389,52767,2,0.000527540807
02201936,02/20/1936,"February 20, 1936",1520097,1,0.015086028450,52810,2,0.000527970580
02271936,02/27/1936,"February 27, 1936",8422353,1,0.080774251374,52853,2,0.000528400353
02281936,02/28/1936,"February 28, 1936",6655947,1,0.064392736343,52896,2,0.000528830125
03041936,03/04/1936,"March 04, 1936",4788023,1,0.046752059242,52939,2,0.000529259898
03061936,03/06/1936,"March 06, 1936",7497334,1,0.072231789675,52982,2,0.000529689670
03181936,03/18/1936,"March 18, 1936",7013957,1,0.067736315197,53025,2,0.000530119442
03221936,03/22/1936,"March 22, 1936",271464,1,0.002710968697,53068,2,0.000530549214
03241936,03/24/1936,"March 24, 1936",7013913,1,0.067735905001,53110,2,0.000530968991
03271936,03/27/1936,"March 27, 1936",1493887,1,0.014827848663,53153,2,0.000531398763
03291936,03/29/1936,"March 29, 1936",3258960,1,0.032064291090,53196,2,0.000531828534
04181936,04/18/1936,"April 18, 1936",9756211,1,0.092954006779,53239,2,0.000532258306
04191936,04/19/1936,"April 19, 1936",5248519,1,0.051131636296,53282,2,0.000532688077
05011936,05/01/1936,"May 01, 1936",7766173,1,0.074722642787,53325,2,0.000533117847
05271936,05/27/1936,"May 27, 1936",7977230,1,0.076673446061,53368,2,0.000533547618
05311936,05/31/1936,"May 31, 1936",4749514,1,0.046384902299,53411,2,0.000533977389
06111936,06/11/1936,"June 11, 1936",291949,1,0.002915242433,53454,2,0.000534407159
06141936,06/14/1936,"June 14, 1936",7722697,1,0.074320281740,53496,2,0.000534826934
07091936,07/09/1936,"July 09, 1936",589956,1,0.005882201768,53539,2,0.000535256704
07141936,07/14/1936,"July 14, 1936",8973910,1,0.085830348939,53581,2,0.000535676479
07231936,07/23/1936,"July 23, 1936",1410180,1,0.014002845357,53624,2,0.000536106249
07251936,07/25/1936,"July 25, 1936",9522299,1,0.090829833955,53667,2,0.000536536018
08041936,08/04/1936,"August 04, 1936",1298234,1,0.012898442919,53710,2,0.000536965788
08171936,08/17/1936,"August 17, 1936",45954,1,0.000459444428,53753,2,0.000537395557
08201936,08/20/1936,"August 20, 1936",8301070,1,0.079658710454,53794,2,0.000537805336
09041936,09/04/1936,"September 04, 1936",2833262,1,0.027935025229,53837,2,0.000538235105
09221936,09/22/1936,"September 22, 1936",5822563,1,0.056562954268,53880,2,0.000538664873
09261936,09/26/1936,"September 26, 1936",9652132,1,0.092009470923,53923,2,0.000539094642
09271936,09/27/1936,"September 27, 1936",1605808,1,0.015929846399,53966,2,0.000539524410
09291936,09/29/1936,"September 29, 1936",1788407,1,0.017725109112,54009,2,0.000539954178
10021936,10/02/1936,"October 02, 1936",4049784,1,0.039688771212,54052,2,0.000540383945
10031936,10/03/1936,"October 03, 1936",130319,1,0.001302351217,54095,2,0.000540813713
10061936,10/06/1936,"October 06, 1936",3965775,1,0.038881684378,54137,2,0.000541233486
10071936,10/07/1936,"October 07, 1936",4514992,1,0.044145840558,54180,2,0.000541663253
10101936,10/10/1936,"October 10, 1936",1490724,2,0.014796687174,54223,2,0.000542093020
10151936,10/15/1936,"October 15, 1936",7725748,1,0.074348523798,54266,2,0.000542522787
10171936,10/17/1936,"October 17, 1936",2746023,1,0.027086635448,54309,2,0.000542952553
10201936,10/20/1936,"October 20, 1936",2837299,1,0.027974266701,54352,2,0.000543382320
10231936,10/23/1936,"October 23, 1936",2236531,1,0.022117070621,54395,2,0.000543812086
11071936,11/07/1936,"November 07, 1936",6901943,1,0.066691464262,54438,2,0.000544241852
11271936,11/27/1936,"November 27, 1936",8160091,1,0.078360307471,54481,2,0.000544671618
12241936,12/24/1936,"December 24, 1936",2802145,1,0.027632500702,54524,2,0.000545101384
02091937,02/09/1937,"February 09, 1937",7662061,1,0.073758816373,54567,2,0.000545531149
03051937,03/05/1937,"March 05, 1937",933952,1,0.009296052142,54610,2,0.000545960915
03311937,03/31/1937,"March 31, 1937",2566838,1,0.025341757806,54652,2,0.000546380685
04031937,04/03/1937,"April 03, 1937",9084285,1,0.086838807056,54695,2,0.000546810450
04231937,04/23/1937,"April 23, 1937",606261,1,0.006044279463,54738,2,0.000547240215
04261937,04/26/1937,"April 26, 1937",5866658,1,0.056978871131,54780,2,0.000547659985
05191937,05/19/1937,"May 19, 1937",7965469,1,0.076564847237,54823,2,0.000548089749
05281937,05/28/1937,"May 28, 1937",2364884,1,0.023371407548,54866,2,0.000548519514
06031937,06/03/1937,"June 03, 1937",1744378,1,0.017292528072,54909,2,0.000548949278
06271937,06/27/1937,"June 27, 1937",2561416,1,0.025288910402,54952,2,0.000549379042
07041937,07/04/1937,"July 04, 1937",16953,1,0.000169525631,54995,2,0.000549808805
08081937,08/08/1937,"August 08, 1937",3768752,1,0.036986193557,55036,2,0.000550218580
08161937,08/16/1937,"August 16, 1937",9480270,1,0.090447638511,55079,2,0.000550648343
08191937,08/19/1937,"August 19, 1937",3797436,1,0.037262384826,55122,2,0.000551078106
08251937,08/25/1937,"August 25, 1937",4541764,1,0.044401707584,55165,2,0.000551507869
08271937,08/27/1937,"August 27, 1937",17826,1,0.000178254113,55208,2,0.000551937632
09191937,09/19/1937,"September 19, 1937",9279377,1,0.088618574852,55249,2,0.000552347406
10111937,10/11/1937,"October 11, 1937",6323518,1,0.061277331055,55292,2,0.000552777168
10141937,10/14/1937,"October 14, 1937",3713042,1,0.036449549091,55335,2,0.000553206930
10171937,10/17/1937,"October 17, 1937",7322275,1,0.070606225475,55378,2,0.000553636692
10191937,10/19/1937,"October 19, 1937",5630777,1,0.054751837898,55421,2,0.000554066454
10261937,10/26/1937,"October 26, 1937",4717325,1,0.046077893724,55464,2,0.000554496216
11111937,11/11/1937,"November 11, 1937",6490495,1,0.062843474108,55507,2,0.000554925977
11241937,11/24/1937,"November 24, 1937",7807628,1,0.075106137025,55550,2,0.000555355738
12191937,12/19/1937,"December 19, 1937",9199471,1,0.087890035368,55593,2,0.000555785500
12231937,12/23/1937,"December 23, 1937",6714547,1,0.064940841595,55636,2,0.000556215260
01031938,01/03/1938,"January 03, 1938",2674181,1,0.026387423888,55679,2,0.000556645021
01151938,01/15/1938,"January 15, 1938",8535313,1,0.081812022546,55722,2,0.000557074782
01211938,01/21/1938,"January 21, 1938",5706448,1,0.055466846081,55765,2,0.000557504542
01291938,01/29/1938,"January 29, 1938",5057797,1,0.049320208710,55808,2,0.000557934302
02151938,02/15/1938,"February 15, 1938",3413146,1,0.033555562496,55851,2,0.000558364062
03101938,03/10/1938,"March 10, 1938",269745,1,0.002693825151,55894,2,0.000558793822
04041938,04/04/1938,"April 04, 1938",9081910,1,0.086817119220,55936,2,0.000559213587
04181938,04/18/1938,"April 18, 1938",3553299,1,0.034909114639,55979,2,0.000559643347
04191938,04/19/1938,"April 19, 1938",1604602,1,0.015917978441,56022,2,0.000560073106
04251938,04/25/1938,"April 25, 1938",1183817,1,0.011768384553,56065,2,0.000560502865
05021938,05/02/1938,"May 02, 1938",9590973,1,0.091453983142,56108,2,0.000560932624
05061938,05/06/1938,"May 06, 1938",2606127,1,0.025724616071,56151,2,0.000561362383
05081938,05/08/1938,"May 08, 1938",4628415,1,0.045229384422,56194,2,0.000561792141
05121938,05/12/1938,"May 12, 1938",5620705,1,0.054656627708,56237,2,0.000562221900
05181938,05/18/1938,"May 18, 1938",3670935,1,0.036043741468,56280,2,0.000562651658
05251938,05/25/1938,"May 25, 1938",1299684,1,0.012912755788,56323,2,0.000563081416
05261938,05/26/1938,"May 26, 1938",8433042,1,0.080872502164,56366,2,0.000563511174
06041938,06/04/1938,"June 04, 1938",7251729,1,0.069950344014,56409,2,0.000563940931
06281938,06/28/1938,"June 28, 1938",3362819,1,0.033069057588,56452,2,0.000564370689
07071938,07/07/1938,"July 07, 1938",1895017,1,0.018771754370,56495,2,0.000564800446
07311938,07/31/1938,"July 31, 1938",1858816,1,0.018416475626,56538,2,0.000565230203
08091938,08/09/1938,"August 09, 1938",9342155,1,0.089190542335,56581,2,0.000565659960
08231938,08/23/1938,"August 23, 1938",2370889,1,0.023430052335,56624,2,0.000566089716
09121938,09/12/1938,"September 12, 1938",629239,1,0.006272644372,56667,2,0.000566519473
09151938,09/15/1938,"September 15, 1938",4514333,1,0.044139541458,56709,2,0.000566939235
09181938,09/18/1938,"September 18, 1938",5360357,1,0.052192238518,56752,2,0.000567368991
10031938,10/03/1938,"October 03, 1938",8648089,1,0.082846934554,56795,2,0.000567798747
10141938,10/14/1938,"October 14, 1938",3002411,1,0.029577873608,56838,2,0.000568228503
11061938,11/06/1938,"November 06, 1938",1783385,1,0.017675778028,56881,2,0.000568658258
11191938,11/19/1938,"November 19, 1938",5619639,1,0.054646550294,56924,2,0.000569088014
11211938,11/21/1938,"November 21, 1938",482985,1,0.004818215030,56967,2,0.000569517769
11241938,11/24/1938,"November 24, 1938",2339188,1,0.023120420817,57009,2,0.000569937530
11261938,11/26/1938,"November 26, 1938",1358047,1,0.013488681442,57052,2,0.000570367284
12101938,12/10/1938,"December 10, 1938",6614437,1,0.064004285147,57095,2,0.000570797039
12151938,12/15/1938,"December 15, 1938",3391794,1,0.033349185246,57138,2,0.000571226794
12161938,12/16/1938,"December 16, 1938",1746683,1,0.017315179219,57181,2,0.000571656548
12191938,12/19/1938,"December 19, 1938",4033042,1,0.039527982445,57224,2,0.000572086302
12221938,12/22/1938,"December 22, 1938",7947568,1,0.076399528313,57267,2,0.000572516056
01091939,01/09/1939,"January 09, 1939",482711,1,0.004815488228,57310,2,0.000572945810
01121939,01/12/1939,"January 12, 1939",936063,1,0.009316965682,57352,2,0.000573365569
01141939,01/14/1939,"January 14, 1939",4798485,1,0.046851782826,57394,2,0.000573785328
02071939,02/07/1939,"February 07, 1939",9952092,1,0.094728998555,57437,2,0.000574215081
02091939,02/09/1939,"February 09, 1939",4095907,1,0.040131593435,57480,2,0.000574644834
02251939,02/25/1939,"February 25, 1939",3562644,1,0.034999298169,57523,2,0.000575074587
03031939,03/03/1939,"March 03, 1939",6796589,1,0.065707668234,57566,2,0.000575504340
03091939,03/09/1939,"March 09, 1939",7337431,1,0.070747073723,57609,2,0.000575934092
03131939,03/13/1939,"March 13, 1939",221140,1,0.002208966656,57652,2,0.000576363844
03281939,03/28/1939,"March 28, 1939",3218429,1,0.031671897549,57694,2,0.000576783602
04081939,04/08/1939,"April 08, 1939",4608756,1,0.045041667613,57737,2,0.000577213354
04101939,04/10/1939,"April 10, 1939",3089452,1,0.030422171243,57780,2,0.000577643106
05051939,05/05/1939,"May 05, 1939",253322,1,0.002530024106,57823,2,0.000578072857
05221939,05/22/1939,"May 22, 1939",9513455,1,0.090749423389,57865,2,0.000578492614
05271939,05/27/1939,"May 27, 1939",9887271,1,0.094142002606,57908,2,0.000578922366
05311939,05/31/1939,"May 31, 1939",9535222,1,0.090947318425,57951,2,0.000579352117
06061939,06/06/1939,"June 06, 1939",7851115,2,0.075508258181,57994,2,0.000579781867
06151939,06/15/1939,"June 15, 1939",43998,1,0.000439893223,58037,2,0.000580211618
06181939,06/18/1939,"June 18, 1939",4862368,1,0.047460488058,58078,2,0.000580621380
07091939,07/09/1939,"July 09, 1939",4016072,1,0.039364976511,58121,2,0.000581051130
07141939,07/14/1939,"July 14, 1939",2125632,1,0.021032006669,58164,2,0.000581480880
08091939,08/09/1939,"August 09, 1939",7375383,1,0.071099676883,58207,2,0.000581910630
08131939,08/13/1939,"August 13, 1939",6400821,1,0.062002711441,58250,2,0.000582340380
08171939,08/17/1939,"August 17, 1939",3933907,1,0.038575346381,58293,2,0.000582770129
08301939,08/30/1939,"August 30, 1939",3285274,1,0.032318960187,58336,2,0.000583199879
09061939,09/06/1939,"September 06, 1939",2774230,1,0.027361026423,58379,2,0.000583629628
09171939,09/17/1939,"September 17, 1939",9645165,1,0.091946209019,58422,2,0.000584059377
10021939,10/02/1939,"October 02, 1939",4804098,1,0.046905281535,58465,2,0.000584489126
10111939,10/11/1939,"October 11, 1939",2624937,1,0.025907860038,58508,2,0.000584918874
10211939,10/21/1939,"October 21, 1939",4081733,1,0.039995532043,58551,2,0.000585348622
11051939,11/05/1939,"November 05, 1939",2536742,1,0.025048380513,58594,2,0.000585778371
11061939,11/06/1939,"November 06, 1939",6837089,1,0.066085980019,58637,2,0.000586208119
12021939,12/02/1939,"December 02, 1939",6658613,1,0.064417679300,58680,2,0.000586637867
12181939,12/18/1939,"December 18, 1939",5330750,1,0.051911579526,58723,2,0.000587067614
01101940,01/10/1940,"January 10, 1940",1832965,1,0.018162693665,58766,2,0.000587497362
01131940,01/13/1940,"January 13, 1940",1825272,1,0.018087158015,58809,2,0.000587927109
02121940,02/12/1940,"February 12, 1940",1664932,1,0.016511496078,58852,2,0.000588356856
03141940,03/14/1940,"March 14, 1940",432054,2,0.004311229895,58895,2,0.000588786603
03181940,03/18/1940,"March 18, 1940",8162674,1,0.078384113117,58937,2,0.000589206356
03191940,03/19/1940,"March 19, 1940",8770054,1,0.083964858425,58980,2,0.000589636102
03221940,03/22/1940,"March 22, 1940",3526663,1,0.034652018789,59023,2,0.000590065849
03251940,03/25/1940,"March 25, 1940",4332925,1,0.042403960334,59066,2,0.000590495595
03301940,03/30/1940,"March 30, 1940",2093703,1,0.020719382069,59109,2,0.000590925341
04171940,04/17/1940,"April 17, 1940",8938064,1,0.085502596943,59152,2,0.000591355087
04301940,04/30/1940,"April 30, 1940",3246102,1,0.031939825914,59195,2,0.000591784832
05021940,05/02/1940,"May 02, 1940",5177512,1,0.050457634064,59238,2,0.000592214578
05101940,05/10/1940,"May 10, 1940",568769,1,0.005671555714,59281,2,0.000592644323
05151940,05/15/1940,"May 15, 1940",5377858,1,0.052358099842,59323,2,0.000593064074
06031940,06/03/1940,"June 03, 1940",8185967,1,0.078598760108,59366,2,0.000593493819
06111940,06/11/1940,"June 11, 1940",1525374,1,0.015138000990,59409,2,0.000593923563
06141940,06/14/1940,"June 14, 1940",6776087,1,0.065516099981,59452,2,0.000594353308
06161940,06/16/1940,"June 16, 1940",4133330,3,0.040490737787,59495,2,0.000594783052
06171940,06/17/1940,"June 17, 1940",4276432,1,0.041862832763,59538,2,0.000595212797
06191940,06/19/1940,"June 19, 1940",1189425,1,0.011823803029,59581,2,0.000595642540
06231940,06/23/1940,"June 23, 1940",2525916,1,0.024942826536,59624,2,0.000596072284
06271940,06/27/1940,"June 27, 1940",2489676,1,0.024589401776,59667,2,0.000596502028
07111940,07/11/1940,"July 11, 1940",2377183,1,0.023491515714,59710,2,0.000596931771
07181940,07/18/1940,"July 18, 1940",9290051,1,0.088715850514,59753,2,0.000597361515
07231940,07/23/1940,"July 23, 1940",7186284,1,0.069341473795,59796,2,0.000597791258
08021940,08/02/1940,"August 02, 1940",228079,2,0.002278200975,59839,2,0.000598221000
08051940,08/05/1940,"August 05, 1940",836345,2,0.008328583649,59881,2,0.000598640749
08211940,08/21/1940,"August 21, 1940",4032492,1,0.039522699834,59923,2,0.000599060498
09111940,09/11/1940,"September 11, 1940",2198808,1,0.021748114254,59966,2,0.000599490240
09171940,09/17/1940,"September 17, 1940",5798299,1,0.056334010926,60009,2,0.000599919982
10091940,10/09/1940,"October 09, 1940",4982428,1,0.048603420767,60052,2,0.000600349724
10271940,10/27/1940,"October 27, 1940",8371762,1,0.080309088215,60095,2,0.000600779466
10291940,10/29/1940,"October 29, 1940",108611,1,0.001085530396,60138,2,0.000601209207
10301940,10/30/1940,"October 30, 1940",1518414,1,0.015069452208,60180,2,0.000601628955
11051940,11/05/1940,"November 05, 1940",1269710,1,0.012616841908,60223,2,0.000602058696
11061940,11/06/1940,"November 06, 1940",7045266,1,0.068028151949,60266,2,0.000602488437
11221940,11/22/1940,"November 22, 1940",4554550,1,0.044523882572,60309,2,0.000602918178
12021940,12/02/1940,"December 02, 1940",7368034,1,0.071031409489,60352,2,0.000603347918
12121940,12/12/1940,"December 12, 1940",6623936,1,0.064093191158,60395,2,0.000603777659
12191940,12/19/1940,"December 19, 1940",9451215,1,0.090183329674,60438,2,0.000604207399
01021941,01/02/1941,"January 02, 1941",2988737,1,0.029445169012,60481,2,0.000604637139
01031941,01/03/1941,"January 03, 1941",3401549,1,0.033443477434,60524,2,0.000605066879
01201941,01/20/1941,"January 20, 1941",5479026,1,0.053316325419,60567,2,0.000605496619
02041941,02/04/1941,"February 04, 1941",4441001,1,0.043438332786,60610,2,0.000605926359
02091941,02/09/1941,"February 09, 1941",1289646,1,0.012813666997,60653,2,0.000606356098
02131941,02/13/1941,"February 13, 1941",6656526,1,0.064398153494,60696,2,0.000606785837
03121941,03/12/1941,"March 12, 1941",1856637,2,0.018395086688,60739,2,0.000607215576
03161941,03/16/1941,"March 16, 1941",6165061,1,0.059788680136,60782,2,0.000607645315
03261941,03/26/1941,"March 26, 1941",3005661,1,0.029609411814,60825,2,0.000608075053
04121941,04/12/1941,"April 12, 1941",5938918,1,0.057660052065,60868,2,0.000608504792
04191941,04/19/1941,"April 19, 1941",34149,1,0.000341441699,60911,2,0.000608934530
05301941,05/30/1941,"May 30, 1941",7732133,1,0.074407624758,60952,2,0.000609344280
06131941,06/13/1941,"June 13, 1941",6606619,1,0.063931106140,60995,2,0.000609774018
06181941,06/18/1941,"June 18, 1941",7439429,1,0.071694409918,61038,2,0.000610203756
06201941,06/20/1941,"June 20, 1941",6645892,1,0.064298656302,61081,2,0.000610633494
06291941,06/29/1941,"June 29, 1941",7445501,1,0.071750774923,61124,2,0.000611063231
07101941,07/10/1941,"July 10, 1941",9718760,1,0.092614245362,61167,2,0.000611492968
07251941,07/25/1941,"July 25, 1941",102294,1,0.001022426975,61210,2,0.000611922705
08241941,08/24/1941,"August 24, 1941",5543742,1,0.053928783031,61252,2,0.000612342448
08301941,08/30/1941,"August 30, 1941",4717022,1,0.046075003335,61295,2,0.000612772185
09041941,09/04/1941,"September 04, 1941",2610928,1,0.025771389910,61338,2,0.000613201921
09081941,09/08/1941,"September 08, 1941",5246487,1,0.051112355094,61381,2,0.000613631657
09091941,09/09/1941,"September 09, 1941",449966,1,0.004489561697,61424,2,0.000614061393
10201941,10/20/1941,"October 20, 1941",1649448,1,0.016359200926,61466,2,0.000614481135
10251941,10/25/1941,"October 25, 1941",4242618,2,0.041538793476,61509,2,0.000614910871
11031941,11/03/1941,"November 03, 1941",9518744,1,0.090797512380,61552,2,0.000615340606
11051941,11/05/1941,"November 05, 1941",7462170,1,0.071905491892,61595,2,0.000615770342
11091941,11/09/1941,"November 09, 1941",4344036,1,0.042510352921,61638,2,0.000616200077
11141941,11/14/1941,"November 14, 1941",7864033,1,0.075627676313,61681,2,0.000616629812
12141941,12/14/1941,"December 14, 1941",2614595,1,0.025807114218,61724,2,0.000617059547
01061942,01/06/1942,"January 06, 1942",794602,1,0.007914543835,61767,2,0.000617489281
01071942,01/07/1942,"January 07, 1942",7614270,1,0.073316050651,61809,2,0.000617909022
01271942,01/27/1942,"January 27, 1942",9435469,1,0.090040058660,61852,2,0.000618338756
01281942,01/28/1942,"January 28, 1942",3842544,1,0.037696558583,61895,2,0.000618768490
02251942,02/25/1942,"February 25, 1942",7433891,1,0.071642998930,61938,2,0.000619198224
02271942,02/27/1942,"February 27, 1942",2866932,1,0.028262264416,61981,2,0.000619627957
03041942,03/04/1942,"March 04, 1942",5902991,1,0.057321436765,62024,2,0.000620057691
03211942,03/21/1942,"March 21, 1942",3432829,1,0.033745769037,62067,2,0.000620487424
03221942,03/22/1942,"March 22, 1942",3671179,1,0.036046093519,62110,2,0.000620917157
04111942,04/11/1942,"April 11, 1942",2390533,1,0.023621870897,62153,2,0.000621346890
04161942,04/16/1942,"April 16, 1942",7237364,1,0.069816732783,62196,2,0.000621776623
04211942,04/21/1942,"April 21, 1942",8129023,1,0.078073927965,62239,2,0.000622206356
04241942,04/24/1942,"April 24, 1942",8197287,1,0.078703056826,62282,2,0.000622636088
04251942,04/25/1942,"April 25, 1942",2171618,1,0.021482091399,62325,2,0.000623065820
05021942,05/02/1942,"May 02, 1942",597441,1,0.005956608701,62368,2,0.000623495552
05071942,05/07/1942,"May 07, 1942",5678249,1,0.055200459617,62410,2,0.000623915290
05301942,05/30/1942,"May 30, 1942",9067184,1,0.086682634006,62453,2,0.000624345022
06021942,06/02/1942,"June 02, 1942",450629,1,0.004496161909,62496,2,0.000624774753
06031942,06/03/1942,"June 03, 1942",7025167,1,0.067840816099,62538,2,0.000625194491
06081942,06/08/1942,"June 08, 1942",4419155,1,0.043229339494,62581,2,0.000625624222
06101942,06/10/1942,"June 10, 1942",5675549,1,0.055174949685,62624,2,0.000626053953
06161942,06/16/1942,"June 16, 1942",4126848,1,0.040428540380,62667,2,0.000626483683
07081942,07/08/1942,"July 08, 1942",599333,1,0.005975415824,62710,2,0.000626913414
07201942,07/20/1942,"July 20, 1942",450470,2,0.004494579057,62752,2,0.000627333151
08181942,08/18/1942,"August 18, 1942",5586820,1,0.054336243825,62794,2,0.000627752887
08281942,08/28/1942,"August 28, 1942",4533472,1,0.044322466087,62837,2,0.000628182617
09051942,09/05/1942,"September 05, 1942",507247,1,0.005059636749,62880,2,0.000628612347
09181942,09/18/1942,"September 18, 1942",1008119,1,0.010030555134,62922,2,0.000629032083
09211942,09/21/1942,"September 21, 1942",2533312,1,0.025014939098,62965,2,0.000629461812
09251942,09/25/1942,"September 25, 1942",9963085,1,0.094828509527,63008,2,0.000629891541
09301942,09/30/1942,"September 30, 1942",6556970,1,0.063466241900,63051,2,0.000630321270
10111942,10/11/1942,"October 11, 1942",6610232,1,0.063964925699,63094,2,0.000630750999
10151942,10/15/1942,"October 15, 1942",64020,1,0.000640005116,63137,2,0.000631180728
10181942,10/18/1942,"October 18, 1942",1249,1,0.000012499922,63178,2,0.000631590469
10241942,10/24/1942,"October 24, 1942",982339,1,0.009775308108,63218,2,0.000631990216
11111942,11/11/1942,"November 11, 1942",2030754,1,0.020102740642,63260,2,0.000632409951
11121942,11/12/1942,"November 12, 1942",3769856,1,0.036996825170,63303,2,0.000632839679
11131942,11/13/1942,"November 13, 1942",7414269,1,0.071460818845,63346,2,0.000633269407
11171942,11/17/1942,"November 17, 1942",1943898,1,0.019251271348,63389,2,0.000633699134
11211942,11/21/1942,"November 21, 1942",5844826,1,0.056772968281,63432,2,0.000634128862
11221942,11/22/1942,"November 22, 1942",151463,1,0.001513493527,63475,2,0.000634558589
12061942,12/06/1942,"December 06, 1942",9928488,1,0.094515293165,63517,2,0.000634978322
12081942,12/08/1942,"December 08, 1942",4395805,1,0.043005907458,63560,2,0.000635408049
12091942,12/09/1942,"December 09, 1942",8986734,1,0.085947574539,63603,2,0.000635837776
12111942,12/11/1942,"December 11, 1942",8476447,1,0.081271362889,63646,2,0.000636267502
12151942,12/15/1942,"December 15, 1942",7218802,1,0.069644056138,63689,2,0.000636697229
12221942,12/22/1942,"December 22, 1942",7953737,1,0.076456503469,63732,2,0.000637126955
01081943,01/08/1943,"January 08, 1943",835420,1,0.008319410645,63775,2,0.000637556681
01121943,01/12/1943,"January 12, 1943",5230357,1,0.050959287171,63817,2,0.000637976413
01191943,01/19/1943,"January 19, 1943",6662063,1,0.064449956334,63860,2,0.000638406138
02011943,02/01/1943,"February 01, 1943",1222548,1,0.012151062432,63903,2,0.000638835864
02131943,02/13/1943,"February 13, 1943",1643552,1,0.016301203754,63946,2,0.000639265589
02161943,02/16/1943,"February 16, 1943",4748368,1,0.046373973808,63989,2,0.000639695314
02211943,02/21/1943,"February 21, 1943",8107236,1,0.077873046047,64032,2,0.000640125039
02271943,02/27/1943,"February 27, 1943",3168107,1,0.031184492851,64075,2,0.000640554764
03101943,03/10/1943,"March 10, 1943",470340,1,0.004692366335,64118,2,0.000640984488
03261943,03/26/1943,"March 26, 1943",1071738,1,0.010660163504,64160,2,0.000641404219
03311943,03/31/1943,"March 31, 1943",5949954,1,0.057764042965,64203,2,0.000641833943
04021943,04/02/1943,"April 02, 1943",8874198,1,0.084918357480,64246,2,0.000642263667
04291943,04/29/1943,"April 29, 1943",1671516,1,0.016576246830,64289,2,0.000642693391
05151943,05/15/1943,"May 15, 1943",7174629,1,0.069232999221,64332,2,0.000643123114
05181943,05/18/1943,"May 18, 1943",5218437,1,0.050846154774,64375,2,0.000643552837
05261943,05/26/1943,"May 26, 1943",1499415,1,0.014882307474,64418,2,0.000643982561
06211943,06/21/1943,"June 21, 1943",7001449,2,0.067619700361,64461,2,0.000644412284
06221943,06/22/1943,"June 22, 1943",1347009,1,0.013379784312,64504,2,0.000644842006
07021943,07/02/1943,"July 02, 1943",2943259,1,0.029003679699,64547,2,0.000645271729
07031943,07/03/1943,"July 03, 1943",3616456,1,0.035518444658,64590,2,0.000645701452
07071943,07/07/1943,"July 07, 1943",4183889,1,0.040975733465,64633,2,0.000646131174
07081943,07/08/1943,"July 08, 1943",724782,1,0.007221627893,64676,2,0.000646560896
07151943,07/15/1943,"July 15, 1943",4729480,1,0.046193835910,64718,2,0.000646980624
07271943,07/27/1943,"July 27, 1943",3701332,2,0.036336710726,64761,2,0.000647410346
08131943,08/13/1943,"August 13, 1943",2257252,1,0.022319676753,64804,2,0.000647840067
08151943,08/15/1943,"August 15, 1943",9310374,1,0.088901031976,64847,2,0.000648269789
09041943,09/04/1943,"September 04, 1943",7169179,1,0.069182271037,64890,2,0.000648699510
09111943,09/11/1943,"September 11, 1943",8485790,1,0.081357195697,64933,2,0.000649129231
10071943,10/07/1943,"October 07, 1943",4070572,1,0.039888379964,64976,2,0.000649558952
10081943,10/08/1943,"October 08, 1943",9809374,1,0.093436091488,65019,2,0.000649988672
10101943,10/10/1943,"October 10, 1943",6100704,1,0.059183393580,65062,2,0.000650418393
10151943,10/15/1943,"October 15, 1943",6915028,1,0.066813579695,65105,2,0.000650848113
10231943,10/23/1943,"October 23, 1943",6500557,1,0.062937766055,65148,2,0.000651277833
10261943,10/26/1943,"October 26, 1943",389000,1,0.003882453751,65191,2,0.000651707553
11091943,11/09/1943,"November 09, 1943",92438,1,0.000923962892,65233,2,0.000652127279
11221943,11/22/1943,"November 22, 1943",9136224,1,0.087312970704,65274,2,0.000652537012
11251943,11/25/1943,"November 25, 1943",9012560,1,0.086183607241,65317,2,0.000652966731
12041943,12/04/1943,"December 04, 1943",5697297,1,0.055380407896,65360,2,0.000653396450
12141943,12/14/1943,"December 14, 1943",4037473,1,0.039570540017,65403,2,0.000653826169
12221943,12/22/1943,"December 22, 1943",7037166,1,0.067952659171,65446,2,0.000654255888
01021944,01/02/1944,"January 02, 1944",5521577,1,0.053719063102,65489,2,0.000654685606
01091944,01/09/1944,"January 09, 1944",6473811,1,0.062687105868,65532,2,0.000655115325
03171944,03/17/1944,"March 17, 1944",8823320,1,0.084452663780,65575,2,0.000655545043
04031944,04/03/1944,"April 03, 1944",3438162,1,0.033797298001,65618,2,0.000655974761
04091944,04/09/1944,"April 09, 1944",2884959,1,0.028437423791,65661,2,0.000656404479
04291944,04/29/1944,"April 29, 1944",2427112,1,0.023978954943,65704,2,0.000656834196
05171944,05/17/1944,"May 17, 1944",7987401,1,0.076767352830,65747,2,0.000657263914
05271944,05/27/1944,"May 27, 1944",5022705,1,0.048986537612,65790,2,0.000657693631
05311944,05/31/1944,"May 31, 1944",5339681,1,0.051996249523,65833,2,0.000658123348
06131944,06/13/1944,"June 13, 1944",1263712,1,0.012557616890,65876,2,0.000658553065
06141944,06/14/1944,"June 14, 1944",5898701,1,0.057280994987,65919,2,0.000658982782
06161944,06/16/1944,"June 16, 1944",157862,1,0.001577384635,65962,2,0.000659412499
06291944,06/29/1944,"June 29, 1944",5611255,1,0.054567288537,66004,2,0.000659832222
06301944,06/30/1944,"June 30, 1944",7121515,1,0.068738500319,66047,2,0.000660261938
07111944,07/11/1944,"July 11, 1944",6390788,1,0.061908597451,66090,2,0.000660691654
07191944,07/19/1944,"July 19, 1944",7652648,1,0.073671625186,66133,2,0.000661121370
07271944,07/27/1944,"July 27, 1944",2872953,2,0.028320770984,66176,2,0.000661551085
08121944,08/12/1944,"August 12, 1944",5638496,1,0.054824798789,66219,2,0.000661980801
08201944,08/20/1944,"August 20, 1944",2551767,1,0.025194855991,66262,2,0.000662410516
09031944,09/03/1944,"September 03, 1944",8934530,1,0.085470278033,66305,2,0.000662840231
09141944,09/14/1944,"September 14, 1944",5818175,1,0.056521555341,66348,2,0.000663269946
09161944,09/16/1944,"September 16, 1944",7215186,1,0.069610413858,66391,2,0.000663699661
09171944,09/17/1944,"September 17, 1944",4250301,1,0.041612429222,66434,2,0.000664129375
09221944,09/22/1944,"September 22, 1944",206568,1,0.002063557951,66477,2,0.000664559089
09291944,09/29/1944,"September 29, 1944",774060,1,0.007710728705,66519,2,0.000664978810
10051944,10/05/1944,"October 05, 1944",7493474,1,0.072195977131,66561,2,0.000665398531
10101944,10/10/1944,"October 10, 1944",323626,1,0.003231038955,66604,2,0.000665828245
10171944,10/17/1944,"October 17, 1944",9285718,1,0.088676363716,66646,2,0.000666247965
10281944,10/28/1944,"October 28, 1944",7389630,1,0.071232007886,66689,2,0.000666677678
11041944,11/04/1944,"November 04, 1944",5978545,1,0.058033399142,66732,2,0.000667107392
11131944,11/13/1944,"November 13, 1944",9976833,1,0.094952943951,66775,2,0.000667537105
11181944,11/18/1944,"November 18, 1944",3095264,1,0.030478521470,66818,2,0.000667966817
11291944,11/29/1944,"November 29, 1944",6193788,1,0.060058735854,66861,2,0.000668396530
12281944,12/28/1944,"December 28, 1944",892094,1,0.008881276477,66904,2,0.000668826243
12291944,12/29/1944,"December 29, 1944",8896492,1,0.085122343045,66946,2,0.000669245962
01051945,01/05/1945,"January 05, 1945",6064167,1,0.058839584608,66989,2,0.000669675674
01061945,01/06/1945,"January 06, 1945",8485511,1,0.081354632680,67032,2,0.000670105386
01121945,01/12/1945,"January 12, 1945",3229396,1,0.031778088270,67075,2,0.000670535098
01151945,01/15/1945,"January 15, 1945",9853573,1,0.093836695136,67118,2,0.000670964809
01161945,01/16/1945,"January 16, 1945",7542002,1,0.072646112642,67161,2,0.000671394520
02171945,02/17/1945,"February 17, 1945",6631219,1,0.064161350769,67204,2,0.000671824232
04021945,04/02/1945,"April 02, 1945",931426,2,0.009271026644,67247,2,0.000672253943
04031945,04/03/1945,"April 03, 1945",925479,2,0.009212106240,67289,2,0.000672673660
04121945,04/12/1945,"April 12, 1945",6287973,1,0.060943602771,67331,2,0.000673093378
04171945,04/17/1945,"April 17, 1945",8052380,1,0.077367065313,67374,2,0.000673523088
04241945,04/24/1945,"April 24, 1945",8339872,1,0.080015752010,67417,2,0.000673952798
05041945,05/04/1945,"May 04, 1945",3102001,1,0.030543835932,67460,2,0.000674382509
05131945,05/13/1945,"May 13, 1945",4862923,1,0.047465774637,67503,2,0.000674812219
05151945,05/15/1945,"May 15, 1945",1789976,1,0.017740520884,67546,2,0.000675241928
05191945,05/19/1945,"May 19, 1945",2983615,2,0.029395455920,67589,2,0.000675671638
05261945,05/26/1945,"May 26, 1945",9177155,1,0.087686466193,67632,2,0.000676101347
06031945,06/03/1945,"June 03, 1945",5473909,1,0.053267882375,67675,2,0.000676531056
06131945,06/13/1945,"June 13, 1945",5073193,2,0.049466564106,67718,2,0.000676960765
06201945,06/20/1945,"June 20, 1945",1795483,1,0.017794612425,67761,2,0.000677390474
07091945,07/09/1945,"July 09, 1945",5570904,1,0.054185720002,67804,2,0.000677820183
08031945,08/03/1945,"August 03, 1945",2192406,1,0.021685484563,67847,2,0.000678249891
08201945,08/20/1945,"August 20, 1945",4585208,1,0.044816767544,67890,2,0.000678679600
08241945,08/24/1945,"August 24, 1945",2934267,1,0.028916363783,67933,2,0.000679109308
08251945,08/25/1945,"August 25, 1945",4905774,1,0.047873857642,67976,2,0.000679539016
09021945,09/02/1945,"September 02, 1945",3376299,2,0.033199391095,68019,2,0.000679968723
09041945,09/04/1945,"September 04, 1945",3860323,1,0.037867631306,68062,2,0.000680398431
09101945,09/10/1945,"September 10, 1945",2084950,1,0.020633661884,68105,2,0.000680828138
09301945,09/30/1945,"September 30, 1945",1296647,1,0.012882777493,68148,2,0.000681257845
10051945,10/05/1945,"October 05, 1945",4524848,1,0.044240044902,68191,2,0.000681687552
11011945,11/01/1945,"November 01, 1945",3315334,2,0.032609801395,68234,2,0.000682117259
11041945,11/04/1945,"November 04, 1945",1548432,2,0.015365064293,68277,2,0.000682546966
11051945,11/05/1945,"November 05, 1945",2119088,1,0.020967940907,68320,2,0.000682976672
11151945,11/15/1945,"November 15, 1945",1103878,1,0.010978086238,68363,2,0.000683406378
11171945,11/17/1945,"November 17, 1945",5000863,1,0.048778794563,68406,2,0.000683836084
11221945,11/22/1945,"November 22, 1945",5415703,1,0.052716667069,68449,2,0.000684265790
11301945,11/30/1945,"November 30, 1945",7321215,1,0.070596373848,68492,2,0.000684695496
12101945,12/10/1945,"December 10, 1945",1652551,2,0.016389722827,68535,2,0.000685125201
12281945,12/28/1945,"December 28, 1945",3310490,1,0.032562939878,68578,2,0.000685554907
12301945,12/30/1945,"December 30, 1945",2551058,1,0.025187944598,68621,2,0.000685984612
01291946,01/29/1946,"January 29, 1946",5548217,1,0.053971118771,68664,2,0.000686414317
03231946,03/23/1946,"March 23, 1946",8903101,1,0.085182805312,68707,2,0.000686844021
04081946,04/08/1946,"April 08, 1946",9589632,1,0.091441799458,68750,2,0.000687273726
04131946,04/13/1946,"April 13, 1946",2471596,1,0.024413031595,68793,2,0.000687703430
05031946,05/03/1946,"May 03, 1946",8084663,1,0.077664870833,68836,2,0.000688133135
05061946,05/06/1946,"May 06, 1946",8692616,1,0.083255224397,68879,2,0.000688562839
05101946,05/10/1946,"May 10, 1946",7211977,1,0.069580557177,68922,2,0.000688992542
05171946,05/17/1946,"May 17, 1946",6517033,1,0.063092143712,68965,2,0.000689422246
05191946,05/19/1946,"May 19, 1946",3634443,1,0.035691910356,28044,3,0.000280410680
05221946,05/22/1946,"May 22, 1946",9580161,1,0.091355745835,69051,2,0.000690281653
06101946,06/10/1946,"June 10, 1946",984550,2,0.009797201734,69094,2,0.000690711356
06181946,06/18/1946,"June 18, 1946",8928444,1,0.085414618060,69136,2,0.000691131066
06301946,06/30/1946,"June 30, 1946",4928700,1,0.048092117064,69179,2,0.000691560768
07111946,07/11/1946,"July 11, 1946",1991161,1,0.019714693102,69222,2,0.000691990471
07151946,07/15/1946,"July 15, 1946",3921994,2,0.038460805038,69265,2,0.000692420173
07231946,07/23/1946,"July 23, 1946",9083321,1,0.086830004140,69308,2,0.000692849876
07311946,07/31/1946,"July 31, 1946",5225963,1,0.050917585406,69351,2,0.000693279578
08101946,08/10/1946,"August 10, 1946",4930134,1,0.048105767325,69394,2,0.000693709279
08181946,08/18/1946,"August 18, 1946",419949,1,0.004190694472,69437,2,0.000694138981
08281946,08/28/1946,"August 28, 1946",623035,1,0.006210991614,69479,2,0.000694558689
09121946,09/12/1946,"September 12, 1946",8788832,1,0.084136855356,69521,2,0.000694978398
09151946,09/15/1946,"September 15, 1946",5159532,1,0.050286890995,69564,2,0.000695408099
09201946,09/20/1946,"September 20, 1946",5570214,1,0.054179193860,69607,2,0.000695837799
09301946,09/30/1946,"September 30, 1946",5061089,1,0.049351504574,69650,2,0.000696267500
10041946,10/04/1946,"October 04, 1946",3637526,1,0.035721639516,69693,2,0.000696697201
10111946,10/11/1946,"October 11, 1946",1284797,1,0.012765797170,69736,2,0.000697126901
11051946,11/05/1946,"November 05, 1946",844577,1,0.008410214680,69779,2,0.000697556601
11201946,11/20/1946,"November 20, 1946",5293923,1,0.051562362701,69821,2,0.000697976308
11261946,11/26/1946,"November 26, 1946",7550439,1,0.072724350190,69864,2,0.000698406008
12061946,12/06/1946,"December 06, 1946",6984239,1,0.067459223901,69907,2,0.000698835708
12121946,12/12/1946,"December 12, 1946",3801724,1,0.037303666131,69950,2,0.000699265407
12181946,12/18/1946,"December 18, 1946",8446963,1,0.081000444998,69993,2,0.000699695106
01051947,01/05/1947,"January 05, 1947",6945386,1,0.067096833434,70036,2,0.000700124805
03061947,03/06/1947,"March 06, 1947",2031354,1,0.020108620008,70079,2,0.000700554504
03211947,03/21/1947,"March 21, 1947",1841305,1,0.018244575483,70122,2,0.000700984203
04211947,04/21/1947,"April 21, 1947",3761432,1,0.036915698365,70165,2,0.000701413901
05111947,05/11/1947,"May 11, 1947",5303850,1,0.051656509433,70208,2,0.000701843600
05261947,05/26/1947,"May 26, 1947",6098656,1,0.059164125458,70251,2,0.000702273298
05271947,05/27/1947,"May 27, 1947",7740382,1,0.074483973725,70294,2,0.000702702996
06141947,06/14/1947,"June 14, 1947",5690491,1,0.055316114898,70337,2,0.000703132693
06181947,06/18/1947,"June 18, 1947",9313535,1,0.088929831359,70380,2,0.000703562391
07151947,07/15/1947,"July 15, 1947",3796135,1,0.037249859528,70423,2,0.000703992088
07241947,07/24/1947,"July 24, 1947",4907013,1,0.047885654412,70466,2,0.000704421785
07281947,07/28/1947,"July 28, 1947",4031170,1,0.039510002240,70509,2,0.000704851482
08051947,08/05/1947,"August 05, 1947",850356,1,0.008467516999,70552,2,0.000705281179
09071947,09/07/1947,"September 07, 1947",156294,1,0.001561729245,70594,2,0.000705700883
09101947,09/10/1947,"September 10, 1947",135444,1,0.001353533160,70636,2,0.000706120587
09231947,09/23/1947,"September 23, 1947",3918608,1,0.038428246769,70678,2,0.000706540290
10261947,10/26/1947,"October 26, 1947",2296135,1,0.022699754300,70721,2,0.000706969986
11071947,11/07/1947,"November 07, 1947",2307072,1,0.022806635784,70764,2,0.000707399682
11181947,11/18/1947,"November 18, 1947",5961484,1,0.057872676509,70807,2,0.000707829378
11301947,11/30/1947,"November 30, 1947",2769943,1,0.027319328496,70850,2,0.000708259073
12081947,12/08/1947,"December 08, 1947",5415628,2,0.052715956606,70893,2,0.000708688769
12131947,12/13/1947,"December 13, 1947",1254566,1,0.012467301279,70936,2,0.000709118464
12171947,12/17/1947,"December 17, 1947",8319971,1,0.079832647724,70979,2,0.000709548159
12261947,12/26/1947,"December 26, 1947",8220735,1,0.078919057211,71022,2,0.000709977853
01061948,01/06/1948,"January 06, 1948",6022581,1,0.058448112241,71065,2,0.000710407548
01071948,01/07/1948,"January 07, 1948",663796,1,0.006615987410,71108,2,0.000710837243
01091948,01/09/1948,"January 09, 1948",5385230,1,0.052427957429,71150,2,0.000711256944
02031948,02/03/1948,"February 03, 1948",4439284,1,0.043421908481,71193,2,0.000711686638
02051948,02/05/1948,"February 05, 1948",767640,1,0.007647021688,71236,2,0.000712116332
03051948,03/05/1948,"March 05, 1948",8498504,1,0.081473984520,71278,2,0.000712536033
03181948,03/18/1948,"March 18, 1948",8063604,1,0.077470615823,71321,2,0.000712965726
04201948,04/20/1948,"April 20, 1948",7783568,1,0.074883580787,71364,2,0.000713395420
04211948,04/21/1948,"April 21, 1948",2208048,1,0.021838500553,71407,2,0.000713825113
04301948,04/30/1948,"April 30, 1948",3196342,1,0.031457999298,71450,2,0.000714254806
05091948,05/09/1948,"May 09, 1948",2047387,1,0.020265713401,71493,2,0.000714684498
05171948,05/17/1948,"May 17, 1948",383024,1,0.003822923987,71536,2,0.000715114191
05221948,05/22/1948,"May 22, 1948",6514837,2,0.063071568990,71578,2,0.000715533891
06051948,06/05/1948,"June 05, 1948",2940078,1,0.028972791814,71621,2,0.000715963583
06121948,06/12/1948,"June 12, 1948",2948649,1,0.029056014990,71664,2,0.000716393275
06141948,06/14/1948,"June 14, 1948",2532875,1,0.025010678404,71707,2,0.000716822967
06231948,06/23/1948,"June 23, 1948",1246757,1,0.012390181838,71750,2,0.000717252658
07031948,07/03/1948,"July 03, 1948",1843409,1,0.018265231400,71793,2,0.000717682350
07081948,07/08/1948,"July 08, 1948",9045908,1,0.086488295928,71836,2,0.000718112041
07131948,07/13/1948,"July 13, 1948",1373242,1,0.013638570451,71879,2,0.000718541732
07151948,07/15/1948,"July 15, 1948",1190731,1,0.011836708526,71922,2,0.000718971423
07201948,07/20/1948,"July 20, 1948",6038368,1,0.058596743306,71965,2,0.000719401114
07231948,07/23/1948,"July 23, 1948",4611154,1,0.045064567240,72008,2,0.000719830805
07291948,07/29/1948,"July 29, 1948",459620,1,0.004585663637,72051,2,0.000720260495
07311948,07/31/1948,"July 31, 1948",7309379,1,0.070486363124,72093,2,0.000720680192
08061948,08/06/1948,"August 06, 1948",2364907,1,0.023371632173,72136,2,0.000721109882
08111948,08/11/1948,"August 11, 1948",6708130,1,0.064880836923,72179,2,0.000721539572
08141948,08/14/1948,"August 14, 1948",9487958,1,0.090517562209,72222,2,0.000721969262
08181948,08/18/1948,"August 18, 1948",5913829,1,0.057423598733,72265,2,0.000722398951
08201948,08/20/1948,"August 20, 1948",2281102,1,0.022552825709,72308,2,0.000722828641
09051948,09/05/1948,"September 05, 1948",3358916,1,0.033031317536,72351,2,0.000723258330
09081948,09/08/1948,"September 08, 1948",7661738,1,0.073755824609,72394,2,0.000723688019
09171948,09/17/1948,"September 17, 1948",6511175,1,0.063037258042,72437,2,0.000724117707
09281948,09/28/1948,"September 28, 1948",2020474,1,0.020002002025,72480,2,0.000724547396
10291948,10/29/1948,"October 29, 1948",9144113,1,0.087384969745,72523,2,0.000724977084
11111948,11/11/1948,"November 11, 1948",4722887,2,0.046130949396,72566,2,0.000725406772
12101948,12/10/1948,"December 10, 1948",6187678,1,0.060001303687,72609,2,0.000725836460
01021949,01/02/1949,"January 02, 1949",3853908,1,0.037805908534,72652,2,0.000726266148
01061949,01/06/1949,"January 06, 1949",4147712,1,0.040628724487,72695,2,0.000726695836
01161949,01/16/1949,"January 16, 1949",594525,1,0.005927621973,72738,2,0.000727125523
02051949,02/05/1949,"February 05, 1949",9873255,1,0.094015028649,72780,2,0.000727545218
02171949,02/17/1949,"February 17, 1949",1495005,1,0.014838862826,72823,2,0.000727974905
02191949,02/19/1949,"February 19, 1949",5767077,1,0.056039333528,72866,2,0.000728404592
02211949,02/21/1949,"February 21, 1949",4018939,2,0.039392517523,72909,2,0.000728834278
02231949,02/23/1949,"February 23, 1949",3293501,1,0.032398568032,72952,2,0.000729263965
03011949,03/01/1949,"March 01, 1949",8496893,1,0.081459186946,72995,2,0.000729693651
03171949,03/17/1949,"March 17, 1949",496259,1,0.004950306694,73038,2,0.000730123337
03181949,03/18/1949,"March 18, 1949",4668596,1,0.045612943742,73080,2,0.000730543031
03211949,03/21/1949,"March 21, 1949",6674124,1,0.064562786222,73123,2,0.000730972717
04061949,04/06/1949,"April 06, 1949",6918189,1,0.066843077252,73166,2,0.000731402402
05311949,05/31/1949,"May 31, 1949",2735131,1,0.026980659952,73209,2,0.000731832088
06151949,06/15/1949,"June 15, 1949",901389,1,0.008973396682,73252,2,0.000732261773
06181949,06/18/1949,"June 18, 1949",3352414,1,0.032968443188,73294,2,0.000732681465
07111949,07/11/1949,"July 11, 1949",1869547,1,0.018521803704,73337,2,0.000733111150
07191949,07/19/1949,"July 19, 1949",7824313,1,0.075260442694,73380,2,0.000733540835
08101949,08/10/1949,"August 10, 1949",535070,1,0.005336420502,73423,2,0.000733970519
08191949,08/19/1949,"August 19, 1949",8851546,1,0.084711049706,73465,2,0.000734390211
08211949,08/21/1949,"August 21, 1949",5107092,1,0.049788730830,73508,2,0.000734819895
09041949,09/04/1949,"September 04, 1949",6547318,1,0.063375843298,73551,2,0.000735249579
09081949,09/08/1949,"September 08, 1949",4143782,1,0.040591020455,73594,2,0.000735679263
09201949,09/20/1949,"September 20, 1949",7533949,1,0.072571429826,73637,2,0.000736108946
10051949,10/05/1949,"October 05, 1949",6479583,1,0.062741206008,73680,2,0.000736538630
10301949,10/30/1949,"October 30, 1949",508281,1,0.005069924379,73723,2,0.000736968313
11131949,11/13/1949,"November 13, 1949",5476188,1,0.053289458154,73765,2,0.000737388003
11241949,11/24/1949,"November 24, 1949",7427403,1,0.071582765174,73808,2,0.000737817686
11261949,11/26/1949,"November 26, 1949",1043668,1,0.010382416830,73851,2,0.000738247369
12171949,12/17/1949,"December 17, 1949",9591550,1,0.091459225438,73894,2,0.000738677051
01011950,01/01/1950,"January 01, 1950",3458934,1,0.033997976785,73937,2,0.000739106733
01131950,01/13/1950,"January 13, 1950",2377174,1,0.023491427828,73980,2,0.000739536415
01151950,01/15/1950,"January 15, 1950",895631,1,0.008916331727,74023,2,0.000739966097
01201950,01/20/1950,"January 20, 1950",6258280,1,0.060664727351,74065,2,0.000740385787
01311950,01/31/1950,"January 31, 1950",6537700,1,0.063285754453,74108,2,0.000740815468
02161950,02/16/1950,"February 16, 1950",2866114,1,0.028254315569,74151,2,0.000741245149
02241950,02/24/1950,"February 24, 1950",9030184,1,0.086344644053,74194,2,0.000741674831
03051950,03/05/1950,"March 05, 1950",4070308,1,0.039885845266,74237,2,0.000742104512
03201950,03/20/1950,"March 20, 1950",7101081,1,0.068548186899,74280,2,0.000742534192
03311950,03/31/1950,"March 31, 1950",4192658,2,0.041059826616,74323,2,0.000742963873
04031950,04/03/1950,"April 03, 1950",2407954,2,0.023791950917,74366,2,0.000743393553
04291950,04/29/1950,"April 29, 1950",4269015,1,0.041791765093,74409,2,0.000743823234
05131950,05/13/1950,"May 13, 1950",8006426,1,0.076942981135,74452,2,0.000744252914
06051950,06/05/1950,"June 05, 1950",7098985,1,0.068528663464,74495,2,0.000744682594
06131950,06/13/1950,"June 13, 1950",4628929,1,0.045234291930,74538,2,0.000745112273
07191950,07/19/1950,"July 19, 1950",8586744,1,0.082284134393,74581,2,0.000745541953
08031950,08/03/1950,"August 03, 1950",2230453,1,0.022057633090,74624,2,0.000745971632
08041950,08/04/1950,"August 04, 1950",1682126,1,0.016680582556,74667,2,0.000746401311
08061950,08/06/1950,"August 06, 1950",4351278,1,0.042579691811,74710,2,0.000746830990
08071950,08/07/1950,"August 07, 1950",4853268,2,0.047373803017,74753,2,0.000747260669
09011950,09/01/1950,"September 01, 1950",8717823,1,0.083486279133,74796,2,0.000747690348
09021950,09/02/1950,"September 02, 1950",5976608,1,0.058015153072,74839,2,0.000748120026
09151950,09/15/1950,"September 15, 1950",2442079,1,0.024125025083,74882,2,0.000748549704
09191950,09/19/1950,"September 19, 1950",7129937,1,0.068816927861,74925,2,0.000748979382
09241950,09/24/1950,"September 24, 1950",8118564,1,0.077977498673,74968,2,0.000749409060
09251950,09/25/1950,"September 25, 1950",3399833,1,0.033426891182,75011,2,0.000749838738
09271950,09/27/1950,"September 27, 1950",847638,1,0.008440566779,75054,2,0.000750268415
10111950,10/11/1950,"October 11, 1950",9728444,1,0.092702112345,75096,2,0.000750688100
10141950,10/14/1950,"October 14, 1950",2551512,1,0.025192370235,75139,2,0.000751117777
10211950,10/21/1950,"October 21, 1950",3655884,1,0.035898645491,75182,2,0.000751547454
11011950,11/01/1950,"November 01, 1950",5599966,1,0.054460552612,75225,2,0.000751977131
11071950,11/07/1950,"November 07, 1950",9796792,1,0.093322020440,75268,2,0.000752406807
11301950,11/30/1950,"November 30, 1950",9603197,2,0.091565037021,75311,2,0.000752836484
12021950,12/02/1950,"December 02, 1950",902537,1,0.008984773602,75354,2,0.000753266160
12041950,12/04/1950,"December 04, 1950",4022442,1,0.039426167014,75396,2,0.000753685844
12101950,12/10/1950,"December 10, 1950",6861551,1,0.066314406129,75439,2,0.000754115519
12151950,12/15/1950,"December 15, 1950",5637853,1,0.054818721293,75482,2,0.000754545195
12241950,12/24/1950,"December 24, 1950",5995139,1,0.058189696113,75525,2,0.000754974871
12261950,12/26/1950,"December 26, 1950",7910639,1,0.076058388905,75568,2,0.000755404546
01111951,01/11/1951,"January 11, 1951",6775959,1,0.065514903841,75611,2,0.000755834221
01311951,01/31/1951,"January 31, 1951",8171697,1,0.078467266768,75654,2,0.000756263896
02031951,02/03/1951,"February 03, 1951",7139745,1,0.068908253819,75697,2,0.000756693571
02041951,02/04/1951,"February 04, 1951",9448126,1,0.090155225003,75740,2,0.000757123245
02261951,02/26/1951,"February 26, 1951",9770972,1,0.093087885958,75783,2,0.000757552919
03091951,03/09/1951,"March 09, 1951",2903883,2,0.028621264899,75826,2,0.000757982594
03231951,03/23/1951,"March 23, 1951",3435507,2,0.033771644979,75869,2,0.000758412268
03261951,03/26/1951,"March 26, 1951",4431829,1,0.043350592925,75912,2,0.000758841941
05061951,05/06/1951,"May 06, 1951",3790097,1,0.037191726919,75955,2,0.000759271615
05111951,05/11/1951,"May 11, 1951",3140145,1,0.030913554778,75998,2,0.000759701288
05131951,05/13/1951,"May 13, 1951",6608454,1,0.063948282847,76041,2,0.000760130962
05151951,05/15/1951,"May 15, 1951",8901396,1,0.085167207545,76084,2,0.000760560635
05171951,05/17/1951,"May 17, 1951",257020,1,0.002566909864,76127,2,0.000760990308
05271951,05/27/1951,"May 27, 1951",1102584,1,0.010965288212,76169,2,0.000761409988
06121951,06/12/1951,"June 12, 1951",2660263,1,0.026251907058,76212,2,0.000761839660
06181951,06/18/1951,"June 18, 1951",4969856,1,0.048483803669,76255,2,0.000762269333
07061951,07/06/1951,"July 06, 1951",9140827,1,0.087354980722,76298,2,0.000762699005
07121951,07/12/1951,"July 12, 1951",3530198,1,0.034686143238,76341,2,0.000763128677
07141951,07/14/1951,"July 14, 1951",1934979,1,0.019163794467,76384,2,0.000763558349
09021951,09/02/1951,"September 02, 1951",3790827,1,0.037198755394,76427,2,0.000763988020
09071951,09/07/1951,"September 07, 1951",88875,1,0.000888365179,76470,2,0.000764417691
09131951,09/13/1951,"September 13, 1951",1365412,1,0.013561335326,76511,2,0.000764827378
10221951,10/22/1951,"October 22, 1951",6934534,1,0.066995589288,76554,2,0.000765257049
10251951,10/25/1951,"October 25, 1951",2928831,1,0.028863574241,76597,2,0.000765686720
10311951,10/31/1951,"October 31, 1951",9026799,1,0.086313716295,76640,2,0.000766116391
11041951,11/04/1951,"November 04, 1951",1306324,1,0.012978296206,76683,2,0.000766546061
11061951,11/06/1951,"November 06, 1951",4939615,1,0.048196012140,76726,2,0.000766975731
11121951,11/12/1951,"November 12, 1951",3478031,1,0.034182436580,76769,2,0.000767405401
11161951,11/16/1951,"November 16, 1951",2238015,1,0.022131582296,76812,2,0.000767835071
11251951,11/25/1951,"November 25, 1951",1061365,1,0.010557533959,76855,2,0.000768264741
12031951,12/03/1951,"December 03, 1951",9458275,1,0.090247560464,76898,2,0.000768694411
12041951,12/04/1951,"December 04, 1951",52431,1,0.000524182574,76941,2,0.000769124080
12271951,12/27/1951,"December 27, 1951",573220,1,0.005715812288,76982,2,0.000769533765
12311951,12/31/1951,"December 31, 1951",5121126,1,0.049922074124,77024,2,0.000769953441
01101952,01/10/1952,"January 10, 1952",8681217,1,0.083150718703,77067,2,0.000770383110
01111952,01/11/1952,"January 11, 1952",4736732,1,0.046263003426,77110,2,0.000770812779
01141952,01/14/1952,"January 14, 1952",8790,2,0.000087906137,77153,2,0.000771242447
01181952,01/18/1952,"January 18, 1952",3071759,1,0.030250608659,77193,2,0.000771642139
01241952,01/24/1952,"January 24, 1952",4741399,1,0.046307513293,77236,2,0.000772071807
02021952,02/02/1952,"February 02, 1952",3280764,1,0.032275316787,77279,2,0.000772501475
02091952,02/09/1952,"February 09, 1952",7200475,1,0.069473534177,77322,2,0.000772931142
02121952,02/12/1952,"February 12, 1952",2415239,1,0.023863065084,77365,2,0.000773360810
02201952,02/20/1952,"February 20, 1952",9102749,1,0.087007397576,77408,2,0.000773790477
02271952,02/27/1952,"February 27, 1952",1270050,1,0.012620199006,77451,2,0.000774220145
03061952,03/06/1952,"March 06, 1952",516276,1,0.005149465860,77494,2,0.000774649812
04061952,04/06/1952,"April 06, 1952",2337172,1,0.023100726726,77536,2,0.000775069486
04101952,04/10/1952,"April 10, 1952",1474906,1,0.014640835387,77579,2,0.000775499153
04171952,04/17/1952,"April 17, 1952",3912874,1,0.038373108664,77622,2,0.000775928819
05221952,05/22/1952,"May 22, 1952",5744422,1,0.055825455011,77665,2,0.000776358485
05231952,05/23/1952,"May 23, 1952",6413905,1,0.062125430979,77708,2,0.000776788152
06111952,06/11/1952,"June 11, 1952",6708082,1,0.064880388065,77751,2,0.000777217817
06251952,06/25/1952,"June 25, 1952",9054996,1,0.086571312100,77794,2,0.000777647483
07211952,07/21/1952,"July 21, 1952",7770483,1,0.074762521382,77837,2,0.000778077149
08051952,08/05/1952,"August 05, 1952",4938109,1,0.048181677864,77880,2,0.000778506814
08171952,08/17/1952,"August 17, 1952",6248668,1,0.060574434104,77923,2,0.000778936479
08211952,08/21/1952,"August 21, 1952",7313946,1,0.070528813043,77966,2,0.000779366144
08241952,08/24/1952,"August 24, 1952",2559411,1,0.025269367249,78009,2,0.000779795809
08281952,08/28/1952,"August 28, 1952",4240873,1,0.041522068182,78052,2,0.000780225474
09191952,09/19/1952,"September 19, 1952",7657399,1,0.073715634002,78095,2,0.000780655138
09261952,09/26/1952,"September 26, 1952",2121123,2,0.020987864007,78138,2,0.000781084802
10011952,10/01/1952,"October 01, 1952",3205671,1,0.031548350367,78181,2,0.000781514466
10041952,10/04/1952,"October 04, 1952",1292890,1,0.012845690802,78224,2,0.000781944130
10051952,10/05/1952,"October 05, 1952",3249446,1,0.031972197305,78267,2,0.000782373794
10071952,10/07/1952,"October 07, 1952",4269025,1,0.041791860914,78310,2,0.000782803457
10131952,10/13/1952,"October 13, 1952",9328845,1,0.089069305527,78353,2,0.000783233121
10251952,10/25/1952,"October 25, 1952",1040400,1,0.010350075598,78396,2,0.000783662784
11251952,11/25/1952,"November 25, 1952",9294860,1,0.088759673116,78439,2,0.000784092447
12041952,12/04/1952,"December 04, 1952",5501420,1,0.053528302027,78482,2,0.000784522109
02101953,02/10/1953,"February 10, 1953",5204774,1,0.050716463024,78525,2,0.000784951772
02221953,02/22/1953,"February 22, 1953",7117663,1,0.068702627435,78568,2,0.000785381434
03261953,03/26/1953,"March 26, 1953",991909,1,0.009870068078,78611,2,0.000785811096
04041953,04/04/1953,"April 04, 1953",4372723,1,0.042784988584,78653,2,0.000786230766
04131953,04/13/1953,"April 13, 1953",8137941,1,0.078156141667,78696,2,0.000786660428
04151953,04/15/1953,"April 15, 1953",193938,1,0.001937510618,78739,2,0.000787090090
04191953,04/19/1953,"April 19, 1953",8661071,1,0.082965991638,78781,2,0.000787509759
04251953,04/25/1953,"April 25, 1953",4412013,1,0.043161004493,78824,2,0.000787939420
04261953,04/26/1953,"April 26, 1953",2713228,1,0.026767516182,78867,2,0.000788369082
05041953,05/04/1953,"May 04, 1953",6370978,1,0.061722743134,78910,2,0.000788798742
05071953,05/07/1953,"May 07, 1953",6831283,1,0.066031755396,78953,2,0.000789228403
05081953,05/08/1953,"May 08, 1953",8057114,1,0.077410741722,78996,2,0.000789658064
05131953,05/13/1953,"May 13, 1953",3045840,1,0.029999226736,79039,2,0.000790087724
05151953,05/15/1953,"May 15, 1953",4476778,1,0.043780500644,79082,2,0.000790517384
05231953,05/23/1953,"May 23, 1953",8416933,1,0.080724427987,79125,2,0.000790947044
05291953,05/29/1953,"May 29, 1953",410944,1,0.004101017806,79168,2,0.000791376704
06011953,06/01/1953,"June 01, 1953",3920687,1,0.038448237639,79210,2,0.000791796372
06061953,06/06/1953,"June 06, 1953",7774137,1,0.074796328942,79253,2,0.000792226031
06091953,06/09/1953,"June 09, 1953",8895723,1,0.085115307608,79296,2,0.000792655690
06231953,06/23/1953,"June 23, 1953",6743359,1,0.065210212035,79339,2,0.000793085349
07121953,07/12/1953,"July 12, 1953",8095968,1,0.077769134927,79382,2,0.000793515008
07151953,07/15/1953,"July 15, 1953",7227438,1,0.069724398209,79425,2,0.000793944667
07171953,07/17/1953,"July 17, 1953",6991653,1,0.067528359912,79468,2,0.000794374325
07241953,07/24/1953,"July 24, 1953",1247024,1,0.012392818753,79511,2,0.000794803984
07251953,07/25/1953,"July 25, 1953",5556415,1,0.054048671041,79554,2,0.000795233642
08051953,08/05/1953,"August 05, 1953",6509742,1,0.063023831270,79597,2,0.000795663300
08131953,08/13/1953,"August 13, 1953",6495302,1,0.062888522140,79640,2,0.000796092958
08191953,08/19/1953,"August 19, 1953",104882,1,0.001048280181,79683,2,0.000796522615
08221953,08/22/1953,"August 22, 1953",4519061,1,0.044184733472,79725,2,0.000796942281
08241953,08/24/1953,"August 24, 1953",8225084,1,0.078959114151,79768,2,0.000797371938
09041953,09/04/1953,"September 04, 1953",2103637,1,0.020816658975,79811,2,0.000797801595
09181953,09/18/1953,"September 18, 1953",7075467,1,0.068309574271,79854,2,0.000798231252
10101953,10/10/1953,"October 10, 1953",5561716,1,0.054098814592,79897,2,0.000798660908
10271953,10/27/1953,"October 27, 1953",6991741,1,0.067529180487,79940,2,0.000799090565
11181953,11/18/1953,"November 18, 1953",6154905,1,0.059693187425,79983,2,0.000799520221
11191953,11/19/1953,"November 19, 1953",6296431,1,0.061023024803,80026,2,0.000799949877
11221953,11/22/1953,"November 22, 1953",2852711,1,0.028124063765,80069,2,0.000800379533
12021953,12/02/1953,"December 02, 1953",6692980,1,0.064739155636,80112,2,0.000800809189
12141953,12/14/1953,"December 14, 1953",5656644,1,0.054996313622,80155,2,0.000801238845
01081954,01/08/1954,"January 08, 1954",5667144,1,0.055095533801,80198,2,0.000801668500
01111954,01/11/1954,"January 11, 1954",3331896,1,0.032770007294,80241,2,0.000802098155
01261954,01/26/1954,"January 26, 1954",2732520,1,0.026955254085,80284,2,0.000802527810
01291954,01/29/1954,"January 29, 1954",5626014,1,0.054706814656,80327,2,0.000802957465
01301954,01/30/1954,"January 30, 1954",487630,1,0.004864440151,80370,2,0.000803387120
02131954,02/13/1954,"February 13, 1954",6246839,1,0.060557251853,80412,2,0.000803806782
02151954,02/15/1954,"February 15, 1954",532108,1,0.005306958131,80455,2,0.000804236436
02181954,02/18/1954,"February 18, 1954",1001700,1,0.009967006955,80497,2,0.000804656099
02191954,02/19/1954,"February 19, 1954",2787394,1,0.027489056192,80540,2,0.000805085752
02201954,02/20/1954,"February 20, 1954",2322855,1,0.022960854044,80583,2,0.000805515406
03091954,03/09/1954,"March 09, 1954",8543188,1,0.081884327003,80626,2,0.000805945060
03131954,03/13/1954,"March 13, 1954",627710,1,0.006257450165,80669,2,0.000806374713
03151954,03/15/1954,"March 15, 1954",153648,1,0.001535310219,80711,2,0.000806794374
03181954,03/18/1954,"March 18, 1954",139179,1,0.001390831910,80753,2,0.000807214035
04071954,04/07/1954,"April 07, 1954",2039560,1,0.020189026597,80795,2,0.000807633696
04221954,04/22/1954,"April 22, 1954",8982302,1,0.085907062838,80838,2,0.000808063349
04291954,04/29/1954,"April 29, 1954",592293,1,0.005905434029,80881,2,0.000808493001
05071954,05/07/1954,"May 07, 1954",5785511,1,0.056213327202,80923,2,0.000808912662
05111954,05/11/1954,"May 11, 1954",5140342,1,0.050104623560,80966,2,0.000809342314
05131954,05/13/1954,"May 13, 1954",1982442,1,0.019629218299,81009,2,0.000809771966
05221954,05/22/1954,"May 22, 1954",1696137,1,0.016818345790,81052,2,0.000810201617
05241954,05/24/1954,"May 24, 1954",5906781,1,0.057357163606,81095,2,0.000810631269
05251954,05/25/1954,"May 25, 1954",5531885,1,0.053816600715,81138,2,0.000811060920
05291954,05/29/1954,"May 29, 1954",2308350,1,0.022819124235,81181,2,0.000811490571
06101954,06/10/1954,"June 10, 1954",8420888,1,0.080760784618,81224,2,0.000811920222
06111954,06/11/1954,"June 11, 1954",1784128,1,0.017683076670,81267,2,0.000812349873
06241954,06/24/1954,"June 24, 1954",1747824,1,0.017326391589,81310,2,0.000812779524
07241954,07/24/1954,"July 24, 1954",6667020,1,0.064496330401,81353,2,0.000813209174
07311954,07/31/1954,"July 31, 1954",3516444,1,0.034553364837,81396,2,0.000813638824
08021954,08/02/1954,"August 02, 1954",8076599,1,0.077590490729,81439,2,0.000814068474
08101954,08/10/1954,"August 10, 1954",1738507,1,0.017234831622,81482,2,0.000814498124
08151954,08/15/1954,"August 15, 1954",4192182,1,0.041055262050,81525,2,0.000814927774
08171954,08/17/1954,"August 17, 1954",830097,1,0.008266622082,81568,2,0.000815357424
09031954,09/03/1954,"September 03, 1954",1898229,1,0.018803270915,81610,2,0.000815777081
09181954,09/18/1954,"September 18, 1954",8622599,1,0.082613122437,81653,2,0.000816206730
10041954,10/04/1954,"October 04, 1954",599962,1,0.005981668219,81696,2,0.000816636379
11041954,11/04/1954,"November 04, 1954",4323116,1,0.042310025131,81738,2,0.000817056036
11221954,11/22/1954,"November 22, 1954",7623879,1,0.073405091435,81781,2,0.000817485685
12051954,12/05/1954,"December 05, 1954",2260468,1,0.022351118447,81824,2,0.000817915333
12091954,12/09/1954,"December 09, 1954",9921791,1,0.094454650823,81867,2,0.000818344981
12181954,12/18/1954,"December 18, 1954",9180365,1,0.087715750988,81910,2,0.000818774629
12201954,12/20/1954,"December 20, 1954",6003116,2,0.058264821326,81953,2,0.000819204277
01011955,01/01/1955,"January 01, 1955",9244035,1,0.088296417500,81996,2,0.000819633925
01101955,01/10/1955,"January 10, 1955",4535346,1,0.044340375317,82039,2,0.000820063572
01201955,01/20/1955,"January 20, 1955",9215463,1,0.088035888332,82082,2,0.000820493219
01251955,01/25/1955,"January 25, 1955",491308,1,0.004901040564,82125,2,0.000820922867
01311955,01/31/1955,"January 31, 1955",8719328,1,0.083500072561,82167,2,0.000821342522
02031955,02/03/1955,"February 03, 1955",8468683,1,0.081200030028,82210,2,0.000821772168
02101955,02/10/1955,"February 10, 1955",4802358,1,0.046888697542,82253,2,0.000822201815
02151955,02/15/1955,"February 15, 1955",2131070,1,0.021085241502,82296,2,0.000822631461
02231955,02/23/1955,"February 23, 1955",8221605,1,0.078927070580,82339,2,0.000823061107
02251955,02/25/1955,"February 25, 1955",1200029,1,0.011928583678,82382,2,0.000823490753
02261955,02/26/1955,"February 26, 1955",6575939,1,0.063643876142,82425,2,0.000823920399
03031955,03/03/1955,"March 03, 1955",335800,1,0.003352378224,82468,2,0.000824350045
03061955,03/06/1955,"March 06, 1955",1159130,1,0.011524389696,82510,2,0.000824769699
03071955,03/07/1955,"March 07, 1955",5453319,1,0.053072930160,82553,2,0.000825199344
03131955,03/13/1955,"March 13, 1955",5117135,1,0.049884155757,82596,2,0.000825628989
04151955,04/15/1955,"April 15, 1955",665093,1,0.006628871517,82639,2,0.000826058634
04191955,04/19/1955,"April 19, 1955",1566578,1,0.015543719940,82681,2,0.000826478287
05051955,05/05/1955,"May 05, 1955",4978919,1,0.048570035675,82724,2,0.000826907931
05081955,05/08/1955,"May 08, 1955",4190771,1,0.041041731244,82767,2,0.000827337576
05291955,05/29/1955,"May 29, 1955",3478697,1,0.034188868904,82810,2,0.000827767220
05311955,05/31/1955,"May 31, 1955",7325692,1,0.070637982318,82853,2,0.000828196864
06021955,06/02/1955,"June 02, 1955",8427563,1,0.080822141788,82896,2,0.000828626508
06081955,06/08/1955,"June 08, 1955",4616831,1,0.045118777386,82939,2,0.000829056151
06091955,06/09/1955,"June 09, 1955",5211868,1,0.050783802810,82982,2,0.000829485795
06191955,06/19/1955,"June 19, 1955",622771,1,0.006208368008,83025,2,0.000829915438
06211955,06/21/1955,"June 21, 1955",8841951,1,0.084623223517,83067,2,0.000830335089
07241955,07/24/1955,"July 24, 1955",4788347,1,0.046755147761,83110,2,0.000830764732
08241955,08/24/1955,"August 24, 1955",1012929,1,0.010078171519,83153,2,0.000831194375
08291955,08/29/1955,"August 29, 1955",4591381,1,0.044875729186,83196,2,0.000831624017
09071955,09/07/1955,"September 07, 1955",5689723,1,0.055308859698,83239,2,0.000832053660
09221955,09/22/1955,"September 22, 1955",34986,1,0.000349808806,83282,2,0.000832483302
09241955,09/24/1955,"September 24, 1955",7189284,1,0.069369393132,83323,2,0.000832892960
10021955,10/02/1955,"October 02, 1955",7354084,1,0.070901809330,83366,2,0.000833322602
10141955,10/14/1955,"October 14, 1955",1664050,1,0.016502821671,83409,2,0.000833752244
10261955,10/26/1955,"October 26, 1955",8956363,1,0.085669925514,83452,2,0.000834181885
10301955,10/30/1955,"October 30, 1955",2515447,1,0.024840742456,83495,2,0.000834611526
11081955,11/08/1955,"November 08, 1955",1581920,1,0.015694743639,83538,2,0.000835041167
11171955,11/17/1955,"November 17, 1955",8141861,1,0.078192277238,83581,2,0.000835470808
12011955,12/01/1955,"December 01, 1955",3229764,1,0.031781651320,83624,2,0.000835900449
12041955,12/04/1955,"December 04, 1955",5569673,1,0.054174076956,83667,2,0.000836330089
12101955,12/10/1955,"December 10, 1955",3133183,1,0.030846084630,83710,2,0.000836759730
12221955,12/22/1955,"December 22, 1955",4463728,1,0.043655705856,83753,2,0.000837189370
01241956,01/24/1956,"January 24, 1956",8257224,1,0.079255089128,83796,2,0.000837619010
02061956,02/06/1956,"February 06, 1956",2811222,1,0.027720758496,83839,2,0.000838048649
03011956,03/01/1956,"March 01, 1956",7418297,1,0.071498219650,83882,2,0.000838478289
03101956,03/10/1956,"March 10, 1956",7180249,1,0.069285306857,83925,2,0.000838907928
03231956,03/23/1956,"March 23, 1956",6899808,1,0.066671537912,83968,2,0.000839337567
04151956,04/15/1956,"April 15, 1956",1492401,1,0.014813208896,84011,2,0.000839767206
05041956,05/04/1956,"May 04, 1956",9128298,1,0.087240628263,84054,2,0.000840196845
05111956,05/11/1956,"May 11, 1956",7788292,1,0.074927282255,84097,2,0.000840626484
05131956,05/13/1956,"May 13, 1956",3860271,1,0.037867130997,84140,2,0.000841056122
05141956,05/14/1956,"May 14, 1956",4225847,1,0.041378036465,84183,2,0.000841485761
05191956,05/19/1956,"May 19, 1956",4331804,1,0.042393225622,84226,2,0.000841915399
06131956,06/13/1956,"June 13, 1956",570451,1,0.005688280178,84269,2,0.000842345037
06221956,06/22/1956,"June 22, 1956",2099227,1,0.020773476037,84311,2,0.000842764683
06301956,06/30/1956,"June 30, 1956",2626628,1,0.025924331797,84354,2,0.000843194320
07041956,07/04/1956,"July 04, 1956",5452298,1,0.053063261986,84397,2,0.000843623958
08021956,08/02/1956,"August 02, 1956",6546159,1,0.063364987761,84440,2,0.000844053595
08061956,08/06/1956,"August 06, 1956",1673418,1,0.016594951372,84483,2,0.000844483232
08101956,08/10/1956,"August 10, 1956",9295099,1,0.088761850978,84526,2,0.000844912868
09101956,09/10/1956,"September 10, 1956",1542210,1,0.015303798400,84569,2,0.000845342505
09161956,09/16/1956,"September 16, 1956",4099930,1,0.040170208164,84612,2,0.000845772141
09231956,09/23/1956,"September 23, 1956",9742911,1,0.092833361638,84655,2,0.000846201778
10201956,10/20/1956,"October 20, 1956",1423101,1,0.014130237820,84698,2,0.000846631414
10271956,10/27/1956,"October 27, 1956",96387,2,0.000963415627,84741,2,0.000847061050
11081956,11/08/1956,"November 08, 1956",4678728,1,0.045709637341,84782,2,0.000847470702
11121956,11/12/1956,"November 12, 1956",1142922,1,0.011364164583,84825,2,0.000847900338
11221956,11/22/1956,"November 22, 1956",3212673,1,0.031616158979,84868,2,0.000848329973
12071956,12/07/1956,"December 07, 1956",5450952,1,0.053050516131,84911,2,0.000848759608
12121956,12/12/1956,"December 12, 1956",9658289,1,0.092065374180,84954,2,0.000849189243
01071957,01/07/1957,"January 07, 1957",1940937,1,0.019222230948,84997,2,0.000849618878
02131957,02/13/1957,"February 13, 1957",2378840,1,0.023507696326,85040,2,0.000850048512
02201957,02/20/1957,"February 20, 1957",354169,1,0.003535435614,85083,2,0.000850478147
03021957,03/02/1957,"March 02, 1957",7248103,1,0.069916619802,85125,2,0.000850897790
03031957,03/03/1957,"March 03, 1957",3135358,1,0.030867163499,85168,2,0.000851327424
03091957,03/09/1957,"March 09, 1957",7573914,1,0.072942002603,85211,2,0.000851757057
03141957,03/14/1957,"March 14, 1957",6175632,1,0.059888064623,85254,2,0.000852186691
03201957,03/20/1957,"March 20, 1957",9430366,1,0.089993622219,85297,2,0.000852616325
03251957,03/25/1957,"March 25, 1957",5043795,1,0.049187085205,85340,2,0.000853045958
03311957,03/31/1957,"March 31, 1957",8944239,1,0.085559065415,85383,2,0.000853475591
04241957,04/24/1957,"April 24, 1957",3524545,1,0.034631572502,85426,2,0.000853905224
04271957,04/27/1957,"April 27, 1957",9474938,1,0.090399139885,85469,2,0.000854334857
05031957,05/03/1957,"May 03, 1957",5729020,1,0.055680022047,85512,2,0.000854764489
05061957,05/06/1957,"May 06, 1957",3744805,1,0.036755553023,85555,2,0.000855194121
05231957,05/23/1957,"May 23, 1957",2137442,1,0.021147615964,85598,2,0.000855623754
05261957,05/26/1957,"May 26, 1957",1702652,1,0.016882397989,85641,2,0.000856053386
06021957,06/02/1957,"June 02, 1957",8868604,1,0.084867166381,85684,2,0.000856483017
06121957,06/12/1957,"June 12, 1957",4303703,2,0.042124090727,85727,2,0.000856912649
06241957,06/24/1957,"June 24, 1957",5899017,1,0.057283973974,85770,2,0.000857342281
06281957,06/28/1957,"June 28, 1957",3611591,1,0.035471521488,85813,2,0.000857771912
08031957,08/03/1957,"August 03, 1957",8391279,1,0.080488566777,85856,2,0.000858201543
08091957,08/09/1957,"August 09, 1957",6144245,1,0.059592945375,85899,2,0.000858631174
08161957,08/16/1957,"August 16, 1957",8000695,1,0.076890079221,85942,2,0.000859060804
08171957,08/17/1957,"August 17, 1957",7854152,1,0.075536334570,85985,2,0.000859490435
08271957,08/27/1957,"August 27, 1957",6547914,1,0.063381425561,86028,2,0.000859920065
09011957,09/01/1957,"September 01, 1957",3515162,2,0.034540987732,86071,2,0.000860349695
10041957,10/04/1957,"October 04, 1957",312429,1,0.003119424485,86114,2,0.000860779325
10241957,10/24/1957,"October 24, 1957",6837528,1,0.066090079892,86156,2,0.000861198964
10261957,10/26/1957,"October 26, 1957",883825,1,0.008799317481,86199,2,0.000861628593
11011957,11/01/1957,"November 01, 1957",5178297,1,0.050465087942,86241,2,0.000862048231
11051957,11/05/1957,"November 05, 1957",5971102,1,0.057963285958,86284,2,0.000862477861
11091957,11/09/1957,"November 09, 1957",483266,1,0.004821011487,86327,2,0.000862907490
11251957,11/25/1957,"November 25, 1957",693490,1,0.006910919071,86369,2,0.000863327127
12021957,12/02/1957,"December 02, 1957",3849463,1,0.037763138056,86411,2,0.000863746764
12121957,12/12/1957,"December 12, 1957",4213483,1,0.041259505117,86454,2,0.000864176393
12171957,12/17/1957,"December 17, 1957",5689322,1,0.055305071479,86497,2,0.000864606021
12191957,12/19/1957,"December 19, 1957",3229627,1,0.031780324860,86540,2,0.000865035649
12271957,12/27/1957,"December 27, 1957",6043327,1,0.058643426336,86583,2,0.000865465277
01101958,01/10/1958,"January 10, 1958",6754971,1,0.065318753524,86626,2,0.000865894905
01211958,01/21/1958,"January 21, 1958",6820186,1,0.065928107188,86669,2,0.000866324533
02141958,02/14/1958,"February 14, 1958",754231,1,0.007513948154,86712,2,0.000866754160
02171958,02/17/1958,"February 17, 1958",2392981,1,0.023645772341,86754,2,0.000867173796
03181958,03/18/1958,"March 18, 1958",4816985,1,0.047028098938,86797,2,0.000867603423
03251958,03/25/1958,"March 25, 1958",6117208,1,0.059338653142,86840,2,0.000868033050
04071958,04/07/1958,"April 07, 1958",6426109,1,0.062239882208,86883,2,0.000868462677
04231958,04/23/1958,"April 23, 1958",5517203,1,0.053677671869,86926,2,0.000868892303
05011958,05/01/1958,"May 01, 1958",9204261,1,0.087933724390,86969,2,0.000869321929
05031958,05/03/1958,"May 03, 1958",3562926,1,0.035002019467,87012,2,0.000869751555
05041958,05/04/1958,"May 04, 1958",2669020,1,0.026337174446,87055,2,0.000870181181
05171958,05/17/1958,"May 17, 1958",4172700,1,0.040868422235,87098,2,0.000870610807
05231958,05/23/1958,"May 23, 1958",365251,1,0.003645857699,87141,2,0.000871040433
05241958,05/24/1958,"May 24, 1958",5223304,1,0.050892348968,87183,2,0.000871460067
06011958,06/01/1958,"June 01, 1958",2542719,1,0.025106651630,87226,2,0.000871889692
06071958,06/07/1958,"June 07, 1958",3285520,1,0.032321340679,87269,2,0.000872319317
06231958,06/23/1958,"June 23, 1958",260986,1,0.002606467276,87312,2,0.000872748942
06251958,06/25/1958,"June 25, 1958",9747939,1,0.092878972830,87354,2,0.000873168575
07091958,07/09/1958,"July 09, 1958",5745928,1,0.055839674173,87397,2,0.000873598199
08121958,08/12/1958,"August 12, 1958",2705757,1,0.026694803266,87440,2,0.000874027824
08301958,08/30/1958,"August 30, 1958",4068396,1,0.039867487707,87483,2,0.000874457448
09031958,09/03/1958,"September 03, 1958",7106698,1,0.068600505078,87526,2,0.000874887072
09051958,09/05/1958,"September 05, 1958",5764141,1,0.056011618436,87569,2,0.000875316695
09071958,09/07/1958,"September 07, 1958",1742233,1,0.017271448771,87612,2,0.000875746319
09151958,09/15/1958,"September 15, 1958",5698819,1,0.055394784897,87655,2,0.000876175942
09271958,09/27/1958,"September 27, 1958",1809053,1,0.017927888654,87698,2,0.000876605565
10091958,10/09/1958,"October 09, 1958",9711141,1,0.092545109007,87741,2,0.000877035188
10131958,10/13/1958,"October 13, 1958",5555065,1,0.054035900612,87784,2,0.000877464811
10271958,10/27/1958,"October 27, 1958",1554935,1,0.015429093021,87827,2,0.000877894434
11131958,11/13/1958,"November 13, 1958",5749667,1,0.055874975668,87870,2,0.000878324056
11151958,11/15/1958,"November 15, 1958",5501321,1,0.053527365019,87913,2,0.000878753678
11201958,11/20/1958,"November 20, 1958",1804204,1,0.017880266822,87956,2,0.000879183301
12011958,12/01/1958,"December 01, 1958",4004302,1,0.039251903113,87999,2,0.000879612922
12071958,12/07/1958,"December 07, 1958",8084121,1,0.077659871763,88042,2,0.000880042544
01071959,01/07/1959,"January 07, 1959",824464,1,0.008210756167,88085,2,0.000880472166
01281959,01/28/1959,"January 28, 1959",9024246,1,0.086290389586,88127,2,0.000880891796
02041959,02/04/1959,"February 04, 1959",9288654,1,0.088703119786,88170,2,0.000881321417
02101959,02/10/1959,"February 10, 1959",7556913,1,0.072784380073,88213,2,0.000881751038
02141959,02/14/1959,"February 14, 1959",4340579,1,0.042477251931,88256,2,0.000882180658
02191959,02/19/1959,"February 19, 1959",4591065,1,0.044872710988,88299,2,0.000882610279
02201959,02/20/1959,"February 20, 1959",4717775,1,0.046082186364,88342,2,0.000883039899
02261959,02/26/1959,"February 26, 1959",8648208,1,0.082848025966,88385,2,0.000883469520
03031959,03/03/1959,"March 03, 1959",1114725,1,0.011085359628,88428,2,0.000883899140
03091959,03/09/1959,"March 09, 1959",877799,1,0.008739585927,88471,2,0.000884328760
03111959,03/11/1959,"March 11, 1959",6308985,1,0.061140896574,88513,2,0.000884748388
03131959,03/13/1959,"March 13, 1959",358913,1,0.003582706772,88556,2,0.000885178007
03201959,03/20/1959,"March 20, 1959",9549204,1,0.091074413287,88598,2,0.000885597636
03231959,03/23/1959,"March 23, 1959",3892217,1,0.038174444877,88641,2,0.000886027255
04041959,04/04/1959,"April 04, 1959",4528732,1,0.044277165898,88684,2,0.000886456874
04051959,04/05/1959,"April 05, 1959",6853823,1,0.066242248117,88727,2,0.000886886492
04181959,04/18/1959,"April 18, 1959",7209394,1,0.069556524132,88770,2,0.000887316111
04301959,04/30/1959,"April 30, 1959",2627035,1,0.025928296277,88813,2,0.000887745729
05161959,05/16/1959,"May 16, 1959",3261482,1,0.032088702121,88856,2,0.000888175347
06041959,06/04/1959,"June 04, 1959",3574815,1,0.035116741258,88899,2,0.000888604965
06071959,06/07/1959,"June 07, 1959",1275208,2,0.012671126743,88942,2,0.000889034583
06131959,06/13/1959,"June 13, 1959",9693485,1,0.092384874625,88985,2,0.000889464201
06201959,06/20/1959,"June 20, 1959",7259918,1,0.070026502663,89028,3,0.000889893818
06261959,06/26/1959,"June 26, 1959",6451492,1,0.062477883654,89071,2,0.000890323436
07131959,07/13/1959,"July 13, 1959",500585,1,0.004993351613,89114,2,0.000890753053
07161959,07/16/1959,"July 16, 1959",6205471,1,0.060168542778,89156,2,0.000891172678
07181959,07/18/1959,"July 18, 1959",6667702,1,0.064502710514,89199,2,0.000891602295
08071959,08/07/1959,"August 07, 1959",5854293,1,0.056862259358,89242,2,0.000892031912
08111959,08/11/1959,"August 11, 1959",9745181,1,0.092853954087,89285,2,0.000892461528
08121959,08/12/1959,"August 12, 1959",7649201,1,0.073639694096,89328,2,0.000892891144
08191959,08/19/1959,"August 19, 1959",6352094,1,0.061545542124,89371,2,0.000893320760
08271959,08/27/1959,"August 27, 1959",210282,1,0.002100620623,89414,2,0.000893750376
09121959,09/12/1959,"September 12, 1959",7004759,1,0.067650561638,89456,2,0.000894170001
09151959,09/15/1959,"September 15, 1959",8188005,1,0.078617538074,89499,2,0.000894599616
09221959,09/22/1959,"September 22, 1959",1977479,1,0.019580561289,89542,2,0.000895029231
10181959,10/18/1959,"October 18, 1959",9111347,1,0.087085893306,89585,2,0.000895458846
10271959,10/27/1959,"October 27, 1959",5991042,1,0.058151109354,89628,2,0.000895888461
11271959,11/27/1959,"November 27, 1959",5613021,1,0.054583984731,89671,2,0.000896318076
12121959,12/12/1959,"December 12, 1959",5186131,1,0.050539471594,89714,2,0.000896747690
12141959,12/14/1959,"December 14, 1959",9140719,1,0.087353995065,89757,2,0.000897177305
12281959,12/28/1959,"December 28, 1959",8478557,1,0.081290747859,89800,2,0.000897606919
01011960,01/01/1960,"January 01, 1960",4793560,1,0.046804839120,89843,2,0.000898036533
01031960,01/03/1960,"January 03, 1960",3974576,1,0.038966268680,89886,2,0.000898466146
01251960,01/25/1960,"January 25, 1960",2293499,1,0.022673992325,89929,2,0.000898895760
02091960,02/09/1960,"February 09, 1960",7837105,1,0.075378727814,89972,2,0.000899325373
02191960,02/19/1960,"February 19, 1960",1103400,1,0.010973358702,90015,2,0.000899754987
04061960,04/06/1960,"April 06, 1960",3716235,1,0.036480314766,90058,2,0.000900184600
04081960,04/08/1960,"April 08, 1960",6006166,1,0.058293543811,90101,2,0.000900614212
04091960,04/09/1960,"April 09, 1960",5230742,1,0.050962940971,90144,2,0.000901043825
04171960,04/17/1960,"April 17, 1960",2517800,1,0.024863687684,90187,2,0.000901473438
04251960,04/25/1960,"April 25, 1960",9137240,1,0.087322243557,90230,2,0.000901903050
05041960,05/04/1960,"May 04, 1960",2847257,2,0.028071056205,90273,2,0.000902332662
05131960,05/13/1960,"May 13, 1960",7689815,1,0.074015849683,90316,2,0.000902762274
06101960,06/10/1960,"June 10, 1960",3739160,1,0.036701176339,90359,2,0.000903191886
06131960,06/13/1960,"June 13, 1960",8888439,1,0.085048664980,90402,2,0.000903621497
07011960,07/01/1960,"July 01, 1960",7923530,1,0.076177486543,90445,2,0.000904051108
07151960,07/15/1960,"July 15, 1960",5185101,1,0.050529692100,90488,2,0.000904480720
07291960,07/29/1960,"July 29, 1960",3622816,1,0.035579783734,90531,2,0.000904910331
08011960,08/01/1960,"August 01, 1960",264620,1,0.002642711899,90574,2,0.000905339941
08031960,08/03/1960,"August 03, 1960",8553457,1,0.081978603462,90616,2,0.000905759561
08071960,08/07/1960,"August 07, 1960",7471050,1,0.071987903026,90659,2,0.000906189171
08181960,08/18/1960,"August 18, 1960",4321063,1,0.042290363554,90702,2,0.000906618782
08251960,08/25/1960,"August 25, 1960",1810655,1,0.017943621324,90745,2,0.000907048392
08261960,08/26/1960,"August 26, 1960",4625350,2,0.045200120253,90788,2,0.000907478002
09051960,09/05/1960,"September 05, 1960",2107848,1,0.020857891518,90831,2,0.000907907611
09081960,09/08/1960,"September 08, 1960",5326139,1,0.051867862161,90874,2,0.000908337221
09131960,09/13/1960,"September 13, 1960",6120403,1,0.059368706792,90917,2,0.000908766830
09281960,09/28/1960,"September 28, 1960",5420073,1,0.052758062446,90960,2,0.000909196439
09301960,09/30/1960,"September 30, 1960",6711661,1,0.064913855398,91003,2,0.000909626048
10251960,10/25/1960,"October 25, 1960",6032511,1,0.058541603702,91046,2,0.000910055657
10291960,10/29/1960,"October 29, 1960",8502068,1,0.081506720204,91089,2,0.000910485266
11011960,11/01/1960,"November 01, 1960",687850,1,0.006854907267,91132,2,0.000910914874
11091960,11/09/1960,"November 09, 1960",8769017,1,0.083955359091,91174,2,0.000911334491
11181960,11/18/1960,"November 18, 1960",9549159,1,0.091074004270,91217,2,0.000911764099
11191960,11/19/1960,"November 19, 1960",5839722,1,0.056724824744,91260,2,0.000912193707
12121960,12/12/1960,"December 12, 1960",4020547,1,0.039407963967,91303,2,0.000912623315
01131961,01/13/1961,"January 13, 1961",4275174,1,0.041850779321,91346,2,0.000913052922
01181961,01/18/1961,"January 18, 1961",1813902,1,0.017975508177,91389,2,0.000913482530
02061961,02/06/1961,"February 06, 1961",2194650,1,0.021707437694,91432,2,0.000913912137
02091961,02/09/1961,"February 09, 1961",9396739,1,0.089687562915,91475,2,0.000914341744
02261961,02/26/1961,"February 26, 1961",2675239,1,0.026397724655,91518,2,0.000914771351
03041961,03/04/1961,"March 04, 1961",7164745,1,0.069140997663,91561,2,0.000915200957
03281961,03/28/1961,"March 28, 1961",1853568,2,0.018364960770,91604,2,0.000915630563
04051961,04/05/1961,"April 05, 1961",4694109,1,0.045856405456,91647,2,0.000916060170
04261961,04/26/1961,"April 26, 1961",2747481,1,0.027100820422,91690,2,0.000916489776
05121961,05/12/1961,"May 12, 1961",7478817,1,0.072059978928,91733,2,0.000916919381
05301961,05/30/1961,"May 30, 1961",2584757,1,0.025516391171,91776,2,0.000917348987
06011961,06/01/1961,"June 01, 1961",5844886,1,0.056773534217,91819,2,0.000917778593
07041961,07/04/1961,"July 04, 1961",8157357,1,0.078335109498,91862,2,0.000918208198
07291961,07/29/1961,"July 29, 1961",3889958,1,0.038152716992,91905,2,0.000918637803
07311961,07/31/1961,"July 31, 1961",2412321,2,0.023834580992,91948,2,0.000919067408
08261961,08/26/1961,"August 26, 1961",3159657,2,0.031102624481,91991,2,0.000919497013
08271961,08/27/1961,"August 27, 1961",8539007,1,0.081845939784,92034,2,0.000919926617
09091961,09/09/1961,"September 09, 1961",9405203,1,0.089764608500,92077,2,0.000920356221
09211961,09/21/1961,"September 21, 1961",842156,1,0.008386208001,92120,2,0.000920785826
09241961,09/24/1961,"September 24, 1961",4915046,1,0.047962134686,92162,2,0.000921205439
10011961,10/01/1961,"October 01, 1961",6608679,1,0.063950388961,92205,2,0.000921635043
10021961,10/02/1961,"October 02, 1961",1859956,1,0.018427665614,92248,2,0.000922064646
10081961,10/08/1961,"October 08, 1961",1593642,1,0.015810117140,92291,2,0.000922494250
10161961,10/16/1961,"October 16, 1961",8216663,1,0.078881550031,92334,2,0.000922923853
10201961,10/20/1961,"October 20, 1961",6459735,1,0.062555160418,92377,2,0.000923353456
10261961,10/26/1961,"October 26, 1961",6935049,2,0.067000394249,92420,2,0.000923783059
11031961,11/03/1961,"November 03, 1961",9495093,1,0.090582451467,92463,2,0.000924212661
01021962,01/02/1962,"January 02, 1962",7437982,1,0.071680977239,92506,2,0.000924642264
02061962,02/06/1962,"February 06, 1962",2038019,1,0.020173927593,92549,2,0.000925071866
02131962,02/13/1962,"February 13, 1962",8529431,1,0.081758013140,92592,2,0.000925501468
02201962,02/20/1962,"February 20, 1962",8125024,1,0.078037059404,92635,2,0.000925931070
02241962,02/24/1962,"February 24, 1962",437302,1,0.004363482271,92678,2,0.000926360672
03011962,03/01/1962,"March 01, 1962",2451483,1,0.024216792052,92720,2,0.000926780283
03071962,03/07/1962,"March 07, 1962",4268629,1,0.041788066402,92763,2,0.000927209884
03141962,03/14/1962,"March 14, 1962",255802,1,0.002554761055,92806,2,0.000927639486
03291962,03/29/1962,"March 29, 1962",1828921,1,0.018122987361,92848,2,0.000928059096
04031962,04/03/1962,"April 03, 1962",7249341,1,0.069928134163,92891,2,0.000928488697
04161962,04/16/1962,"April 16, 1962",2578012,1,0.025450660034,92934,2,0.000928918297
04191962,04/19/1962,"April 19, 1962",9449956,1,0.090171875010,92977,2,0.000929347898
04301962,04/30/1962,"April 30, 1962",7394797,1,0.071279996089,93020,2,0.000929777498
05091962,05/09/1962,"May 09, 1962",8754394,1,0.083821396088,93063,2,0.000930207098
05171962,05/17/1962,"May 17, 1962",2583018,1,0.025499444754,93106,2,0.000930636698
05301962,05/30/1962,"May 30, 1962",5069852,1,0.049434806253,93149,2,0.000931066298
06271962,06/27/1962,"June 27, 1962",9954670,1,0.094752336141,93192,2,0.000931495897
06291962,06/29/1962,"June 29, 1962",2640951,1,0.026063838665,93235,2,0.000931925497
07031962,07/03/1962,"July 03, 1962",1160233,1,0.011535292522,93278,2,0.000932355096
07101962,07/10/1962,"July 10, 1962",3438047,1,0.033796186868,93321,2,0.000932784695
07211962,07/21/1962,"July 21, 1962",4491252,1,0.043918893840,93364,2,0.000933214294
08151962,08/15/1962,"August 15, 1962",1359250,1,0.013500549102,93407,2,0.000933643892
09071962,09/07/1962,"September 07, 1962",7860333,1,0.075593473903,93450,2,0.000934073491
10271962,10/27/1962,"October 27, 1962",5338320,1,0.051983347104,93493,2,0.000934503089
11051962,11/05/1962,"November 05, 1962",149659,2,0.001495480668,93536,2,0.000934932687
11061962,11/06/1962,"November 06, 1962",5315756,1,0.051769412489,93578,2,0.000935352294
12061962,12/06/1962,"December 06, 1962",3040130,1,0.029943838110,93621,2,0.000935781892
12081962,12/08/1962,"December 08, 1962",5395845,1,0.052528536864,93664,2,0.000936211490
12111962,12/11/1962,"December 11, 1962",7883855,1,0.075810887238,93707,2,0.000936641087
12171962,12/17/1962,"December 17, 1962",3983459,1,0.039051633515,93750,2,0.000937070684
12181962,12/18/1962,"December 18, 1962",4508157,2,0.044080505692,93793,2,0.000937500281
12271962,12/27/1962,"December 27, 1962",8391098,1,0.080486902460,93836,2,0.000937929878
01071963,01/07/1963,"January 07, 1963",2612073,1,0.025782544763,93879,2,0.000938359475
02081963,02/08/1963,"February 08, 1963",5508011,1,0.053590681921,93922,2,0.000938789071
02121963,02/12/1963,"February 12, 1963",9597943,1,0.091517306593,93965,2,0.000939218667
02131963,02/13/1963,"February 13, 1963",261564,1,0.002612232194,94008,2,0.000939648263
02281963,02/28/1963,"February 28, 1963",6803458,1,0.065771842571,94050,2,0.000940067869
03091963,03/09/1963,"March 09, 1963",2698032,1,0.026619612535,94093,2,0.000940497464
04091963,04/09/1963,"April 09, 1963",3414634,1,0.033569943082,94136,2,0.000940927060
04131963,04/13/1963,"April 13, 1963",7437840,1,0.071679659025,94179,2,0.000941356655
04231963,04/23/1963,"April 23, 1963",2455577,1,0.024256739799,94222,2,0.000941786250
04291963,04/29/1963,"April 29, 1963",5165804,1,0.050346455134,94265,2,0.000942215845
05031963,05/03/1963,"May 03, 1963",6704969,1,0.064851277338,94308,2,0.000942645440
05151963,05/15/1963,"May 15, 1963",742599,2,0.007398495461,94351,2,0.000943075034
06051963,06/05/1963,"June 05, 1963",1554672,1,0.015426503596,94393,2,0.000943494638
06191963,06/19/1963,"June 19, 1963",4392287,2,0.042972239813,94436,2,0.000943924232
06271963,06/27/1963,"June 27, 1963",6720795,1,0.064999262266,94479,2,0.000944353826
07031963,07/03/1963,"July 03, 1963",5768697,1,0.056054625568,94522,2,0.000944783420
08011963,08/01/1963,"August 01, 1963",6633729,1,0.064184840025,94565,2,0.000945213014
08101963,08/10/1963,"August 10, 1963",7273257,1,0.070150543556,94608,2,0.000945642607
08271963,08/27/1963,"August 27, 1963",9749408,1,0.092892298340,94651,2,0.000946072201
09071963,09/07/1963,"September 07, 1963",6856988,1,0.066271801083,94694,2,0.000946501794
10061963,10/06/1963,"October 06, 1963",6827378,1,0.065995283224,94737,2,0.000946931387
10131963,10/13/1963,"October 13, 1963",8824368,1,0.084462258666,94780,2,0.000947360979
10161963,10/16/1963,"October 16, 1963",7149266,1,0.068996898845,94823,2,0.000947790572
10221963,10/22/1963,"October 22, 1963",8880271,1,0.084973928702,94866,2,0.000948220164
10261963,10/26/1963,"October 26, 1963",8088083,1,0.077696414156,94909,2,0.000948649757
10311963,10/31/1963,"October 31, 1963",675873,1,0.006735951154,94952,2,0.000949079349
11041963,11/04/1963,"November 04, 1963",8770261,1,0.083966754616,94994,2,0.000949498950
11081963,11/08/1963,"November 08, 1963",6121677,1,0.059380690358,95037,2,0.000949928541
11131963,11/13/1963,"November 13, 1963",7679271,1,0.073918208766,95080,2,0.000950358133
11231963,11/23/1963,"November 23, 1963",1683066,1,0.016689825715,95123,2,0.000950787724
12251963,12/25/1963,"December 25, 1963",1887882,1,0.018701741236,95166,2,0.000951217315
12291963,12/29/1963,"December 29, 1963",2691224,1,0.026553342542,95209,2,0.000951646906
01181964,01/18/1964,"January 18, 1964",5468019,1,0.053212118211,95252,2,0.000952076497
01261964,01/26/1964,"January 26, 1964",4709747,1,0.046005602767,95295,2,0.000952506087
03061964,03/06/1964,"March 06, 1964",6195700,1,0.060076707359,95338,2,0.000952935678
03101964,03/10/1964,"March 10, 1964",5318057,1,0.051791231024,95381,2,0.000953365268
03111964,03/11/1964,"March 11, 1964",1717451,1,0.017027878799,95424,2,0.000953794858
03151964,03/15/1964,"March 15, 1964",1566400,1,0.015541967606,95467,2,0.000954224448
03161964,03/16/1964,"March 16, 1964",1432147,1,0.014219415566,95510,2,0.000954654037
03191964,03/19/1964,"March 19, 1964",1099778,1,0.010937535508,95553,2,0.000955083627
04161964,04/16/1964,"April 16, 1964",4105862,1,0.040227143579,95596,2,0.000955513216
04231964,04/23/1964,"April 23, 1964",3786377,1,0.037155909785,95639,2,0.000955942805
05011964,05/01/1964,"May 01, 1964",983457,1,0.009786378758,95682,2,0.000956372394
05031964,05/03/1964,"May 03, 1964",5447478,2,0.053017618534,95724,2,0.000956791992
05101964,05/10/1964,"May 10, 1964",4731180,1,0.046210050477,95767,2,0.000957221580
06041964,06/04/1964,"June 04, 1964",4524748,1,0.044239089142,95810,2,0.000957651169
06211964,06/21/1964,"June 21, 1964",7302744,1,0.070424687847,95853,2,0.000958080757
06251964,06/25/1964,"June 25, 1964",9075577,1,0.086759285516,95896,2,0.000958510345
06261964,06/26/1964,"June 26, 1964",2130705,1,0.021081668456,95939,2,0.000958939933
07061964,07/06/1964,"July 06, 1964",2503206,1,0.024721365904,95982,2,0.000959369520
07121964,07/12/1964,"July 12, 1964",4786583,1,0.046738332373,96025,2,0.000959799108
07281964,07/28/1964,"July 28, 1964",6678944,1,0.064607873209,96068,2,0.000960228695
08191964,08/19/1964,"August 19, 1964",5797702,1,0.056328377223,96111,2,0.000960658282
08241964,08/24/1964,"August 24, 1964",3102040,1,0.030544214020,96154,2,0.000961087869
09071964,09/07/1964,"September 07, 1964",219094,2,0.002188551643,96197,2,0.000961517455
09261964,09/26/1964,"September 26, 1964",3159008,1,0.031096336316,96239,2,0.000961937051
10041964,10/04/1964,"October 04, 1964",9903474,1,0.094288766888,96282,2,0.000962366638
10171964,10/17/1964,"October 17, 1964",7674681,1,0.073875700636,96325,2,0.000962796224
10271964,10/27/1964,"October 27, 1964",3826986,1,0.037546831765,96368,2,0.000963225810
11171964,11/17/1964,"November 17, 1964",9570019,2,0.091263586461,96411,2,0.000963655395
12061964,12/06/1964,"December 06, 1964",4100557,1,0.040176226278,96454,2,0.000964084981
12071964,12/07/1964,"December 07, 1964",5615907,1,0.054611269044,96497,2,0.000964514566
12111964,12/11/1964,"December 11, 1964",5994598,1,0.058184600906,96540,2,0.000964944151
12151964,12/15/1964,"December 15, 1964",684036,2,0.006817027990,96583,2,0.000965373736
12181964,12/18/1964,"December 18, 1964",6394154,1,0.061940173076,96625,2,0.000965793331
01051965,01/05/1965,"January 05, 1965",2153043,1,0.021300314814,96668,2,0.000966222915
01141965,01/14/1965,"January 14, 1965",551693,1,0.005501749689,96711,2,0.000966652500
01171965,01/17/1965,"January 17, 1965",2176395,1,0.021528834084,96753,2,0.000967072094
02011965,02/01/1965,"February 01, 1965",1845929,1,0.018289970805,96796,2,0.000967501678
02211965,02/21/1965,"February 21, 1965",6859446,1,0.066294751840,96839,2,0.000967931262
02221965,02/22/1965,"February 22, 1965",9650518,1,0.091994815838,96882,2,0.000968360845
03071965,03/07/1965,"March 07, 1965",5573878,1,0.054213848100,96925,2,0.000968790429
03161965,03/16/1965,"March 16, 1965",225473,1,0.002252200006,96968,2,0.000969220012
04141965,04/14/1965,"April 14, 1965",5179026,1,0.050472010026,97010,2,0.000969639605
04221965,04/22/1965,"April 22, 1965",7066395,1,0.068225047481,97053,2,0.000970069188
04241965,04/24/1965,"April 24, 1965",1903,1,0.000019039819,97096,2,0.000970498771
05011965,05/01/1965,"May 01, 1965",5395164,1,0.052522084561,97136,2,0.000970898383
05031965,05/03/1965,"May 03, 1965",3915918,1,0.038402380141,97179,2,0.000971327965
05121965,05/12/1965,"May 12, 1965",9846392,1,0.093771621212,97222,2,0.000971757547
05131965,05/13/1965,"May 13, 1965",154402,1,0.001542838614,97265,2,0.000972187129
05181965,05/18/1965,"May 18, 1965",568160,1,0.005665500235,97307,2,0.000972606721
06041965,06/04/1965,"June 04, 1965",1911310,1,0.018931612867,97349,2,0.000973026312
06061965,06/06/1965,"June 06, 1965",8539752,1,0.081852780006,97392,2,0.000973455894
06141965,06/14/1965,"June 14, 1965",2901215,1,0.028595348168,97435,2,0.000973885475
07011965,07/01/1965,"July 01, 1965",3045828,1,0.029999110336,97478,2,0.000974315056
07051965,07/05/1965,"July 05, 1965",7706454,1,0.074169911370,97521,2,0.000974744637
07071965,07/07/1965,"July 07, 1965",3150037,1,0.031009412069,97564,2,0.000975174218
07221965,07/22/1965,"July 22, 1965",597697,1,0.005959153449,97607,2,0.000975603799
07231965,07/23/1965,"July 23, 1965",9675223,1,0.092219110814,97649,2,0.000976023389
07271965,07/27/1965,"July 27, 1965",5118650,1,0.049898549903,97692,2,0.000976452969
08051965,08/05/1965,"August 05, 1965",6584901,1,0.063727788618,97735,2,0.000976882549
09041965,09/04/1965,"September 04, 1965",6290151,1,0.060964055196,97778,2,0.000977312129
09141965,09/14/1965,"September 14, 1965",861103,1,0.008574071270,97821,2,0.000977741709
09151965,09/15/1965,"September 15, 1965",1723052,1,0.017082933526,97863,2,0.000978161298
12131965,12/13/1965,"December 13, 1965",3339325,1,0.032841860142,97906,2,0.000978590877
12191965,12/19/1965,"December 19, 1965",6346827,1,0.061496112425,97949,2,0.000979020456
01061966,01/06/1966,"January 06, 1966",8627422,1,0.082657366940,97992,2,0.000979450035
01211966,01/21/1966,"January 21, 1966",5582562,1,0.054295976604,98035,2,0.000979879614
01221966,01/22/1966,"January 22, 1966",398685,1,0.003978923065,98078,2,0.000980309193
01231966,01/23/1966,"January 23, 1966",1371829,1,0.013624633065,98120,2,0.000980728781
02021966,02/02/1966,"February 02, 1966",716040,1,0.007134835414,98163,2,0.000981158359
02091966,02/09/1966,"February 09, 1966",3169393,1,0.031196951738,98205,2,0.000981577947
02111966,02/11/1966,"February 11, 1966",387999,1,0.003872482564,98248,2,0.000982007525
02121966,02/12/1966,"February 12, 1966",6765891,1,0.065420815144,98290,2,0.000982427112
02261966,02/26/1966,"February 26, 1966",3387229,1,0.033305056628,98333,2,0.000982856690
03141966,03/14/1966,"March 14, 1966",2185068,1,0.021613693209,98376,2,0.000983286267
03151966,03/15/1966,"March 15, 1966",7469201,1,0.071970743924,98419,2,0.000983715844
03201966,03/20/1966,"March 20, 1966",4151866,1,0.040668575943,98462,2,0.000984145421
04021966,04/02/1966,"April 02, 1966",5685180,1,0.055265941404,98505,2,0.000984574998
04111966,04/11/1966,"April 11, 1966",2777715,1,0.027394922301,98548,2,0.000985004574
05151966,05/15/1966,"May 15, 1966",8952413,1,0.085633808763,98591,2,0.000985434150
06101966,06/10/1966,"June 10, 1966",1343391,1,0.013344087747,98634,2,0.000985863727
06141966,06/14/1966,"June 14, 1966",2940,1,0.000029409568,98677,2,0.000986293303
06161966,06/16/1966,"June 16, 1966",9662019,1,0.092099239510,98717,2,0.000986692908
06171966,06/17/1966,"June 17, 1966",2874411,1,0.028334937964,98760,2,0.000987122484
06261966,06/26/1966,"June 26, 1966",7880995,1,0.075784455051,98803,2,0.000987552059
07111966,07/11/1966,"July 11, 1966",7732537,1,0.074411364144,98846,2,0.000987981634
08031966,08/03/1966,"August 03, 1966",3900974,1,0.038258668253,98889,2,0.000988411209
08051966,08/05/1966,"August 05, 1966",5706111,1,0.055463662999,98932,2,0.000988840784
08141966,08/14/1966,"August 14, 1966",2869845,1,0.028290570724,98975,2,0.000989270359
08251966,08/25/1966,"August 25, 1966",9399895,1,0.089716291922,99018,2,0.000989699934
09181966,09/18/1966,"September 18, 1966",341806,1,0.003412235083,99061,2,0.000990129508
09191966,09/19/1966,"September 19, 1966",3441965,1,0.033834041992,99103,2,0.000990549092
09221966,09/22/1966,"September 22, 1966",4807937,1,0.046941870139,99146,2,0.000990978666
09291966,09/29/1966,"September 29, 1966",3848529,1,0.037754150721,99189,2,0.000991408240
10101966,10/10/1966,"October 10, 1966",625497,1,0.006235458399,99232,2,0.000991837813
10301966,10/30/1966,"October 30, 1966",6128328,1,0.059443248869,99274,2,0.000992257397
11011966,11/01/1966,"November 01, 1966",9294494,1,0.088756337970,99317,2,0.000992686970
11061966,11/06/1966,"November 06, 1966",4114997,1,0.040314814826,99360,2,0.000993116543
11281966,11/28/1966,"November 28, 1966",3773222,1,0.037029239312,99403,2,0.000993546116
12271966,12/27/1966,"December 27, 1966",2896082,1,0.028545484687,99446,2,0.000993975689
01091967,01/09/1967,"January 09, 1967",5032291,1,0.049077697394,99489,2,0.000994405261
01101967,01/10/1967,"January 10, 1967",1677784,1,0.016637885900,99532,2,0.000994834833
01111967,01/11/1967,"January 11, 1967",7165828,1,0.069151078812,99575,2,0.000995264405
01301967,01/30/1967,"January 30, 1967",7012843,1,0.067725929721,99618,2,0.000995693977
02091967,02/09/1967,"February 09, 1967",5989566,1,0.058137207562,99661,2,0.000996123549
02161967,02/16/1967,"February 16, 1967",2903031,1,0.028612988717,99704,2,0.000996553121
02201967,02/20/1967,"February 20, 1967",3729968,1,0.036612625841,99747,2,0.000996982692
02231967,02/23/1967,"February 23, 1967",8460117,1,0.081121322251,64835,3,0.000648149867
02261967,02/26/1967,"February 26, 1967",8811956,1,0.084348615068,99833,2,0.000997841834
03011967,03/01/1967,"March 01, 1967",1152333,1,0.011457200724,99876,2,0.000998271405
03061967,03/06/1967,"March 06, 1967",960486,1,0.009558890658,99919,2,0.000998700976
04031967,04/03/1967,"April 03, 1967",7364519,1,0.070998755669,99961,2,0.000999120556
04071967,04/07/1967,"April 07, 1967",1053009,1,0.010474852692,100004,2,0.000999550127
04091967,04/09/1967,"April 09, 1967",5283746,1,0.051465835290,100047,2,0.000999979697
04121967,04/12/1967,"April 12, 1967",6981945,1,0.067437831170,100090,2,0.001000409267
05201967,05/20/1967,"May 20, 1967",6968275,1,0.067310341207,100133,2,0.001000838836
06181967,06/18/1967,"June 18, 1967",3062169,1,0.030157605232,100176,2,0.001001268406
06191967,06/19/1967,"June 19, 1967",9227538,1,0.088146001352,100219,2,0.001001697975
07021967,07/02/1967,"July 02, 1967",9581003,1,0.091363396588,100262,2,0.001002127545
07031967,07/03/1967,"July 03, 1967",7500995,1,0.072265754648,100305,2,0.001002557114
07071967,07/07/1967,"July 07, 1967",2665413,1,0.026302053794,100348,2,0.001002986682
07201967,07/20/1967,"July 20, 1967",5370679,1,0.052290066187,100391,2,0.001003416251
07301967,07/30/1967,"July 30, 1967",3498504,1,0.034380148172,100434,2,0.001003845819
08051967,08/05/1967,"August 05, 1967",479414,1,0.004782676453,100477,2,0.001004275388
08071967,08/07/1967,"August 07, 1967",4971834,1,0.048502624474,100519,2,0.001004694966
08211967,08/21/1967,"August 21, 1967",7455780,1,0.071846184758,100562,2,0.001005124534
09271967,09/27/1967,"September 27, 1967",5757560,1,0.055949492516,100605,2,0.001005554101
09291967,09/29/1967,"September 29, 1967",5948219,1,0.057747695029,100648,2,0.001005983669
10121967,10/12/1967,"October 12, 1967",4276000,1,0.041858693601,100691,2,0.001006413236
10131967,10/13/1967,"October 13, 1967",6514662,1,0.063069929363,100734,2,0.001006842803
10161967,10/16/1967,"October 16, 1967",9876366,1,0.094043213404,100777,2,0.001007272370
10221967,10/22/1967,"October 22, 1967",5188421,1,0.050561213992,100820,2,0.001007701937
10291967,10/29/1967,"October 29, 1967",5338183,1,0.051982048320,100863,2,0.001008131504
11181967,11/18/1967,"November 18, 1967",7992908,1,0.076818193852,100906,2,0.001008561070
12041967,12/04/1967,"December 04, 1967",4980347,1,0.048583621998,100949,2,0.001008990636
12091967,12/09/1967,"December 09, 1967",3321256,1,0.032667088547,100992,2,0.001009420202
12101967,12/10/1967,"December 10, 1967",8566232,1,0.082095873206,101035,2,0.001009849768
12221967,12/22/1967,"December 22, 1967",2310218,1,0.022837377804,101078,2,0.001010279334
01051968,01/05/1968,"January 05, 1968",8317129,1,0.079806496196,101121,2,0.001010708899
01061968,01/06/1968,"January 06, 1968",9926880,1,0.094500732854,101164,2,0.001011138465
01121968,01/12/1968,"January 12, 1968",1976987,1,0.019575737614,101207,2,0.001011568030
01301968,01/30/1968,"January 30, 1968",7840970,1,0.075414463736,101250,2,0.001011997595
01311968,01/31/1968,"January 31, 1968",4189891,1,0.041033292374,101293,2,0.001012427160
02071968,02/07/1968,"February 07, 1968",9895649,1,0.094217892210,101336,2,0.001012856724
03031968,03/03/1968,"March 03, 1968",5793848,1,0.056292007418,101379,2,0.001013286289
03061968,03/06/1968,"March 06, 1968",2387717,1,0.023594375701,101422,2,0.001013715853
03071968,03/07/1968,"March 07, 1968",8190794,1,0.078643235073,101465,2,0.001014145417
03101968,03/10/1968,"March 10, 1968",6870509,1,0.066398041939,101508,2,0.001014574981
03151968,03/15/1968,"March 15, 1968",5847292,1,0.056796227973,101551,2,0.001015004544
03191968,03/19/1968,"March 19, 1968",2588771,1,0.025555506158,101594,2,0.001015434108
04141968,04/14/1968,"April 14, 1968",4195239,2,0.041084576543,101637,2,0.001015863671
04181968,04/18/1968,"April 18, 1968",74358,1,0.000743313613,101680,2,0.001016293234
04211968,04/21/1968,"April 21, 1968",5973582,1,0.057986648179,101721,2,0.001016702817
05191968,05/19/1968,"May 19, 1968",5154799,1,0.050241940010,101764,2,0.001017132380
05281968,05/28/1968,"May 28, 1968",5199648,1,0.050667801502,101807,2,0.001017561943
06051968,06/05/1968,"June 05, 1968",3745525,1,0.036762488359,101850,2,0.001017991505
06141968,06/14/1968,"June 14, 1968",6166960,1,0.059806534580,101893,2,0.001018421067
06231968,06/23/1968,"June 23, 1968",5800613,1,0.056355847105,101936,2,0.001018850629
06271968,06/27/1968,"June 27, 1968",9323384,1,0.089019558243,101979,2,0.001019280191
06281968,06/28/1968,"June 28, 1968",5909945,1,0.057386988354,102022,2,0.001019709753
07091968,07/09/1968,"July 09, 1968",1826455,1,0.018098773976,102065,2,0.001020139314
08041968,08/04/1968,"August 04, 1968",1163274,1,0.011565351277,102108,2,0.001020568875
08071968,08/07/1968,"August 07, 1968",9006728,1,0.086130311914,102151,2,0.001020998436
08111968,08/11/1968,"August 11, 1968",9848092,1,0.093787026964,102194,2,0.001021427997
08221968,08/22/1968,"August 22, 1968",2041760,1,0.020210582201,102237,2,0.001021857558
09081968,09/08/1968,"September 08, 1968",2280616,1,0.022548075304,102280,2,0.001022287118
09141968,09/14/1968,"September 14, 1968",1417682,1,0.014076812090,102323,2,0.001022716679
09161968,09/16/1968,"September 16, 1968",6799392,1,0.065733856081,102366,2,0.001023146239
09191968,09/19/1968,"September 19, 1968",4882085,1,0.047648281761,102409,2,0.001023575799
09281968,09/28/1968,"September 28, 1968",9136833,1,0.087318528951,102452,2,0.001024005359
10201968,10/20/1968,"October 20, 1968",1037852,1,0.010324858997,102495,2,0.001024434918
10211968,10/21/1968,"October 21, 1968",840644,1,0.008371214687,102538,2,0.001024864478
10251968,10/25/1968,"October 25, 1968",4044976,1,0.039642598337,102580,2,0.001025284047
11091968,11/09/1968,"November 09, 1968",1548414,1,0.015364887058,102623,2,0.001025713606
11201968,11/20/1968,"November 20, 1968",2353546,1,0.023260671120,102666,2,0.001026143165
11211968,11/21/1968,"November 21, 1968",6821727,1,0.065942501125,102709,2,0.001026572724
11271968,11/27/1968,"November 27, 1968",930022,1,0.009257116712,102752,2,0.001027002282
12141968,12/14/1968,"December 14, 1968",1550717,1,0.015387562944,102794,2,0.001027421851
12161968,12/16/1968,"December 16, 1968",7064523,2,0.068207604490,102837,2,0.001027851409
01061969,01/06/1969,"January 06, 1969",7205293,1,0.069518365863,102880,2,0.001028280967
01111969,01/11/1969,"January 11, 1969",5714147,1,0.055539562890,102923,2,0.001028710524
01181969,01/18/1969,"January 18, 1969",7271673,1,0.070135814624,102966,2,0.001029140082
01291969,01/29/1969,"January 29, 1969",7349012,1,0.070854684274,103009,2,0.001029569639
01301969,01/30/1969,"January 30, 1969",813038,1,0.008097427852,103052,2,0.001029999197
02021969,02/02/1969,"February 02, 1969",852854,2,0.008492285171,103094,2,0.001030418764
02111969,02/11/1969,"February 11, 1969",85875,1,0.000858391380,103136,2,0.001030838331
02131969,02/13/1969,"February 13, 1969",8310482,1,0.079745328900,103177,2,0.001031247908
02211969,02/21/1969,"February 21, 1969",2823829,1,0.027843326014,103220,2,0.001031677465
03061969,03/06/1969,"March 06, 1969",5411456,1,0.052676435091,103263,2,0.001032107021
03171969,03/17/1969,"March 17, 1969",1392400,1,0.013827519475,103306,2,0.001032536577
03181969,03/18/1969,"March 18, 1969",2837527,1,0.027976482917,103349,2,0.001032966133
03281969,03/28/1969,"March 28, 1969",5225744,1,0.050915506913,103392,2,0.001033395689
03291969,03/29/1969,"March 29, 1969",4441076,1,0.043439050207,103435,2,0.001033825244
03311969,03/31/1969,"March 31, 1969",973235,1,0.009685153948,103478,2,0.001034254800
04031969,04/03/1969,"April 03, 1969",5334940,1,0.051951303599,103520,2,0.001034674365
04131969,04/13/1969,"April 13, 1969",7640326,1,0.073557475969,103563,2,0.001035103920
04201969,04/20/1969,"April 20, 1969",2131115,1,0.021085682013,103606,2,0.001035533475
04291969,04/29/1969,"April 29, 1969",6224928,2,0.060351387998,103649,2,0.001035963030
05031969,05/03/1969,"May 03, 1969",4997230,1,0.048744236068,103692,2,0.001036392584
05251969,05/25/1969,"May 25, 1969",7265163,1,0.070075278494,103735,2,0.001036822139
06031969,06/03/1969,"June 03, 1969",2570449,1,0.025376952080,103778,2,0.001037251693
06081969,06/08/1969,"June 08, 1969",8189003,1,0.078626733426,103821,2,0.001037681246
06161969,06/16/1969,"June 16, 1969",8378367,1,0.080369831794,103864,2,0.001038110800
07011969,07/01/1969,"July 01, 1969",3703789,1,0.036360387642,103907,2,0.001038540354
07141969,07/14/1969,"July 14, 1969",8187669,1,0.078614442224,103950,2,0.001038969907
07181969,07/18/1969,"July 18, 1969",9053738,1,0.086559821095,103993,2,0.001039399460
07291969,07/29/1969,"July 29, 1969",3733766,1,0.036649214599,104036,2,0.001039829013
07301969,07/30/1969,"July 30, 1969",1442602,1,0.014322473540,104079,2,0.001040258566
08131969,08/13/1969,"August 13, 1969",5333539,1,0.051938021344,104122,2,0.001040688119
08181969,08/18/1969,"August 18, 1969",5794255,1,0.056295848302,104165,2,0.001041117671
08231969,08/23/1969,"August 23, 1969",7808301,1,0.075112361540,104208,2,0.001041547223
08251969,08/25/1969,"August 25, 1969",9036233,1,0.086399909394,104251,2,0.001041976775
08291969,08/29/1969,"August 29, 1969",7899970,1,0.075959808315,104294,2,0.001042406327
09091969,09/09/1969,"September 09, 1969",524535,1,0.005231627173,104337,2,0.001042835879
10071969,10/07/1969,"October 07, 1969",1681744,1,0.016676826269,104379,2,0.001043255441
10191969,10/19/1969,"October 19, 1969",7826855,1,0.075283949275,104422,2,0.001043684992
10201969,10/20/1969,"October 20, 1969",9467575,1,0.090332163508,104465,2,0.001044114543
10211969,10/21/1969,"October 21, 1969",2380254,1,0.023521503829,104508,2,0.001044544094
10241969,10/24/1969,"October 24, 1969",5569929,1,0.054176498267,104551,2,0.001044973645
11041969,11/04/1969,"November 04, 1969",7896499,1,0.075927734323,104594,2,0.001045403195
11301969,11/30/1969,"November 30, 1969",4769612,1,0.046576540605,104637,2,0.001045832746
12061969,12/06/1969,"December 06, 1969",77855,1,0.000778257009,104680,2,0.001046262296
12171969,12/17/1969,"December 17, 1969",1427222,1,0.014170864677,104721,2,0.001046671867
12261969,12/26/1969,"December 26, 1969",1557100,1,0.015450408751,104764,2,0.001047101417
01011970,01/01/1970,"January 01, 1970",6297562,1,0.061033644572,104807,2,0.001047530966
01051970,01/05/1970,"January 05, 1970",8554405,1,0.081987306263,104850,2,0.001047960516
01061970,01/06/1970,"January 06, 1970",5820161,1,0.056540292637,104893,2,0.001048390065
01071970,01/07/1970,"January 07, 1970",4150484,1,0.040655317891,104936,2,0.001048819614
01091970,01/09/1970,"January 09, 1970",1599989,1,0.015872581690,104979,2,0.001049249163
01151970,01/15/1970,"January 15, 1970",975876,1,0.009711307818,105022,2,0.001049678712
02101970,02/10/1970,"February 10, 1970",5800482,1,0.056354610930,105064,2,0.001050098271
02211970,02/21/1970,"February 21, 1970",9508016,1,0.090699967904,105107,2,0.001050527819
02241970,02/24/1970,"February 24, 1970",1299553,1,0.012911462703,105150,2,0.001050957368
03111970,03/11/1970,"March 11, 1970",680719,1,0.006784083564,105193,2,0.001051386916
03121970,03/12/1970,"March 12, 1970",8338616,1,0.080004196936,105235,2,0.001051806474
03291970,03/29/1970,"March 29, 1970",5961228,1,0.057870264660,105278,2,0.001052236022
04041970,04/04/1970,"April 04, 1970",6404180,1,0.062034218241,105321,2,0.001052665569
04101970,04/10/1970,"April 10, 1970",9691560,1,0.092367402865,105364,2,0.001053095116
04171970,04/17/1970,"April 17, 1970",4611040,1,0.045063478613,105407,2,0.001053524663
04301970,04/30/1970,"April 30, 1970",6805718,1,0.065792955889,105450,2,0.001053954210
05081970,05/08/1970,"May 08, 1970",6502872,1,0.062959458795,105493,2,0.001054383757
06161970,06/16/1970,"June 16, 1970",8278960,1,0.079455200495,105536,2,0.001054813304
07211970,07/21/1970,"July 21, 1970",910140,1,0.009060117627,105579,2,0.001055242850
08031970,08/03/1970,"August 03, 1970",793999,1,0.007908561541,105621,2,0.001055662407
08271970,08/27/1970,"August 27, 1970",374845,1,0.003741443331,105663,2,0.001056081963
09161970,09/16/1970,"September 16, 1970",3187710,1,0.031374391143,105705,2,0.001056501519
10141970,10/14/1970,"October 14, 1970",9646121,1,0.091954889972,105748,2,0.001056931065
10311970,10/31/1970,"October 31, 1970",9781043,1,0.093179216479,105791,2,0.001057360611
11211970,11/21/1970,"November 21, 1970",2668479,1,0.026331906915,105834,2,0.001057790156
12061970,12/06/1970,"December 06, 1970",3767575,1,0.036974858817,105877,2,0.001058219701
12071970,12/07/1970,"December 07, 1970",5337810,1,0.051978512206,105920,2,0.001058649246
12111970,12/11/1970,"December 11, 1970",190305,1,0.001901250349,105963,2,0.001059078790
12131970,12/13/1970,"December 13, 1970",7482658,1,0.072095620420,106005,2,0.001059498345
12171970,12/17/1970,"December 17, 1970",2613746,1,0.025798843285,106048,2,0.001059927890
12261970,12/26/1970,"December 26, 1970",8958776,1,0.085691988033,106091,2,0.001060357434
01091971,01/09/1971,"January 09, 1971",9254497,1,0.088391794941,106134,2,0.001060786978
01291971,01/29/1971,"January 29, 1971",2571449,1,0.025386698261,106177,2,0.001061216522
01301971,01/30/1971,"January 30, 1971",3310953,1,0.032567419101,106220,2,0.001061646065
02021971,02/02/1971,"February 02, 1971",1756416,1,0.017410819279,106263,2,0.001062075609
02051971,02/05/1971,"February 05, 1971",3542942,1,0.034809154998,106306,2,0.001062505152
02111971,02/11/1971,"February 11, 1971",5690632,1,0.055317446902,106349,2,0.001062934695
02211971,02/21/1971,"February 21, 1971",7880521,1,0.075780074259,106392,2,0.001063364238
02221971,02/22/1971,"February 22, 1971",9414559,1,0.089849766140,106435,2,0.001063793780
02231971,02/23/1971,"February 23, 1971",2521533,1,0.024900088843,106478,2,0.001064223323
02251971,02/25/1971,"February 25, 1971",6947328,1,0.067114950238,106521,2,0.001064652865
04011971,04/01/1971,"April 01, 1971",3095048,1,0.030476427301,106564,2,0.001065082407
04051971,04/05/1971,"April 05, 1971",2339181,1,0.023120352436,106607,2,0.001065511949
04061971,04/06/1971,"April 06, 1971",1349664,1,0.013405978731,106650,2,0.001065941491
04111971,04/11/1971,"April 11, 1971",5635645,1,0.054797851459,106693,2,0.001066371033
04131971,04/13/1971,"April 13, 1971",1473836,1,0.014630291987,106736,2,0.001066800574
04181971,04/18/1971,"April 18, 1971",9037698,1,0.086413293538,106779,2,0.001067230115
04241971,04/24/1971,"April 24, 1971",2651337,1,0.026164986423,106822,2,0.001067659656
04251971,04/25/1971,"April 25, 1971",4671518,1,0.045640830525,106865,2,0.001068089197
05171971,05/17/1971,"May 17, 1971",5812981,1,0.056472549798,106908,2,0.001068518738
06041971,06/04/1971,"June 04, 1971",5958644,1,0.057845919713,106951,2,0.001068948278
06101971,06/10/1971,"June 10, 1971",6587631,1,0.063753348501,106994,2,0.001069377818
06271971,06/27/1971,"June 27, 1971",5636964,1,0.054810318593,107037,2,0.001069807358
07121971,07/12/1971,"July 12, 1971",299226,1,0.002987797652,107080,2,0.001070236898
07271971,07/27/1971,"July 27, 1971",4419776,1,0.043235281022,107122,2,0.001070656449
08071971,08/07/1971,"August 07, 1971",332294,1,0.003317435145,107165,2,0.001071085988
09111971,09/11/1971,"September 11, 1971",8965933,1,0.085757422716,107207,2,0.001071505538
09121971,09/12/1971,"September 12, 1971",6428610,1,0.062263335296,107250,2,0.001071935077
10201971,10/20/1971,"October 20, 1971",472935,1,0.004718194234,107293,2,0.001072364616
11041971,11/04/1971,"November 04, 1971",2138086,1,0.021153919753,107335,2,0.001072784166
11191971,11/19/1971,"November 19, 1971",6748386,1,0.065257202737,107378,2,0.001073213705
11291971,11/29/1971,"November 29, 1971",148160,1,0.001480512973,107421,2,0.001073643243
12031971,12/03/1971,"December 03, 1971",8404904,1,0.080613841677,107463,2,0.001074062792
12211971,12/21/1971,"December 21, 1971",927151,1,0.009228672075,107506,2,0.001074492330
12241971,12/24/1971,"December 24, 1971",3352247,1,0.032966828244,107548,2,0.001074911879
12281971,12/28/1971,"December 28, 1971",4593198,1,0.044893083636,107591,2,0.001075341416
01111972,01/11/1972,"January 11, 1972",1258793,1,0.012509043404,107634,2,0.001075770954
02101972,02/10/1972,"February 10, 1972",112076,1,0.001120142183,107677,2,0.001076200491
02151972,02/15/1972,"February 15, 1972",3384366,1,0.033277379755,107719,2,0.001076620039
02211972,02/21/1972,"February 21, 1972",4887453,1,0.047699402629,107762,2,0.001077049576
03121972,03/12/1972,"March 12, 1972",334423,1,0.003338654291,107805,2,0.001077479113
03261972,03/26/1972,"March 26, 1972",3490544,1,0.034303281772,107847,2,0.001077898660
03301972,03/30/1972,"March 30, 1972",8298550,1,0.079635517561,107890,2,0.001078328197
05031972,05/03/1972,"May 03, 1972",5901458,2,0.057306985392,107933,2,0.001078757733
05081972,05/08/1972,"May 08, 1972",2717256,1,0.026806717197,107976,2,0.001079187269
05181972,05/18/1972,"May 18, 1972",2993198,1,0.029488464498,108019,2,0.001079616805
05191972,05/19/1972,"May 19, 1972",3252401,1,0.032000802104,108062,2,0.001080046340
05221972,05/22/1972,"May 22, 1972",2652156,1,0.026172962099,108105,2,0.001080475876
05241972,05/24/1972,"May 24, 1972",7405931,1,0.071383394019,108148,2,0.001080905411
06201972,06/20/1972,"June 20, 1972",2045318,1,0.020245442489,108191,2,0.001081334946
06251972,06/25/1972,"June 25, 1972",4267816,1,0.041780276107,108234,2,0.001081764481
07071972,07/07/1972,"July 07, 1972",5728291,1,0.055673137929,108277,2,0.001082194016
07111972,07/11/1972,"July 11, 1972",2842535,1,0.028025160636,108320,2,0.001082623551
07141972,07/14/1972,"July 14, 1972",2925877,1,0.028834886447,108363,2,0.001083053085
07171972,07/17/1972,"July 17, 1972",799182,1,0.007959980309,108406,2,0.001083482619
07251972,07/25/1972,"July 25, 1972",272009,1,0.002716403907,108448,2,0.001083902164
07261972,07/26/1972,"July 26, 1972",8723409,1,0.083537474160,108490,2,0.001084321709
07281972,07/28/1972,"July 28, 1972",9114578,1,0.087115389084,108533,2,0.001084751242
08251972,08/25/1972,"August 25, 1972",4265395,1,0.041757077327,108576,2,0.001085180776
09081972,09/08/1972,"September 08, 1972",5395902,1,0.052529076922,108619,2,0.001085610309
09121972,09/12/1972,"September 12, 1972",849779,1,0.008461795840,108662,2,0.001086039842
10141972,10/14/1972,"October 14, 1972",4732948,1,0.046226913335,108704,2,0.001086459386
10221972,10/22/1972,"October 22, 1972",9233386,1,0.088199325015,108747,2,0.001086888919
10281972,10/28/1972,"October 28, 1972",920517,1,0.009162942124,108790,2,0.001087318451
11111972,11/11/1972,"November 11, 1972",2519947,1,0.024884623636,108832,2,0.001087737995
12291972,12/29/1972,"December 29, 1972",783817,1,0.007807541647,108875,2,0.001088167527
01091973,01/09/1973,"January 09, 1973",3012234,2,0.029673193492,108917,2,0.001088587070
01181973,01/18/1973,"January 18, 1973",27637,1,0.000276341813,108960,2,0.001089016601
02201973,02/20/1973,"February 20, 1973",7242599,1,0.069865426603,109001,2,0.001089426155
03121973,03/12/1973,"March 12, 1973",9455346,1,0.090220913425,109044,2,0.001089855686
03201973,03/20/1973,"March 20, 1973",1969571,1,0.019503026653,109087,2,0.001090285218
03301973,03/30/1973,"March 30, 1973",6029273,1,0.058511118785,109130,2,0.001090714749
04151973,04/15/1973,"April 15, 1973",1176319,1,0.011694284168,109173,2,0.001091144280
04231973,04/23/1973,"April 23, 1973",8494657,1,0.081438648144,109216,2,0.001091573810
05101973,05/10/1973,"May 10, 1973",5793490,1,0.056288628937,109259,2,0.001092003341
06121973,06/12/1973,"June 12, 1973",9608346,1,0.091611811133,109302,2,0.001092432871
06131973,06/13/1973,"June 13, 1973",1519631,1,0.015081438740,109345,2,0.001092862401
06141973,06/14/1973,"June 14, 1973",9492292,1,0.090556978324,109388,2,0.001093291931
06171973,06/17/1973,"June 17, 1973",6131134,1,0.059469640521,109431,2,0.001093721461
06201973,06/20/1973,"June 20, 1973",6211057,1,0.060221040297,109474,2,0.001094150991
07121973,07/12/1973,"July 12, 1973",3352286,1,0.032967205386,109517,2,0.001094580520
08111973,08/11/1973,"August 11, 1973",1446091,1,0.014356863229,109560,2,0.001095010049
08241973,08/24/1973,"August 24, 1973",2793047,1,0.027544030682,109603,2,0.001095439579
09061973,09/06/1973,"September 06, 1973",9020654,1,0.086257568547,109646,2,0.001095869107
09101973,09/10/1973,"September 10, 1973",7760646,1,0.074671501293,109689,2,0.001096298636
10061973,10/06/1973,"October 06, 1973",3501440,1,0.034408498355,109732,3,0.001096728165
10071973,10/07/1973,"October 07, 1973",2954532,2,0.029113133946,109775,2,0.001097157693
10091973,10/09/1973,"October 09, 1973",9153387,1,0.087469601739,109818,2,0.001097587221
11051973,11/05/1973,"November 05, 1973",1941426,1,0.019227026939,109861,2,0.001098016749
11191973,11/19/1973,"November 19, 1973",9972878,1,0.094917148632,109904,2,0.001098446277
11201973,11/20/1973,"November 20, 1973",8194910,1,0.078681157338,109947,2,0.001098875804
11231973,11/23/1973,"November 23, 1973",3002773,1,0.029581386529,109990,2,0.001099305332
12021973,12/02/1973,"December 02, 1973",6842277,1,0.066134430222,110033,2,0.001099734859
12061973,12/06/1973,"December 06, 1973",5422225,1,0.052778446873,110076,2,0.001100164386
12121973,12/12/1973,"December 12, 1973",7705261,1,0.074158866151,110119,2,0.001100593913
12211973,12/21/1973,"December 21, 1973",841641,1,0.008381101177,110162,2,0.001101023439
01011974,01/01/1974,"January 01, 1974",109249,1,0.001091903450,110204,2,0.001101442977
01081974,01/08/1974,"January 08, 1974",4546044,1,0.044442606316,110246,2,0.001101862514
01131974,01/13/1974,"January 13, 1974",6042315,1,0.058633899760,110289,2,0.001102292040
01211974,01/21/1974,"January 21, 1974",1974106,1,0.019547491183,110332,2,0.001102721566
02121974,02/12/1974,"February 12, 1974",7467036,1,0.071950651873,110375,2,0.001103151092
02131974,02/13/1974,"February 13, 1974",7758772,1,0.074654160475,110418,2,0.001103580618
02151974,02/15/1974,"February 15, 1974",4513176,1,0.044128482088,110461,2,0.001104010143
03271974,03/27/1974,"March 27, 1974",4196825,1,0.041099784821,110504,2,0.001104439668
03311974,03/31/1974,"March 31, 1974",744480,1,0.007417166120,110547,2,0.001104869193
04011974,04/01/1974,"April 01, 1974",126299,1,0.001262202764,110589,2,0.001105288729
04091974,04/09/1974,"April 09, 1974",6815821,1,0.065887334060,110631,2,0.001105708265
04191974,04/19/1974,"April 19, 1974",3433987,1,0.033756958196,110674,2,0.001106137789
04251974,04/25/1974,"April 25, 1974",6339186,1,0.061424398603,110717,2,0.001106567313
04281974,04/28/1974,"April 28, 1974",4007589,1,0.039283482385,110760,2,0.001106996838
05031974,05/03/1974,"May 03, 1974",9629111,1,0.091800418360,110803,2,0.001107426361
05101974,05/10/1974,"May 10, 1974",3524630,1,0.034632393065,110846,2,0.001107855885
05241974,05/24/1974,"May 24, 1974",9040346,1,0.086437484994,110889,2,0.001108285409
06031974,06/03/1974,"June 03, 1974",7419463,1,0.071509045918,110932,2,0.001108714932
06081974,06/08/1974,"June 08, 1974",9480552,1,0.090450203445,110975,2,0.001109144455
06191974,06/19/1974,"June 19, 1974",600095,1,0.005982990263,111018,2,0.001109573978
06211974,06/21/1974,"June 21, 1974",2151757,1,0.021287728655,111060,2,0.001109993512
06261974,06/26/1974,"June 26, 1974",4506207,1,0.044061865080,111103,2,0.001110423035
07151974,07/15/1974,"July 15, 1974",7358427,1,0.070942159188,111146,2,0.001110852557
07191974,07/19/1974,"July 19, 1974",6666038,1,0.064487143710,111189,2,0.001111282079
07221974,07/22/1974,"July 22, 1974",5810517,1,0.056449300995,111232,2,0.001111711601
07271974,07/27/1974,"July 27, 1974",2326920,1,0.023000569878,111275,2,0.001112141123
07311974,07/31/1974,"July 31, 1974",1698132,1,0.016837960069,111318,2,0.001112570645
08051974,08/05/1974,"August 05, 1974",6896046,1,0.066636425434,111361,2,0.001113000167
08081974,08/08/1974,"August 08, 1974",3079664,1,0.030327264320,111404,2,0.001113429688
08161974,08/16/1974,"August 16, 1974",8614782,1,0.082541407501,111447,2,0.001113859209
08241974,08/24/1974,"August 24, 1974",5568582,1,0.054163757939,111490,2,0.001114288730
08261974,08/26/1974,"August 26, 1974",7995368,1,0.076840903845,111533,2,0.001114718251
08291974,08/29/1974,"August 29, 1974",2769149,1,0.027311605381,111576,2,0.001115147771
09011974,09/01/1974,"September 01, 1974",6138350,1,0.059537506744,111619,2,0.001115577292
09301974,09/30/1974,"September 30, 1974",5579316,1,0.054265278553,111662,2,0.001116006812
10021974,10/02/1974,"October 02, 1974",6842498,1,0.066136494063,111705,2,0.001116436332
10111974,10/11/1974,"October 11, 1974",9781540,1,0.093183723367,111748,2,0.001116865852
10161974,10/16/1974,"October 16, 1974",280165,1,0.002797739041,111791,2,0.001117295371
11031974,11/03/1974,"November 03, 1974",8375843,1,0.080346620036,111833,2,0.001117714902
12051974,12/05/1974,"December 05, 1974",891522,1,0.008875607262,111876,2,0.001118144421
12181974,12/18/1974,"December 18, 1974",9536473,1,0.090958690603,111918,2,0.001118563952
12311974,12/31/1974,"December 31, 1974",8824264,1,0.084461306506,111961,2,0.001118993471
02041975,02/04/1975,"February 04, 1975",5027092,1,0.049028257658,112004,2,0.001119422989
02171975,02/17/1975,"February 17, 1975",8273517,1,0.079405093878,112047,2,0.001119852508
02281975,02/28/1975,"February 28, 1975",9041948,1,0.086452120148,112090,2,0.001120282026
03061975,03/06/1975,"March 06, 1975",8427286,1,0.080819595662,112133,2,0.001120711544
03111975,03/11/1975,"March 11, 1975",4840962,1,0.047256565623,112176,2,0.001121141062
03231975,03/23/1975,"March 23, 1975",9398803,1,0.089706351570,112219,2,0.001121570580
03251975,03/25/1975,"March 25, 1975",9716370,1,0.092592558583,112262,2,0.001122000098
04041975,04/04/1975,"April 04, 1975",7703770,1,0.074145061757,112305,2,0.001122429615
05021975,05/02/1975,"May 02, 1975",774994,1,0.007719996644,112348,2,0.001122859133
05101975,05/10/1975,"May 10, 1975",6972220,1,0.067347135088,112390,2,0.001123278661
05271975,05/27/1975,"May 27, 1975",6131115,1,0.059469461821,112433,2,0.001123708178
06021975,06/02/1975,"June 02, 1975",1710471,1,0.016959264950,112476,2,0.001124137695
06091975,06/09/1975,"June 09, 1975",9850337,1,0.093807371217,112519,2,0.001124567211
06221975,06/22/1975,"June 22, 1975",8283469,1,0.079496706925,112562,2,0.001124996727
07061975,07/06/1975,"July 06, 1975",623055,1,0.006211190372,112605,2,0.001125426244
07111975,07/11/1975,"July 11, 1975",3449378,1,0.033905661220,112647,2,0.001125845771
07121975,07/12/1975,"July 12, 1975",7321666,1,0.070600565449,112690,2,0.001126275287
07131975,07/13/1975,"July 13, 1975",9631137,1,0.091818818297,112733,2,0.001126704802
07311975,07/31/1975,"July 31, 1975",7371412,1,0.071062789518,112776,2,0.001127134318
08061975,08/06/1975,"August 06, 1975",2322886,1,0.022961156926,112819,2,0.001127563833
08151975,08/15/1975,"August 15, 1975",1104915,1,0.010988342342,112862,2,0.001127993348
08231975,08/23/1975,"August 23, 1975",7531866,1,0.072552111287,112905,2,0.001128422863
08311975,08/31/1975,"August 31, 1975",9615808,1,0.091679592531,112948,2,0.001128852378
09151975,09/15/1975,"September 15, 1975",9247008,1,0.088323522045,112991,2,0.001129281892
10011975,10/01/1975,"October 01, 1975",6977230,1,0.067393859827,113034,2,0.001129711406
10211975,10/21/1975,"October 21, 1975",8329342,1,0.079918872567,113077,2,0.001130140921
10311975,10/31/1975,"October 31, 1975",2750667,1,0.027131816496,113120,2,0.001130570434
11031975,11/03/1975,"November 03, 1975",6298061,1,0.061038330003,113163,2,0.001130999948
11171975,11/17/1975,"November 17, 1975",7678152,1,0.073907845852,113206,2,0.001131429462
11241975,11/24/1975,"November 24, 1975",5495810,1,0.053475203475,113249,2,0.001131858975
01031976,01/03/1976,"January 03, 1976",4876321,1,0.047593386625,64882,3,0.000648619562
01051976,01/05/1976,"January 05, 1976",5500520,1,0.053519783743,113335,2,0.001132718001
01301976,01/30/1976,"January 30, 1976",2073510,1,0.020521615965,113378,2,0.001133147514
02251976,02/25/1976,"February 25, 1976",5315242,1,0.051764538571,113421,2,0.001133577027
03051976,03/05/1976,"March 05, 1976",3882816,1,0.038084019405,113464,2,0.001134006539
03111976,03/11/1976,"March 11, 1976",8031196,1,0.077171594046,113507,2,0.001134436052
04141976,04/14/1976,"April 14, 1976",8482893,1,0.081330582229,113550,2,0.001134865564
05131976,05/13/1976,"May 13, 1976",2656185,1,0.026212196800,113593,2,0.001135295076
05251976,05/25/1976,"May 25, 1976",2899506,1,0.028578746721,113636,2,0.001135724587
06041976,06/04/1976,"June 04, 1976",2317189,1,0.022905493437,113679,2,0.001136154099
06071976,06/07/1976,"June 07, 1976",9280460,1,0.088628445059,113722,2,0.001136583610
06081976,06/08/1976,"June 08, 1976",8580880,1,0.082230317956,113765,2,0.001137013122
06201976,06/20/1976,"June 20, 1976",5952701,1,0.057789925831,113808,2,0.001137442633
06231976,06/23/1976,"June 23, 1976",3402974,1,0.033457250767,113851,2,0.001137872143
06301976,06/30/1976,"June 30, 1976",7766900,1,0.074729369529,113894,2,0.001138301654
07041976,07/04/1976,"July 04, 1976",2862479,1,0.028218991971,113937,2,0.001138731164
07151976,07/15/1976,"July 15, 1976",3148972,1,0.030999092264,113980,2,0.001139160675
07171976,07/17/1976,"July 17, 1976",7394429,1,0.071276578393,114023,2,0.001139590185
07181976,07/18/1976,"July 18, 1976",6201370,1,0.060129999499,114066,2,0.001140019695
07211976,07/21/1976,"July 21, 1976",4169832,1,0.040840913946,114109,2,0.001140449204
08041976,08/04/1976,"August 04, 1976",2439628,1,0.024101106094,114152,2,0.001140878714
08091976,08/09/1976,"August 09, 1976",680105,1,0.006777985200,114195,2,0.001141308223
08301976,08/30/1976,"August 30, 1976",1468440,1,0.014577120003,114237,2,0.001141727744
09281976,09/28/1976,"September 28, 1976",9243044,1,0.088287382473,114280,2,0.001142157253
10071976,10/07/1976,"October 07, 1976",8496857,1,0.081458856272,114323,2,0.001142586762
10311976,10/31/1976,"October 31, 1976",1252203,1,0.012443965605,114366,2,0.001143016270
11071976,11/07/1976,"November 07, 1976",2971106,1,0.029274035402,114409,2,0.001143445779
11081976,11/08/1976,"November 08, 1976",3039328,1,0.029936058228,114452,2,0.001143875287
11191976,11/19/1976,"November 19, 1976",6719901,1,0.064990903322,114495,2,0.001144304795
01271977,01/27/1977,"January 27, 1977",2844015,1,0.028039545758,114538,2,0.001144734303
02201977,02/20/1977,"February 20, 1977",8752035,1,0.083799783179,114581,2,0.001145163810
02271977,02/27/1977,"February 27, 1977",3548179,1,0.034859700720,114624,2,0.001145593318
03101977,03/10/1977,"March 10, 1977",5335888,1,0.051960291058,114667,2,0.001146022825
03141977,03/14/1977,"March 14, 1977",7077816,1,0.068331459422,114710,2,0.001146452332
03281977,03/28/1977,"March 28, 1977",9164806,1,0.087573797637,114753,2,0.001146881839
04051977,04/05/1977,"April 05, 1977",4302611,1,0.042113630665,114796,2,0.001147311346
04061977,04/06/1977,"April 06, 1977",8074695,2,0.077572927884,114839,2,0.001147740853
04091977,04/09/1977,"April 09, 1977",9484384,1,0.090485056726,114882,2,0.001148170359
04161977,04/16/1977,"April 16, 1977",4251907,1,0.041627820803,114925,2,0.001148599865
04241977,04/24/1977,"April 24, 1977",111517,1,0.001114558429,114968,2,0.001149029371
06271977,06/27/1977,"June 27, 1977",8263983,1,0.079317320174,115010,2,0.001149448888
07281977,07/28/1977,"July 28, 1977",391046,1,0.003902834108,115053,2,0.001149878394
08051977,08/05/1977,"August 05, 1977",8732717,1,0.083622774523,115095,2,0.001150297911
09061977,09/06/1977,"September 06, 1977",6341066,1,0.061442043658,115138,2,0.001150727416
09091977,09/09/1977,"September 09, 1977",1866571,1,0.018492594478,115181,2,0.001151156921
09301977,09/30/1977,"September 30, 1977",1816017,1,0.017996277775,115224,2,0.001151586426
10031977,10/03/1977,"October 03, 1977",5013305,1,0.048897138144,115267,2,0.001152015931
10131977,10/13/1977,"October 13, 1977",208382,1,0.002081660354,115310,2,0.001152445436
10281977,10/28/1977,"October 28, 1977",7965831,1,0.076568190067,115352,2,0.001152864952
11161977,11/16/1977,"November 16, 1977",4515305,1,0.044148832376,115395,2,0.001153294456
12051977,12/05/1977,"December 05, 1977",2098340,1,0.020764790259,115438,2,0.001153723960
12241977,12/24/1977,"December 24, 1977",2436611,1,0.024071662780,115481,2,0.001154153464
12291977,12/29/1977,"December 29, 1977",2531988,1,0.025002030211,115524,2,0.001154582967
01071978,01/07/1978,"January 07, 1978",6671345,1,0.064536790060,115567,2,0.001155012471
01131978,01/13/1978,"January 13, 1978",7409073,1,0.071412570695,115610,2,0.001155441974
01181978,01/18/1978,"January 18, 1978",2445350,1,0.024156945432,115653,2,0.001155871477
01231978,01/23/1978,"January 23, 1978",5193302,1,0.050607554968,115696,2,0.001156300980
02091978,02/09/1978,"February 09, 1978",203469,3,0.002032631422,115739,2,0.001156730483
02221978,02/22/1978,"February 22, 1978",3566033,1,0.035032001489,115781,2,0.001157149997
04021978,04/02/1978,"April 02, 1978",6309057,1,0.061141572553,115824,2,0.001157579499
04041978,04/04/1978,"April 04, 1978",4074607,1,0.039927119686,115867,2,0.001158009001
04221978,04/22/1978,"April 22, 1978",2062958,1,0.020418255952,115910,2,0.001158438503
04231978,04/23/1978,"April 23, 1978",1330058,1,0.013212528142,115953,2,0.001158868005
05111978,05/11/1978,"May 11, 1978",1405396,1,0.013955674124,115996,2,0.001159297506
05131978,05/13/1978,"May 13, 1978",842422,1,0.008388845690,116039,2,0.001159727008
05291978,05/29/1978,"May 29, 1978",1620414,1,0.016073569190,116081,2,0.001160146521
06141978,06/14/1978,"June 14, 1978",6201804,1,0.060134078526,116124,2,0.001160576022
06171978,06/17/1978,"June 17, 1978",1212917,1,0.012055918118,116167,2,0.001161005523
06201978,06/20/1978,"June 20, 1978",1095734,1,0.010897537013,116210,2,0.001161435023
06211978,06/21/1978,"June 21, 1978",5412849,1,0.052689631216,116253,2,0.001161864524
07051978,07/05/1978,"July 05, 1978",4461487,1,0.043634273940,116296,2,0.001162294024
07091978,07/09/1978,"July 09, 1978",8433654,1,0.080878127207,116339,2,0.001162723524
08021978,08/02/1978,"August 02, 1978",2071697,1,0.020503857861,116382,2,0.001163153024
08071978,08/07/1978,"August 07, 1978",7811483,1,0.075141790996,116425,2,0.001163582524
08231978,08/23/1978,"August 23, 1978",8217424,1,0.078888559716,116468,2,0.001164012024
08291978,08/29/1978,"August 29, 1978",783900,1,0.007808365167,116511,2,0.001164441523
09191978,09/19/1978,"September 19, 1978",4387618,1,0.042927555144,116553,2,0.001164861034
10051978,10/05/1978,"October 05, 1978",6053227,1,0.058736616025,105949,3,0.001058938939
10141978,10/14/1978,"October 14, 1978",3611961,1,0.035475090237,116639,2,0.001165720032
11301978,11/30/1978,"November 30, 1978",5904916,1,0.057339583153,116682,2,0.001166149530
12051978,12/05/1978,"December 05, 1978",8359874,1,0.080199748859,116725,2,0.001166579029
12221978,12/22/1978,"December 22, 1978",8605470,1,0.082455969779,116768,2,0.001167008527
01031979,01/03/1979,"January 03, 1979",6259306,1,0.060674364881,116811,2,0.001167438025
01061979,01/06/1979,"January 06, 1979",8219247,1,0.078905351424,116854,2,0.001167867523
02161979,02/16/1979,"February 16, 1979",1220784,1,0.012133636623,116897,2,0.001168297021
02221979,02/22/1979,"February 22, 1979",583958,1,0.005822572793,116940,2,0.001168726518
03161979,03/16/1979,"March 16, 1979",8546317,1,0.081913054393,116982,2,0.001169146027
03241979,03/24/1979,"March 24, 1979",2906595,1,0.028647608333,117025,2,0.001169575525
03311979,03/31/1979,"March 31, 1979",4919806,1,0.048007450611,117068,2,0.001170005022
04021979,04/02/1979,"April 02, 1979",3035547,1,0.029899379417,117111,2,0.001170434518
04041979,04/04/1979,"April 04, 1979",5674070,1,0.055160975619,117154,2,0.001170864015
04101979,04/10/1979,"April 10, 1979",2716113,1,0.026795593535,117197,2,0.001171293511
04111979,04/11/1979,"April 11, 1979",3570989,1,0.035079824118,117240,2,0.001171723008
04251979,04/25/1979,"April 25, 1979",9869371,1,0.093979839509,117283,2,0.001172152504
04271979,04/27/1979,"April 27, 1979",1718639,1,0.017039556439,117326,2,0.001172582000
05061979,05/06/1979,"May 06, 1979",4813776,1,0.046997517579,117369,2,0.001173011495
05191979,05/19/1979,"May 19, 1979",3366066,1,0.033100453326,117412,2,0.001173440991
06081979,06/08/1979,"June 08, 1979",6258911,1,0.060670654538,117455,2,0.001173870486
06161979,06/16/1979,"June 16, 1979",152029,1,0.001519144945,117498,2,0.001174299981
07051979,07/05/1979,"July 05, 1979",5667873,1,0.055102422130,117540,2,0.001174719488
07151979,07/15/1979,"July 15, 1979",830918,1,0.008274764180,117583,2,0.001175148983
07271979,07/27/1979,"July 27, 1979",7337605,1,0.070748690622,117625,2,0.001175568489
07281979,07/28/1979,"July 28, 1979",5122200,1,0.049932277906,117668,2,0.001175997984
07291979,07/29/1979,"July 29, 1979",4548102,1,0.044462271485,117711,2,0.001176427478
08021979,08/02/1979,"August 02, 1979",3602432,1,0.035383176278,117754,2,0.001176856972
08101979,08/10/1979,"August 10, 1979",5331814,1,0.051921667133,117797,2,0.001177286466
08151979,08/15/1979,"August 15, 1979",6258266,1,0.060664595844,117840,2,0.001177715959
08161979,08/16/1979,"August 16, 1979",4375909,1,0.042815484969,117883,2,0.001178145453
08191979,08/19/1979,"August 19, 1979",3945286,1,0.038684740669,117926,2,0.001178574946
08231979,08/23/1979,"August 23, 1979",269903,1,0.002695400893,117969,2,0.001179004439
08251979,08/25/1979,"August 25, 1979",2846607,1,0.028064738646,118011,2,0.001179423944
08301979,08/30/1979,"August 30, 1979",3845579,1,0.037725764050,118054,2,0.001179853437
09081979,09/08/1979,"September 08, 1979",9439099,1,0.090073089607,118097,2,0.001180282929
09201979,09/20/1979,"September 20, 1979",8539170,1,0.081847436374,118140,2,0.001180712422
09261979,09/26/1979,"September 26, 1979",9751516,1,0.092911419969,118183,2,0.001181141914
10011979,10/01/1979,"October 01, 1979",2905419,1,0.028636185162,118226,2,0.001181571406
10051979,10/05/1979,"October 05, 1979",218905,1,0.002186665777,118269,2,0.001182000898
10101979,10/10/1979,"October 10, 1979",9662570,1,0.092104242030,118311,2,0.001182420401
10161979,10/16/1979,"October 16, 1979",5996559,1,0.058203069725,118354,2,0.001182849893
10271979,10/27/1979,"October 27, 1979",945622,2,0.009411660548,118397,2,0.001183279384
11021979,11/02/1979,"November 02, 1979",2261923,1,0.022365343135,118439,2,0.001183698887
11171979,11/17/1979,"November 17, 1979",2614993,1,0.025810991498,118482,2,0.001184128378
11211979,11/21/1979,"November 21, 1979",9701981,1,0.092461982331,118525,2,0.001184557869
12011979,12/01/1979,"December 01, 1979",2657387,1,0.026223901660,118568,2,0.001184987359
12021979,12/02/1979,"December 02, 1979",7731811,1,0.074404644346,118611,2,0.001185416850
12151979,12/15/1979,"December 15, 1979",3628210,1,0.035631803158,118654,2,0.001185846340
12221979,12/22/1979,"December 22, 1979",6444163,1,0.062409170139,118697,2,0.001186275830
12301979,12/30/1979,"December 30, 1979",5866643,1,0.056978729678,118740,2,0.001186705320
01031980,01/03/1980,"January 03, 1980",9556949,1,0.091144806848,118783,2,0.001187134809
01251980,01/25/1980,"January 25, 1980",2947160,1,0.029041557527,118826,2,0.001187564299
01261980,01/26/1980,"January 26, 1980",7895308,1,0.075916728557,118869,2,0.001187993788
02121980,02/12/1980,"February 12, 1980",1564867,2,0.015526875749,118912,2,0.001188423277
02281980,02/28/1980,"February 28, 1980",4881620,1,0.047643853315,118955,2,0.001188852766
03111980,03/11/1980,"March 11, 1980",4542514,1,0.044408874544,118998,2,0.001189282255
03311980,03/31/1980,"March 31, 1980",2676166,1,0.026406749906,119041,2,0.001189711743
04131980,04/13/1980,"April 13, 1980",7269501,1,0.070115617754,119084,2,0.001190141231
04231980,04/23/1980,"April 23, 1980",3178502,1,0.031285195990,119127,2,0.001190570720
06071980,06/07/1980,"June 07, 1980",6093445,1,0.059115097223,119170,2,0.001191000208
06251980,06/25/1980,"June 25, 1980",1925664,1,0.019072425318,119213,2,0.001191429695
06301980,06/30/1980,"June 30, 1980",963563,1,0.009589366062,119256,2,0.001191859183
07091980,07/09/1980,"July 09, 1980",6426989,1,0.062248134461,119298,2,0.001192278682
07141980,07/14/1980,"July 14, 1980",4091473,2,0.040089031926,119341,2,0.001192708170
07231980,07/23/1980,"July 23, 1980",1372451,1,0.013630768301,119384,2,0.001193137657
07311980,07/31/1980,"July 31, 1980",9611882,1,0.091643931172,119427,2,0.001193567143
08011980,08/01/1980,"August 01, 1980",2574907,1,0.025420399807,119470,2,0.001193996630
08311980,08/31/1980,"August 31, 1980",81265,1,0.000812329889,119513,2,0.001194426117
09061980,09/06/1980,"September 06, 1980",45709,1,0.000456995550,119554,2,0.001194835627
09201980,09/20/1980,"September 20, 1980",6559233,1,0.063487435419,119595,2,0.001195245137
09291980,09/29/1980,"September 29, 1980",7214744,1,0.069606301527,119638,2,0.001195674623
10031980,10/03/1980,"October 03, 1980",8701502,1,0.083336682720,119681,2,0.001196104109
11061980,11/06/1980,"November 06, 1980",8361719,2,0.080216719018,119724,2,0.001196533594
11091980,11/09/1980,"November 09, 1980",976295,1,0.009715457119,119767,2,0.001196963080
11111980,11/11/1980,"November 11, 1980",969136,1,0.009644560110,119809,2,0.001197382577
11171980,11/17/1980,"November 17, 1980",5059537,1,0.049336750395,119851,2,0.001197802074
12111980,12/11/1980,"December 11, 1980",2902955,1,0.028612250462,119894,2,0.001198231559
12171980,12/17/1980,"December 17, 1980",2374491,1,0.023465227752,119937,2,0.001198661043
01301981,01/30/1981,"January 30, 1981",4817600,1,0.047033959698,119980,2,0.001199090528
02031981,02/03/1981,"February 03, 1981",9470025,1,0.090354450097,120023,2,0.001199520012
02071981,02/07/1981,"February 07, 1981",4776491,1,0.046642124350,120066,2,0.001199949496
02081981,02/08/1981,"February 08, 1981",3327669,1,0.032729121618,120109,2,0.001200378980
02111981,02/11/1981,"February 11, 1981",1039726,1,0.010343405335,120152,2,0.001200808464
03051981,03/05/1981,"March 05, 1981",6089710,1,0.059079954515,120195,2,0.001201237947
03161981,03/16/1981,"March 16, 1981",7218342,1,0.069639776491,120238,2,0.001201667431
03261981,03/26/1981,"March 26, 1981",2702692,1,0.026664971005,120281,2,0.001202096914
03281981,03/28/1981,"March 28, 1981",3090217,1,0.030429588485,120324,2,0.001202526397
03291981,03/29/1981,"March 29, 1981",9832213,1,0.093643117979,120367,2,0.001202955880
04041981,04/04/1981,"April 04, 1981",1718892,1,0.017042043325,120410,2,0.001203385362
04091981,04/09/1981,"April 09, 1981",6607787,1,0.063942039361,120453,2,0.001203814845
04171981,04/17/1981,"April 17, 1981",5369818,1,0.052281906370,120496,2,0.001204244327
06021981,06/02/1981,"June 02, 1981",9609118,1,0.091618823863,120539,2,0.001204673809
06111981,06/11/1981,"June 11, 1981",4454036,1,0.043563012474,120582,2,0.001205103291
06221981,06/22/1981,"June 22, 1981",1394425,1,0.013847489266,120625,2,0.001205532773
07211981,07/21/1981,"July 21, 1981",978340,1,0.009735708231,120668,2,0.001205962254
07281981,07/28/1981,"July 28, 1981",3736189,1,0.036672556306,120710,2,0.001206381748
07291981,07/29/1981,"July 29, 1981",9943494,1,0.094651160007,120753,2,0.001206811229
08131981,08/13/1981,"August 13, 1981",9381671,1,0.089550386701,120796,2,0.001207240710
08231981,08/23/1981,"August 23, 1981",5410451,1,0.052666914441,120839,2,0.001207670191
08311981,08/31/1981,"August 31, 1981",4718081,1,0.046085105348,120882,2,0.001208099671
09221981,09/22/1981,"September 22, 1981",1537295,1,0.015255399392,120925,2,0.001208529152
10051981,10/05/1981,"October 05, 1981",4118508,1,0.040348508782,120968,2,0.001208958632
10301981,10/30/1981,"October 30, 1981",8849773,1,0.084694821489,121011,2,0.001209388112
11061981,11/06/1981,"November 06, 1981",2617960,1,0.025839895257,121054,2,0.001209817592
11191981,11/19/1981,"November 19, 1981",9341861,1,0.089187864551,121097,2,0.001210247072
12071981,12/07/1981,"December 07, 1981",5843768,1,0.056762988886,121140,2,0.001210676551
12121981,12/12/1981,"December 12, 1981",2546160,1,0.025140197134,121183,2,0.001211106031
12171981,12/17/1981,"December 17, 1981",6970987,1,0.067335635407,121226,2,0.001211535510
12181981,12/18/1981,"December 18, 1981",5168215,1,0.050369351005,121269,2,0.001211964989
01041982,01/04/1982,"January 04, 1982",9470925,1,0.090362636870,121312,2,0.001212394467
01201982,01/20/1982,"January 20, 1982",4912139,1,0.047934458543,121355,2,0.001212823946
01311982,01/31/1982,"January 31, 1982",4247863,1,0.041589063448,121398,2,0.001213253424
02111982,02/11/1982,"February 11, 1982",226973,1,0.002267166111,121441,2,0.001213682903
02161982,02/16/1982,"February 16, 1982",5446379,2,0.053007211141,121483,2,0.001214102393
03071982,03/07/1982,"March 07, 1982",9352348,1,0.089283376412,121526,2,0.001214531871
03141982,03/14/1982,"March 14, 1982",582212,1,0.005805214304,121569,2,0.001214961348
03221982,03/22/1982,"March 22, 1982",23909,2,0.000239071420,121611,2,0.001215380838
03251982,03/25/1982,"March 25, 1982",9326532,1,0.089048235456,121652,2,0.001215790340
04111982,04/11/1982,"April 11, 1982",9983539,1,0.095013634373,121695,2,0.001216219817
04191982,04/19/1982,"April 19, 1982",2464449,1,0.024343303902,121738,2,0.001216649294
05121982,05/12/1982,"May 12, 1982",761131,1,0.007582427330,121781,2,0.001217078770
05181982,05/18/1982,"May 18, 1982",7174489,1,0.069231696147,121823,2,0.001217498259
06221982,06/22/1982,"June 22, 1982",6654236,1,0.064376727966,121866,2,0.001217927735
06231982,06/23/1982,"June 23, 1982",7975413,1,0.076656669065,121909,2,0.001218357212
07161982,07/16/1982,"July 16, 1982",997069,1,0.009921157465,121952,2,0.001218786688
07301982,07/30/1982,"July 30, 1982",410348,1,0.004095082230,121994,2,0.001219206176
08031982,08/03/1982,"August 03, 1982",164758,1,0.001646233485,122036,2,0.001219625664
08191982,08/19/1982,"August 19, 1982",3861547,1,0.037879407734,122078,2,0.001220045151
08231982,08/23/1982,"August 23, 1982",4608047,1,0.045034896935,122121,2,0.001220474627
09021982,09/02/1982,"September 02, 1982",5283328,1,0.051461870409,122164,2,0.001220904102
09041982,09/04/1982,"September 04, 1982",175370,1,0.001752173167,122207,2,0.001221333577
09121982,09/12/1982,"September 12, 1982",7873328,1,0.075713592728,122249,2,0.001221753064
09161982,09/16/1982,"September 16, 1982",8295937,1,0.079611468122,122292,2,0.001222182538
09191982,09/19/1982,"September 19, 1982",5648137,1,0.054915918738,122335,2,0.001222612012
10031982,10/03/1982,"October 03, 1982",3584134,1,0.035206654540,122378,2,0.001223041487
10241982,10/24/1982,"October 24, 1982",7304340,1,0.070439523751,122421,2,0.001223470961
10281982,10/28/1982,"October 28, 1982",3970114,1,0.038923386397,122464,2,0.001223900434
11071982,11/07/1982,"November 07, 1982",5836468,1,0.056694130070,122507,2,0.001224329908
11101982,11/10/1982,"November 10, 1982",9139395,1,0.087341911551,122550,2,0.001224759382
11231982,11/23/1982,"November 23, 1982",2291319,1,0.022652686386,122593,2,0.001225188855
11291982,11/29/1982,"November 29, 1982",5092213,1,0.049647338375,122636,2,0.001225618328
12021982,12/02/1982,"December 02, 1982",3522684,1,0.034613606828,122679,2,0.001226047801
12131982,12/13/1982,"December 13, 1982",47527,1,0.000475167077,122722,2,0.001226477274
12241982,12/24/1982,"December 24, 1982",1688444,1,0.016742706715,122763,2,0.001226886771
12291982,12/29/1982,"December 29, 1982",5365770,1,0.052243541964,122806,2,0.001227316243
01021983,01/02/1983,"January 02, 1983",8570627,1,0.082136214206,122849,2,0.001227745715
01141983,01/14/1983,"January 14, 1983",6642797,1,0.064269695897,122892,2,0.001228175187
01181983,01/18/1983,"January 18, 1983",2312429,1,0.022858982631,122935,2,0.001228604659
01241983,01/24/1983,"January 24, 1983",3434151,1,0.033758542833,122978,2,0.001229034130
02281983,02/28/1983,"February 28, 1983",9748320,1,0.092882428955,123021,2,0.001229463602
03241983,03/24/1983,"March 24, 1983",6005342,1,0.058285784117,123064,2,0.001229893073
03261983,03/26/1983,"March 26, 1983",4034090,1,0.039538048139,123107,2,0.001230322544
04011983,04/01/1983,"April 01, 1983",4377314,1,0.042828933317,123150,2,0.001230752015
05081983,05/08/1983,"May 08, 1983",2819374,1,0.027800015470,123193,2,0.001231181486
06151983,06/15/1983,"June 15, 1983",6241407,1,0.060506219936,123236,2,0.001231610956
06161983,06/16/1983,"June 16, 1983",3538688,1,0.034768094906,123279,2,0.001232040427
07091983,07/09/1983,"July 09, 1983",2916905,1,0.028747749604,123322,2,0.001232469897
07241983,07/24/1983,"July 24, 1983",3880793,1,0.038064559647,123365,2,0.001232899367
07271983,07/27/1983,"July 27, 1983",446980,1,0.004459835311,123408,2,0.001233328836
08011983,08/01/1983,"August 01, 1983",9968854,1,0.094880727365,123450,2,0.001233748318
08041983,08/04/1983,"August 04, 1983",4573267,1,0.044702702303,123493,2,0.001234177788
08101983,08/10/1983,"August 10, 1983",95048,1,0.000950038437,123536,2,0.001234607257
08121983,08/12/1983,"August 12, 1983",4100620,1,0.040176830967,123577,2,0.001235016751
08151983,08/15/1983,"August 15, 1983",8633514,1,0.082713249751,123620,2,0.001235446220
08181983,08/18/1983,"August 18, 1983",6492408,1,0.062861401741,123663,2,0.001235875688
09011983,09/01/1983,"September 01, 1983",3109337,1,0.030614952628,123706,2,0.001236305157
09041983,09/04/1983,"September 04, 1983",3286014,1,0.032326121000,123749,2,0.001236734625
09061983,09/06/1983,"September 06, 1983",1010836,1,0.010057452238,123792,2,0.001237164093
09141983,09/14/1983,"September 14, 1983",2363049,1,0.023353486249,123835,2,0.001237593561
09151983,09/15/1983,"September 15, 1983",9444748,1,0.090124489927,123878,2,0.001238023029
09301983,09/30/1983,"September 30, 1983",675438,1,0.006731630446,123921,2,0.001238452496
10281983,10/28/1983,"October 28, 1983",5535753,1,0.053853198382,123963,2,0.001238871976
11111983,11/11/1983,"November 11, 1983",4823490,1,0.047090087745,124006,2,0.001239301443
11241983,11/24/1983,"November 24, 1983",7777889,1,0.074831041933,124049,2,0.001239730910
11271983,11/27/1983,"November 27, 1983",4032102,1,0.039518953965,124092,2,0.001240160377
12041983,12/04/1983,"December 04, 1983",329573,1,0.003290315043,124135,2,0.001240589844
12201983,12/20/1983,"December 20, 1983",9620699,1,0.091724017397,124177,2,0.001241009323
12211983,12/21/1983,"December 21, 1983",9603147,1,0.091564582803,124220,2,0.001241438789
12281983,12/28/1983,"December 28, 1983",4571390,1,0.044684771204,124263,2,0.001241868255
01061984,01/06/1984,"January 06, 1984",451436,1,0.004504195593,124306,2,0.001242297721
01071984,01/07/1984,"January 07, 1984",8530824,1,0.081770804162,124348,2,0.001242717199
01091984,01/09/1984,"January 09, 1984",8187678,1,0.078614525149,124391,2,0.001243146665
01121984,01/12/1984,"January 12, 1984",1504514,3,0.014932537346,124434,2,0.001243576130
01131984,01/13/1984,"January 13, 1984",7730609,1,0.074393518623,124477,2,0.001244005595
01271984,01/27/1984,"January 27, 1984",2994971,1,0.029505671515,124520,2,0.001244435060
02191984,02/19/1984,"February 19, 1984",9590467,1,0.091449385888,124563,2,0.001244864525
02291984,02/29/1984,"February 29, 1984",9978535,1,0.094968347721,124606,2,0.001245293990
03101984,03/10/1984,"March 10, 1984",5712870,1,0.055527502053,124649,2,0.001245723454
03121984,03/12/1984,"March 12, 1984",5967831,1,0.057932471433,124692,2,0.001246152918
03191984,03/19/1984,"March 19, 1984",7929112,1,0.076229052877,124735,2,0.001246582382
04051984,04/05/1984,"April 05, 1984",9489240,1,0.090529221699,124778,2,0.001247011846
04251984,04/25/1984,"April 25, 1984",2275804,1,0.022501039185,124821,2,0.001247441310
05081984,05/08/1984,"May 08, 1984",3353049,1,0.032974583819,124864,2,0.001247870773
05131984,05/13/1984,"May 13, 1984",2339932,1,0.023127688775,124907,2,0.001248300237
05171984,05/17/1984,"May 17, 1984",1773770,1,0.017581323012,124950,2,0.001248729700
05191984,05/19/1984,"May 19, 1984",4666841,1,0.045596194102,124993,2,0.001249159163
06021984,06/02/1984,"June 02, 1984",1410283,2,0.014003860934,125036,2,0.001249588626
06121984,06/12/1984,"June 12, 1984",8602492,1,0.082428644910,125079,2,0.001250018088
06141984,06/14/1984,"June 14, 1984",9962043,1,0.094819077591,125122,2,0.001250447551
07091984,07/09/1984,"July 09, 1984",554205,1,0.005526731172,125165,2,0.001250877013
07101984,07/10/1984,"July 10, 1984",417063,1,0.004161955001,125207,2,0.001251296487
07171984,07/17/1984,"July 17, 1984",4073304,1,0.039914609855,125249,2,0.001251715962
07181984,07/18/1984,"July 18, 1984",776674,1,0.007736666808,125292,2,0.001252145423
07301984,07/30/1984,"July 30, 1984",544575,2,0.005430958784,125334,2,0.001252564897
08041984,08/04/1984,"August 04, 1984",3100827,1,0.030532454450,125376,2,0.001252984371
08091984,08/09/1984,"August 09, 1984",3171479,1,0.031217160759,125419,2,0.001253413832
08121984,08/12/1984,"August 12, 1984",27614,1,0.000276111877,125462,2,0.001253843293
08161984,08/16/1984,"August 16, 1984",8375280,1,0.080341442373,125503,2,0.001254252779
08191984,08/19/1984,"August 19, 1984",8654053,1,0.082901631932,125546,2,0.001254682240
08251984,08/25/1984,"August 25, 1984",220269,1,0.002200275859,125589,2,0.001255111700
08261984,08/26/1984,"August 26, 1984",7938379,1,0.076314654765,125631,2,0.001255531173
09021984,09/02/1984,"September 02, 1984",7268117,1,0.070102748065,125674,2,0.001255960633
09261984,09/26/1984,"September 26, 1984",7700891,1,0.074118406009,125717,2,0.001256390093
09291984,09/29/1984,"September 29, 1984",6226154,1,0.060362908019,125760,2,0.001256819553
10161984,10/16/1984,"October 16, 1984",9779438,1,0.093164661888,125803,2,0.001257249012
10281984,10/28/1984,"October 28, 1984",4415183,1,0.043191335808,125846,2,0.001257678471
11041984,11/04/1984,"November 04, 1984",683425,1,0.006810959624,125889,2,0.001258107930
12041984,12/04/1984,"December 04, 1984",5085581,1,0.049584308896,125931,2,0.001258527402
12161984,12/16/1984,"December 16, 1984",4821293,1,0.047069152084,125974,2,0.001258956861
01181985,01/18/1985,"January 18, 1985",5226150,1,0.050919360188,126017,2,0.001259386319
01261985,01/26/1985,"January 26, 1985",8734823,1,0.083642073224,126060,2,0.001259815778
02181985,02/18/1985,"February 18, 1985",3468710,1,0.034092408528,126103,2,0.001260245236
02281985,02/28/1985,"February 28, 1985",1554062,1,0.015420497680,126146,2,0.001260674694
03271985,03/27/1985,"March 27, 1985",9133385,1,0.087287059151,126189,2,0.001261104152
04201985,04/20/1985,"April 20, 1985",9697169,1,0.092418310551,126232,2,0.001261533609
04231985,04/23/1985,"April 23, 1985",4677653,1,0.045699378665,126275,2,0.001261963067
04241985,04/24/1985,"April 24, 1985",3297353,1,0.032435839322,126318,2,0.001262392524
04261985,04/26/1985,"April 26, 1985",648579,1,0.006464812662,126361,2,0.001262821981
05151985,05/15/1985,"May 15, 1985",4549480,1,0.044475438704,126403,2,0.001263241451
05201985,05/20/1985,"May 20, 1985",3013598,2,0.029686428660,126446,2,0.001263670907
06101985,06/10/1985,"June 10, 1985",8596127,1,0.082370239634,126489,2,0.001264100364
06141985,06/14/1985,"June 14, 1985",7241223,1,0.069852627863,126532,2,0.001264529820
06281985,06/28/1985,"June 28, 1985",5878073,1,0.057086510850,126575,2,0.001264959276
07031985,07/03/1985,"July 03, 1985",3916755,2,0.038410428680,126618,2,0.001265388732
07121985,07/12/1985,"July 12, 1985",9744292,1,0.092845889522,126661,2,0.001265818188
07151985,07/15/1985,"July 15, 1985",382746,1,0.003820154611,126704,2,0.001266247644
07311985,07/31/1985,"July 31, 1985",7288858,1,0.070295598056,126746,2,0.001266667112
08051985,08/05/1985,"August 05, 1985",2465715,1,0.024355655637,126789,2,0.001267096567
08091985,08/09/1985,"August 09, 1985",8439864,1,0.080935202904,126832,2,0.001267526022
09081985,09/08/1985,"September 08, 1985",4504684,1,0.044047306031,126875,2,0.001267955477
09221985,09/22/1985,"September 22, 1985",9032447,1,0.086365319840,126918,2,0.001268384932
09261985,09/26/1985,"September 26, 1985",6641612,1,0.064258607427,126961,2,0.001268814386
09301985,09/30/1985,"September 30, 1985",4222104,1,0.041342154573,127004,2,0.001269243841
11051985,11/05/1985,"November 05, 1985",8331409,1,0.079937890448,127047,2,0.001269673295
11251985,11/25/1985,"November 25, 1985",9808519,1,0.093428340333,127090,2,0.001270102749
11271985,11/27/1985,"November 27, 1985",9392145,1,0.089645742201,127133,2,0.001270532202
12051985,12/05/1985,"December 05, 1985",4627942,1,0.045224868346,127176,2,0.001270961656
12111985,12/11/1985,"December 11, 1985",8254814,1,0.079232898908,127219,2,0.001271391109
12221985,12/22/1985,"December 22, 1985",6494198,1,0.062878176372,127262,2,0.001271820563
01011986,01/01/1986,"January 01, 1986",4861853,1,0.047455582466,127305,2,0.001272250016
01021986,01/02/1986,"January 02, 1986",9201855,1,0.087911779811,127348,2,0.001272679468
01071986,01/07/1986,"January 07, 1986",3115815,1,0.030677747359,127391,2,0.001273108921
01191986,01/19/1986,"January 19, 1986",9357244,1,0.089327964007,127434,2,0.001273538374
01311986,01/31/1986,"January 31, 1986",7198371,1,0.069453955694,127477,2,0.001273967826
02011986,02/01/1986,"February 01, 1986",4341398,1,0.042485094010,127520,2,0.001274397278
02091986,02/09/1986,"February 09, 1986",8409426,1,0.080655415379,127563,2,0.001274826730
02131986,02/13/1986,"February 13, 1986",7555398,1,0.072770332649,127606,2,0.001275256182
02171986,02/17/1986,"February 17, 1986",2038524,1,0.020178875702,127649,2,0.001275685633
02251986,02/25/1986,"February 25, 1986",1342490,1,0.013335197937,127692,2,0.001276115085
02281986,02/28/1986,"February 28, 1986",8795018,1,0.084193508899,127735,2,0.001276544536
03131986,03/13/1986,"March 13, 1986",6161309,1,0.059753402745,127778,2,0.001276973987
03221986,03/22/1986,"March 22, 1986",4404371,1,0.043087880062,127821,2,0.001277403438
04011986,04/01/1986,"April 01, 1986",7767613,1,0.074735966685,127864,2,0.001277832888
04051986,04/05/1986,"April 05, 1986",5540565,1,0.053898725871,127907,2,0.001278262339
05161986,05/16/1986,"May 16, 1986",6755462,1,0.065323342798,127950,2,0.001278691789
05221986,05/22/1986,"May 22, 1986",6267469,1,0.060751038904,127993,2,0.001279121239
06131986,06/13/1986,"June 13, 1986",247401,1,0.002470962160,128036,2,0.001279550689
06161986,06/16/1986,"June 16, 1986",2231211,1,0.022065045865,128078,2,0.001279970151
06251986,06/25/1986,"June 25, 1986",7098873,1,0.068527620215,128121,2,0.001280399601
07081986,07/08/1986,"July 08, 1986",5768750,1,0.056055125859,128164,2,0.001280829050
07091986,07/09/1986,"July 09, 1986",8517145,1,0.081645190998,128207,2,0.001281258499
07221986,07/22/1986,"July 22, 1986",2428752,1,0.023994961557,128250,2,0.001281687948
08191986,08/19/1986,"August 19, 1986",5336306,1,0.051964253856,128293,2,0.001282117397
08221986,08/22/1986,"August 22, 1986",3341982,1,0.032867557193,128336,2,0.001282546846
08271986,08/27/1986,"August 27, 1986",8085093,1,0.077668836866,128379,2,0.001282976294
09031986,09/03/1986,"September 03, 1986",7224869,1,0.069700499121,128422,2,0.001283405742
09101986,09/10/1986,"September 10, 1986",1045198,1,0.010397557863,128465,2,0.001283835190
09131986,09/13/1986,"September 13, 1986",2352756,1,0.023252954849,128508,2,0.001284264638
09301986,09/30/1986,"September 30, 1986",2126431,1,0.021039828592,128551,2,0.001284694086
10171986,10/17/1986,"October 17, 1986",3680643,1,0.036137317800,128594,2,0.001285123533
10201986,10/20/1986,"October 20, 1986",9154589,1,0.087480570289,128637,2,0.001285552981
10251986,10/25/1986,"October 25, 1986",1753286,1,0.017380063756,128680,2,0.001285982428
11021986,11/02/1986,"November 02, 1986",8737076,1,0.083662718536,128723,2,0.001286411875
11081986,11/08/1986,"November 08, 1986",9833400,1,0.093653876371,128766,2,0.001286841322
11091986,11/09/1986,"November 09, 1986",8477937,1,0.081285051844,128809,2,0.001287270768
11111986,11/11/1986,"November 11, 1986",9155732,1,0.087491000326,128852,2,0.001287700215
11131986,11/13/1986,"November 13, 1986",7113331,1,0.068662282758,128895,2,0.001288129661
11241986,11/24/1986,"November 24, 1986",979740,1,0.009749571834,128938,2,0.001288559107
01221987,01/22/1987,"January 22, 1987",5322079,1,0.051829367214,128980,2,0.001288978566
01311987,01/31/1987,"January 31, 1987",4971902,1,0.048503271492,129023,2,0.001289408011
02161987,02/16/1987,"February 16, 1987",8133715,1,0.078117183722,129066,2,0.001289837457
02181987,02/18/1987,"February 18, 1987",7567150,1,0.072879294278,129109,2,0.001290266902
02201987,02/20/1987,"February 20, 1987",2449028,1,0.024192836280,129152,2,0.001290696347
02271987,02/27/1987,"February 27, 1987",9537444,1,0.090967517351,129195,2,0.001291125792
03101987,03/10/1987,"March 10, 1987",608630,1,0.006067825995,129238,2,0.001291555237
03221987,03/22/1987,"March 22, 1987",6200090,1,0.060117969086,129280,2,0.001291974694
03291987,03/29/1987,"March 29, 1987",3845859,2,0.037728458414,129323,2,0.001292404138
04171987,04/17/1987,"April 17, 1987",5961471,2,0.057872554032,129366,2,0.001292833583
05151987,05/15/1987,"May 15, 1987",2232270,1,0.022075402142,129409,2,0.001293263027
05261987,05/26/1987,"May 26, 1987",3367367,1,0.033113032607,129452,2,0.001293692470
06021987,06/02/1987,"June 02, 1987",9701046,1,0.092453496811,129495,2,0.001294121914
06151987,06/15/1987,"June 15, 1987",7799021,1,0.075026527983,129538,2,0.001294551358
06231987,06/23/1987,"June 23, 1987",4641901,1,0.045358136106,129581,2,0.001294980801
06271987,06/27/1987,"June 27, 1987",2895781,1,0.028542560605,129624,2,0.001295410244
06281987,06/28/1987,"June 28, 1987",8505350,1,0.081536864659,129667,2,0.001295839687
07191987,07/19/1987,"July 19, 1987",8141323,1,0.078187317899,129710,2,0.001296269129
08241987,08/24/1987,"August 24, 1987",3941507,1,0.038648411879,129753,2,0.001296698572
09051987,09/05/1987,"September 05, 1987",4441825,1,0.043446214821,129796,2,0.001297128014
09061987,09/06/1987,"September 06, 1987",8050602,1,0.077350660753,129839,2,0.001297557456
09071987,09/07/1987,"September 07, 1987",3403597,1,0.033463272309,129882,2,0.001297986898
09081987,09/08/1987,"September 08, 1987",7173998,1,0.069227126063,129925,2,0.001298416340
09101987,09/10/1987,"September 10, 1987",7132100,1,0.068837069133,129968,2,0.001298845782
09201987,09/20/1987,"September 20, 1987",7385285,1,0.071191652040,130011,2,0.001299275223
09211987,09/21/1987,"September 21, 1987",7288931,1,0.070296276740,130054,2,0.001299704664
09221987,09/22/1987,"September 22, 1987",6549168,1,0.063393170685,130097,2,0.001300134105
10161987,10/16/1987,"October 16, 1987",1850424,1,0.018334097679,130140,2,0.001300563546
10171987,10/17/1987,"October 17, 1987",6633848,1,0.064185953644,130183,2,0.001300992987
10281987,10/28/1987,"October 28, 1987",4904768,1,0.047864279205,130226,2,0.001301422427
10301987,10/30/1987,"October 30, 1987",2871529,1,0.028306934173,130269,2,0.001301851868
11031987,11/03/1987,"November 03, 1987",1383059,1,0.013735396800,130312,2,0.001302281308
11241987,11/24/1987,"November 24, 1987",6628173,1,0.064132844690,130355,2,0.001302710748
12071987,12/07/1987,"December 07, 1987",6397655,1,0.061973013976,130398,2,0.001303140188
01061988,01/06/1988,"January 06, 1988",7460336,1,0.071888470483,130441,2,0.001303569627
01081988,01/08/1988,"January 08, 1988",767125,1,0.007641911057,130484,2,0.001303999066
01121988,01/12/1988,"January 12, 1988",2203239,1,0.021791459635,130526,2,0.001304418519
03021988,03/02/1988,"March 02, 1988",340808,1,0.003402289087,130569,2,0.001304847958
03121988,03/12/1988,"March 12, 1988",3910447,1,0.038349769696,130611,2,0.001305267410
03191988,03/19/1988,"March 19, 1988",6575395,1,0.063638782351,130654,2,0.001305696848
03231988,03/23/1988,"March 23, 1988",288939,1,0.002885229730,130697,2,0.001306126287
04041988,04/04/1988,"April 04, 1988",4826253,1,0.047116416282,130739,2,0.001306545738
04071988,04/07/1988,"April 07, 1988",9353125,1,0.089290452653,130782,2,0.001306975176
04211988,04/21/1988,"April 21, 1988",3110576,1,0.030626963235,130825,2,0.001307404614
04241988,04/24/1988,"April 24, 1988",510412,1,0.005091126113,130868,2,0.001307834052
04251988,04/25/1988,"April 25, 1988",8260161,1,0.079282131010,130910,2,0.001308253502
05141988,05/14/1988,"May 14, 1988",3387929,1,0.033311823469,130953,2,0.001308682940
06181988,06/18/1988,"June 18, 1988",993038,1,0.009881246582,130996,2,0.001309112377
06281988,06/28/1988,"June 28, 1988",5827480,1,0.056609341927,131038,2,0.001309531827
07031988,07/03/1988,"July 03, 1988",1178294,1,0.011713803013,131081,2,0.001309961264
07121988,07/12/1988,"July 12, 1988",2218459,1,0.021940331647,131124,2,0.001310390700
07201988,07/20/1988,"July 20, 1988",1779890,1,0.017641445196,131167,2,0.001310820137
07251988,07/25/1988,"July 25, 1988",9466151,1,0.090319209745,131210,2,0.001311249573
07301988,07/30/1988,"July 30, 1988",4141663,1,0.040570690363,131253,2,0.001311679009
08201988,08/20/1988,"August 20, 1988",9936275,1,0.094585800515,131296,2,0.001312108445
09011988,09/01/1988,"September 01, 1988",3230986,1,0.031793482876,131339,2,0.001312537881
09031988,09/03/1988,"September 03, 1988",314930,1,0.003144356157,131382,2,0.001312967316
09071988,09/07/1988,"September 07, 1988",4748928,1,0.046379314099,131424,2,0.001313386765
09211988,09/21/1988,"September 21, 1988",2238217,1,0.022133557589,131467,2,0.001313816200
09291988,09/29/1988,"September 29, 1988",3778033,1,0.037075566722,131510,2,0.001314245635
10051988,10/05/1988,"October 05, 1988",6481913,1,0.062763043883,131553,2,0.001314675070
10131988,10/13/1988,"October 13, 1988",9045154,1,0.086481408024,131596,2,0.001315104504
10221988,10/22/1988,"October 22, 1988",3388289,1,0.033315303540,131639,2,0.001315533939
10261988,10/26/1988,"October 26, 1988",6756900,1,0.065336783351,131682,2,0.001315963373
10301988,10/30/1988,"October 30, 1988",4582393,1,0.044789878758,131725,2,0.001316392807
10311988,10/31/1988,"October 31, 1988",9458800,1,0.090252336652,131768,2,0.001316822241
11031988,11/03/1988,"November 03, 1988",7677927,1,0.073905762143,131811,2,0.001317251675
11081988,11/08/1988,"November 08, 1988",4188957,1,0.041024335583,131854,2,0.001317681108
11211988,11/21/1988,"November 21, 1988",4193642,1,0.041069262541,131897,2,0.001318110541
11231988,11/23/1988,"November 23, 1988",3560603,1,0.034979602303,131940,2,0.001318539975
11281988,11/28/1988,"November 28, 1988",5419217,1,0.052749954020,131983,2,0.001318969407
12171988,12/17/1988,"December 17, 1988",2526352,1,0.024947077776,132026,2,0.001319398840
12241988,12/24/1988,"December 24, 1988",3056000,1,0.030097773809,132069,2,0.001319828273
12261988,12/26/1988,"December 26, 1988",3873594,1,0.037995307422,132112,2,0.001320257705
01051989,01/05/1989,"January 05, 1989",2531217,1,0.024994512947,132155,2,0.001320687137
01111989,01/11/1989,"January 11, 1989",2559426,1,0.025269513459,132198,2,0.001321116569
01141989,01/14/1989,"January 14, 1989",7903040,1,0.075988175914,132241,2,0.001321546001
01241989,01/24/1989,"January 24, 1989",8430561,1,0.080849698327,132284,2,0.001321975433
01261989,01/26/1989,"January 26, 1989",5153834,1,0.050232774800,132327,2,0.001322404864
02261989,02/26/1989,"February 26, 1989",2146564,1,0.021236902807,132370,2,0.001322834296
03011989,03/01/1989,"March 01, 1989",5322524,1,0.051833586564,132413,2,0.001323263727
03031989,03/03/1989,"March 03, 1989",8193576,1,0.078668866862,132456,2,0.001323693158
03081989,03/08/1989,"March 08, 1989",1317812,1,0.013091678748,132499,2,0.001324122588
03161989,03/16/1989,"March 16, 1989",9961600,1,0.094815067631,132542,2,0.001324552019
03251989,03/25/1989,"March 25, 1989",8971837,1,0.085811398005,132585,2,0.001324981449
03281989,03/28/1989,"March 28, 1989",130247,1,0.001301632154,132628,2,0.001325410879
04031989,04/03/1989,"April 03, 1989",7777863,1,0.074830801389,132670,2,0.001325830323
04191989,04/19/1989,"April 19, 1989",2965671,1,0.029221275012,132713,2,0.001326259752
04251989,04/25/1989,"April 25, 1989",4535554,1,0.044342363087,132756,2,0.001326689182
05011989,05/01/1989,"May 01, 1989",1961173,1,0.019420681059,132799,2,0.001327118612
05101989,05/10/1989,"May 10, 1989",5597866,1,0.054440696075,132842,2,0.001327548041
05131989,05/13/1989,"May 13, 1989",8303273,1,0.079678985349,132885,2,0.001327977470
05281989,05/28/1989,"May 28, 1989",683948,1,0.006816153989,132928,2,0.001328406899
05291989,05/29/1989,"May 29, 1989",6387823,1,0.061880782628,132970,2,0.001328826341
06061989,06/06/1989,"June 06, 1989",611814,1,0.006099472292,133013,2,0.001329255769
06121989,06/12/1989,"June 12, 1989",7575259,1,0.072954471449,133055,2,0.001329675211
06201989,06/20/1989,"June 20, 1989",5253798,1,0.051181725735,133098,2,0.001330104639
06281989,06/28/1989,"June 28, 1989",1427296,1,0.014171594190,133141,2,0.001330534067
07011989,07/01/1989,"July 01, 1989",7025062,1,0.067839837332,133184,2,0.001330963495
07131989,07/13/1989,"July 13, 1989",9683567,1,0.092294852892,133227,2,0.001331392922
07241989,07/24/1989,"July 24, 1989",6873116,1,0.066422380625,133270,2,0.001331822350
07281989,07/28/1989,"July 28, 1989",9354014,1,0.089298548825,133313,2,0.001332251777
08071989,08/07/1989,"August 07, 1989",5733171,1,0.055719219956,133356,2,0.001332681204
08111989,08/11/1989,"August 11, 1989",641009,2,0.006389599200,133399,2,0.001333110631
08301989,08/30/1989,"August 30, 1989",6186650,1,0.059991640451,133441,2,0.001333530071
09041989,09/04/1989,"September 04, 1989",1676031,1,0.016620647411,133484,2,0.001333959497
09141989,09/14/1989,"September 14, 1989",5307400,1,0.051690175030,133527,2,0.001334388924
09181989,09/18/1989,"September 18, 1989",5368103,1,0.052265652865,133570,2,0.001334818350
10091989,10/09/1989,"October 09, 1989",231258,1,0.002309918047,133613,2,0.001335247776
11041989,11/04/1989,"November 04, 1989",8875853,1,0.084933501956,133655,2,0.001335667215
11201989,11/20/1989,"November 20, 1989",4694899,1,0.045863943161,133698,2,0.001336096640
12011989,12/01/1989,"December 01, 1989",8395512,1,0.080527488873,133741,2,0.001336526066
12061989,12/06/1989,"December 06, 1989",1172746,1,0.011658971374,133784,2,0.001336955491
12071989,12/07/1989,"December 07, 1989",2663603,2,0.026284429701,133827,2,0.001337384916
12161989,12/16/1989,"December 16, 1989",7410178,1,0.071422831529,133870,2,0.001337814341
12191989,12/19/1989,"December 19, 1989",7548959,1,0.072710626408,133913,2,0.001338243766
12211989,12/21/1989,"December 21, 1989",3392396,1,0.033355004466,133956,2,0.001338673190
01171990,01/17/1990,"January 17, 1990",3663850,1,0.035975442747,133999,2,0.001339102614
01211990,01/21/1990,"January 21, 1990",6186310,1,0.059988444417,134042,2,0.001339532038
03051990,03/05/1990,"March 05, 1990",2030775,1,0.020102946421,134085,2,0.001339961462
03111990,03/11/1990,"March 11, 1990",2264414,1,0.022389695711,134128,2,0.001340390886
03191990,03/19/1990,"March 19, 1990",7581989,1,0.073016859514,134171,2,0.001340820310
04171990,04/17/1990,"April 17, 1990",2382623,1,0.023544636331,134214,2,0.001341249733
04231990,04/23/1990,"April 23, 1990",499315,1,0.004980714948,134257,2,0.001341679156
05041990,05/04/1990,"May 04, 1990",2548468,1,0.025162696638,134299,2,0.001342098593
05151990,05/15/1990,"May 15, 1990",1372473,1,0.013630985302,134342,2,0.001342528015
05241990,05/24/1990,"May 24, 1990",2672729,2,0.026373286931,134385,2,0.001342957438
05281990,05/28/1990,"May 28, 1990",2265871,1,0.022403939390,134428,2,0.001343386860
05291990,05/29/1990,"May 29, 1990",9189073,1,0.087795189242,134471,2,0.001343816283
06181990,06/18/1990,"June 18, 1990",1102813,1,0.010967553099,134514,2,0.001344245705
06191990,06/19/1990,"June 19, 1990",4630494,1,0.045249233897,134557,2,0.001344675127
06261990,06/26/1990,"June 26, 1990",3615370,1,0.035507970331,134600,2,0.001345104548
07061990,07/06/1990,"July 06, 1990",7289116,2,0.070297996690,134643,2,0.001345533970
07231990,07/23/1990,"July 23, 1990",1456864,3,0.014463040846,134686,2,0.001345963391
08011990,08/01/1990,"August 01, 1990",7394417,1,0.071276466946,134729,2,0.001346392812
08091990,08/09/1990,"August 09, 1990",4738480,1,0.046279674603,134772,2,0.001346822233
09031990,09/03/1990,"September 03, 1990",4463794,1,0.043656337043,134815,2,0.001347251654
09271990,09/27/1990,"September 27, 1990",5986582,1,0.058109101957,134858,2,0.001347681075
10031990,10/03/1990,"October 03, 1990",7938757,1,0.076318146289,134901,2,0.001348110495
10171990,10/17/1990,"October 17, 1990",3953302,1,0.038761796613,134944,2,0.001348539915
11011990,11/01/1990,"November 01, 1990",4646593,1,0.045402926852,134987,2,0.001348969335
11141990,11/14/1990,"November 14, 1990",5414394,1,0.052704267048,135030,2,0.001349398755
11171990,11/17/1990,"November 17, 1990",3742958,1,0.036737761734,135073,2,0.001349828175
11211990,11/21/1990,"November 21, 1990",1389388,1,0.013797815512,135116,2,0.001350257594
01071991,01/07/1991,"January 07, 1991",706493,1,0.007040042051,135159,2,0.001350687014
01201991,01/20/1991,"January 20, 1991",8205786,1,0.078781354527,135201,2,0.001351106446
01251991,01/25/1991,"January 25, 1991",4159767,1,0.040744369725,135244,2,0.001351535865
01261991,01/26/1991,"January 26, 1991",916130,1,0.009119473148,135287,2,0.001351965284
01281991,01/28/1991,"January 28, 1991",2956144,1,0.029128784516,135329,2,0.001352384716
02041991,02/04/1991,"February 04, 1991",348502,1,0.003478964366,135372,2,0.001352814134
02261991,02/26/1991,"February 26, 1991",8707440,1,0.083391112572,135414,2,0.001353233566
03051991,03/05/1991,"March 05, 1991",7655473,1,0.073697793593,135457,2,0.001353662984
03171991,03/17/1991,"March 17, 1991",426390,1,0.004254832485,135500,2,0.001354092402
03181991,03/18/1991,"March 18, 1991",7540858,1,0.072635503653,135542,2,0.001354511833
03241991,03/24/1991,"March 24, 1991",741998,1,0.007392529908,135585,2,0.001354941251
04141991,04/14/1991,"April 14, 1991",2570064,1,0.025373199774,135627,2,0.001355360682
04181991,04/18/1991,"April 18, 1991",766889,1,0.007639569089,135670,2,0.001355790099
04261991,04/26/1991,"April 26, 1991",9125732,1,0.087217206556,135712,2,0.001356209529
05121991,05/12/1991,"May 12, 1991",3973003,1,0.038951151500,135755,2,0.001356638946
05141991,05/14/1991,"May 14, 1991",1272502,1,0.012644409262,135798,2,0.001357068362
05151991,05/15/1991,"May 15, 1991",5168793,1,0.050374839855,135841,2,0.001357497779
05231991,05/23/1991,"May 23, 1991",7729101,1,0.074379560372,135884,2,0.001357927195
05291991,05/29/1991,"May 29, 1991",3829302,1,0.037569121923,135927,2,0.001358356611
06011991,06/01/1991,"June 01, 1991",2114378,1,0.020921827411,135970,2,0.001358786027
06151991,06/15/1991,"June 15, 1991",2370044,1,0.023421800284,136013,2,0.001359215442
07041991,07/04/1991,"July 04, 1991",9391020,1,0.089635500657,136056,2,0.001359644858
07071991,07/07/1991,"July 07, 1991",7450343,1,0.071795719662,136099,2,0.001360074273
07241991,07/24/1991,"July 24, 1991",4978880,1,0.048569664618,136142,2,0.001360503688
07281991,07/28/1991,"July 28, 1991",4814637,1,0.047005722895,136185,2,0.001360933103
07311991,07/31/1991,"July 31, 1991",3256740,1,0.032042802679,136228,2,0.001361362518
08041991,08/04/1991,"August 04, 1991",376173,2,0.003754673557,136271,2,0.001361791932
08071991,08/07/1991,"August 07, 1991",8441408,1,0.080949393155,136313,2,0.001362211360
08211991,08/21/1991,"August 21, 1991",2395605,1,0.023671391540,136356,2,0.001362640774
08231991,08/23/1991,"August 23, 1991",6731763,1,0.065101807525,136399,2,0.001363070188
08291991,08/29/1991,"August 29, 1991",821778,1,0.008184116350,136442,2,0.001363499602
09061991,09/06/1991,"September 06, 1991",2203265,1,0.021791713969,136484,2,0.001363919030
09191991,09/19/1991,"September 19, 1991",6067263,1,0.058868722484,136527,2,0.001364348443
09231991,09/23/1991,"September 23, 1991",144960,1,0.001448559837,136570,2,0.001364777856
09271991,09/27/1991,"September 27, 1991",2757640,1,0.027199652230,136612,2,0.001365197283
10071991,10/07/1991,"October 07, 1991",1567732,1,0.015555080500,136655,2,0.001365626696
10121991,10/12/1991,"October 12, 1991",3070900,1,0.030242278476,136698,2,0.001366056108
10211991,10/21/1991,"October 21, 1991",8667817,1,0.083027852666,136741,2,0.001366485521
11111991,11/11/1991,"November 11, 1991",3930927,1,0.038546695499,136784,2,0.001366914933
11171991,11/17/1991,"November 17, 1991",5164096,1,0.050330234913,136827,2,0.001367344345
11191991,11/19/1991,"November 19, 1991",8850189,1,0.084698629150,136870,2,0.001367773757
11231991,11/23/1991,"November 23, 1991",7177507,1,0.069259786310,136913,2,0.001368203169
11271991,11/27/1991,"November 27, 1991",7111476,1,0.068645006283,136956,2,0.001368632581
01071992,01/07/1992,"January 07, 1992",3799237,1,0.037279723575,136999,2,0.001369061992
01091992,01/09/1992,"January 09, 1992",1217173,1,0.012097964124,137042,2,0.001369491403
01241992,01/24/1992,"January 24, 1992",7239390,1,0.069835578106,137085,2,0.001369920814
01251992,01/25/1992,"January 25, 1992",4363210,1,0.042693924388,137128,2,0.001370350225
02081992,02/08/1992,"February 08, 1992",3567622,2,0.035047334709,137171,2,0.001370779636
02121992,02/12/1992,"February 12, 1992",1320036,1,0.013113627345,137214,2,0.001371209046
02161992,02/16/1992,"February 16, 1992",4530971,1,0.044298564293,137257,2,0.001371638457
02211992,02/21/1992,"February 21, 1992",910261,1,0.009061316663,137300,2,0.001372067867
03151992,03/15/1992,"March 15, 1992",7371802,1,0.071066412366,137342,2,0.001372487290
03251992,03/25/1992,"March 25, 1992",9314624,1,0.088939752860,137385,2,0.001372916700
03261992,03/26/1992,"March 26, 1992",3417647,1,0.033599061182,137428,2,0.001373346110
04051992,04/05/1992,"April 05, 1992",2260623,1,0.022352633802,137471,2,0.001373775519
04151992,04/15/1992,"April 15, 1992",2921968,1,0.028796922861,137514,2,0.001374204928
04201992,04/20/1992,"April 20, 1992",7108692,1,0.068619076999,137557,2,0.001374634337
04281992,04/28/1992,"April 28, 1992",7724305,1,0.074335166550,137600,2,0.001375063746
06011992,06/01/1992,"June 01, 1992",6179789,1,0.059927144264,137643,2,0.001375493155
06031992,06/03/1992,"June 03, 1992",5055434,1,0.049297743881,137686,2,0.001375922563
06061992,06/06/1992,"June 06, 1992",8474059,1,0.081249423387,137729,2,0.001376351971
06141992,06/14/1992,"June 14, 1992",5469616,1,0.053227238292,137772,2,0.001376781380
07131992,07/13/1992,"July 13, 1992",5431192,1,0.052863380423,137815,2,0.001377210787
07171992,07/17/1992,"July 17, 1992",4033632,1,0.039533649213,137858,2,0.001377640195
07311992,07/31/1992,"July 31, 1992",4101882,1,0.040188943859,137901,2,0.001378069603
08021992,08/02/1992,"August 02, 1992",5705986,1,0.055462482328,137944,2,0.001378499010
08141992,08/14/1992,"August 14, 1992",8352539,1,0.080132279036,137987,2,0.001378928417
08151992,08/15/1992,"August 15, 1992",7125771,1,0.068778133965,138030,2,0.001379357824
08161992,08/16/1992,"August 16, 1992",7291578,1,0.070320885672,138073,2,0.001379787231
09051992,09/05/1992,"September 05, 1992",2623717,1,0.025895976041,138116,2,0.001380216638
09091992,09/09/1992,"September 09, 1992",5848419,1,0.056806857819,138159,2,0.001380646044
10171992,10/17/1992,"October 17, 1992",7570680,1,0.072912021062,138202,2,0.001381075450
10251992,10/25/1992,"October 25, 1992",712114,1,0.007095854762,138245,2,0.001381504856
11111992,11/11/1992,"November 11, 1992",6931414,1,0.066966479096,138287,2,0.001381924276
11121992,11/12/1992,"November 12, 1992",7383656,1,0.071176521629,138330,2,0.001382353682
11171992,11/17/1992,"November 17, 1992",5159592,1,0.050287460823,138373,2,0.001382783087
12011992,12/01/1992,"December 01, 1992",1643694,1,0.016302600606,138416,2,0.001383212492
01281993,01/28/1993,"January 28, 1993",3075535,1,0.030287225705,138459,2,0.001383641898
01301993,01/30/1993,"January 30, 1993",1392124,1,0.013824797635,138502,2,0.001384071302
02051993,02/05/1993,"February 05, 1993",5484170,1,0.053365021575,138545,2,0.001384500707
02271993,02/27/1993,"February 27, 1993",7658084,1,0.073721979028,138588,2,0.001384930112
03161993,03/16/1993,"March 16, 1993",9499857,1,0.090625775087,138631,2,0.001385359516
04031993,04/03/1993,"April 03, 1993",514602,1,0.005132811922,138674,2,0.001385788920
06121993,06/12/1993,"June 12, 1993",8686908,1,0.083202895112,138716,2,0.001386208338
06131993,06/13/1993,"June 13, 1993",5168171,1,0.050368933168,138759,2,0.001386637742
06171993,06/17/1993,"June 17, 1993",9059085,1,0.086608661436,138802,2,0.001387067146
07061993,07/06/1993,"July 06, 1993",9948119,1,0.094693031423,138845,2,0.001387496549
07241993,07/24/1993,"July 24, 1993",3724356,2,0.036558559024,138888,2,0.001387925953
08111993,08/11/1993,"August 11, 1993",3415968,1,0.033582835173,138931,2,0.001388355356
08221993,08/22/1993,"August 22, 1993",7116275,1,0.068689700937,138974,2,0.001388784759
08261993,08/26/1993,"August 26, 1993",3639567,1,0.035741320237,139017,2,0.001389214161
08311993,08/31/1993,"August 31, 1993",7704333,1,0.074150274305,139060,2,0.001389643564
09021993,09/02/1993,"September 02, 1993",8928882,1,0.085418623935,139103,2,0.001390072966
09131993,09/13/1993,"September 13, 1993",8889586,1,0.085059159411,139146,2,0.001390502368
10131993,10/13/1993,"October 13, 1993",2824922,1,0.027853951629,139189,2,0.001390931770
10191993,10/19/1993,"October 19, 1993",3862617,1,0.037889702370,139232,2,0.001391361172
10211993,10/21/1993,"October 21, 1993",2055621,1,0.020346381402,139275,2,0.001391790574
10241993,10/24/1993,"October 24, 1993",185400,1,0.001852292404,139318,2,0.001392219975
10311993,10/31/1993,"October 31, 1993",1645893,2,0.016324231874,139360,2,0.001392639390
11071993,11/07/1993,"November 07, 1993",8425025,1,0.080798812758,139403,2,0.001393068792
11111993,11/11/1993,"November 11, 1993",5723214,1,0.055625193237,139446,2,0.001393498192
11131993,11/13/1993,"November 13, 1993",9267449,1,0.088509858790,139489,2,0.001393927593
12181993,12/18/1993,"December 18, 1993",645826,1,0.006437460261,139532,2,0.001394356994
01051994,01/05/1994,"January 05, 1994",6529647,1,0.063210317817,139574,2,0.001394776408
01091994,01/09/1994,"January 09, 1994",1211150,1,0.012038460992,139617,2,0.001395205808
01221994,01/22/1994,"January 22, 1994",1285545,1,0.012773181655,139660,2,0.001395635208
01251994,01/25/1994,"January 25, 1994",4962047,1,0.048409496867,139703,2,0.001396064608
01301994,01/30/1994,"January 30, 1994",7651042,1,0.073656748232,139746,2,0.001396494007
02161994,02/16/1994,"February 16, 1994",3779776,1,0.037092350348,139789,2,0.001396923407
02191994,02/19/1994,"February 19, 1994",2117028,1,0.020947772639,139832,2,0.001397352806
03071994,03/07/1994,"March 07, 1994",2240396,1,0.022154865067,139875,2,0.001397782205
03131994,03/13/1994,"March 13, 1994",3367221,1,0.033111620951,139918,2,0.001398211604
04011994,04/01/1994,"April 01, 1994",4286260,1,0.041956993858,139961,2,0.001398641003
04021994,04/02/1994,"April 02, 1994",7399194,1,0.071320831010,140004,2,0.001399070401
04241994,04/24/1994,"April 24, 1994",9158587,1,0.087517052086,140047,2,0.001399499800
05071994,05/07/1994,"May 07, 1994",7649182,1,0.073639518087,140090,2,0.001399929198
06081994,06/08/1994,"June 08, 1994",9796212,1,0.093316761692,140133,2,0.001400358596
08041994,08/04/1994,"August 04, 1994",1718565,1,0.017038829048,140176,2,0.001400787993
08111994,08/11/1994,"August 11, 1994",4817021,1,0.047028442008,140219,2,0.001401217391
09101994,09/10/1994,"September 10, 1994",3645830,1,0.035801709867,140262,2,0.001401646788
09141994,09/14/1994,"September 14, 1994",9792421,1,0.093282388679,140305,2,0.001402076186
09231994,09/23/1994,"September 23, 1994",5884051,1,0.057142876535,140348,2,0.001402505583
09291994,09/29/1994,"September 29, 1994",1936180,1,0.019175574239,140391,2,0.001402934979
10101994,10/10/1994,"October 10, 1994",9368121,1,0.089427012419,140434,2,0.001403364376
10181994,10/18/1994,"October 18, 1994",1842381,1,0.018255139115,140477,2,0.001403793773
10261994,10/26/1994,"October 26, 1994",5455201,1,0.053090751160,140520,2,0.001404223169
11091994,11/09/1994,"November 09, 1994",499360,2,0.004981162707,140563,2,0.001404652565
11211994,11/21/1994,"November 21, 1994",3741987,1,0.036728408412,140605,2,0.001405071975
11251994,11/25/1994,"November 25, 1994",5416704,1,0.052726149327,140648,2,0.001405501371
12131994,12/13/1994,"December 13, 1994",6647642,1,0.064315030932,140691,2,0.001405930766
12141994,12/14/1994,"December 14, 1994",73826,1,0.000737997553,140734,2,0.001406360161
01121995,01/12/1995,"January 12, 1995",174449,1,0.001742979262,140775,2,0.001406769585
01261995,01/26/1995,"January 26, 1995",7067402,1,0.068234430407,140817,2,0.001407188994
02101995,02/10/1995,"February 10, 1995",7137619,1,0.068888458597,140860,2,0.001407618389
02171995,02/17/1995,"February 17, 1995",6365501,1,0.061671352280,140903,2,0.001408047783
03041995,03/04/1995,"March 04, 1995",8373149,1,0.080321844240,140946,2,0.001408477178
03171995,03/17/1995,"March 17, 1995",5302496,1,0.051643668775,140989,2,0.001408906572
04191995,04/19/1995,"April 19, 1995",333041,1,0.003324880336,141032,2,0.001409335966
04281995,04/28/1995,"April 28, 1995",5355526,1,0.052146448819,141074,2,0.001409755374
05111995,05/11/1995,"May 11, 1995",875209,1,0.008713911950,141117,2,0.001410184768
05161995,05/16/1995,"May 16, 1995",6865922,1,0.066355216635,141159,2,0.001410604175
06011995,06/01/1995,"June 01, 1995",3564254,1,0.035014834555,141202,2,0.001411033569
06091995,06/09/1995,"June 09, 1995",5657561,1,0.055004979266,141245,2,0.001411462962
06161995,06/16/1995,"June 16, 1995",4048274,1,0.039674270402,141288,2,0.001411892355
06301995,06/30/1995,"June 30, 1995",7221791,1,0.069671864062,141331,2,0.001412321748
07261995,07/26/1995,"July 26, 1995",7931515,1,0.076251250826,141374,2,0.001412751140
08091995,08/09/1995,"August 09, 1995",7598479,1,0.073169706433,141417,2,0.001413180533
08131995,08/13/1995,"August 13, 1995",3488246,1,0.034281089806,141460,2,0.001413609925
08141995,08/14/1995,"August 14, 1995",354506,1,0.003538793694,141503,2,0.001414039317
09061995,09/06/1995,"September 06, 1995",6180722,1,0.059935915103,141545,2,0.001414458723
09081995,09/08/1995,"September 08, 1995",7599028,1,0.073174794718,141588,2,0.001414888115
10061995,10/06/1995,"October 06, 1995",7160320,1,0.069099806241,141631,2,0.001415317506
10171995,10/17/1995,"October 17, 1995",260065,1,0.002597281239,141674,2,0.001415746898
10251995,10/25/1995,"October 25, 1995",9829087,1,0.093614784820,141716,2,0.001416166303
11131995,11/13/1995,"November 13, 1995",6172660,1,0.059860124081,141759,2,0.001416595694
11171995,11/17/1995,"November 17, 1995",6916017,1,0.066822808864,141802,2,0.001417025085
11221995,11/22/1995,"November 22, 1995",7636319,1,0.073520352673,141845,2,0.001417454475
12151995,12/15/1995,"December 15, 1995",4330243,1,0.042378277264,141888,2,0.001417883866
12171995,12/17/1995,"December 17, 1995",6341487,1,0.061445994979,141931,2,0.001418313256
12291995,12/29/1995,"December 29, 1995",8595390,1,0.082363476678,141974,2,0.001418742646
01101996,01/10/1996,"January 10, 1996",1246647,1,0.012389095467,142017,2,0.001419172036
01231996,01/23/1996,"January 23, 1996",481678,1,0.004805207919,142060,2,0.001419601425
01241996,01/24/1996,"January 24, 1996",3846102,1,0.037730796731,142102,2,0.001420020829
02101996,02/10/1996,"February 10, 1996",5948065,1,0.057746243959,142145,2,0.001420450218
03121996,03/12/1996,"March 12, 1996",3187755,1,0.031374827024,142188,2,0.001420879608
03151996,03/15/1996,"March 15, 1996",8848234,1,0.084680734833,142231,2,0.001421308997
04041996,04/04/1996,"April 04, 1996",4407714,1,0.043119869100,142274,2,0.001421738385
04081996,04/08/1996,"April 08, 1996",2839909,1,0.027999636242,142317,2,0.001422167774
04211996,04/21/1996,"April 21, 1996",3376785,1,0.033204089735,142360,2,0.001422597162
05261996,05/26/1996,"May 26, 1996",7614316,1,0.073316476926,142403,2,0.001423026550
05291996,05/29/1996,"May 29, 1996",9181498,1,0.087726087110,142446,2,0.001423455938
06011996,06/01/1996,"June 01, 1996",1914609,1,0.018963977779,142489,2,0.001423885326
06201996,06/20/1996,"June 20, 1996",2836213,1,0.027963710444,142532,2,0.001424314714
06221996,06/22/1996,"June 22, 1996",9642758,1,0.091924351901,142575,2,0.001424744101
07071996,07/07/1996,"July 07, 1996",696655,1,0.006942349844,142618,2,0.001425173489
07121996,07/12/1996,"July 12, 1996",2841819,1,0.028018201271,142660,2,0.001425592890
07131996,07/13/1996,"July 13, 1996",1548985,1,0.015370509309,142703,2,0.001426022277
08061996,08/06/1996,"August 06, 1996",5538433,1,0.053878554776,142746,2,0.001426451664
08241996,08/24/1996,"August 24, 1996",5415645,1,0.052716117644,142789,2,0.001426881050
09041996,09/04/1996,"September 04, 1996",6223654,1,0.060339416798,142832,2,0.001427310436
09201996,09/20/1996,"September 20, 1996",4000129,1,0.039211810258,142875,2,0.001427739823
09291996,09/29/1996,"September 29, 1996",4060792,2,0.039794476455,142918,2,0.001428169209
11031996,11/03/1996,"November 03, 1996",3251457,1,0.031991664149,142961,2,0.001428598594
11051996,11/05/1996,"November 05, 1996",5891173,1,0.057210024428,143004,2,0.001429027980
11191996,11/19/1996,"November 19, 1996",1245079,1,0.012373609606,143047,2,0.001429457365
11201996,11/20/1996,"November 20, 1996",4988993,1,0.048665877903,143090,2,0.001429886751
12061996,12/06/1996,"December 06, 1996",7842505,1,0.075428656015,143133,2,0.001430316136
12081996,12/08/1996,"December 08, 1996",1826768,1,0.018101847322,143176,2,0.001430745521
12141996,12/14/1996,"December 14, 1996",4093054,1,0.040104207998,143219,2,0.001431174905
12251996,12/25/1996,"December 25, 1996",325609,1,0.003250804688,143262,2,0.001431604290
01011997,01/01/1997,"January 01, 1997",3593899,1,0.035300862012,143304,2,0.001432023689
01051997,01/05/1997,"January 05, 1997",7787056,1,0.074915848285,143347,2,0.001432453073
01171997,01/17/1997,"January 17, 1997",7132839,1,0.068843950402,143390,2,0.001432882457
01181997,01/18/1997,"January 18, 1997",9489137,1,0.090528284944,143433,2,0.001433311840
02171997,02/17/1997,"February 17, 1997",1477400,1,0.014665409938,143476,2,0.001433741224
03031997,03/03/1997,"March 03, 1997",3737444,1,0.036684645989,143519,2,0.001434170607
03141997,03/14/1997,"March 14, 1997",3268582,1,0.032157421384,143562,2,0.001434599991
03151997,03/15/1997,"March 15, 1997",3301338,1,0.032474395986,143605,2,0.001435029374
03181997,03/18/1997,"March 18, 1997",6224564,1,0.060347967671,143648,2,0.001435458756
03211997,03/21/1997,"March 21, 1997",8194544,1,0.078677785304,143691,2,0.001435888139
06011997,06/01/1997,"June 01, 1997",4313704,1,0.042219883107,143734,2,0.001436317522
06101997,06/10/1997,"June 10, 1997",4195546,1,0.041087520409,143777,2,0.001436746904
06121997,06/12/1997,"June 12, 1997",1728584,2,0.017137306995,143820,2,0.001437176286
06141997,06/14/1997,"June 14, 1997",6737841,1,0.065158628910,143863,2,0.001437605668
07031997,07/03/1997,"July 03, 1997",3356533,1,0.033008274398,143906,2,0.001438035050
07061997,07/06/1997,"July 06, 1997",7252879,1,0.069961039524,143949,2,0.001438464431
07271997,07/27/1997,"July 27, 1997",2378025,1,0.023499737881,143992,2,0.001438893813
08011997,08/01/1997,"August 01, 1997",5343539,1,0.052032822802,144035,2,0.001439323194
08111997,08/11/1997,"August 11, 1997",9944776,1,0.094662766505,144078,2,0.001439752575
09141997,09/14/1997,"September 14, 1997",328120,1,0.003275832746,144121,2,0.001440181956
09151997,09/15/1997,"September 15, 1997",521714,1,0.005203564361,144163,2,0.001440601351
09191997,09/19/1997,"September 19, 1997",6001965,1,0.058253981891,144205,2,0.001441020746
09291997,09/29/1997,"September 29, 1997",733092,1,0.007304124349,144248,2,0.001441450126
10051997,10/05/1997,"October 05, 1997",1666720,1,0.016529080695,144290,2,0.001441869520
11011997,11/01/1997,"November 01, 1997",1825973,1,0.018094041200,144333,2,0.001442298900
11131997,11/13/1997,"November 13, 1997",6399179,1,0.061987309398,144376,2,0.001442728280
11281997,11/28/1997,"November 28, 1997",8808411,1,0.084316154650,144419,2,0.001443157659
12021997,12/02/1997,"December 02, 1997",755714,1,0.007528666614,144462,2,0.001443587039
12061997,12/06/1997,"December 06, 1997",1750479,1,0.017352481227,144504,2,0.001444006432
12191997,12/19/1997,"December 19, 1997",9250982,1,0.088359751349,144547,2,0.001444435811
12271997,12/27/1997,"December 27, 1997",8729069,1,0.083589344472,144590,2,0.001444865190
12291997,12/29/1997,"December 29, 1997",8586596,1,0.082282776173,144633,2,0.001445294569
12301997,12/30/1997,"December 30, 1997",5775780,1,0.056121482851,144676,2,0.001445723947
12311997,12/31/1997,"December 31, 1997",3369877,1,0.033137301166,144719,2,0.001446153326
01041998,01/04/1998,"January 04, 1998",3046594,1,0.030006540514,144762,2,0.001446582704
01071998,01/07/1998,"January 07, 1998",9038886,1,0.086424146883,144805,2,0.001447012081
01111998,01/11/1998,"January 11, 1998",140184,1,0.001400867881,144848,2,0.001447441459
01151998,01/15/1998,"January 15, 1998",3652546,1,0.035866463251,144890,2,0.001447860851
01221998,01/22/1998,"January 22, 1998",4123498,2,0.040396394197,144933,2,0.001448290229
02041998,02/04/1998,"February 04, 1998",7434733,1,0.071650815663,144976,2,0.001448719606
03051998,03/05/1998,"March 05, 1998",6717219,1,0.064965826042,145019,2,0.001449148983
03231998,03/23/1998,"March 23, 1998",5874378,1,0.057051669553,145062,2,0.001449578359
04211998,04/21/1998,"April 21, 1998",9724769,1,0.092668768535,145105,2,0.001450007736
04221998,04/22/1998,"April 22, 1998",777129,1,0.007741181596,145148,2,0.001450437112
05111998,05/11/1998,"May 11, 1998",1264675,2,0.012567125914,145190,2,0.001450856503
05151998,05/15/1998,"May 15, 1998",8001864,1,0.076900870313,145233,2,0.001451285879
06071998,06/07/1998,"June 07, 1998",2403966,1,0.023753018963,145276,2,0.001451715255
06271998,06/27/1998,"June 27, 1998",517170,1,0.005158359784,145319,2,0.001452144631
07071998,07/07/1998,"July 07, 1998",3822307,1,0.037501797528,145361,2,0.001452564021
07081998,07/08/1998,"July 08, 1998",1828086,1,0.018114788654,145404,2,0.001452993396
07191998,07/19/1998,"July 19, 1998",5525027,1,0.053751709232,145447,2,0.001453422771
07301998,07/30/1998,"July 30, 1998",63423,1,0.000634038919,145490,2,0.001453852146
07311998,07/31/1998,"July 31, 1998",3672937,1,0.036063039679,145531,2,0.001454261550
08181998,08/18/1998,"August 18, 1998",779660,1,0.007766295349,145574,2,0.001454690925
08221998,08/22/1998,"August 22, 1998",7817775,1,0.075199981245,145616,2,0.001455110313
08281998,08/28/1998,"August 28, 1998",7345349,1,0.070820649057,145659,2,0.001455539688
09041998,09/04/1998,"September 04, 1998",4452028,1,0.043543807026,145702,2,0.001455969062
09091998,09/09/1998,"September 09, 1998",5546122,1,0.053951299258,145745,2,0.001456398436
10061998,10/06/1998,"October 06, 1998",5663158,1,0.055057869158,145788,2,0.001456827809
10181998,10/18/1998,"October 18, 1998",1519838,1,0.015083477520,145831,2,0.001457257183
11021998,11/02/1998,"November 02, 1998",7083644,1,0.068385755483,145874,2,0.001457686556
11071998,11/07/1998,"November 07, 1998",7028148,1,0.067868603351,145917,2,0.001458115929
11101998,11/10/1998,"November 10, 1998",5796191,1,0.056314118237,145960,2,0.001458545302
11151998,11/15/1998,"November 15, 1998",9396077,1,0.089681536627,146003,2,0.001458974675
12021998,12/02/1998,"December 02, 1998",3209575,1,0.031586157982,146046,2,0.001459404047
12121998,12/12/1998,"December 12, 1998",1567000,1,0.015547874337,146089,2,0.001459833420
12171998,12/17/1998,"December 17, 1998",395140,1,0.003943613491,146132,2,0.001460262792
01041999,01/04/1999,"January 04, 1999",7839113,1,0.075397294023,146174,2,0.001460682178
02051999,02/05/1999,"February 05, 1999",6639481,1,0.064238666565,146217,2,0.001461111550
02111999,02/11/1999,"February 11, 1999",5654883,1,0.054979671961,146260,2,0.001461540922
02271999,02/27/1999,"February 27, 1999",7275876,1,0.070174895994,146303,2,0.001461970293
04011999,04/01/1999,"April 01, 1999",889493,1,0.008855497144,146346,2,0.001462399665
04041999,04/04/1999,"April 04, 1999",2443579,1,0.024139663098,146388,2,0.001462819050
04071999,04/07/1999,"April 07, 1999",1177092,1,0.011701923742,146431,2,0.001463248421
04281999,04/28/1999,"April 28, 1999",3969088,1,0.038913525701,146474,2,0.001463677792
04301999,04/30/1999,"April 30, 1999",6688783,1,0.064699901914,146517,2,0.001464107162
05021999,05/02/1999,"May 02, 1999",7610621,1,0.073282235337,146560,2,0.001464536533
05031999,05/03/1999,"May 03, 1999",434554,1,0.004336121803,146603,2,0.001464965903
05121999,05/12/1999,"May 12, 1999",1218289,1,0.012108989049,146645,2,0.001465385288
05231999,05/23/1999,"May 23, 1999",8526075,1,0.081727196422,146688,2,0.001465814657
05281999,05/28/1999,"May 28, 1999",3726916,1,0.036583222809,146731,2,0.001466244027
06281999,06/28/1999,"June 28, 1999",1942700,1,0.019239521907,146774,2,0.001466673396
07031999,07/03/1999,"July 03, 1999",3033148,1,0.029876106423,146817,2,0.001467102766
07041999,07/04/1999,"July 04, 1999",254757,1,0.002544337697,146860,2,0.001467532135
07171999,07/17/1999,"July 17, 1999",6706906,1,0.064869390994,146902,2,0.001467951518
07211999,07/21/1999,"July 21, 1999",4788098,1,0.046752774178,146945,2,0.001468380887
07301999,07/30/1999,"July 30, 1999",6415168,1,0.062137276260,146988,2,0.001468810256
08241999,08/24/1999,"August 24, 1999",2671985,1,0.026366043121,147031,2,0.001469239624
08291999,08/29/1999,"August 29, 1999",9153787,1,0.087473251853,147074,2,0.001469668992
08301999,08/30/1999,"August 30, 1999",6948268,1,0.067123719317,147117,2,0.001470098360
09131999,09/13/1999,"September 13, 1999",3127498,1,0.030790986663,147160,2,0.001470527728
09281999,09/28/1999,"September 28, 1999",2390117,1,0.023617809155,147203,2,0.001470957095
09301999,09/30/1999,"September 30, 1999",2468507,1,0.024382895248,147246,2,0.001471386463
10061999,10/06/1999,"October 06, 1999",3549475,1,0.034872208857,147289,2,0.001471815830
10271999,10/27/1999,"October 27, 1999",9476317,1,0.090411683195,147332,2,0.001472245197
11031999,11/03/1999,"November 03, 1999",7937301,1,0.076304697383,147375,2,0.001472674564
11081999,11/08/1999,"November 08, 1999",5185730,1,0.050535664250,147418,2,0.001473103930
11161999,11/16/1999,"November 16, 1999",5469878,1,0.053229718834,147461,2,0.001473533297
11261999,11/26/1999,"November 26, 1999",7754849,1,0.074617858445,147504,2,0.001473962663
12031999,12/03/1999,"December 03, 1999",9676686,1,0.092232391551,147547,2,0.001474392029
12071999,12/07/1999,"December 07, 1999",4412354,1,0.043164267308,147590,2,0.001474821395
12091999,12/09/1999,"December 09, 1999",310902,1,0.003104202002,147633,2,0.001475250761
01062000,01/06/2000,"January 06, 2000",5408114,1,0.052644775008,147675,2,0.001475670141
01112000,01/11/2000,"January 11, 2000",3284984,1,0.032316153908,147718,2,0.001476099507
01212000,01/21/2000,"January 21, 2000",361300,1,0.003606490969,147761,2,0.001476528872
02262000,02/26/2000,"February 26, 2000",2781416,1,0.027430917749,147803,2,0.001476948252
03102000,03/10/2000,"March 10, 2000",9724898,1,0.092669938991,147846,2,0.001477377616
03282000,03/28/2000,"March 28, 2000",7878294,1,0.075759491652,147889,2,0.001477806981
04022000,04/02/2000,"April 02, 2000",8645318,1,0.082821519890,147932,2,0.001478236346
04052000,04/05/2000,"April 05, 2000",2689132,1,0.026532977824,147975,2,0.001478665710
04132000,04/13/2000,"April 13, 2000",5648712,1,0.054921352956,148018,2,0.001479095074
04272000,04/27/2000,"April 27, 2000",4622373,1,0.045171695438,148061,2,0.001479524438
04282000,04/28/2000,"April 28, 2000",1368117,1,0.013588018132,148104,2,0.001479953802
04302000,04/30/2000,"April 30, 2000",3286702,1,0.032332778574,148147,2,0.001480383165
05052000,05/05/2000,"May 05, 2000",8502917,1,0.081514518179,148190,2,0.001480812528
05072000,05/07/2000,"May 07, 2000",3625715,1,0.035607741872,148233,2,0.001481241892
05132000,05/13/2000,"May 13, 2000",622,1,0.000006229981,148276,2,0.001481671255
05172000,05/17/2000,"May 17, 2000",509963,1,0.005086658962,148315,2,0.001482060677
05302000,05/30/2000,"May 30, 2000",4068927,1,0.039872585998,148357,2,0.001482480054
06152000,06/15/2000,"June 15, 2000",9568513,1,0.091249900787,148400,2,0.001482909417
06252000,06/25/2000,"June 25, 2000",9158323,1,0.087514643128,148443,2,0.001483338779
07032000,07/03/2000,"July 03, 2000",6953605,1,0.067173505596,148486,2,0.001483768141
07052000,07/05/2000,"July 05, 2000",5150047,1,0.050196806434,148529,2,0.001484197503
07092000,07/09/2000,"July 09, 2000",9701264,1,0.092455475260,148572,2,0.001484626864
07152000,07/15/2000,"July 15, 2000",8230293,2,0.079007089921,148615,2,0.001485056226
07282000,07/28/2000,"July 28, 2000",4358524,1,0.042649063974,148658,2,0.001485485587
07302000,07/30/2000,"July 30, 2000",7386542,1,0.071203327088,148701,2,0.001485914948
08132000,08/13/2000,"August 13, 2000",2358313,1,0.023307231175,148744,2,0.001486344309
08162000,08/16/2000,"August 16, 2000",2226270,1,0.022016724905,148787,2,0.001486773670
08262000,08/26/2000,"August 26, 2000",6943353,1,0.067077867320,148830,2,0.001487203031
08272000,08/27/2000,"August 27, 2000",1130188,1,0.011238263678,148873,2,0.001487632391
09012000,09/01/2000,"September 01, 2000",3655736,1,0.035897218620,148916,2,0.001488061751
09042000,09/04/2000,"September 04, 2000",8145933,1,0.078229812485,148959,2,0.001488491112
10112000,10/11/2000,"October 11, 2000",9531200,1,0.090910755590,149002,2,0.001488920471
10192000,10/19/2000,"October 19, 2000",8617840,1,0.082569462957,149045,2,0.001489349831
11022000,11/02/2000,"November 02, 2000",2672679,1,0.026372800117,149088,2,0.001489779191
11082000,11/08/2000,"November 08, 2000",1572603,2,0.015603031645,149131,2,0.001490208550
11202000,11/20/2000,"November 20, 2000",864706,1,0.008609791703,149174,2,0.001490637909
12142000,12/14/2000,"December 14, 2000",837142,1,0.008336487238,149216,2,0.001491057283
12282000,12/28/2000,"December 28, 2000",698619,1,0.006961853304,149258,2,0.001491476656
01012001,01/01/2001,"January 01, 2001",7473014,1,0.072006129005,149300,7,0.001491896030
01022001,01/02/2001,"January 02, 2001",5651998,1,0.054952407731,149343,5,0.001492325388
01052001,01/05/2001,"January 05, 2001",3087271,1,0.030401024520,149386,5,0.001492754747
01092001,01/09/2001,"January 09, 2001",3571700,1,0.035086684676,149429,3,0.001493184105
01162001,01/16/2001,"January 16, 2001",1595943,1,0.015832763089,149472,4,0.001493613462
02012001,02/01/2001,"February 01, 2001",7996253,1,0.076849073767,149515,2,0.001494042820
02052001,02/05/2001,"February 05, 2001",3186804,1,0.031365615355,149558,2,0.001494472178
02072001,02/07/2001,"February 07, 2001",7211943,1,0.069580240834,149601,2,0.001494901535
03022001,03/02/2001,"March 02, 2001",3713865,1,0.036457479079,149644,2,0.001495330892
03142001,03/14/2001,"March 14, 2001",567121,1,0.005655169046,149687,2,0.001495760249
04072001,04/07/2001,"April 07, 2001",5485996,1,0.053382306972,149729,2,0.001496179621
04082001,04/08/2001,"April 08, 2001",1347176,1,0.013381431966,149772,2,0.001496608977
04222001,04/22/2001,"April 22, 2001",4251033,1,0.041619444594,149815,2,0.001497038334
04242001,04/24/2001,"April 24, 2001",2677259,1,0.026417391222,149858,2,0.001497467690
05012001,05/01/2001,"May 01, 2001",2081610,1,0.020600950502,149901,2,0.001497897046
05052001,05/05/2001,"May 05, 2001",1374380,1,0.013649795180,149944,2,0.001498326402
05072001,05/07/2001,"May 07, 2001",9530558,1,0.090904919219,149987,2,0.001498755757
05102001,05/10/2001,"May 10, 2001",6613061,1,0.063991405757,150030,2,0.001499185113
05132001,05/13/2001,"May 13, 2001",840987,1,0.008374615968,150073,2,0.001499614468
05162001,05/16/2001,"May 16, 2001",4534310,1,0.044330474632,150115,2,0.001500033838
05172001,05/17/2001,"May 17, 2001",3233848,1,0.031821192550,150158,2,0.001500463193
05212001,05/21/2001,"May 21, 2001",5670781,1,0.055129899352,150201,2,0.001500892548
05272001,05/27/2001,"May 27, 2001",9285121,1,0.088670923098,150244,2,0.001501321902
07032001,07/03/2001,"July 03, 2001",5158494,1,0.050277032922,150287,2,0.001501751256
07232001,07/23/2001,"July 23, 2001",5849424,1,0.056816336863,150330,2,0.001502180611
07272001,07/27/2001,"July 27, 2001",5801635,1,0.056365491099,150373,2,0.001502609965
08022001,08/02/2001,"August 02, 2001",8465901,1,0.081174468657,150416,2,0.001503039318
08102001,08/10/2001,"August 10, 2001",9530662,1,0.090905864677,150459,2,0.001503468672
08152001,08/15/2001,"August 15, 2001",6471526,1,0.062665688024,150502,2,0.001503898025
09042001,09/04/2001,"September 04, 2001",4681646,3,0.045737483128,150545,2,0.001504327379
11012001,11/01/2001,"November 01, 2001",3544016,1,0.034819521092,150588,2,0.001504756732
11202001,11/20/2001,"November 20, 2001",1041840,1,0.010364326455,150631,2,0.001505186085
11262001,11/26/2001,"November 26, 2001",1010860,1,0.010057689824,150674,2,0.001505615437
11302001,11/30/2001,"November 30, 2001",8955707,1,0.085663927489,150717,2,0.001506044790
12012001,12/01/2001,"December 01, 2001",7797052,1,0.075008315076,150760,2,0.001506474142
12082001,12/08/2001,"December 08, 2001",9905694,1,0.094308873454,150803,2,0.001506903494
12192001,12/19/2001,"December 19, 2001",6762714,1,0.065391123092,150846,2,0.001507332846
12202001,12/20/2001,"December 20, 2001",6818806,1,0.065915216907,150889,2,0.001507762198
12232001,12/23/2001,"December 23, 2001",7815684,1,0.075180643474,150932,2,0.001508191549
12302001,12/30/2001,"December 30, 2001",5324456,1,0.051851904962,150975,2,0.001508620901
01042002,01/04/2002,"January 04, 2002",6434610,1,0.062319597808,151018,2,0.001509050252
01092002,01/09/2002,"January 09, 2002",6348868,1,0.061515267094,151061,2,0.001509479603
01152002,01/15/2002,"January 15, 2002",1050913,1,0.010454112027,151104,2,0.001509908954
01242002,01/24/2002,"January 24, 2002",5757950,1,0.055953174306,151147,2,0.001510338305
01282002,01/28/2002,"January 28, 2002",5314056,1,0.051753292432,151190,2,0.001510767655
01292002,01/29/2002,"January 29, 2002",8846561,1,0.084665421414,151233,2,0.001511197005
02012002,02/01/2002,"February 01, 2002",3572154,1,0.035091065373,151276,3,0.001511626355
02062002,02/06/2002,"February 06, 2002",5797026,1,0.056321997982,151319,3,0.001512055705
02142002,02/14/2002,"February 14, 2002",8768062,1,0.083946610823,151362,4,0.001512485055
02252002,02/25/2002,"February 25, 2002",4876890,1,0.047598805803,151405,4,0.001512914405
02282002,02/28/2002,"February 28, 2002",8600677,1,0.082411990839,151204,6,0.001510907443
03072002,03/07/2002,"March 07, 2002",5175754,1,0.050440940962,151491,2,0.001513773103
03092002,03/09/2002,"March 09, 2002",3056218,1,0.030099888194,151534,2,0.001514202452
03142002,03/14/2002,"March 14, 2002",5499207,1,0.053507356376,151577,2,0.001514631801
03172002,03/17/2002,"March 17, 2002",108869,1,0.001088107592,151620,2,0.001515061150
04192002,04/19/2002,"April 19, 2002",5153135,1,0.050226135904,151662,2,0.001515480513
04212002,04/21/2002,"April 21, 2002",7756200,1,0.074630360273,151705,2,0.001515909861
04272002,04/27/2002,"April 27, 2002",4457133,1,0.043592632869,151748,2,0.001516339209
05032002,05/03/2002,"May 03, 2002",2036251,2,0.020156604115,151791,2,0.001516768557
05082002,05/08/2002,"May 08, 2002",7948508,1,0.076408210116,151834,2,0.001517197905
05202002,05/20/2002,"May 20, 2002",205986,1,0.002057749944,151877,2,0.001517627253
05282002,05/28/2002,"May 28, 2002",8819622,1,0.084418806213,151919,2,0.001518046615
06042002,06/04/2002,"June 04, 2002",7156578,1,0.069064971303,151962,2,0.001518475962
06232002,06/23/2002,"June 23, 2002",9052959,1,0.086552705368,152005,2,0.001518905309
07022002,07/02/2002,"July 02, 2002",125507,1,0.001254292729,152048,2,0.001519334656
07162002,07/16/2002,"July 16, 2002",2849522,1,0.028093070146,152090,2,0.001519754018
07222002,07/22/2002,"July 22, 2002",247372,1,0.002470672876,152133,2,0.001520183364
07292002,07/29/2002,"July 29, 2002",8113421,1,0.077930077836,152175,2,0.001520602726
08022002,08/02/2002,"August 02, 2002",8306968,1,0.079712990583,152218,2,0.001521032072
08182002,08/18/2002,"August 18, 2002",6794413,1,0.065687337811,152261,2,0.001521461418
08282002,08/28/2002,"August 28, 2002",4835880,1,0.047208145970,152304,2,0.001521890763
08292002,08/29/2002,"August 29, 2002",2948785,1,0.029057335473,152347,2,0.001522320109
09162002,09/16/2002,"September 16, 2002",4943657,1,0.048234483280,152390,2,0.001522749454
09252002,09/25/2002,"September 25, 2002",9014524,1,0.086201554419,152433,2,0.001523178799
09302002,09/30/2002,"September 30, 2002",2651836,1,0.026169845848,152476,2,0.001523608144
10092002,10/09/2002,"October 09, 2002",2993022,1,0.029486756396,152519,2,0.001524037489
10122002,10/12/2002,"October 12, 2002",7512000,1,0.072367846185,152562,2,0.001524466833
10172002,10/17/2002,"October 17, 2002",8432959,1,0.080871739288,152605,2,0.001524896178
10192002,10/19/2002,"October 19, 2002",8432749,1,0.080869809116,152648,2,0.001525325522
11202002,11/20/2002,"November 20, 2002",8261995,1,0.079299016821,152691,2,0.001525754866
11262002,11/26/2002,"November 26, 2002",6092157,1,0.059102978547,152734,2,0.001526184210
12232002,12/23/2002,"December 23, 2002",9234083,1,0.088205680244,152777,2,0.001526613554
12262002,12/26/2002,"December 26, 2002",7999991,1,0.076883580504,152820,2,0.001527042897
12272002,12/27/2002,"December 27, 2002",443869,1,0.004428863575,152863,2,0.001527472240
12302002,12/30/2002,"December 30, 2002",5683695,1,0.055251911999,152905,2,0.001527891599
01252003,01/25/2003,"January 25, 2003",6678532,1,0.064604019386,152948,2,0.001528320942
02032003,02/03/2003,"February 03, 2003",5188005,1,0.050557264318,152991,2,0.001528750284
02082003,02/08/2003,"February 08, 2003",5271111,1,0.051345980425,153034,2,0.001529179627
02132003,02/13/2003,"February 13, 2003",5830126,1,0.056634303714,153077,2,0.001529608969
02192003,02/19/2003,"February 19, 2003",4138453,1,0.040539892188,153120,2,0.001530038311
02232003,02/23/2003,"February 23, 2003",9363993,1,0.089389423190,153163,2,0.001530467653
02282003,02/28/2003,"February 28, 2003",8057586,1,0.077415096334,153206,2,0.001530896995
03052003,03/05/2003,"March 05, 2003",9223189,1,0.088106343959,153249,5,0.001531326337
04032003,04/03/2003,"April 03, 2003",4558922,1,0.044565655075,153292,2,0.001531755678
04112003,04/11/2003,"April 11, 2003",8247388,1,0.079164520204,153335,2,0.001532185020
04122003,04/12/2003,"April 12, 2003",4910501,1,0.047918863582,153378,2,0.001532614361
04142003,04/14/2003,"April 14, 2003",7786936,1,0.074914738183,153421,2,0.001533043702
04302003,04/30/2003,"April 30, 2003",5451822,1,0.053058754556,153464,2,0.001533473042
05112003,05/11/2003,"May 11, 2003",1262857,1,0.012549174221,153507,2,0.001533902383
05222003,05/22/2003,"May 22, 2003",6144153,1,0.059592080200,153550,2,0.001534331723
05292003,05/29/2003,"May 29, 2003",8315970,1,0.079795831092,153593,2,0.001534761063
06072003,06/07/2003,"June 07, 2003",417118,1,0.004162502712,153636,2,0.001535190403
06092003,06/09/2003,"June 09, 2003",1259812,1,0.012519105886,153678,2,0.001535609758
06112003,06/11/2003,"June 11, 2003",9801514,2,0.093364832764,153721,2,0.001536039098
07052003,07/05/2003,"July 05, 2003",2293490,2,0.022673904366,153764,2,0.001536468437
07072003,07/07/2003,"July 07, 2003",6776275,1,0.065517856809,153807,2,0.001536897777
07162003,07/16/2003,"July 16, 2003",7609970,1,0.073276202384,153850,2,0.001537327116
07292003,07/29/2003,"July 29, 2003",6556767,1,0.063464340734,153893,2,0.001537756454
08052003,08/05/2003,"August 05, 2003",3022666,1,0.029774412706,153936,2,0.001538185793
08062003,08/06/2003,"August 06, 2003",1972392,1,0.019530686083,153979,2,0.001538615132
09072003,09/07/2003,"September 07, 2003",1865434,1,0.018481434675,154022,2,0.001539044470
09112003,09/11/2003,"September 11, 2003",9530386,1,0.090903355574,154065,2,0.001539473808
09132003,09/13/2003,"September 13, 2003",4947108,2,0.048267328142,154108,2,0.001539903146
10012003,10/01/2003,"October 01, 2003",4691070,1,0.045827408591,154151,2,0.001540332484
10202003,10/20/2003,"October 20, 2003",4288989,1,0.041983138495,154194,2,0.001540761821
11212003,11/21/2003,"November 21, 2003",6790391,1,0.065649759000,154237,2,0.001541191159
12132003,12/13/2003,"December 13, 2003",2478455,1,0.024479944811,154280,2,0.001541620496
12142003,12/14/2003,"December 14, 2003",7769414,1,0.074752630540,154323,2,0.001542049833
12152003,12/15/2003,"December 15, 2003",8324816,1,0.079877228753,154366,2,0.001542479170
12182003,12/18/2003,"December 18, 2003",3785645,1,0.037148861740,154409,2,0.001542908506
12232003,12/23/2003,"December 23, 2003",3197936,1,0.031473437734,154452,2,0.001543337843
01042004,01/04/2004,"January 04, 2004",8552676,1,0.081971433687,154495,2,0.001543767179
01142004,01/14/2004,"January 14, 2004",8695851,1,0.083284880611,154538,2,0.001544196515
01172004,01/17/2004,"January 17, 2004",6420250,1,0.062184937233,154581,2,0.001544625851
01182004,01/18/2004,"January 18, 2004",2494332,2,0.024634815837,154624,2,0.001545055187
02022004,02/02/2004,"February 02, 2004",9040765,1,0.086441312812,154667,2,0.001545484522
02102004,02/10/2004,"February 10, 2004",5264925,1,0.051287294872,154710,2,0.001545913858
02182004,02/18/2004,"February 18, 2004",200859,1,0.002006584133,154753,2,0.001546343193
02282004,02/28/2004,"February 28, 2004",4389628,1,0.042946792107,154795,2,0.001546762543
03042004,03/04/2004,"March 04, 2004",9689432,1,0.092348088238,154838,2,0.001547191878
03152004,03/15/2004,"March 15, 2004",3006800,1,0.029620464500,154881,2,0.001547621213
03262004,03/26/2004,"March 26, 2004",5630639,1,0.054750533455,154924,2,0.001548050547
03272004,03/27/2004,"March 27, 2004",5910339,1,0.057390702242,154967,2,0.001548479881
04042004,04/04/2004,"April 04, 2004",6617021,1,0.064028470964,154509,6,0.001543906963
04272004,04/27/2004,"April 27, 2004",2572877,1,0.025400615640,154981,4,0.001548619665
05102004,05/10/2004,"May 10, 2004",5862170,1,0.056936547393,155096,2,0.001549767883
05182004,05/18/2004,"May 18, 2004",9276371,1,0.088591178314,155139,2,0.001550197217
05232004,05/23/2004,"May 23, 2004",2593649,1,0.025603038402,155182,2,0.001550626550
05302004,05/30/2004,"May 30, 2004",45484,1,0.000454746576,155225,2,0.001551055883
06022004,06/02/2004,"June 02, 2004",6355578,1,0.061578237308,155266,2,0.001551465247
06072004,06/07/2004,"June 07, 2004",635969,1,0.006339519974,155309,2,0.001551894580
06222004,06/22/2004,"June 22, 2004",8690484,1,0.083235679190,155351,2,0.001552313928
07092004,07/09/2004,"July 09, 2004",7154810,1,0.069048512226,155394,2,0.001552743260
07132004,07/13/2004,"July 13, 2004",6019595,1,0.058419997081,155437,2,0.001553172593
07222004,07/22/2004,"July 22, 2004",3727685,1,0.036590631456,155480,2,0.001553601925
08072004,08/07/2004,"August 07, 2004",2316287,1,0.022896680004,155523,2,0.001554031257
08082004,08/08/2004,"August 08, 2004",173608,1,0.001734583885,155566,2,0.001554460588
09042004,09/04/2004,"September 04, 2004",4525903,1,0.044250128116,155608,2,0.001554879935
09062004,09/06/2004,"September 06, 2004",7845551,1,0.075456818029,155651,2,0.001555309267
09072004,09/07/2004,"September 07, 2004",7492866,1,0.072190336065,155694,2,0.001555738598
09222004,09/22/2004,"September 22, 2004",7996593,1,0.076852212475,155737,2,0.001556167929
09232004,09/23/2004,"September 23, 2004",2022491,1,0.020021768386,155780,2,0.001556597259
09252004,09/25/2004,"September 25, 2004",1134342,1,0.011279335988,155823,2,0.001557026590
10102004,10/10/2004,"October 10, 2004",1750994,1,0.017357541849,155866,2,0.001557455920
10162004,10/16/2004,"October 16, 2004",1650927,1,0.016373748866,155909,2,0.001557885251
11102004,11/10/2004,"November 10, 2004",5038327,1,0.049135093333,155952,2,0.001558314581
11122004,11/12/2004,"November 12, 2004",8818319,1,0.084406876112,155995,2,0.001558743910
11132004,11/13/2004,"November 13, 2004",2588146,1,0.025549415861,156038,2,0.001559173240
11232004,11/23/2004,"November 23, 2004",7094665,1,0.068488423032,156081,2,0.001559602570
12052004,12/05/2004,"December 05, 2004",5915990,1,0.057443967589,156124,2,0.001560031899
12072004,12/07/2004,"December 07, 2004",1343464,1,0.013344808005,156167,2,0.001560461228
12232004,12/23/2004,"December 23, 2004",2679272,1,0.026436989243,156210,2,0.001560890557
01132005,01/13/2005,"January 13, 2005",4296482,1,0.042054920010,156253,2,0.001561319886
01272005,01/27/2005,"January 27, 2005",3871399,1,0.037974191187,156296,2,0.001561749214
03182005,03/18/2005,"March 18, 2005",3569689,1,0.035067280074,156339,2,0.001562178543
03242005,03/24/2005,"March 24, 2005",3972502,1,0.038946336633,156382,2,0.001562607871
03302005,03/30/2005,"March 30, 2005",5766260,1,0.056031621338,156425,2,0.001563037199
04042005,04/04/2005,"April 04, 2005",2062848,1,0.020417178411,156468,2,0.001563466526
04072005,04/07/2005,"April 07, 2005",2732756,1,0.026957550468,156511,2,0.001563895854
05072005,05/07/2005,"May 07, 2005",7023542,1,0.067825668389,156525,4,0.001564035635
05242005,05/24/2005,"May 24, 2005",7518533,1,0.072428446415,156396,5,0.001562747652
06022005,06/02/2005,"June 02, 2005",7068004,1,0.068240039619,156640,2,0.001565183836
06052005,06/05/2005,"June 05, 2005",3552045,1,0.034897012323,156683,2,0.001565613163
06172005,06/17/2005,"June 17, 2005",8757540,1,0.083850218613,156726,2,0.001566042489
06212005,06/21/2005,"June 21, 2005",6065045,1,0.058847847960,156769,2,0.001566471816
06232005,06/23/2005,"June 23, 2005",3557833,1,0.034952870868,156812,2,0.001566901142
07152005,07/15/2005,"July 15, 2005",9517750,1,0.090788474863,156855,2,0.001567330468
07182005,07/18/2005,"July 18, 2005",1832025,1,0.018153464351,156898,2,0.001567759794
07292005,07/29/2005,"July 29, 2005",2278481,1,0.022527206482,156941,2,0.001568189120
08062005,08/06/2005,"August 06, 2005",1628053,1,0.016148728461,156984,2,0.001568618446
08082005,08/08/2005,"August 08, 2005",3104805,1,0.030571019102,157027,2,0.001569047771
08102005,08/10/2005,"August 10, 2005",6262235,1,0.060701877326,157070,2,0.001569477096
08142005,08/14/2005,"August 14, 2005",5390368,1,0.052476642430,157113,2,0.001569906421
08232005,08/23/2005,"August 23, 2005",2903405,1,0.028616621697,157156,2,0.001570335746
08262005,08/26/2005,"August 26, 2005",2288811,1,0.022628174208,157199,2,0.001570765071
09232005,09/23/2005,"September 23, 2005",8835639,1,0.084565443110,157242,2,0.001571194395
09252005,09/25/2005,"September 25, 2005",8074112,1,0.077567550119,157285,2,0.001571623720
09282005,09/28/2005,"September 28, 2005",3536637,1,0.034748297796,157328,2,0.001572053044
09302005,09/30/2005,"September 30, 2005",1743552,1,0.017284410875,157371,2,0.001572482368
10052005,10/05/2005,"October 05, 2005",7263309,1,0.070058037530,157414,2,0.001572911691
10262005,10/26/2005,"October 26, 2005",1781976,1,0.017661936982,157457,2,0.001573341015
10292005,10/29/2005,"October 29, 2005",1924425,1,0.019060271550,157500,2,0.001573770338
11012005,11/01/2005,"November 01, 2005",9991074,1,0.095081822527,157543,2,0.001574199662
11022005,11/02/2005,"November 02, 2005",3785252,1,0.037145077728,157586,2,0.001574628985
11102005,11/10/2005,"November 10, 2005",1591255,1,0.015786624247,157629,2,0.001575058307
11112005,11/11/2005,"November 11, 2005",8825213,1,0.084469994927,157672,2,0.001575487630
11162005,11/16/2005,"November 16, 2005",8156810,1,0.078330067977,157715,2,0.001575916953
11242005,11/24/2005,"November 24, 2005",7260459,1,0.070031533806,157758,2,0.001576346275
12022005,12/02/2005,"December 02, 2005",8193028,1,0.078663817954,157801,2,0.001576775597
12122005,12/12/2005,"December 12, 2005",7970916,1,0.076615145381,157844,2,0.001577204919
01052006,01/05/2006,"January 05, 2006",3295050,1,0.032413556062,157887,2,0.001577634241
01242006,01/24/2006,"January 24, 2006",3536800,1,0.034749871155,157930,2,0.001578063562
01312006,01/31/2006,"January 31, 2006",8703886,1,0.083358535713,157973,2,0.001578492883
03052006,03/05/2006,"March 05, 2006",3083546,1,0.030364906285,158016,2,0.001578922205
03072006,03/07/2006,"March 07, 2006",1468821,1,0.014580874457,158059,2,0.001579351526
03082006,03/08/2006,"March 08, 2006",2422583,1,0.023934749949,158102,2,0.001579780846
03112006,03/11/2006,"March 11, 2006",9257260,1,0.088416982328,158145,2,0.001580210167
03142006,03/14/2006,"March 14, 2006",2599621,1,0.025661227652,158188,2,0.001580639487
03162006,03/16/2006,"March 16, 2006",372947,1,0.003722534164,158231,2,0.001581068808
03292006,03/29/2006,"March 29, 2006",1269615,1,0.012615903894,158273,2,0.001581488143
04132006,04/13/2006,"April 13, 2006",8485328,1,0.081352951557,158316,2,0.001581917463
04142006,04/14/2006,"April 14, 2006",1549308,1,0.015373689657,158359,2,0.001582346783
05252006,05/25/2006,"May 25, 2006",8962451,1,0.085725588235,158402,2,0.001582776103
05312006,05/31/2006,"May 31, 2006",3850580,2,0.037773886182,158445,2,0.001583205422
06252006,06/25/2006,"June 25, 2006",8594084,1,0.082351492266,158416,4,0.001582915881
07092006,07/09/2006,"July 09, 2006",745414,1,0.007426436800,158531,2,0.001584064060
07142006,07/14/2006,"July 14, 2006",8037421,1,0.077229038327,158573,2,0.001584483395
07222006,07/22/2006,"July 22, 2006",6131937,1,0.059477192950,158616,2,0.001584912713
07242006,07/24/2006,"July 24, 2006",4866899,1,0.047503646646,158659,2,0.001585342031
07262006,07/26/2006,"July 26, 2006",1743529,1,0.017284184850,158702,2,0.001585771350
07312006,07/31/2006,"July 31, 2006",267524,1,0.002671674734,158745,2,0.001586200668
09022006,09/02/2006,"September 02, 2006",651004,1,0.006488905598,158787,2,0.001586620001
09072006,09/07/2006,"September 07, 2006",4866712,1,0.047501865476,17268,3,0.000172675092
09092006,09/09/2006,"September 09, 2006",839100,1,0.008355903820,158872,2,0.001587468652
09162006,09/16/2006,"September 16, 2006",5721834,1,0.055612160774,158914,2,0.001587887986
09202006,09/20/2006,"September 20, 2006",4943490,1,0.048232893830,158957,2,0.001588317303
10052006,10/05/2006,"October 05, 2006",9296464,1,0.088774289294,159000,2,0.001588746620
10142006,10/14/2006,"October 14, 2006",3057144,1,0.030108869427,159043,2,0.001589175936
10162006,10/16/2006,"October 16, 2006",3645486,1,0.035798393019,159086,2,0.001589605253
10182006,10/18/2006,"October 18, 2006",3485449,1,0.034254078270,159129,2,0.001590034569
10242006,10/24/2006,"October 24, 2006",627450,1,0.006254866431,159172,2,0.001590463886
10262006,10/26/2006,"October 26, 2006",5681290,1,0.055229190534,159214,2,0.001590883218
11032006,11/03/2006,"November 03, 2006",5543616,1,0.053927590981,159257,2,0.001591312533
12052006,12/05/2006,"December 05, 2006",7009387,1,0.067693709772,159300,2,0.001591741849
12132006,12/13/2006,"December 13, 2006",3343483,1,0.032882073742,159343,2,0.001592171164
12142006,12/14/2006,"December 14, 2006",9556212,1,0.091138108561,159386,2,0.001592600480
01242007,01/24/2007,"January 24, 2007",9376519,1,0.089503479128,159429,2,0.001593029795
02052007,02/05/2007,"February 05, 2007",8819591,1,0.084418522383,159472,2,0.001593459110
02082007,02/08/2007,"February 08, 2007",9767140,1,0.093053132419,159515,2,0.001593888424
02172007,02/17/2007,"February 17, 2007",4802883,1,0.046893701363,159558,2,0.001594317739
02212007,02/21/2007,"February 21, 2007",4529632,1,0.044285767365,159601,2,0.001594747053
02242007,02/24/2007,"February 24, 2007",2485193,1,0.024545673138,159644,2,0.001595176368
02282007,02/28/2007,"February 28, 2007",2622395,1,0.025883098300,159687,2,0.001595605682
03022007,03/02/2007,"March 02, 2007",9136351,1,0.087314129816,159730,2,0.001596034995
03072007,03/07/2007,"March 07, 2007",6737720,1,0.065157497752,159773,2,0.001596464309
03212007,03/21/2007,"March 21, 2007",5243389,1,0.051082958099,159816,2,0.001596893622
03252007,03/25/2007,"March 25, 2007",244711,1,0.002444128267,159859,2,0.001597322936
03292007,03/29/2007,"March 29, 2007",1328552,1,0.013197667011,159901,2,0.001597742265
03312007,03/31/2007,"March 31, 2007",6127588,1,0.059436288723,159944,2,0.001598171578
04072007,04/07/2007,"April 07, 2007",7245944,1,0.069896539085,159987,2,0.001598600890
04242007,04/24/2007,"April 24, 2007",3399588,1,0.033424523075,160030,2,0.001599030203
04272007,04/27/2007,"April 27, 2007",1847145,1,0.018301908326,160073,2,0.001599459515
05252007,05/25/2007,"May 25, 2007",3054076,1,0.030079112710,160116,2,0.001599888827
05272007,05/27/2007,"May 27, 2007",2752230,1,0.027147022307,160159,2,0.001600318139
05282007,05/28/2007,"May 28, 2007",5996988,1,0.058207110025,160202,2,0.001600747451
06232007,06/23/2007,"June 23, 2007",2721261,1,0.026845692808,160245,2,0.001601176763
07012007,07/01/2007,"July 01, 2007",7049041,1,0.068063333222,160288,3,0.001601606074
07142007,07/14/2007,"July 14, 2007",5659207,1,0.055020533756,160331,3,0.001602035385
07172007,07/17/2007,"July 17, 2007",6169148,1,0.059827105788,159572,4,0.001594457516
08252007,08/25/2007,"August 25, 2007",9163132,1,0.087558523494,160417,2,0.001602894007
08282007,08/28/2007,"August 28, 2007",1753091,1,0.017378147645,160460,2,0.001603323318
08292007,08/29/2007,"August 29, 2007",5781480,1,0.056175282394,160503,2,0.001603752628
09292007,09/29/2007,"September 29, 2007",4819688,1,0.047053857421,160546,2,0.001604181939
10042007,10/04/2007,"October 04, 2007",1657143,1,0.016434889174,160589,2,0.001604611249
10072007,10/07/2007,"October 07, 2007",2065371,1,0.020441892975,160632,2,0.001605040559
11212007,11/21/2007,"November 21, 2007",5552948,1,0.054015874339,160675,2,0.001605469868
12022007,12/02/2007,"December 02, 2007",77190,1,0.000771612162,160718,2,0.001605899178
12042007,12/04/2007,"December 04, 2007",2970897,1,0.029272006583,160759,2,0.001606308519
01082008,01/08/2008,"January 08, 2008",5532373,1,0.053821218079,160802,2,0.001606737829
01122008,01/12/2008,"January 12, 2008",5407425,1,0.052638247708,160845,2,0.001607167138
01222008,01/22/2008,"January 22, 2008",5671656,1,0.055138166929,160888,2,0.001607596446
02092008,02/09/2008,"February 09, 2008",9330131,1,0.089081020020,160931,2,0.001608025755
02162008,02/16/2008,"February 16, 2008",542083,1,0.005406173814,160974,2,0.001608455064
02262008,02/26/2008,"February 26, 2008",757387,1,0.007545270520,161016,2,0.001608874388
02282008,02/28/2008,"February 28, 2008",4319527,1,0.042275653020,161058,2,0.001609293712
03182008,03/18/2008,"March 18, 2008",7236163,1,0.069805561215,161101,2,0.001609723020
03212008,03/21/2008,"March 21, 2008",9217050,1,0.088050361088,161144,2,0.001610152328
04082008,04/08/2008,"April 08, 2008",5871511,1,0.057024634836,161187,2,0.001610581635
04142008,04/14/2008,"April 14, 2008",5380875,1,0.052386689767,161230,2,0.001611010943
05172008,05/17/2008,"May 17, 2008",1022814,1,0.010176020457,161273,2,0.001611440250
05272008,05/27/2008,"May 27, 2008",4401536,1,0.043060751218,161316,2,0.001611869557
06192008,06/19/2008,"June 19, 2008",8319960,1,0.079832546506,161359,2,0.001612298864
07052008,07/05/2008,"July 05, 2008",1889654,1,0.018719129688,161402,2,0.001612728170
07092008,07/09/2008,"July 09, 2008",5709701,1,0.055497571245,161445,2,0.001613157477
07102008,07/10/2008,"July 10, 2008",1716132,1,0.017014913311,161488,2,0.001613586783
07162008,07/16/2008,"July 16, 2008",2706769,1,0.026704653065,161531,2,0.001614016089
07192008,07/19/2008,"July 19, 2008",563677,1,0.005620923220,161574,2,0.001614445395
08142008,08/14/2008,"August 14, 2008",2882284,1,0.028411434144,161244,4,0.001611150717
08172008,08/17/2008,"August 17, 2008",6151916,1,0.059665081234,161287,4,0.001611580024
09072008,09/07/2008,"September 07, 2008",9380552,1,0.089540198713,161702,2,0.001615723328
09272008,09/27/2008,"September 27, 2008",6789514,1,0.065641564713,161745,2,0.001616152633
10022008,10/02/2008,"October 02, 2008",131157,1,0.001310720268,161788,2,0.001616581938
10042008,10/04/2008,"October 04, 2008",7809552,1,0.075123931812,161830,2,0.001617001259
10122008,10/12/2008,"October 12, 2008",8984759,1,0.085929521826,161873,2,0.001617430563
11112008,11/11/2008,"November 11, 2008",8249030,1,0.079179640199,161916,2,0.001617859868
11202008,11/20/2008,"November 20, 2008",6417170,1,0.062156052084,161959,3,0.001618289172
11212008,11/21/2008,"November 21, 2008",509637,1,0.005083415540,162002,2,0.001618718476
11252008,11/25/2008,"November 25, 2008",4200270,1,0.041132818365,162044,2,0.001619137796
12022008,12/02/2008,"December 02, 2008",6955773,1,0.067193729055,162087,2,0.001619567100
12102008,12/10/2008,"December 10, 2008",2821983,1,0.027825379836,162130,2,0.001619996403
12122008,12/12/2008,"December 12, 2008",4004286,1,0.039251749394,162173,2,0.001620425707
12152008,12/15/2008,"December 15, 2008",2207827,1,0.021836338814,162216,2,0.001620855010
12252008,12/25/2008,"December 25, 2008",2535080,1,0.025032176682,162259,2,0.001621284313
12262008,12/26/2008,"December 26, 2008",7893016,1,0.075895548325,162302,2,0.001621713615
02222009,02/22/2009,"February 22, 2009",216685,1,0.002164514075,162345,2,0.001622142918
02282009,02/28/2009,"February 28, 2009",2990274,1,0.029460086325,162387,2,0.001622562237
03182009,03/18/2009,"March 18, 2009",6001013,1,0.058245016426,162430,2,0.001622991539
04102009,04/10/2009,"April 10, 2009",1887365,1,0.018696667911,162473,2,0.001623420841
04122009,04/12/2009,"April 12, 2009",6479620,1,0.062741552793,162516,2,0.001623850143
04182009,04/18/2009,"April 18, 2009",7414881,1,0.071466501487,162559,2,0.001624279444
04272009,04/27/2009,"April 27, 2009",67898,1,0.000678759545,162602,2,0.001624708746
05012009,05/01/2009,"May 01, 2009",3214682,1,0.031635613615,162643,2,0.001625118080
05052009,05/05/2009,"May 05, 2009",5651522,1,0.054947909293,162686,2,0.001625547381
05102009,05/10/2009,"May 10, 2009",8729731,1,0.083595411090,162729,2,0.001625976682
05232009,05/23/2009,"May 23, 2009",3618462,1,0.035537791964,162772,2,0.001626405982
05272009,05/27/2009,"May 27, 2009",4609518,1,0.045048944368,162815,2,0.001626835283
06082009,06/08/2009,"June 08, 2009",971077,1,0.009663782722,162858,2,0.001627264583
06282009,06/28/2009,"June 28, 2009",617349,1,0.006154483164,162900,2,0.001627683900
07122009,07/12/2009,"July 12, 2009",3700226,1,0.036326052551,162942,2,0.001628103216
07152009,07/15/2009,"July 15, 2009",3389495,1,0.033326961688,162985,2,0.001628532516
08062009,08/06/2009,"August 06, 2009",805814,1,0.008025770222,163028,2,0.001628961815
08082009,08/08/2009,"August 08, 2009",7871964,1,0.075700985375,163070,2,0.001629381131
08132009,08/13/2009,"August 13, 2009",9943558,1,0.094651739430,163113,2,0.001629810430
09062009,09/06/2009,"September 06, 2009",6363733,1,0.061654762483,163042,4,0.001629101587
09112009,09/11/2009,"September 11, 2009",931682,1,0.009273562907,163199,3,0.001630669028
10022009,10/02/2009,"October 02, 2009",551438,1,0.005499213715,163241,2,0.001631088344
10042009,10/04/2009,"October 04, 2009",9844574,1,0.093755145830,163283,2,0.001631507658
10122009,10/12/2009,"October 12, 2009",3935983,1,0.038595305350,163326,2,0.001631936957
10132009,10/13/2009,"October 13, 2009",6414079,1,0.062127062879,163369,2,0.001632366255
10242009,10/24/2009,"October 24, 2009",6109303,1,0.059264290922,163412,2,0.001632795553
11012009,11/01/2009,"November 01, 2009",8287483,1,0.079533655186,163455,2,0.001633224851
11042009,11/04/2009,"November 04, 2009",2883061,1,0.028418983358,163498,2,0.001633654148
11092009,11/09/2009,"November 09, 2009",7127330,1,0.068792651601,163541,2,0.001634083446
11242009,11/24/2009,"November 24, 2009",4064089,1,0.039826133909,163584,2,0.001634512743
12212009,12/21/2009,"December 21, 2009",932427,1,0.009280943792,163627,2,0.001634942040
01112010,01/11/2010,"January 11, 2010",7147547,1,0.068980894764,163669,2,0.001635361353
02052010,02/05/2010,"February 05, 2010",4003202,1,0.039241334826,163712,2,0.001635790650
02132010,02/13/2010,"February 13, 2010",2412958,1,0.023840799146,163755,2,0.001636219947
02262010,02/26/2010,"February 26, 2010",4244884,1,0.041560511961,163798,2,0.001636649243
04232010,04/23/2010,"April 23, 2010",8310360,1,0.079744206189,163841,2,0.001637078539
05022010,05/02/2010,"May 02, 2010",2088550,1,0.020668918438,163884,2,0.001637507835
05172010,05/17/2010,"May 17, 2010",1571755,1,0.015594683923,163927,2,0.001637937131
05232010,05/23/2010,"May 23, 2010",2376699,1,0.023486789402,163970,2,0.001638366426
06042010,06/04/2010,"June 04, 2010",5551488,1,0.054002062870,164013,2,0.001638795722
06052010,06/05/2010,"June 05, 2010",9425766,1,0.089951760963,164056,2,0.001639225017
06082010,06/08/2010,"June 08, 2010",7281736,1,0.070229382150,164099,2,0.001639654312
06122010,06/12/2010,"June 12, 2010",1970114,1,0.019508350738,164142,2,0.001640083607
06152010,06/15/2010,"June 15, 2010",7621727,1,0.073385150898,164185,2,0.001640512902
07132010,07/13/2010,"July 13, 2010",8801816,1,0.084255763309,164228,2,0.001640942196
07202010,07/20/2010,"July 20, 2010",4185764,1,0.040993715001,164271,2,0.001641371490
07232010,07/23/2010,"July 23, 2010",4041487,1,0.039609090883,164314,2,0.001641800785
07302010,07/30/2010,"July 30, 2010",3093812,1,0.030464443915,164357,2,0.001642230079
08192010,08/19/2010,"August 19, 2010",8301412,1,0.079661858016,164400,2,0.001642659372
08202010,08/20/2010,"August 20, 2010",8244853,1,0.079141176728,164443,2,0.001643088666
08212010,08/21/2010,"August 21, 2010",1690969,1,0.016767533649,164486,2,0.001643517959
09202010,09/20/2010,"September 20, 2010",9237203,1,0.088234127783,164529,2,0.001643947252
09212010,09/21/2010,"September 21, 2010",8320708,1,0.079839429333,164572,2,0.001644376545
10172010,10/17/2010,"October 17, 2010",5235273,1,0.051005940866,163941,4,0.001638076902
10182010,10/18/2010,"October 18, 2010",5106031,1,0.049778649035,164658,3,0.001645235131
11032010,11/03/2010,"November 03, 2010",6723491,1,0.065024469547,164701,2,0.001645664423
11052010,11/05/2010,"November 05, 2010",7716061,1,0.074258851595,164744,2,0.001646093716
11092010,11/09/2010,"November 09, 2010",4454998,1,0.043572213354,164787,2,0.001646523008
11252010,11/25/2010,"November 25, 2010",7496536,1,0.072224386055,164830,2,0.001646952300
11302010,11/30/2010,"November 30, 2010",3608501,1,0.035441717097,164873,2,0.001647381591
12042010,12/04/2010,"December 04, 2010",6406402,1,0.062055059609,164916,2,0.001647810883
12052010,12/05/2010,"December 05, 2010",952972,1,0.009484466116,164959,2,0.001648240174
12102010,12/10/2010,"December 10, 2010",5344537,1,0.052042283468,165001,2,0.001648659482
12162010,12/16/2010,"December 16, 2010",6666818,1,0.064494440681,165044,2,0.001649088773
12242010,12/24/2010,"December 24, 2010",1017342,1,0.010121855806,165087,2,0.001649518064
12262010,12/26/2010,"December 26, 2010",4182379,1,0.040961252089,165130,2,0.001649947354
01022011,01/02/2011,"January 02, 2011",2163285,1,0.021400548104,165173,2,0.001650376645
01282011,01/28/2011,"January 28, 2011",5155036,1,0.050244190934,165216,2,0.001650805935
02242011,02/24/2011,"February 24, 2011",7285566,1,0.070264991683,165259,2,0.001651235225
03042011,03/04/2011,"March 04, 2011",7557460,1,0.072789451928,165302,2,0.001651664515
03292011,03/29/2011,"March 29, 2011",7383388,2,0.071174032378,165345,2,0.001652093805
04072011,04/07/2011,"April 07, 2011",1071893,1,0.010661696980,165388,2,0.001652523094
04082011,04/08/2011,"April 08, 2011",9779824,1,0.093168162266,165431,2,0.001652952383
05062011,05/06/2011,"May 06, 2011",1065943,1,0.010602829599,165474,2,0.001653381673
05082011,05/08/2011,"May 08, 2011",4276147,1,0.041860102068,165517,2,0.001653810962
05122011,05/12/2011,"May 12, 2011",7321369,1,0.070597805129,165560,2,0.001654240250
05132011,05/13/2011,"May 13, 2011",3455290,1,0.033962775030,165603,2,0.001654669539
05252011,05/25/2011,"May 25, 2011",1375580,1,0.013661631312,165646,2,0.001655098827
06042011,06/04/2011,"June 04, 2011",5176435,1,0.050447407437,165689,2,0.001655528116
06082011,06/08/2011,"June 08, 2011",3830254,1,0.037578284221,165732,2,0.001655957404
06122011,06/12/2011,"June 12, 2011",1371209,1,0.013618517519,165775,2,0.001656386691
06162011,06/16/2011,"June 16, 2011",8838352,1,0.084590278513,165818,2,0.001656815979
06272011,06/27/2011,"June 27, 2011",930569,2,0.009262536060,165861,2,0.001657245267
07062011,07/06/2011,"July 06, 2011",8923659,1,0.085370854102,165903,2,0.001657664570
07082011,07/08/2011,"July 08, 2011",8704842,1,0.083367298763,165946,2,0.001658093858
07102011,07/10/2011,"July 10, 2011",8475361,1,0.081261385442,165989,2,0.001658523145
07172011,07/17/2011,"July 17, 2011",6214648,1,0.060254787154,166032,2,0.001658952431
08022011,08/02/2011,"August 02, 2011",8805272,1,0.084287410883,166075,2,0.001659381718
08062011,08/06/2011,"August 06, 2011",5405575,1,0.052620721353,166118,2,0.001659811004
08122011,08/12/2011,"August 12, 2011",7404053,1,0.071365954435,166161,2,0.001660240290
08212011,08/21/2011,"August 21, 2011",8265702,1,0.079333146574,166204,2,0.001660669576
08222011,08/22/2011,"August 22, 2011",764115,1,0.007612040629,166247,2,0.001661098862
08272011,08/27/2011,"August 27, 2011",330435,1,0.003298906644,166289,2,0.001661518165
08312011,08/31/2011,"August 31, 2011",2791549,1,0.027529463182,166331,2,0.001661937467
09012011,09/01/2011,"September 01, 2011",1821373,1,0.018048872487,166374,2,0.001662366752
09082011,09/08/2011,"September 08, 2011",6809494,1,0.065828230881,166417,2,0.001662796037
09192011,09/19/2011,"September 19, 2011",1329695,1,0.013208946097,166460,2,0.001663225322
10252011,10/25/2011,"October 25, 2011",7653620,1,0.073680629054,166503,2,0.001663654607
11172011,11/17/2011,"November 17, 2011",3654034,1,0.035880809451,166046,4,0.001659092199
12022011,12/02/2011,"December 02, 2011",1863526,1,0.018462707122,166589,2,0.001664513175
12062011,12/06/2011,"December 06, 2011",2717485,2,0.026808945808,166632,2,0.001664942460
12302011,12/30/2011,"December 30, 2011",4120347,1,0.040366156611,166675,2,0.001665371744
01022012,01/02/2012,"January 02, 2012",3204854,1,0.031540438085,166718,2,0.001665801027
02042012,02/04/2012,"February 04, 2012",2055217,1,0.020342423593,166761,2,0.001666230311
02062012,02/06/2012,"February 06, 2012",1506473,1,0.014951834628,166804,2,0.001666659594
02282012,02/28/2012,"February 28, 2012",2250728,1,0.022255890808,166847,2,0.001667088878
03042012,03/04/2012,"March 04, 2012",2057263,1,0.020362467183,166890,2,0.001667518161
03142012,03/14/2012,"March 14, 2012",9770791,1,0.093086244445,166933,2,0.001667947444
03202012,03/20/2012,"March 20, 2012",1497132,1,0.014859816981,166976,3,0.001668376726
03312012,03/31/2012,"March 31, 2012",4725277,1,0.046153746594,167019,2,0.001668806009
04042012,04/04/2012,"April 04, 2012",5466379,1,0.053196590762,167062,2,0.001669235291
04052012,04/05/2012,"April 05, 2012",2830664,1,0.027909770653,167105,2,0.001669664573
04132012,04/13/2012,"April 13, 2012",2565420,1,0.025327937054,167148,2,0.001670093855
04172012,04/17/2012,"April 17, 2012",5104742,2,0.049766400602,167191,2,0.001670523137
05232012,05/23/2012,"May 23, 2012",7704717,1,0.074153829561,167234,2,0.001670952419
06132012,06/13/2012,"June 13, 2012",8051382,1,0.077357857390,167277,2,0.001671381700
07102012,07/10/2012,"July 10, 2012",4752742,1,0.046415684498,167320,2,0.001671810981
07212012,07/21/2012,"July 21, 2012",573443,1,0.005718029539,167363,2,0.001672240262
08072012,08/07/2012,"August 07, 2012",4555943,1,0.044537192262,167405,2,0.001672659560
08152012,08/15/2012,"August 15, 2012",8979373,1,0.085880288663,167448,2,0.001673088841
08252012,08/25/2012,"August 25, 2012",7823537,1,0.075253266687,167491,2,0.001673518121
09052012,09/05/2012,"September 05, 2012",2829951,1,0.027902839625,167534,2,0.001673947401
09272012,09/27/2012,"September 27, 2012",5594787,1,0.054411581856,167577,2,0.001674376681
09282012,09/28/2012,"September 28, 2012",2239136,2,0.022142544140,167620,2,0.001674805961
10092012,10/09/2012,"October 09, 2012",1617943,1,0.016049256068,167663,2,0.001675235241
10132012,10/13/2012,"October 13, 2012",8372388,1,0.080314845462,167706,2,0.001675664521
10182012,10/18/2012,"October 18, 2012",3225675,1,0.031742060062,167749,2,0.001676093800
10312012,10/31/2012,"October 31, 2012",1896149,2,0.018782861811,167792,2,0.001676523079
11012012,11/01/2012,"November 01, 2012",8496348,1,0.081454180885,167835,2,0.001676952358
11082012,11/08/2012,"November 08, 2012",6111477,1,0.059284742295,167878,2,0.001677381637
11102012,11/10/2012,"November 10, 2012",276089,1,0.002757092248,167921,2,0.001677810916
11162012,11/16/2012,"November 16, 2012",4119235,1,0.040355485423,167963,2,0.001678230211
11302012,11/30/2012,"November 30, 2012",1535662,1,0.015239318381,168006,2,0.001678659489
12092012,12/09/2012,"December 09, 2012",4479099,1,0.043802694242,167677,4,0.001675375007
12202012,12/20/2012,"December 20, 2012",2639787,1,0.026052501982,166990,4,0.001668516493
01062013,01/06/2013,"January 06, 2013",5420674,1,0.052763755353,168135,2,0.001679947323
01082013,01/08/2013,"January 08, 2013",5861491,1,0.056930143970,168178,2,0.001680376600
01272013,01/27/2013,"January 27, 2013",5605337,1,0.054511336173,168221,2,0.001680805878
01302013,01/30/2013,"January 30, 2013",6796953,1,0.065711069052,168264,2,0.001681235155
02042013,02/04/2013,"February 04, 2013",3389944,1,0.033331302040,168307,2,0.001681664432
02282013,02/28/2013,"February 28, 2013",6861303,1,0.066312090586,168350,2,0.001682093709
03122013,03/12/2013,"March 12, 2013",4424010,1,0.043275789583,168393,2,0.001682522985
03162013,03/16/2013,"March 16, 2013",3334836,2,0.032798443438,168436,2,0.001682952262
04142013,04/14/2013,"April 14, 2013",1409151,1,0.013992699394,168479,2,0.001683381538
04252013,04/25/2013,"April 25, 2013",351590,1,0.003509736461,168522,2,0.001683810814
04292013,04/29/2013,"April 29, 2013",1867033,1,0.018497129031,168564,2,0.001684230107
05162013,05/16/2013,"May 16, 2013",3761652,1,0.036917817148,168607,2,0.001684659383
05262013,05/26/2013,"May 26, 2013",3206299,1,0.031554432225,168650,2,0.001685088658
06202013,06/20/2013,"June 20, 2013",9518649,1,0.090796648638,168693,2,0.001685517933
06252013,06/25/2013,"June 25, 2013",2333681,1,0.023066622577,168736,2,0.001685947209
07162013,07/16/2013,"July 16, 2013",3711533,1,0.036435009005,168779,2,0.001686376483
07282013,07/28/2013,"July 28, 2013",9677821,1,0.092242694655,168822,2,0.001686805758
08052013,08/05/2013,"August 05, 2013",1704828,1,0.016903790395,168865,2,0.001687235033
09062013,09/06/2013,"September 06, 2013",4606174,1,0.045017010271,168908,2,0.001687664307
09082013,09/08/2013,"September 08, 2013",4289966,1,0.041992498274,168951,2,0.001688093581
09152013,09/15/2013,"September 15, 2013",434273,1,0.004333323983,168994,2,0.001688522855
09262013,09/26/2013,"September 26, 2013",1883227,1,0.018656060739,169036,2,0.001688942146
10152013,10/15/2013,"October 15, 2013",2274749,1,0.022490726517,169079,2,0.001689371420
10172013,10/17/2013,"October 17, 2013",8321665,1,0.079848235227,169122,2,0.001689800693
11042013,11/04/2013,"November 04, 2013",2847885,2,0.028077159900,169165,2,0.001690229967
11052013,11/05/2013,"November 05, 2013",3028776,1,0.029833691679,169208,2,0.001690659240
12132013,12/13/2013,"December 13, 2013",7026946,1,0.067857399064,169251,2,0.001691088513
12192013,12/19/2013,"December 19, 2013",4596418,1,0.044923837584,169294,2,0.001691517785
01152014,01/15/2014,"January 15, 2014",9482422,1,0.090467211867,169337,2,0.001691947058
01222014,01/22/2014,"January 22, 2014",9079586,1,0.086795896603,169380,2,0.001692376330
01262014,01/26/2014,"January 26, 2014",8658015,1,0.082937966650,169423,2,0.001692805603
02122014,02/12/2014,"February 12, 2014",5979035,1,0.058038014767,169466,2,0.001693234875
03012014,03/01/2014,"March 01, 2014",5700875,1,0.055414205781,169509,2,0.001693664146
03192014,03/19/2014,"March 19, 2014",7369466,1,0.071044712224,169552,2,0.001694093418
03222014,03/22/2014,"March 22, 2014",9326816,2,0.089050822555,169595,2,0.001694522689
03272014,03/27/2014,"March 27, 2014",4534870,1,0.044335826366,169638,2,0.001694951961
03302014,03/30/2014,"March 30, 2014",8998698,1,0.086056925231,169681,2,0.001695381232
04062014,04/06/2014,"April 06, 2014",6500536,1,0.062937569272,169724,2,0.001695810503
04132014,04/13/2014,"April 13, 2014",1860283,1,0.018430875351,169767,2,0.001696239773
04212014,04/21/2014,"April 21, 2014",1214475,1,0.012071310167,169810,2,0.001696669044
05032014,05/03/2014,"May 03, 2014",323867,1,0.003233441165,169853,2,0.001697098314
05102014,05/10/2014,"May 10, 2014",8459193,1,0.081112831772,169895,2,0.001697517601
05262014,05/26/2014,"May 26, 2014",3615191,1,0.035506243889,169938,2,0.001697946871
05282014,05/28/2014,"May 28, 2014",1774039,1,0.017583965715,169981,2,0.001698376141
05312014,05/31/2014,"May 31, 2014",2977051,1,0.029331743346,170024,2,0.001698805411
06182014,06/18/2014,"June 18, 2014",1910321,1,0.018921910052,170067,2,0.001699234680
06192014,06/19/2014,"June 19, 2014",7201255,1,0.069480792255,170110,2,0.001699663949
06212014,06/21/2014,"June 21, 2014",9153026,1,0.087466307498,170153,2,0.001700093219
07012014,07/01/2014,"July 01, 2014",2522426,1,0.024908796446,170196,2,0.001700522487
07092014,07/09/2014,"July 09, 2014",8297060,1,0.079621804028,170239,2,0.001700951756
07122014,07/12/2014,"July 12, 2014",2673865,1,0.026384347267,170282,2,0.001701381025
08012014,08/01/2014,"August 01, 2014",9966408,1,0.094858587877,170325,2,0.001701810293
08022014,08/02/2014,"August 02, 2014",7075117,1,0.068306313349,170368,2,0.001702239561
08042014,08/04/2014,"August 04, 2014",4711227,2,0.046019721779,170411,2,0.001702668829
08072014,08/07/2014,"August 07, 2014",3386594,1,0.033298918096,170454,2,0.001703098097
08252014,08/25/2014,"August 25, 2014",791988,1,0.007888610382,170497,2,0.001703527364
09132014,09/13/2014,"September 13, 2014",7545828,1,0.072681592523,170539,2,0.001703946649
09262014,09/26/2014,"September 26, 2014",8227295,2,0.078979478140,170582,2,0.001704375916
09282014,09/28/2014,"September 28, 2014",3661664,1,0.035954368940,170625,2,0.001704805183
09292014,09/29/2014,"September 29, 2014",6795152,1,0.065694242357,170668,2,0.001705234450
10222014,10/22/2014,"October 22, 2014",8125553,1,0.078041936575,170711,2,0.001705663717
10242014,10/24/2014,"October 24, 2014",1244139,1,0.012364325875,170754,2,0.001706092983
11162014,11/16/2014,"November 16, 2014",6552443,1,0.063423844057,170797,2,0.001706522249
11262014,11/26/2014,"November 26, 2014",9543556,1,0.091023075719,170840,2,0.001706951515
12132014,12/13/2014,"December 13, 2014",3241941,1,0.031899544091,170883,2,0.001707380781
12152014,12/15/2014,"December 15, 2014",5770918,1,0.056075590362,170926,2,0.001707810047
12232014,12/23/2014,"December 23, 2014",2429993,1,0.024007073705,170969,2,0.001708239313
12272014,12/27/2014,"December 27, 2014",1007269,1,0.010022140357,171012,2,0.001708668578
01042015,01/04/2015,"January 04, 2015",1952193,1,0.019332621082,171055,2,0.001709097843
02022015,02/02/2015,"February 02, 2015",8889286,1,0.085056414585,171098,2,0.001709527108
03052015,03/05/2015,"March 05, 2015",4133549,1,0.040492839110,171141,2,0.001709956373
03112015,03/11/2015,"March 11, 2015",102545,1,0.001024934406,171184,2,0.001710385638
03122015,03/12/2015,"March 12, 2015",8944212,1,0.085558818516,171226,2,0.001710804919
04092015,04/09/2015,"April 09, 2015",3204950,1,0.031541367806,171269,2,0.001711234183
04282015,04/28/2015,"April 28, 2015",3726723,1,0.036581363413,171312,2,0.001711663448
05022015,05/02/2015,"May 02, 2015",705613,1,0.007031303964,171355,2,0.001712092711
05112015,05/11/2015,"May 11, 2015",1426491,1,0.014163658239,171397,2,0.001712511992
05252015,05/25/2015,"May 25, 2015",243413,1,0.002431179908,171440,2,0.001712941256
05292015,05/29/2015,"May 29, 2015",7465100,1,0.071932684663,171482,2,0.001713360536
06212015,06/21/2015,"June 21, 2015",8990287,1,0.085980050245,171525,2,0.001713789799
06242015,06/24/2015,"June 24, 2015",3183202,2,0.031330724516,171568,2,0.001714219062
06292015,06/29/2015,"June 29, 2015",4089522,1,0.040070303880,171611,2,0.001714648325
07012015,07/01/2015,"July 01, 2015",2417935,1,0.023889381381,171654,2,0.001715077588
09182015,09/18/2015,"September 18, 2015",9967720,1,0.094870463254,171697,2,0.001715506850
09222015,09/22/2015,"September 22, 2015",6915110,1,0.066814344908,171740,2,0.001715936113
10082015,10/08/2015,"October 08, 2015",2989778,1,0.029455272435,171783,2,0.001716365375
12142015,12/14/2015,"December 14, 2015",2602046,1,0.025684855081,171826,2,0.001716794636
12182015,12/18/2015,"December 18, 2015",7554155,1,0.072758807113,171869,2,0.001717223898
12212015,12/21/2015,"December 21, 2015",8359940,1,0.080200355927,171912,2,0.001717653160
12222015,12/22/2015,"December 22, 2015",1102147,1,0.010960966121,171955,2,0.001718082421
12232015,12/23/2015,"December 23, 2015",4000573,1,0.039216076149,171998,2,0.001718511682
12272015,12/27/2015,"December 27, 2015",7671048,1,0.073842053928,172041,2,0.001718940943
12292015,12/29/2015,"December 29, 2015",3905445,2,0.038301666748,172084,2,0.001719370204
01052016,01/05/2016,"January 05, 2016",155009,1,0.001548899231,172127,2,0.001719799464
02072016,02/07/2016,"February 07, 2016",8377508,1,0.080361932137,172169,2,0.001720218742
02122016,02/12/2016,"February 12, 2016",8515744,1,0.081632324757,172212,2,0.001720648002
02182016,02/18/2016,"February 18, 2016",5157180,1,0.050264553480,172255,2,0.001721077262
03052016,03/05/2016,"March 05, 2016",2052196,1,0.020312827691,172298,2,0.001721506522
03302016,03/30/2016,"March 30, 2016",9696693,1,0.092413990451,172341,2,0.001721935782
04012016,04/01/2016,"April 01, 2016",352652,1,0.003520319131,172384,2,0.001722365041
04162016,04/16/2016,"April 16, 2016",667495,1,0.006652732006,172426,2,0.001722784318
04182016,04/18/2016,"April 18, 2016",8277660,1,0.079443233335,172468,2,0.001723203594
04272016,04/27/2016,"April 27, 2016",783779,1,0.007807164614,172511,2,0.001723632853
05012016,05/01/2016,"May 01, 2016",5584099,1,0.054310511964,172553,2,0.001724052129
05162016,05/16/2016,"May 16, 2016",2443310,1,0.024137038030,172596,2,0.001724481388
05182016,05/18/2016,"May 18, 2016",6647005,1,0.064309070600,172639,2,0.001724910646
05192016,05/19/2016,"May 19, 2016",9755240,1,0.092945199319,172682,2,0.001725339904
06142016,06/14/2016,"June 14, 2016",9333474,1,0.089111471533,172725,2,0.001725769162
07112016,07/11/2016,"July 11, 2016",4830913,1,0.047160819623,172768,2,0.001726198420
08112016,08/11/2016,"August 11, 2016",1976665,1,0.019572580642,172811,2,0.001726627678
09092016,09/09/2016,"September 09, 2016",1974335,1,0.019549736417,172854,2,0.001727056935
09272016,09/27/2016,"September 27, 2016",8325355,1,0.079882188201,172897,2,0.001727486192
09302016,09/30/2016,"September 30, 2016",7382435,1,0.071165180624,172940,2,0.001727915450
10112016,10/11/2016,"October 11, 2016",7205998,1,0.069524925735,172983,2,0.001728344706
11172016,11/17/2016,"November 17, 2016",3985461,1,0.039070871509,173026,2,0.001728773963
12032016,12/03/2016,"December 03, 2016",4555429,1,0.044532281170,173069,2,0.001729203220
12132016,12/13/2016,"December 13, 2016",7884416,1,0.075816071924,173112,2,0.001729632476
01072017,01/07/2017,"January 07, 2017",4150655,2,0.040656958369,173155,2,0.001730061732
01102017,01/10/2017,"January 10, 2017",6628635,1,0.064137168386,173198,2,0.001730490988
01192017,01/19/2017,"January 19, 2017",4550898,1,0.044488987947,173241,2,0.001730920244
01232017,01/23/2017,"January 23, 2017",3371840,1,0.033156280495,173284,2,0.001731349500
02032017,02/03/2017,"February 03, 2017",6588130,1,0.063758020360,173327,2,0.001731778755
02102017,02/10/2017,"February 10, 2017",1079166,1,0.010733648939,173370,2,0.001732208010
03072017,03/07/2017,"March 07, 2017",1440206,1,0.014298856423,173413,2,0.001732637265
03212017,03/21/2017,"March 21, 2017",605556,1,0.006037272050,173456,2,0.001733066520
03302017,03/30/2017,"March 30, 2017",2085795,1,0.020641937495,173498,2,0.001733485792
04022017,04/02/2017,"April 02, 2017",729461,1,0.007268078907,173541,2,0.001733915047
04092017,04/09/2017,"April 09, 2017",55129,1,0.000551148068,173583,2,0.001734334318
04302017,04/30/2017,"April 30, 2017",3756106,1,0.036864403129,173624,2,0.001734743607
05222017,05/22/2017,"May 22, 2017",7422217,1,0.071534616207,173667,2,0.001735172861
05242017,05/24/2017,"May 24, 2017",2303984,1,0.022776459586,173710,2,0.001735602115
05272017,05/27/2017,"May 27, 2017",1926967,1,0.019085206721,173753,2,0.001736031369
06032017,06/03/2017,"June 03, 2017",1807178,1,0.017909474629,173796,2,0.001736460622
06062017,06/06/2017,"June 06, 2017",5873355,1,0.057042023142,173839,2,0.001736889875
06172017,06/17/2017,"June 17, 2017",4098325,1,0.040154802772,173882,2,0.001737319128
06242017,06/24/2017,"June 24, 2017",5188762,1,0.050564451572,173925,2,0.001737748381
06272017,06/27/2017,"June 27, 2017",1197511,1,0.011903703727,173968,2,0.001738177634
07112017,07/11/2017,"July 11, 2017",1786768,1,0.017709009494,174011,2,0.001738606886
07132017,07/13/2017,"July 13, 2017",8072246,1,0.077550337368,174054,2,0.001739036139
07272017,07/27/2017,"July 27, 2017",910852,1,0.009067173094,174097,2,0.001739465391
08102017,08/10/2017,"August 10, 2017",8260232,1,0.079282784719,174139,2,0.001739884660
08172017,08/17/2017,"August 17, 2017",5101501,1,0.049735603032,174182,2,0.001740313912
08192017,08/19/2017,"August 19, 2017",8787514,1,0.084124784201,174225,2,0.001740743164
08252017,08/25/2017,"August 25, 2017",6798626,1,0.065726699575,174268,2,0.001741172415
09102017,09/10/2017,"September 10, 2017",8069846,1,0.077528198311,174311,2,0.001741601666
09182017,09/18/2017,"September 18, 2017",8894032,1,0.085099836777,174354,2,0.001742030917
09232017,09/23/2017,"September 23, 2017",2494620,1,0.024637624884,174397,2,0.001742460168
09252017,09/25/2017,"September 25, 2017",191167,1,0.001909853923,174440,2,0.001742889419
10192017,10/19/2017,"October 19, 2017",6487401,1,0.062814478037,174482,2,0.001743308687
10212017,10/21/2017,"October 21, 2017",6714310,1,0.064938625502,174525,2,0.001743737937
10302017,10/30/2017,"October 30, 2017",5596908,1,0.054431637574,174568,2,0.001744167187
11062017,11/06/2017,"November 06, 2017",8344130,1,0.080054924106,174611,2,0.001744596437
11102017,11/10/2017,"November 10, 2017",667933,1,0.006657082857,174654,2,0.001745025687
11232017,11/23/2017,"November 23, 2017",3014056,1,0.029690872686,174696,2,0.001745444954
11252017,11/25/2017,"November 25, 2017",7611218,1,0.073287767825,174739,2,0.001745874203
12092017,12/09/2017,"December 09, 2017",3262366,1,0.032097258419,174782,2,0.001746303452
12102017,12/10/2017,"December 10, 2017",7257400,1,0.070003085635,174825,2,0.001746732701
12122017,12/12/2017,"December 12, 2017",4832190,1,0.047172987302,174868,2,0.001747161950
12262017,12/26/2017,"December 26, 2017",2358620,1,0.023310229617,174911,2,0.001747591199
01192018,01/19/2018,"January 19, 2018",9837620,1,0.093692123371,174954,2,0.001748020447
02022018,02/02/2018,"February 02, 2018",2993122,1,0.029487726909,174997,2,0.001748449695
02042018,02/04/2018,"February 04, 2018",1727081,1,0.017122534458,175040,2,0.001748878943
02152018,02/15/2018,"February 15, 2018",2249310,1,0.022242026298,175083,2,0.001749308191
02242018,02/24/2018,"February 24, 2018",744258,1,0.007414962584,175126,2,0.001749737439
02262018,02/26/2018,"February 26, 2018",2060928,1,0.020398370241,175168,2,0.001750156704
03062018,03/06/2018,"March 06, 2018",6909764,1,0.066764455469,175211,2,0.001750585951
03092018,03/09/2018,"March 09, 2018",31775,1,0.000317709523,175254,2,0.001751015199
04132018,04/13/2018,"April 13, 2018",2209043,1,0.021848233212,175295,2,0.001751424481
04152018,04/15/2018,"April 15, 2018",3125312,1,0.030769799523,175338,2,0.001751853727
05162018,05/16/2018,"May 16, 2018",4344008,1,0.042510084823,175381,2,0.001752282974
06022018,06/02/2018,"June 02, 2018",3760728,1,0.036908918228,175424,2,0.001752712220
06072018,06/07/2018,"June 07, 2018",1473949,1,0.014631405454,175467,2,0.001753141467
06122018,06/12/2018,"June 12, 2018",6613581,1,0.063996272989,175510,2,0.001753570713
06242018,06/24/2018,"June 24, 2018",7499405,1,0.072251003556,175553,2,0.001753999959
07252018,07/25/2018,"July 25, 2018",6633219,1,0.064180067355,175596,2,0.001754429204
08062018,08/06/2018,"August 06, 2018",2130967,1,0.021084233219,175639,2,0.001754858450
08092018,08/09/2018,"August 09, 2018",6406652,1,0.062057404468,175682,2,0.001755287695
08132018,08/13/2018,"August 13, 2018",9899513,1,0.094252890955,175725,2,0.001755716940
08292018,08/29/2018,"August 29, 2018",2171148,1,0.021477492354,175768,2,0.001756146185
09132018,09/13/2018,"September 13, 2018",5765443,1,0.056023909085,175811,2,0.001756575430
10142018,10/14/2018,"October 14, 2018",6555904,2,0.063456258397,175854,2,0.001757004675
10312018,10/31/2018,"October 31, 2018",3684912,1,0.036178464220,175897,2,0.001757433919
11152018,11/15/2018,"November 15, 2018",1951970,1,0.019330434191,175940,2,0.001757863163
12202018,12/20/2018,"December 20, 2018",6247961,1,0.060567792342,175983,2,0.001758292407
01042019,01/04/2019,"January 04, 2019",7108690,1,0.068619058371,176026,2,0.001758721651
01192019,01/19/2019,"January 19, 2019",9962526,1,0.094823449605,176069,2,0.001759150895
02062019,02/06/2019,"February 06, 2019",5952699,1,0.057789906987,176112,2,0.001759580138
02212019,02/21/2019,"February 21, 2019",6329224,1,0.061330893043,176155,2,0.001760009381
02262019,02/26/2019,"February 26, 2019",1152024,1,0.011454146122,176198,2,0.001760438625
03242019,03/24/2019,"March 24, 2019",8143783,1,0.078209994213,176241,2,0.001760867867
04072019,04/07/2019,"April 07, 2019",9722524,1,0.092648398720,176284,2,0.001761297110
05082019,05/08/2019,"May 08, 2019",6383510,1,0.061840320673,8756,3,0.000087566167
05212019,05/21/2019,"May 21, 2019",9298667,1,0.088794363375,176370,2,0.001762155595
05252019,05/25/2019,"May 25, 2019",1241223,1,0.012335525998,176413,2,0.001762584837
05282019,05/28/2019,"May 28, 2019",7522880,1,0.072468767074,176456,2,0.001763014079
06082019,06/08/2019,"June 08, 2019",5531466,1,0.053812636198,176499,2,0.001763443321
06212019,06/21/2019,"June 21, 2019",3191742,1,0.031413445341,176542,2,0.001763872563
06222019,06/22/2019,"June 22, 2019",8922856,1,0.085363509601,176585,2,0.001764301804
06232019,06/23/2019,"June 23, 2019",8340467,1,0.080021225900,176628,2,0.001764731045
07032019,07/03/2019,"July 03, 2019",7285920,1,0.070268282939,176671,2,0.001765160287
07102019,07/10/2019,"July 10, 2019",9467573,1,0.090332145314,176714,2,0.001765589527
07242019,07/24/2019,"July 24, 2019",7412839,1,0.071447540639,176757,2,0.001766018768
07292019,07/29/2019,"July 29, 2019",3016748,1,0.029716993056,176800,2,0.001766448009
08012019,08/01/2019,"August 01, 2019",6459846,1,0.062556200981,176843,2,0.001766877249
08082019,08/08/2019,"August 08, 2019",6010968,1,0.058338763469,176886,2,0.001767306489
08132019,08/13/2019,"August 13, 2019",672872,2,0.006706142853,176929,2,0.001767735729
08142019,08/14/2019,"August 14, 2019",9697273,1,0.092419254435,176971,2,0.001768154987
08242019,08/24/2019,"August 24, 2019",1249119,1,0.012413508907,177014,2,0.001768584226
08312019,08/31/2019,"August 31, 2019",8023667,1,0.077102111679,177057,2,0.001769013466
09172019,09/17/2019,"September 17, 2019",938895,1,0.009345021429,177100,2,0.001769442705
09212019,09/21/2019,"September 21, 2019",5384,1,0.000053848551,177142,2,0.001769861962
10092019,10/09/2019,"October 09, 2019",5570212,1,0.054179174944,177182,2,0.001770261254
10142019,10/14/2019,"October 14, 2019",620511,1,0.006185908063,177225,2,0.001770690492
11062019,11/06/2019,"November 06, 2019",1095732,1,0.010897517231,177267,2,0.001771109749
11282019,11/28/2019,"November 28, 2019",8412384,1,0.080682609190,177310,2,0.001771538987
12022019,12/02/2019,"December 02, 2019",4452640,1,0.043549660520,177353,2,0.001771968225
12052019,12/05/2019,"December 05, 2019",3176642,1,0.031267177726,177396,2,0.001772397463
12072019,12/07/2019,"December 07, 2019",1779888,1,0.017641425549,177439,2,0.001772826701
12112019,12/11/2019,"December 11, 2019",53217,1,0.000532038423,19086,3,0.000190851787
12212019,12/21/2019,"December 21, 2019",7781229,2,0.074861942060,177523,2,0.001773665211
12222019,12/22/2019,"December 22, 2019",1989185,2,0.019695322473,177566,2,0.001774094448
12232019,12/23/2019,"December 23, 2019",4139843,1,0.040553228590,177609,2,0.001774523686
01152020,01/15/2020,"January 15, 2020",2749290,1,0.027118420009,177652,2,0.001774952922
01262020,01/26/2020,"January 26, 2020",5896168,1,0.057257115612,177695,2,0.001775382159
01272020,01/27/2020,"January 27, 2020",7647796,2,0.073626678642,177738,2,0.001775811396
02072020,02/07/2020,"February 07, 2020",8719688,1,0.083503371955,177781,2,0.001776240632
02092020,02/09/2020,"February 09, 2020",348497,1,0.003478914540,177824,2,0.001776669868
02232020,02/23/2020,"February 23, 2020",9932611,1,0.094552625530,177866,2,0.001777089122
03192020,03/19/2020,"March 19, 2020",2755148,1,0.027175409743,177909,2,0.001777518358
03202020,03/20/2020,"March 20, 2020",5153888,2,0.050233287674,177952,2,0.001777947593
03292020,03/29/2020,"March 29, 2020",3459058,1,0.033999174627,177995,2,0.001778376828
04022020,04/02/2020,"April 02, 2020",292796,1,0.002923687706,178038,2,0.001778806064
05012020,05/01/2020,"May 01, 2020",632663,1,0.006306669015,178080,2,0.001779225317
05052020,05/05/2020,"May 05, 2020",384032,1,0.003832965402,178122,2,0.001779644569
05152020,05/15/2020,"May 15, 2020",2398845,1,0.023703024075,178164,2,0.001780063822
06072020,06/07/2020,"June 07, 2020",1401864,1,0.013920846423,178207,2,0.001780493056
06242020,06/24/2020,"June 24, 2020",71180,2,0.000711556730,178250,2,0.001780922290
06272020,06/27/2020,"June 27, 2020",7188789,1,0.069364786499,178291,2,0.001781331560
08022020,08/02/2020,"August 02, 2020",4573096,1,0.044701068743,178334,2,0.001781760794
08042020,08/04/2020,"August 04, 2020",2862884,1,0.028222927676,178377,2,0.001782190028
08102020,08/10/2020,"August 10, 2020",4288987,1,0.041983119334,178420,2,0.001782619261
08112020,08/11/2020,"August 11, 2020",1280056,1,0.012718991287,161965,3,0.001618349075
08212020,08/21/2020,"August 21, 2020",2170295,1,0.021469145522,178506,2,0.001783477728
09132020,09/13/2020,"September 13, 2020",9388862,1,0.089615854779,178549,2,0.001783906961
09152020,09/15/2020,"September 15, 2020",6464039,1,0.062595507176,178592,2,0.001784336194
09212020,09/21/2020,"September 21, 2020",9835715,1,0.093674858042,178635,2,0.001784765426
09282020,09/28/2020,"September 28, 2020",1296306,1,0.012879411418,178678,2,0.001785194659
10152020,10/15/2020,"October 15, 2020",1637945,1,0.016246046216,178721,2,0.001785623891
10172020,10/17/2020,"October 17, 2020",9389833,1,0.089624694567,178764,2,0.001786053123
10212020,10/21/2020,"October 21, 2020",9119417,1,0.087159562502,178807,2,0.001786482355
11132020,11/13/2020,"November 13, 2020",5953807,1,0.057800346617,178850,2,0.001786911587
11162020,11/16/2020,"November 16, 2020",5613424,1,0.054587794750,178893,2,0.001787340819
11202020,11/20/2020,"November 20, 2020",5532662,1,0.053823952532,178936,2,0.001787770050
11252020,11/25/2020,"November 25, 2020",1478259,1,0.014673873926,178979,2,0.001788199281
11262020,11/26/2020,"November 26, 2020",4363718,1,0.042698787490,179022,2,0.001788628512
12032020,12/03/2020,"December 03, 2020",5280916,1,0.051438991393,166982,3,0.001668436626
12222020,12/22/2020,"December 22, 2020",4369312,1,0.042752337423,179108,2,0.001789486973
01092021,01/09/2021,"January 09, 2021",3316848,1,0.032624447572,179151,2,0.001789916204
01102021,01/10/2021,"January 10, 2021",9547250,1,0.091056652707,179194,2,0.001790345434
01132021,01/13/2021,"January 13, 2021",2478718,1,0.024482510425,179237,2,0.001790774664
01202021,01/20/2021,"January 20, 2021",1121322,1,0.011150596176,179280,2,0.001791203894
01302021,01/30/2021,"January 30, 2021",7228888,1,0.069737887107,179323,2,0.001791633124
03032021,03/03/2021,"March 03, 2021",5591282,1,0.054378438401,179366,2,0.001792062353
03062021,03/06/2021,"March 06, 2021",8301222,1,0.079660109371,179409,2,0.001792491583
03142021,03/14/2021,"March 14, 2021",589239,1,0.005875073917,179452,2,0.001792920812
03272021,03/27/2021,"March 27, 2021",5763189,1,0.056002631624,179494,2,0.001793340059
04022021,04/02/2021,"April 02, 2021",2397113,1,0.023686114465,179537,2,0.001793769287
04122021,04/12/2021,"April 12, 2021",6792140,2,0.065666100643,179580,2,0.001794198516
05062021,05/06/2021,"May 06, 2021",8366672,1,0.080262274756,179623,2,0.001794627744
05142021,05/14/2021,"May 14, 2021",6765886,1,0.065420768415,179666,2,0.001795056973
05212021,05/21/2021,"May 21, 2021",4091087,1,0.040085326662,179709,2,0.001795486201
06062021,06/06/2021,"June 06, 2021",6286427,1,0.060929084846,179752,2,0.001795915429
06162021,06/16/2021,"June 16, 2021",3605853,1,0.035416175255,179795,2,0.001796344656
07042021,07/04/2021,"July 04, 2021",4073524,1,0.039916722041,179838,2,0.001796773884
07072021,07/07/2021,"July 07, 2021",3217651,1,0.031664363927,179881,2,0.001797203111
07122021,07/12/2021,"July 12, 2021",535819,1,0.005343870505,179924,2,0.001797632338
07132021,07/13/2021,"July 13, 2021",8207702,1,0.078799004907,179966,2,0.001798051583
07302021,07/30/2021,"July 30, 2021",2333785,1,0.023067638587,180009,2,0.001798480810
08232021,08/23/2021,"August 23, 2021",2345779,1,0.023184804829,180052,2,0.001798910036
08312021,08/31/2021,"August 31, 2021",7019118,1,0.067784428084,180095,2,0.001799339263
09062021,09/06/2021,"September 06, 2021",3718220,1,0.036499440442,180138,2,0.001799768489
09182021,09/18/2021,"September 18, 2021",3861468,1,0.037878647659,180181,2,0.001800197715
09232021,09/23/2021,"September 23, 2021",8553861,1,0.081982312261,180224,2,0.001800626941
10182021,10/18/2021,"October 18, 2021",4215308,1,0.041277001972,180267,2,0.001801056166
11052021,11/05/2021,"November 05, 2021",5183603,1,0.050515468928,180310,2,0.001801485392
11142021,11/14/2021,"November 14, 2021",1234999,1,0.012274051848,180353,2,0.001801914617
11232021,11/23/2021,"November 23, 2021",3582304,1,0.035188998660,180396,2,0.001802343842
12012021,12/01/2021,"December 01, 2021",9958976,1,0.094791315266,180439,2,0.001802773067
12022021,12/02/2021,"December 02, 2021",2811441,1,0.027722887785,180482,2,0.001803202292
12032021,12/03/2021,"December 03, 2021",1606562,1,0.015937266260,180525,2,0.001803631516
12102021,12/10/2021,"December 10, 2021",7098485,1,0.068524006095,180568,2,0.001804060741
12292021,12/29/2021,"December 29, 2021",8457478,1,0.081097072722,180611,2,0.001804489965
01192022,01/19/2022,"January 19, 2022",726393,1,0.007237621424,180654,2,0.001804919189
01222022,01/22/2022,"January 22, 2022",7706602,1,0.074171281597,180696,2,0.001805338431
02072022,02/07/2022,"February 07, 2022",4156693,1,0.040714881753,180739,2,0.001805767654
02262022,02/26/2022,"February 26, 2022",9932606,1,0.094552580258,180782,2,0.001806196878
03072022,03/07/2022,"March 07, 2022",5003868,1,0.048807378331,180825,2,0.001806626101
03132022,03/13/2022,"March 13, 2022",391597,1,0.003908322588,180868,2,0.001807055324
03182022,03/18/2022,"March 18, 2022",9539171,1,0.090983216207,180910,2,0.001807474565
04052022,04/05/2022,"April 05, 2022",9336244,1,0.089136702796,180953,2,0.001807903788
04122022,04/12/2022,"April 12, 2022",9705311,1,0.092492202844,180996,2,0.001808333010
04162022,04/16/2022,"April 16, 2022",8994500,1,0.086018557095,181039,2,0.001808762233
04232022,04/23/2022,"April 23, 2022",4933785,1,0.048140520349,181082,2,0.001809191455
04252022,04/25/2022,"April 25, 2022",449717,1,0.004487082873,181125,2,0.001809620677
04262022,04/26/2022,"April 26, 2022",5050887,1,0.049254514466,181167,2,0.001810039917
05012022,05/01/2022,"May 01, 2022",6012596,1,0.058354093590,181210,2,0.001810469138
05092022,05/09/2022,"May 09, 2022",510881,1,0.005095792225,181253,2,0.001810898360
05112022,05/11/2022,"May 11, 2022",1098917,1,0.010929019643,181295,2,0.001811317599
06132022,06/13/2022,"June 13, 2022",9769708,1,0.093076422516,181338,2,0.001811746820
07062022,07/06/2022,"July 06, 2022",4550516,1,0.044485337888,181381,2,0.001812176041
07122022,07/12/2022,"July 12, 2022",1445691,1,0.014352920649,181424,2,0.001812605261
07182022,07/18/2022,"July 18, 2022",2764631,1,0.027267658326,181467,2,0.001813034482
07222022,07/22/2022,"July 22, 2022",9777438,1,0.093146525000,181510,2,0.001813463702
07312022,07/31/2022,"July 31, 2022",3713087,1,0.036449982689,181553,2,0.001813892922
08072022,08/07/2022,"August 07, 2022",7929869,1,0.076236045797,181596,2,0.001814322142
08312022,08/31/2022,"August 31, 2022",7460911,1,0.071893807109,181639,2,0.001814751362
09012022,09/01/2022,"September 01, 2022",8216573,1,0.078880721024,181682,2,0.001815180582
09212022,09/21/2022,"September 21, 2022",5123682,1,0.049946357805,181725,2,0.001815609801
10092022,10/09/2022,"October 09, 2022",9926490,1,0.094497201400,181768,2,0.001816039020
10162022,10/16/2022,"October 16, 2022",1826980,1,0.018103928943,181811,2,0.001816468239
10192022,10/19/2022,"October 19, 2022",3036507,1,0.029908692338,181854,2,0.001816897458
10262022,10/26/2022,"October 26, 2022",7917772,1,0.076124291311,181897,2,0.001817326677
10292022,10/29/2022,"October 29, 2022",1490805,2,0.014797485189,181940,2,0.001817755895
10302022,10/30/2022,"October 30, 2022",1928062,1,0.019095947679,181983,2,0.001818185113
11102022,11/10/2022,"November 10, 2022",4611502,1,0.045067890409,182026,2,0.001818614332
11302022,11/30/2022,"November 30, 2022",990793,2,0.009859018166,182069,2,0.001819043549
01022023,01/02/2023,"January 02, 2023",4646505,1,0.045402086806,182111,2,0.001819462785
01052023,01/05/2023,"January 05, 2023",6342076,1,0.061451523046,182154,2,0.001819892003
01092023,01/09/2023,"January 09, 2023",1860610,1,0.018434085077,182197,2,0.001820321220
02022023,02/02/2023,"February 02, 2023",1164878,1,0.011581205642,182240,2,0.001820750437
02062023,02/06/2023,"February 06, 2023",2066919,1,0.020457056417,182283,2,0.001821179654
02102023,02/10/2023,"February 10, 2023",994869,1,0.009899375490,182326,2,0.001821608871
02122023,02/12/2023,"February 12, 2023",3876017,1,0.038018616513,182368,2,0.001822028106
03082023,03/08/2023,"March 08, 2023",8191399,1,0.078648809265,182411,2,0.001822457323
03162023,03/16/2023,"March 16, 2023",478829,1,0.004776854415,182454,2,0.001822886539
03222023,03/22/2023,"March 22, 2023",8530685,1,0.081769527823,182496,2,0.001823305773
03312023,03/31/2023,"March 31, 2023",6773942,1,0.065496055086,182539,2,0.001823734989
04102023,04/10/2023,"April 10, 2023",1623769,2,0.016106579369,182582,2,0.001824164205
05132023,05/13/2023,"May 13, 2023",1238587,1,0.012309490819,182625,2,0.001824593420
06032023,06/03/2023,"June 03, 2023",1031786,1,0.010264823481,182668,2,0.001825022636
06092023,06/09/2023,"June 09, 2023",3142671,1,0.030938033592,182711,2,0.001825451851
06112023,06/11/2023,"June 11, 2023",2107159,1,0.020851145205,182754,2,0.001825881066
06202023,06/20/2023,"June 20, 2023",8199842,1,0.078726595663,182797,2,0.001826310280
07142023,07/14/2023,"July 14, 2023",4743358,1,0.046326195946,182840,2,0.001826739495
07302023,07/30/2023,"July 30, 2023",5273065,1,0.051364516944,182883,2,0.001827168709
08072023,08/07/2023,"August 07, 2023",3347847,1,0.032924277848,182926,2,0.001827597924
08292023,08/29/2023,"August 29, 2023",4634586,1,0.045288301499,182969,2,0.001828027138
10172023,10/17/2023,"October 17, 2023",3902376,2,0.038272151773,183012,2,0.001828456352
11262023,11/26/2023,"November 26, 2023",9186052,1,0.087767631118,183055,2,0.001828885565
11272023,11/27/2023,"November 27, 2023",5176147,2,0.050444672722,183098,2,0.001829314779
12112023,12/11/2023,"December 11, 2023",3102750,1,0.030551097132,183141,2,0.001829743992
12302023,12/30/2023,"December 30, 2023",5203661,1,0.050705897439,183184,2,0.001830173205
01122024,01/12/2024,"January 12, 2024",1200046,1,0.011928751651,183227,2,0.001830602418
01172024,01/17/2024,"January 17, 2024",9602420,1,0.091557978453,183270,2,0.001831031631
01182024,01/18/2024,"January 18, 2024",1927443,1,0.019089875864,183313,2,0.001831460843
01202024,01/20/2024,"January 20, 2024",8357431,1,0.080177277865,183356,2,0.001831890056
02012024,02/01/2024,"February 01, 2024",3851858,1,0.037786183353,183399,2,0.001832319268
02172024,02/17/2024,"February 17, 2024",9606054,1,0.091590990637,183442,2,0.001832748480
02182024,02/18/2024,"February 18, 2024",2812974,1,0.027737792679,183485,2,0.001833177692
02202024,02/20/2024,"February 20, 2024",5782259,1,0.056182634760,183528,2,0.001833606903
02222024,02/22/2024,"February 22, 2024",1410300,1,0.014004028553,183571,2,0.001834036115
02242024,02/24/2024,"February 24, 2024",9011470,1,0.086173646588,183614,2,0.001834465326
03122024,03/12/2024,"March 12, 2024",7530861,1,0.072542790389,183657,2,0.001834894537
03232024,03/23/2024,"March 23, 2024",6899238,1,0.066666217924,183700,2,0.001835323748
04082024,04/08/2024,"April 08, 2024",8587286,1,0.082289108400,183743,2,0.001835752959
04172024,04/17/2024,"April 17, 2024",2449357,1,0.024196046680,183786,2,0.001836182169
04252024,04/25/2024,"April 25, 2024",2284310,1,0.022584181711,183829,2,0.001836611380
04272024,04/27/2024,"April 27, 2024",5798868,1,0.056339380371,183872,2,0.001837040590
04282024,04/28/2024,"April 28, 2024",5037841,1,0.049130472118,183915,2,0.001837469800
04302024,04/30/2024,"April 30, 2024",4595128,1,0.044911517022,183958,2,0.001837899010
05062024,05/06/2024,"May 06, 2024",4331296,1,0.042388360968,184001,2,0.001838328219
05272024,05/27/2024,"May 27, 2024",1236576,1,0.012289628163,184044,2,0.001838757429
05282024,05/28/2024,"May 28, 2024",2639962,1,0.026054206389,184087,2,0.001839186638
06172024,06/17/2024,"June 17, 2024",5875294,1,0.057060306920,184130,2,0.001839615847
06302024,06/30/2024,"June 30, 2024",2012744,1,0.019926245251,184173,2,0.001840045056
07072024,07/07/2024,"July 07, 2024",2107358,1,0.020853093710,184216,2,0.001840474265
08092024,08/09/2024,"August 09, 2024",5964283,1,0.057899046284,184259,2,0.001840903473
08142024,08/14/2024,"August 14, 2024",9407036,1,0.089781292962,184302,2,0.001841332682
08172024,08/17/2024,"August 17, 2024",8320460,1,0.079837147332,184345,2,0.001841761890
08312024,08/31/2024,"August 31, 2024",3660521,1,0.035943349835,184388,2,0.001842191098
09082024,09/08/2024,"September 08, 2024",7502517,1,0.072279874656,184431,2,0.001842620305
09192024,09/19/2024,"September 19, 2024",2759589,1,0.027218611924,184474,2,0.001843049513
09202024,09/20/2024,"September 20, 2024",503109,1,0.005018465264,184517,2,0.001843478720
10042024,10/04/2024,"October 04, 2024",5570957,1,0.054186221283,184559,2,0.001843897946
10122024,10/12/2024,"October 12, 2024",6786898,1,0.065617121576,184602,2,0.001844327153
10152024,10/15/2024,"October 15, 2024",4462634,1,0.043645243392,184645,2,0.001844756360
10282024,10/28/2024,"October 28, 2024",848001,1,0.008444166134,184688,2,0.001845185567
11152024,11/15/2024,"November 15, 2024",839613,1,0.008360990941,184730,2,0.001845604792
11242024,11/24/2024,"November 24, 2024",935302,1,0.009309426555,184772,2,0.001846024016
12062024,12/06/2024,"December 06, 2024",2883784,1,0.028426007863,184814,2,0.001846443241
12072024,12/07/2024,"December 07, 2024",2755305,1,0.027176937076,184857,2,0.001846872447
12252024,12/25/2024,"December 25, 2024",7337801,1,0.070750511952,184900,2,0.001847301653
