pi_digits_20241026_163411_Birthday (MMDDYYYY),pi_digits_20241026_163411_Birthday (MM/DD/YYYY),"pi_digits_20241026_163411_Birthday (Month Day, Year)",pi_digits_20241026_163411_TotalCount,pi_digits_20241026_163411_FirstIdx,pi_digits_20241026_163411_Odds (by position),pi_digits_20241026_163411_Odds (calendar),pi_digits_20241026_163411_NoPrefix,pi_digits_20241026_163411_0,pi_digits_20241026_163411_00,pi_digits_20241026_163411_000,pi_digits_20241026_163411_0000
01061900,01/06/1900,"January 06, 1900",1,3077586,0.030307046432,0.000021902926,1,0,0,0,0
01101900,01/10/1900,"January 10, 1900",1,6334292,0.061378397885,0.000021902926,1,0,0,0,0
01201900,01/20/1900,"January 20, 1900",1,6459848,0.062556154109,0.000021902926,1,0,0,0,0
01301900,01/30/1900,"January 30, 1900",1,6358251,0.061603255299,0.000021902926,1,0,0,0,0
01311900,01/31/1900,"January 31, 1900",1,1798114,0.017820385156,0.000021902926,1,0,0,0,0
02021900,02/02/1900,"February 02, 1900",1,4473379,0.043747931253,0.000021902926,1,0,0,0,0
02081900,02/08/1900,"February 08, 1900",1,3933359,0.038570010459,0.000021902926,1,0,0,0,0
02141900,02/14/1900,"February 14, 1900",1,1897999,0.018800945476,0.000021902926,1,0,0,0,0
03011900,03/01/1900,"March 01, 1900",1,1082625,0.010767797824,0.000021902926,1,0,0,0,0
03151900,03/15/1900,"March 15, 1900",1,9064312,0.086656339220,0.000021902926,1,0,0,0,0
04011900,04/01/1900,"April 01, 1900",1,161924,0.001617869851,0.000021902926,1,0,0,0,0
04101900,04/10/1900,"April 10, 1900",1,6302700,0.061081821701,0.000021902926,1,0,0,0,0
04281900,04/28/1900,"April 28, 1900",1,6361901,0.061637506155,0.000021902926,1,0,0,0,0
05271900,05/27/1900,"May 27, 1900",1,6287115,0.060935479898,0.000021902926,1,0,0,0,0
05311900,05/31/1900,"May 31, 1900",1,7404001,0.071365406541,0.000021902926,1,0,0,0,0
06081900,06/08/1900,"June 08, 1900",1,3811337,0.037396138300,0.000021902926,1,0,0,0,0
06131900,06/13/1900,"June 13, 1900",1,2144292,0.021214596541,0.000021902926,1,0,0,0,0
06151900,06/15/1900,"June 15, 1900",1,4974131,0.048524413514,0.000021902926,1,0,0,0,0
06171900,06/17/1900,"June 17, 1900",1,4714610,0.046051927610,0.000021902926,1,0,0,0,0
07041900,07/04/1900,"July 04, 1900",1,4253010,0.041638324505,0.000021902926,1,0,0,0,0
07081900,07/08/1900,"July 08, 1900",1,4417446,0.043212921169,0.000021902926,1,0,0,0,0
07131900,07/13/1900,"July 13, 1900",1,743726,0.007409612536,0.000021902926,1,0,0,0,0
07161900,07/16/1900,"July 16, 1900",1,8119819,0.077989005443,0.000021902926,1,0,0,0,0
07221900,07/22/1900,"July 22, 1900",1,7838970,0.075395907118,0.000021902926,1,0,0,0,0
07261900,07/26/1900,"July 26, 1900",1,14854,0.000148468979,0.000021902926,1,0,0,0,0
07301900,07/30/1900,"July 30, 1900",1,69510,0.000694798523,0.000021902926,1,0,0,0,0
08101900,08/10/1900,"August 10, 1900",1,635027,0.006330090091,0.000021902926,1,0,0,0,0
08131900,08/13/1900,"August 13, 1900",2,4315679,0.042238732035,0.000021902926,2,0,0,0,0
08181900,08/18/1900,"August 18, 1900",1,7125659,0.068777025811,0.000021902926,1,0,0,0,0
08221900,08/22/1900,"August 22, 1900",1,8286492,0.079524468886,0.000021902926,1,0,0,0,0
08251900,08/25/1900,"August 25, 1900",1,621574,0.006196402684,0.000021902926,1,0,0,0,0
09071900,09/07/1900,"September 07, 1900",1,9552645,0.091105625256,0.000021902926,1,0,0,0,0
09161900,09/16/1900,"September 16, 1900",1,9491134,0.090546383251,0.000021902926,1,0,0,0,0
09261900,09/26/1900,"September 26, 1900",1,3466189,0.034067990075,0.000021902926,1,0,0,0,0
10271900,10/27/1900,"October 27, 1900",1,8635369,0.082730201054,0.000021902926,1,0,0,0,0
11091900,11/09/1900,"November 09, 1900",1,7859310,0.075583952467,0.000021902926,1,0,0,0,0
11111900,11/11/1900,"November 11, 1900",1,1084152,0.010782903285,0.000021902926,1,0,0,0,0
11161900,11/16/1900,"November 16, 1900",1,6269989,0.060774641934,0.000021902926,1,0,0,0,0
11241900,11/24/1900,"November 24, 1900",1,8268108,0.079355233107,0.000021902926,1,0,0,0,0
11301900,11/30/1900,"November 30, 1900",1,5191567,0.050591016408,0.000021902926,1,0,0,0,0
12131900,12/13/1900,"December 13, 1900",1,1205364,0.011981226722,0.000021902926,1,0,0,0,0
12151900,12/15/1900,"December 15, 1900",1,7858735,0.075578637059,0.000021902926,1,0,0,0,0
12221900,12/22/1900,"December 22, 1900",1,6623748,0.064091366138,0.000021902926,1,0,0,0,0
01101901,01/10/1901,"January 10, 1901",1,8859517,0.084783940416,0.000021902926,1,0,0,0,0
01141901,01/14/1901,"January 14, 1901",1,8887786,0.085042626281,0.000021902926,1,0,0,0,0
01191901,01/19/1901,"January 19, 1901",1,4066251,0.039846825433,0.000021902926,1,0,0,0,0
01231901,01/23/1901,"January 23, 1901",1,9541001,0.090999787432,0.000021902926,1,0,0,0,0
02041901,02/04/1901,"February 04, 1901",1,3272588,0.032196124636,0.000021902926,1,0,0,0,0
02061901,02/06/1901,"February 06, 1901",1,7287369,0.070281689574,0.000021902926,1,0,0,0,0
02201901,02/20/1901,"February 20, 1901",1,9603077,0.091563883307,0.000021902926,1,0,0,0,0
02261901,02/26/1901,"February 26, 1901",1,4481563,0.043826187721,0.000021902926,1,0,0,0,0
03141901,03/14/1901,"March 14, 1901",1,1260510,0.012525929355,0.000021902926,1,0,0,0,0
03271901,03/27/1901,"March 27, 1901",1,4143099,0.040584400510,0.000021902926,1,0,0,0,0
04061901,04/06/1901,"April 06, 1901",1,4780434,0.046679647778,0.000021902926,1,0,0,0,0
04071901,04/07/1901,"April 07, 1901",1,2433917,0.024045302599,0.000021902926,1,0,0,0,0
04151901,04/15/1901,"April 15, 1901",1,2980528,0.029365424950,0.000021902926,1,0,0,0,0
05101901,05/10/1901,"May 10, 1901",1,8459830,0.081118620743,0.000021902926,1,0,0,0,0
05271901,05/27/1901,"May 27, 1901",1,935121,0.009307564055,0.000021902926,1,0,0,0,0
06111901,06/11/1901,"June 11, 1901",1,41962,0.000419472001,0.000021902926,1,0,0,0,0
06211901,06/21/1901,"June 21, 1901",2,5272243,0.051356652723,0.000021902926,2,0,0,0,0
07141901,07/14/1901,"July 14, 1901",1,1687043,0.016728862355,0.000021902926,1,0,0,0,0
07251901,07/25/1901,"July 25, 1901",1,3683722,0.036166927207,0.000021902926,1,0,0,0,0
09061901,09/06/1901,"September 06, 1901",1,3681287,0.036143457586,0.000021902926,1,0,0,0,0
09091901,09/09/1901,"September 09, 1901",1,5814562,0.056487400803,0.000021902926,1,0,0,0,0
09121901,09/12/1901,"September 12, 1901",1,4266491,0.041767512535,0.000021902926,1,0,0,0,0
09181901,09/18/1901,"September 18, 1901",1,8170831,0.078459221752,0.000021902926,1,0,0,0,0
09261901,09/26/1901,"September 26, 1901",1,8605895,0.082459805105,0.000021902926,1,0,0,0,0
11091901,11/09/1901,"November 09, 1901",1,1410963,0.014010496665,0.000021902926,1,0,0,0,0
11151901,11/15/1901,"November 15, 1901",1,2505468,0.024743358189,0.000021902926,1,0,0,0,0
11251901,11/25/1901,"November 25, 1901",1,1309023,0.013004866473,0.000021902926,1,0,0,0,0
11271901,11/27/1901,"November 27, 1901",1,9411682,0.089823517029,0.000021902926,1,0,0,0,0
12071901,12/07/1901,"December 07, 1901",1,5054137,0.049285346643,0.000021902926,1,0,0,0,0
12111901,12/11/1901,"December 11, 1901",1,4696516,0.045879304628,0.000021902926,1,0,0,0,0
12141901,12/14/1901,"December 14, 1901",1,3772079,0.037018165085,0.000021902926,1,0,0,0,0
12151901,12/15/1901,"December 15, 1901",1,7153323,0.069034603707,0.000021902926,1,0,0,0,0
12161901,12/16/1901,"December 16, 1901",1,3020369,0.029752058451,0.000021902926,1,0,0,0,0
12181901,12/18/1901,"December 18, 1901",1,756805,0.007539424945,0.000021902926,1,0,0,0,0
01021902,01/02/1902,"January 02, 1902",1,3458400,0.033992750700,0.000021902926,1,0,0,0,0
01061902,01/06/1902,"January 06, 1902",1,9169035,0.087612319458,0.000021902926,1,0,0,0,0
01261902,01/26/1902,"January 26, 1902",1,4217580,0.041298716802,0.000021902926,1,0,0,0,0
01271902,01/27/1902,"January 27, 1902",1,9907154,0.094322033051,0.000021902926,1,0,0,0,0
01281902,01/28/1902,"January 28, 1902",1,3824018,0.037518198357,0.000021902926,1,0,0,0,0
02051902,02/05/1902,"February 05, 1902",1,4978453,0.048565535401,0.000021902926,1,0,0,0,0
02101902,02/10/1902,"February 10, 1902",1,6887750,0.066558925038,0.000021902926,1,0,0,0,0
02231902,02/23/1902,"February 23, 1902",2,3863837,0.037901372697,0.000021902926,2,0,0,0,0
02281902,02/28/1902,"February 28, 1902",1,4552729,0.044506416309,0.000021902926,1,0,0,0,0
03281902,03/28/1902,"March 28, 1902",1,5228042,0.050937250190,0.000021902926,1,0,0,0,0
04161902,04/16/1902,"April 16, 1902",1,2142154,0.021193669885,0.000021902926,1,0,0,0,0
04301902,04/30/1902,"April 30, 1902",2,4039017,0.039585301705,0.000021902926,2,0,0,0,0
05031902,05/03/1902,"May 03, 1902",1,2696688,0.026606462077,0.000021902926,1,1,0,0,0
05051902,05/05/1902,"May 05, 1902",1,4694400,0.045859115220,0.000021902926,1,0,0,0,0
05061902,05/06/1902,"May 06, 1902",2,154249,0.001541241082,0.000021902926,2,0,0,0,0
05121902,05/12/1902,"May 12, 1902",1,9092065,0.086909784318,0.000021902926,1,0,0,0,0
05301902,05/30/1902,"May 30, 1902",1,5097018,0.049692935202,0.000021902926,1,0,0,0,0
06031902,06/03/1902,"June 03, 1902",1,7886514,0.075835396408,0.000021902926,1,0,0,0,0
06171902,06/17/1902,"June 17, 1902",1,5301283,0.051632098757,0.000021902926,1,0,0,0,0
06211902,06/21/1902,"June 21, 1902",1,7458793,0.071874084642,0.000021902926,1,0,0,0,0
07081902,07/08/1902,"July 08, 1902",1,3376854,0.033204689148,0.000021902926,1,0,0,0,0
07181902,07/18/1902,"July 18, 1902",1,4663741,0.045566540315,0.000021902926,1,0,0,0,0
08101902,08/10/1902,"August 10, 1902",1,4979891,0.048579216930,0.000021902926,1,0,0,0,0
08201902,08/20/1902,"August 20, 1902",1,5531468,0.053812588889,0.000021902926,1,0,0,0,0
09101902,09/10/1902,"September 10, 1902",1,3592026,0.035282725497,0.000021902926,1,0,0,0,0
09121902,09/12/1902,"September 12, 1902",1,4414665,0.043186312550,0.000021902926,1,0,0,0,0
09241902,09/24/1902,"September 24, 1902",1,5434253,0.052892305534,0.000021902926,1,0,0,0,0
10061902,10/06/1902,"October 06, 1902",1,5733210,0.055719522126,0.000021902926,1,0,0,0,0
11051902,11/05/1902,"November 05, 1902",2,2172305,0.021488745298,0.000021902926,2,0,0,0,0
11121902,11/12/1902,"November 12, 1902",1,6508692,0.063013927379,0.000021902926,1,0,0,0,0
11141902,11/14/1902,"November 14, 1902",1,1030927,0.010256252337,0.000021902926,1,0,0,0,0
11201902,11/20/1902,"November 20, 1902",1,6073212,0.058924642843,0.000021902926,1,0,0,0,0
12231902,12/23/1902,"December 23, 1902",1,5525344,0.053754642597,0.000021902926,1,0,0,0,0
12251902,12/25/1902,"December 25, 1902",1,2851445,0.028111691705,0.000021902926,1,0,0,0,0
12291902,12/29/1902,"December 29, 1902",1,5782012,0.056180237461,0.000021902926,1,0,0,0,0
12311902,12/31/1902,"December 31, 1902",1,8094643,0.077756850730,0.000021902926,1,0,0,0,0
01071903,01/07/1903,"January 07, 1903",1,9945149,0.094666080033,0.000021902926,1,0,0,0,0
01181903,01/18/1903,"January 18, 1903",1,8898044,0.085136477795,0.000021902926,1,0,0,0,0
01291903,01/29/1903,"January 29, 1903",1,991331,0.009864275801,0.000021902926,1,0,0,0,0
02151903,02/15/1903,"February 15, 1903",1,9476185,0.090410418866,0.000021902926,1,0,0,0,0
02211903,02/21/1903,"February 21, 1903",1,3093746,0.030463736154,0.000021902926,1,0,0,0,0
02271903,02/27/1903,"February 27, 1903",1,1129015,0.011226596221,0.000021902926,1,0,0,0,0
02281903,02/28/1903,"February 28, 1903",2,288020,0.002875996405,0.000021902926,2,0,0,0,0
03031903,03/03/1903,"March 03, 1903",1,5797941,0.056330566539,0.000021902926,1,0,0,0,0
03131903,03/13/1903,"March 13, 1903",1,508434,0.005071376976,0.000021902926,1,0,0,0,0
03261903,03/26/1903,"March 26, 1903",1,8525327,0.081720263436,0.000021902926,1,0,0,0,0
04041903,04/04/1903,"April 04, 1903",1,5322323,0.051831614376,0.000021902926,1,0,0,0,0
04191903,04/19/1903,"April 19, 1903",1,7268262,0.070104031322,0.000021902926,1,0,0,0,0
04231903,04/23/1903,"April 23, 1903",1,8732513,0.083620840965,0.000021902926,1,0,0,0,0
04241903,04/24/1903,"April 24, 1903",1,6625872,0.064111244626,0.000021902926,1,0,0,0,0
04271903,04/27/1903,"April 27, 1903",1,2246109,0.022210659319,0.000021902926,1,0,0,0,0
05251903,05/25/1903,"May 25, 1903",1,2579880,0.025468796229,0.000021902926,1,0,0,0,0
05281903,05/28/1903,"May 28, 1903",1,1677429,0.016634326122,0.000021902926,1,0,0,0,0
06111903,06/11/1903,"June 11, 1903",1,5007012,0.048837216776,0.000021902926,1,0,0,0,0
06251903,06/25/1903,"June 25, 1903",1,6946662,0.067108671901,0.000021902926,1,0,0,0,0
06271903,06/27/1903,"June 27, 1903",1,3646153,0.035804756729,0.000021902926,1,0,0,0,0
07021903,07/02/1903,"July 02, 1903",1,5675395,0.055173428515,0.000021902926,1,0,0,0,0
07111903,07/11/1903,"July 11, 1903",1,4160727,0.040753511388,0.000021902926,1,0,0,0,0
07301903,07/30/1903,"July 30, 1903",1,3685492,0.036183986902,0.000021902926,1,0,0,0,0
08121903,08/12/1903,"August 12, 1903",1,5340485,0.052003805083,0.000021902926,1,0,0,0,0
08271903,08/27/1903,"August 27, 1903",1,7652553,0.073670680330,0.000021902926,1,0,0,0,0
09051903,09/05/1903,"September 05, 1903",1,9631248,0.091819762805,0.000021902926,1,0,0,0,0
09081903,09/08/1903,"September 08, 1903",1,8377138,0.080358465095,0.000021902926,1,0,0,0,0
09151903,09/15/1903,"September 15, 1903",1,7657199,0.073713716591,0.000021902926,1,0,0,0,0
10111903,10/11/1903,"October 11, 1903",1,5724466,0.055636950630,0.000021902926,1,0,0,0,0
10161903,10/16/1903,"October 16, 1903",1,1690975,0.016767523816,0.000021902926,1,0,0,0,0
10201903,10/20/1903,"October 20, 1903",1,6831562,0.066034295786,0.000021902926,1,0,0,0,0
10231903,10/23/1903,"October 23, 1903",1,7142409,0.068932992598,0.000021902926,1,0,0,0,0
12041903,12/04/1903,"December 04, 1903",1,4713630,0.046042578873,0.000021902926,1,0,0,0,0
12101903,12/10/1903,"December 10, 1903",1,8069457,0.077524545315,0.000021902926,1,0,0,0,0
12131903,12/13/1903,"December 13, 1903",1,897905,0.008938799339,0.000021902926,1,0,0,0,0
12191903,12/19/1903,"December 19, 1903",2,1565450,0.015532546298,0.000021902926,2,0,0,0,0
12311903,12/31/1903,"December 31, 1903",1,6726199,0.065049722895,0.000021902926,1,0,0,0,0
01051904,01/05/1904,"January 05, 1904",1,7605631,0.073235926093,0.000021902926,1,0,0,0,0
01081904,01/08/1904,"January 08, 1904",1,4840159,0.047248848369,0.000021902926,1,0,0,0,0
01101904,01/10/1904,"January 10, 1904",1,9720663,0.092631449233,0.000021902926,1,0,0,0,0
01181904,01/18/1904,"January 18, 1904",1,5816778,0.056508308811,0.000021902926,1,0,0,0,0
01211904,01/21/1904,"January 21, 1904",1,4282744,0.041923241408,0.000021902926,1,0,0,0,0
01311904,01/31/1904,"January 31, 1904",1,619314,0.006173942469,0.000021902926,1,0,0,0,0
02251904,02/25/1904,"February 25, 1904",1,7424866,0.071559145938,0.000021902926,1,0,0,0,0
03111904,03/11/1904,"March 11, 1904",1,8878431,0.084957028014,0.000021902926,1,0,0,0,0
03181904,03/18/1904,"March 18, 1904",1,2416752,0.023877765595,0.000021902926,1,0,0,0,0
04011904,04/01/1904,"April 01, 1904",1,4849578,0.047338583775,0.000021902926,1,0,0,0,0
04101904,04/10/1904,"April 10, 1904",1,2583131,0.025500477724,0.000021902926,1,0,0,0,0
04121904,04/12/1904,"April 12, 1904",1,9486687,0.090505938949,0.000021902926,1,0,0,0,0
04181904,04/18/1904,"April 18, 1904",2,4937298,0.048173891958,0.000021902926,2,0,0,0,0
04191904,04/19/1904,"April 19, 1904",1,7738415,0.074465703858,0.000021902926,1,0,0,0,0
04211904,04/21/1904,"April 21, 1904",1,2034558,0.020139946635,0.000021902926,1,0,0,0,0
04281904,04/28/1904,"April 28, 1904",1,8760646,0.083878609656,0.000021902926,1,0,0,0,0
04291904,04/29/1904,"April 29, 1904",1,1348770,0.013397089479,0.000021902926,1,0,0,0,0
05151904,05/15/1904,"May 15, 1904",1,2649785,0.026149804217,0.000021902926,1,0,0,0,0
05171904,05/17/1904,"May 17, 1904",1,2144562,0.021217239258,0.000021902926,1,0,0,0,0
05221904,05/22/1904,"May 22, 1904",1,837032,0.008335326991,0.000021902926,1,0,0,0,0
06061904,06/06/1904,"June 06, 1904",1,8734569,0.083639681527,0.000021902926,1,0,0,0,0
06081904,06/08/1904,"June 08, 1904",1,3550931,0.034886193458,0.000021902926,1,0,0,0,0
06201904,06/20/1904,"June 20, 1904",1,1301240,0.012928045652,0.000021902926,1,0,0,0,0
07011904,07/01/1904,"July 01, 1904",1,9989309,0.095065787235,0.000021902926,1,0,0,0,0
07021904,07/02/1904,"July 02, 1904",2,4698544,0.045898653999,0.000021902926,2,0,0,0,0
07291904,07/29/1904,"July 29, 1904",2,7392658,0.071260065544,0.000021902926,2,0,0,0,0
07301904,07/30/1904,"July 30, 1904",1,8275370,0.079422087903,0.000021902926,1,0,0,0,0
08201904,08/20/1904,"August 20, 1904",1,1601294,0.015885355581,0.000021902926,1,0,0,0,0
08291904,08/29/1904,"August 29, 1904",1,749202,0.007463965298,0.000021902926,1,0,0,0,0
09121904,09/12/1904,"September 12, 1904",1,1762810,0.017473575246,0.000021902926,1,0,0,0,0
09161904,09/16/1904,"September 16, 1904",1,2941812,0.028989561309,0.000021902926,1,0,0,0,0
09211904,09/21/1904,"September 21, 1904",1,2806375,0.027673562915,0.000021902926,1,0,0,0,0
09281904,09/28/1904,"September 28, 1904",1,4768493,0.046565804997,0.000021902926,1,0,0,0,0
10191904,10/19/1904,"October 19, 1904",1,1926174,0.019077359371,0.000021902926,1,0,0,0,0
11011904,11/01/1904,"November 01, 1904",1,6418367,0.062167212360,0.000021902926,1,0,0,0,0
11101904,11/10/1904,"November 10, 1904",1,3816846,0.037449166687,0.000021902926,1,0,0,0,0
11271904,11/27/1904,"November 27, 1904",2,2523746,0.024921599310,0.000021902926,2,0,0,0,0
12211904,12/21/1904,"December 21, 1904",1,420566,0.004196768891,0.000021902926,1,0,0,0,0
12231904,12/23/1904,"December 23, 1904",1,1463363,0.014527019829,0.000021902926,1,0,0,0,0
02081905,02/08/1905,"February 08, 1905",2,3086046,0.030389078987,0.000021902926,2,0,0,0,0
02261905,02/26/1905,"February 26, 1905",1,3453012,0.033940700827,0.000021902926,1,0,0,0,0
03051905,03/05/1905,"March 05, 1905",1,7887637,0.075845774719,0.000021902926,1,0,0,0,0
03131905,03/13/1905,"March 13, 1905",1,174823,0.001746642858,0.000021902926,1,1,0,0,0
03141905,03/14/1905,"March 14, 1905",1,7857052,0.075563078917,0.000021902926,1,0,0,0,0
03261905,03/26/1905,"March 26, 1905",2,2941657,0.028988056242,0.000021902926,2,0,0,0,0
03291905,03/29/1905,"March 29, 1905",1,9452234,0.090192536972,0.000021902926,1,0,0,0,0
04201905,04/20/1905,"April 20, 1905",1,7768605,0.074745080491,0.000021902926,1,0,0,0,0
04221905,04/22/1905,"April 22, 1905",1,3966327,0.038886922459,0.000021902926,1,0,0,0,0
05021905,05/02/1905,"May 02, 1905",1,6630253,0.064152245015,0.000021902926,1,0,0,0,0
06281905,06/28/1905,"June 28, 1905",1,2531652,0.024998685962,0.000021902926,1,0,0,0,0
06301905,06/30/1905,"June 30, 1905",1,6644050,0.064281355024,0.000021902926,1,0,0,0,0
07121905,07/12/1905,"July 12, 1905",2,1070900,0.010651803547,0.000021902926,2,0,0,0,0
07201905,07/20/1905,"July 20, 1905",1,3470215,0.034106877716,0.000021902926,1,0,0,0,0
07261905,07/26/1905,"July 26, 1905",1,9823832,0.093567089574,0.000021902926,1,1,0,0,0
08201905,08/20/1905,"August 20, 1905",1,6733397,0.065117018195,0.000021902926,1,0,0,0,0
08281905,08/28/1905,"August 28, 1905",1,1703040,0.016886143660,0.000021902926,1,0,0,0,0
08291905,08/29/1905,"August 29, 1905",1,84811,0.000847690516,0.000021902926,1,0,0,0,0
09131905,09/13/1905,"September 13, 1905",1,2954369,0.029111483436,0.000021902926,1,0,0,0,0
10161905,10/16/1905,"October 16, 1905",1,9459250,0.090256366825,0.000021902926,1,0,0,0,0
10211905,10/21/1905,"October 21, 1905",1,3228526,0.031769596926,0.000021902926,1,0,0,0,0
10311905,10/31/1905,"October 31, 1905",1,7423443,0.071545934131,0.000021902926,1,0,0,0,0
11171905,11/17/1905,"November 17, 1905",1,9841141,0.093723970471,0.000021902926,1,0,0,0,0
11201905,11/20/1905,"November 20, 1905",1,53219,0.000531988449,0.000021902926,1,0,0,0,0
11241905,11/24/1905,"November 24, 1905",2,2736320,0.026992160973,0.000021902926,2,0,0,0,0
11261905,11/26/1905,"November 26, 1905",1,2338035,0.023109088949,0.000021902926,1,0,0,0,0
12261905,12/26/1905,"December 26, 1905",1,8784400,0.084096199289,0.000021902926,1,0,0,0,0
01011906,01/01/1906,"January 01, 1906",1,9649409,0.091984682443,0.000021902926,1,0,0,0,0
01061906,01/06/1906,"January 06, 1906",1,2013962,0.019938113873,0.000021902926,1,0,0,0,0
01091906,01/09/1906,"January 09, 1906",1,780627,0.007775820747,0.000021902926,1,0,0,0,0
01241906,01/24/1906,"January 24, 1906",1,1063895,0.010582497278,0.000021902926,1,0,0,0,0
01271906,01/27/1906,"January 27, 1906",1,2991789,0.029474721957,0.000021902926,1,0,0,0,0
02041906,02/04/1906,"February 04, 1906",1,8123986,0.078027424841,0.000021902926,1,0,0,0,0
02061906,02/06/1906,"February 06, 1906",1,8199228,0.078720874537,0.000021902926,1,0,0,0,0
02141906,02/14/1906,"February 14, 1906",1,3016073,0.029710375703,0.000021902926,1,0,0,0,0
02181906,02/18/1906,"February 18, 1906",1,4363741,0.042698940659,0.000021902926,1,0,0,0,0
02261906,02/26/1906,"February 26, 1906",1,4793909,0.046808099042,0.000021902926,1,0,0,0,0
03171906,03/17/1906,"March 17, 1906",1,8521928,0.081689050577,0.000021902926,1,0,0,0,0
03181906,03/18/1906,"March 18, 1906",1,8009820,0.076974244547,0.000021902926,1,0,0,0,0
04131906,04/13/1906,"April 13, 1906",1,5053643,0.049280650101,0.000021902926,1,0,0,0,0
04301906,04/30/1906,"April 30, 1906",1,5131242,0.050018112648,0.000021902926,1,0,0,0,0
06281906,06/28/1906,"June 28, 1906",1,5711111,0.055510822521,0.000021902926,1,0,0,0,0
06301906,06/30/1906,"June 30, 1906",1,2023263,0.020029265191,0.000021902926,1,0,0,0,0
07111906,07/11/1906,"July 11, 1906",1,4396417,0.043011697255,0.000021902926,1,0,0,0,0
09061906,09/06/1906,"September 06, 1906",1,4155690,0.040705192925,0.000021902926,1,0,0,0,0
09131906,09/13/1906,"September 13, 1906",1,8282716,0.079489711073,0.000021902926,1,0,0,0,0
09181906,09/18/1906,"September 18, 1906",1,9210310,0.087988829770,0.000021902926,1,0,0,0,0
09191906,09/19/1906,"September 19, 1906",1,7143636,0.068944416720,0.000021902926,1,0,0,0,0
10141906,10/14/1906,"October 14, 1906",1,4623875,0.045185970014,0.000021902926,1,0,0,0,0
10301906,10/30/1906,"October 30, 1906",1,5993335,0.058172639774,0.000021902926,1,0,0,0,0
11051906,11/05/1906,"November 05, 1906",1,9121739,0.087180694514,0.000021902926,1,0,0,0,0
11071906,11/07/1906,"November 07, 1906",1,9116237,0.087130469814,0.000021902926,1,0,0,0,0
11081906,11/08/1906,"November 08, 1906",1,8132084,0.078102083158,0.000021902926,1,0,0,0,0
11231906,11/23/1906,"November 23, 1906",1,3402968,0.033457125116,0.000021902926,1,0,0,0,0
12031906,12/03/1906,"December 03, 1906",1,6241522,0.060507234589,0.000021902926,1,0,0,0,0
12201906,12/20/1906,"December 20, 1906",1,3193005,0.031425610711,0.000021902926,1,0,0,0,0
01101907,01/10/1907,"January 10, 1907",1,2605767,0.025721040473,0.000021902926,1,0,0,0,0
01201907,01/20/1907,"January 20, 1907",1,3128716,0.030802723714,0.000021902926,1,0,0,0,0
02081907,02/08/1907,"February 08, 1907",1,2071113,0.020498069022,0.000021902926,1,0,0,0,0
03281907,03/28/1907,"March 28, 1907",1,1674817,0.016608640275,0.000021902926,1,0,0,0,0
04291907,04/29/1907,"April 29, 1907",2,8989165,0.085969730902,0.000021902926,2,0,0,0,0
05291907,05/29/1907,"May 29, 1907",1,3689467,0.036222297828,0.000021902926,1,0,0,0,0
05301907,05/30/1907,"May 30, 1907",1,4401272,0.043058157910,0.000021902926,1,0,0,0,0
06301907,06/30/1907,"June 30, 1907",1,504572,0.005032952090,0.000021902926,1,0,0,0,0
07011907,07/01/1907,"July 01, 1907",1,3153833,0.031046126427,0.000021902926,1,0,0,0,0
07061907,07/06/1907,"July 06, 1907",1,4167859,0.040821922408,0.000021902926,1,0,0,0,0
07071907,07/07/1907,"July 07, 1907",1,1628491,0.016152968850,0.000021902926,1,0,0,0,0
07111907,07/11/1907,"July 11, 1907",1,7157319,0.069071804341,0.000021902926,1,0,0,0,0
08041907,08/04/1907,"August 04, 1907",1,3962959,0.038854551625,0.000021902926,1,0,0,0,0
08151907,08/15/1907,"August 15, 1907",1,6960707,0.067239687288,0.000021902926,1,0,0,0,0
08171907,08/17/1907,"August 17, 1907",1,5321275,0.051821677519,0.000021902926,1,0,0,0,0
08181907,08/18/1907,"August 18, 1907",1,936477,0.009320997754,0.000021902926,1,0,0,0,0
09031907,09/03/1907,"September 03, 1907",1,6626055,0.064112957301,0.000021902926,1,0,0,0,0
09091907,09/09/1907,"September 09, 1907",1,8903088,0.085182622348,0.000021902926,1,0,0,0,0
09111907,09/11/1907,"September 11, 1907",2,2966105,0.029225420228,0.000021902926,2,0,0,0,0
09211907,09/21/1907,"September 21, 1907",1,8018374,0.077053196794,0.000021902926,1,0,0,0,0
10241907,10/24/1907,"October 24, 1907",1,93843,0.000937929878,0.000021902926,1,0,0,0,0
10311907,10/31/1907,"October 31, 1907",1,6214572,0.060254007165,0.000021902926,1,0,0,0,0
11081907,11/08/1907,"November 08, 1907",1,3555166,0.034927065162,0.000021902926,1,0,0,0,0
11131907,11/13/1907,"November 13, 1907",1,4659412,0.045525221996,0.000021902926,1,0,0,0,0
11291907,11/29/1907,"November 29, 1907",1,6330439,0.061342232097,0.000021902926,1,0,0,0,0
12161907,12/16/1907,"December 16, 1907",1,6190933,0.060031834349,0.000021902926,1,0,0,0,0
12271907,12/27/1907,"December 27, 1907",1,7043232,0.068009130209,0.000021902926,1,0,0,0,0
12291907,12/29/1907,"December 29, 1907",1,8943282,0.085550250161,0.000021902926,1,0,0,0,0
01111908,01/11/1908,"January 11, 1908",1,7736004,0.074443388957,0.000021902926,1,0,0,0,0
01131908,01/13/1908,"January 13, 1908",1,1777894,0.017621768357,0.000021902926,1,0,0,0,0
01151908,01/15/1908,"January 15, 1908",1,6151223,0.059658498866,0.000021902926,1,0,0,0,0
01191908,01/19/1908,"January 19, 1908",1,2716845,0.026802649241,0.000021902926,1,0,0,0,0
03071908,03/07/1908,"March 07, 1908",1,2521481,0.024899513534,0.000021902926,1,0,0,0,0
03161908,03/16/1908,"March 16, 1908",1,2228157,0.022035110818,0.000021902926,1,0,0,0,0
03231908,03/23/1908,"March 23, 1908",1,5608028,0.054536712748,0.000021902926,1,0,0,0,0
03241908,03/24/1908,"March 24, 1908",1,1944405,0.019256175079,0.000021902926,1,0,0,0,0
04261908,04/26/1908,"April 26, 1908",2,7335471,0.070728795138,0.000021902926,2,0,0,0,0
04271908,04/27/1908,"April 27, 1908",1,8565935,0.082093082773,0.000021902926,1,0,0,0,0
04281908,04/28/1908,"April 28, 1908",1,810053,0.008067749683,0.000021902926,1,0,0,0,0
04291908,04/29/1908,"April 29, 1908",1,2678775,0.026432082473,0.000021902926,1,0,0,0,0
05091908,05/09/1908,"May 09, 1908",1,5242735,0.051076685737,0.000021902926,1,0,0,0,0
05121908,05/12/1908,"May 12, 1908",1,1117125,0.011109024073,0.000021902926,1,0,0,0,0
05251908,05/25/1908,"May 25, 1908",1,3134423,0.030858034224,0.000021902926,1,0,0,0,0
06121908,06/12/1908,"June 12, 1908",1,9867691,0.093964554820,0.000021902926,1,0,0,0,0
06251908,06/25/1908,"June 25, 1908",1,4959968,0.048389646482,0.000021902926,1,0,0,0,0
07021908,07/02/1908,"July 02, 1908",1,1635300,0.016219956715,0.000021902926,1,0,0,0,0
07041908,07/04/1908,"July 04, 1908",1,4459402,0.043614266559,0.000021902926,1,0,0,0,0
07291908,07/29/1908,"July 29, 1908",1,7582071,0.073017554751,0.000021902926,1,0,0,0,0
08191908,08/19/1908,"August 19, 1908",1,6527072,0.063186129595,0.000021902926,1,0,0,0,0
09101908,09/10/1908,"September 10, 1908",1,3331341,0.032764571446,0.000021902926,1,0,0,0,0
09211908,09/21/1908,"September 21, 1908",1,2896006,0.028544678380,0.000021902926,1,0,0,0,0
10061908,10/06/1908,"October 06, 1908",1,5752792,0.055904413028,0.000021902926,1,0,0,0,0
10121908,10/12/1908,"October 12, 1908",1,5182350,0.050503505348,0.000021902926,1,0,0,0,0
11051908,11/05/1908,"November 05, 1908",1,9645751,0.091951466635,0.000021902926,1,0,0,0,0
11171908,11/17/1908,"November 17, 1908",1,510445,0.005091384790,0.000021902926,1,0,0,0,0
11271908,11/27/1908,"November 27, 1908",1,6220778,0.060312325993,0.000021902926,1,0,0,0,0
12061908,12/06/1908,"December 06, 1908",1,663700,0.006614964224,0.000021902926,1,0,0,0,0
01111909,01/11/1909,"January 11, 1909",1,2289752,0.022637302818,0.000021902926,1,0,0,0,0
01291909,01/29/1909,"January 29, 1909",1,4065992,0.039844338633,0.000021902926,1,0,0,0,0
03121909,03/12/1909,"March 12, 1909",1,3369811,0.033136595356,0.000021902926,1,0,0,0,0
03301909,03/30/1909,"March 30, 1909",1,6210905,0.060219546048,0.000021902926,1,0,0,0,0
04261909,04/26/1909,"April 26, 1909",1,317237,0.003167283573,0.000021902926,1,0,0,0,0
05021909,05/02/1909,"May 02, 1909",1,1019933,0.010147433927,0.000021902926,1,0,0,0,0
05061909,05/06/1909,"May 06, 1909",1,4830384,0.047155712392,0.000021902926,1,0,0,0,0
05091909,05/09/1909,"May 09, 1909",1,9321160,0.088999234042,0.000021902926,1,0,0,0,0
05101909,05/10/1909,"May 10, 1909",1,5622797,0.054676337912,0.000021902926,1,0,0,0,0
05151909,05/15/1909,"May 15, 1909",1,9682014,0.092280692581,0.000021902926,1,0,0,0,0
05191909,05/19/1909,"May 19, 1909",1,6619339,0.064050101016,0.000021902926,1,0,0,0,0
05211909,05/21/1909,"May 21, 1909",1,5864026,0.056953984475,0.000021902926,1,0,0,0,0
05241909,05/24/1909,"May 24, 1909",1,5040856,0.049159073844,0.000021902926,1,0,0,0,0
05251909,05/25/1909,"May 25, 1909",1,343125,0.003425310229,0.000021902926,1,1,0,0,0
05311909,05/31/1909,"May 31, 1909",1,7990259,0.076793673817,0.000021902926,1,0,0,0,0
06021909,06/02/1909,"June 02, 1909",1,5852876,0.056848828981,0.000021902926,1,0,0,0,0
07171909,07/17/1909,"July 17, 1909",1,1258739,0.012508441034,0.000021902926,1,0,0,0,0
07291909,07/29/1909,"July 29, 1909",1,69297,0.000692670000,0.000021902926,1,0,0,0,0
08121909,08/12/1909,"August 12, 1909",1,8024380,0.077108627315,0.000021902926,1,0,0,0,0
08301909,08/30/1909,"August 30, 1909",1,1414509,0.014045459234,0.000021902926,1,0,0,0,0
09011909,09/01/1909,"September 01, 1909",1,6576361,0.063647762012,0.000021902926,1,0,0,0,0
09041909,09/04/1909,"September 04, 1909",1,311249,0.003107591442,0.000021902926,1,0,0,0,0
09071909,09/07/1909,"September 07, 1909",1,902797,0.008987280868,0.000021902926,1,0,0,0,0
10011909,10/01/1909,"October 01, 1909",1,3498569,0.034380708232,0.000021902926,1,0,0,0,0
10021909,10/02/1909,"October 02, 1909",1,4383687,0.042889864888,0.000021902926,1,0,0,0,0
10111909,10/11/1909,"October 11, 1909",1,7959660,0.076511138687,0.000021902926,1,0,0,0,0
10261909,10/26/1909,"October 26, 1909",1,2768551,0.027305720598,0.000021902926,1,0,0,0,0
11071909,11/07/1909,"November 07, 1909",1,8923082,0.085365512652,0.000021902926,1,0,0,0,0
11121909,11/12/1909,"November 12, 1909",1,1477041,0.014661803607,0.000021902926,1,0,0,0,0
11131909,11/13/1909,"November 13, 1909",1,9781412,0.093182499164,0.000021902926,1,0,0,0,0
11191909,11/19/1909,"November 19, 1909",1,3581477,0.035180952103,0.000021902926,1,0,0,0,0
12061909,12/06/1909,"December 06, 1909",1,6789909,0.065645190016,0.000021902926,1,0,0,0,0
12111909,12/11/1909,"December 11, 1909",1,3036818,0.029911641411,0.000021902926,1,0,0,0,0
12161909,12/16/1909,"December 16, 1909",1,2173487,0.021500311233,0.000021902926,1,0,0,0,0
12191909,12/19/1909,"December 19, 1909",1,1804047,0.017878656145,0.000021902926,1,0,0,0,0
12311909,12/31/1909,"December 31, 1909",1,1815454,0.017990680338,0.000021902926,1,0,0,0,0
01251910,01/25/1910,"January 25, 1910",1,819091,0.008157396470,0.000021902926,1,0,0,0,0
02051910,02/05/1910,"February 05, 1910",1,9394527,0.089667362858,0.000021902926,1,0,0,0,0
02261910,02/26/1910,"February 26, 1910",1,685369,0.006830197509,0.000021902926,1,0,0,0,0
03011910,03/01/1910,"March 01, 1910",1,7074153,0.068297266559,0.000021902926,1,0,0,0,0
03081910,03/08/1910,"March 08, 1910",1,51968,0.000519485026,0.000021902926,1,0,0,0,0
04081910,04/08/1910,"April 08, 1910",1,7621164,0.073379869178,0.000021902926,1,0,0,0,0
04151910,04/15/1910,"April 15, 1910",1,323062,0.003225347388,0.000021902926,1,0,0,0,0
04191910,04/19/1910,"April 19, 1910",1,6696277,0.064769925212,0.000021902926,1,0,0,0,0
04241910,04/24/1910,"April 24, 1910",1,9300959,0.088815184186,0.000021902926,1,0,0,0,0
04301910,04/30/1910,"April 30, 1910",1,7056269,0.068130625940,0.000021902926,1,0,0,0,0
05171910,05/17/1910,"May 17, 1910",1,2256470,0.022311962825,0.000021902926,1,0,0,0,0
06091910,06/09/1910,"June 09, 1910",1,4969410,0.048479493291,0.000021902926,1,0,0,0,0
06251910,06/25/1910,"June 25, 1910",1,5250804,0.051153251271,0.000021902926,1,0,0,0,0
06271910,06/27/1910,"June 27, 1910",1,2225279,0.022006964583,0.000021902926,1,0,0,0,0
07221910,07/22/1910,"July 22, 1910",1,2021398,0.020010988566,0.000021902926,1,0,0,0,0
07241910,07/24/1910,"July 24, 1910",1,3079751,0.030328040058,0.000021902926,1,0,0,0,0
08081910,08/08/1910,"August 08, 1910",1,2673247,0.026378262150,0.000021902926,1,0,0,0,0
08291910,08/29/1910,"August 29, 1910",1,3593597,0.035297881087,0.000021902926,1,0,0,0,0
09101910,09/10/1910,"September 10, 1910",1,4534259,0.044329920343,0.000021902926,1,0,0,0,0
09111910,09/11/1910,"September 11, 1910",1,2891406,0.028499990407,0.000021902926,1,0,0,0,0
09241910,09/24/1910,"September 24, 1910",1,7570120,0.072906764458,0.000021902926,1,0,0,0,0
09271910,09/27/1910,"September 27, 1910",1,6512222,0.063047002404,0.000021902926,1,0,0,0,0
10071910,10/07/1910,"October 07, 1910",1,7749000,0.074563666480,0.000021902926,1,0,0,0,0
10111910,10/11/1910,"October 11, 1910",1,1410251,0.014003476395,0.000021902926,1,0,0,0,0
10241910,10/24/1910,"October 24, 1910",1,7831695,0.075328639722,0.000021902926,1,0,0,0,0
11011910,11/01/1910,"November 01, 1910",1,2799478,0.027606499248,0.000021902926,1,0,0,0,0
11021910,11/02/1910,"November 02, 1910",1,4116700,0.040331090949,0.000021902926,1,0,0,0,0
11071910,11/07/1910,"November 07, 1910",1,1354554,0.013454152942,0.000021902926,1,0,0,0,0
11281910,11/28/1910,"November 28, 1910",1,9025647,0.086303126610,0.000021902926,1,0,0,0,0
12021910,12/02/1910,"December 02, 1910",1,8773452,0.083995920650,0.000021902926,1,0,0,0,0
12191910,12/19/1910,"December 19, 1910",1,9958734,0.094789061294,0.000021902926,1,1,0,0,0
01041911,01/04/1911,"January 04, 1911",1,4988331,0.048659513457,0.000021902926,1,0,0,0,0
01081911,01/08/1911,"January 08, 1911",1,5843923,0.056764384876,0.000021902926,1,0,0,0,0
01111911,01/11/1911,"January 11, 1911",1,7097839,0.068517923537,0.000021902926,1,0,0,0,0
01131911,01/13/1911,"January 13, 1911",1,5749356,0.055871973346,0.000021902926,1,0,0,0,0
02111911,02/11/1911,"February 11, 1911",1,1671566,0.016576669702,0.000021902926,1,0,0,0,0
02241911,02/24/1911,"February 24, 1911",1,3890234,0.038155304357,0.000021902926,1,0,0,0,0
02251911,02/25/1911,"February 25, 1911",1,8233388,0.079035529743,0.000021902926,1,0,0,0,0
03201911,03/20/1911,"March 20, 1911",1,5270162,0.051336911249,0.000021902926,1,0,0,0,0
03211911,03/21/1911,"March 21, 1911",1,698374,0.006959350845,0.000021902926,1,0,0,0,0
03241911,03/24/1911,"March 24, 1911",1,9830297,0.093625688568,0.000021902926,1,0,0,0,0
03291911,03/29/1911,"March 29, 1911",1,3021412,0.029762178084,0.000021902926,1,0,0,0,0
04041911,04/04/1911,"April 04, 1911",1,7539519,0.072623021242,0.000021902926,1,0,0,0,0
04091911,04/09/1911,"April 09, 1911",1,7387249,0.071209828642,0.000021902926,1,0,0,0,0
04111911,04/11/1911,"April 11, 1911",1,5324163,0.051849060514,0.000021902926,1,0,0,0,0
04131911,04/13/1911,"April 13, 1911",1,3211353,0.031603308440,0.000021902926,1,0,0,0,0
04201911,04/20/1911,"April 20, 1911",1,5790022,0.056255834397,0.000021902926,1,0,0,0,0
04221911,04/22/1911,"April 22, 1911",1,507291,0.005060004877,0.000021902926,1,0,0,0,0
05121911,05/12/1911,"May 12, 1911",1,675426,0.006731441725,0.000021902926,1,0,0,0,0
05201911,05/20/1911,"May 20, 1911",1,3176644,0.031267129290,0.000021902926,1,0,0,0,0
05221911,05/22/1911,"May 22, 1911",1,2453655,0.024237917530,0.000021902926,1,0,0,0,0
05311911,05/31/1911,"May 31, 1911",1,1129113,0.011227565219,0.000021902926,1,0,0,0,0
06171911,06/17/1911,"June 17, 1911",1,1922618,0.019042477142,0.000021902926,1,0,0,0,0
06191911,06/19/1911,"June 19, 1911",1,2668854,0.026335490008,0.000021902926,1,0,0,0,0
06291911,06/29/1911,"June 29, 1911",1,7097892,0.068518417223,0.000021902926,1,0,0,0,0
07051911,07/05/1911,"July 05, 1911",1,3996170,0.039173704643,0.000021902926,1,0,0,0,0
07201911,07/20/1911,"July 20, 1911",1,5670675,0.055128831648,0.000021902926,1,0,0,0,0
07301911,07/30/1911,"July 30, 1911",1,9197808,0.087874803004,0.000021902926,1,0,0,0,0
08131911,08/13/1911,"August 13, 1911",1,3213462,0.031623731711,0.000021902926,1,0,0,0,0
08181911,08/18/1911,"August 18, 1911",1,3500189,0.034396351138,0.000021902926,1,0,0,0,0
08271911,08/27/1911,"August 27, 1911",1,1990990,0.019712948192,0.000021902926,1,0,0,0,0
08281911,08/28/1911,"August 28, 1911",1,445465,0.004444683074,0.000021902926,1,0,0,0,0
08301911,08/30/1911,"August 30, 1911",1,5871517,0.057024625407,0.000021902926,1,0,0,0,0
09261911,09/26/1911,"September 26, 1911",1,1031485,0.010261775092,0.000021902926,1,0,0,0,0
10011911,10/01/1911,"October 01, 1911",1,9510226,0.090719999564,0.000021902926,1,0,0,0,0
10111911,10/11/1911,"October 11, 1911",1,2786722,0.027482452820,0.000021902926,1,0,0,0,0
10131911,10/13/1911,"October 13, 1911",1,5821608,0.056553878359,0.000021902926,1,0,0,0,0
10211911,10/21/1911,"October 21, 1911",1,7443193,0.071729285704,0.000021902926,1,0,0,0,0
10221911,10/22/1911,"October 22, 1911",1,3287817,0.032343500267,0.000021902926,1,0,0,0,0
11071911,11/07/1911,"November 07, 1911",1,5842658,0.056752452869,0.000021902926,1,0,0,0,0
11091911,11/09/1911,"November 09, 1911",1,9421395,0.089911918178,0.000021902926,1,0,0,0,0
11131911,11/13/1911,"November 13, 1911",1,9863843,0.093929689905,0.000021902926,1,0,0,0,0
11181911,11/18/1911,"November 18, 1911",1,6395097,0.061948953275,0.000021902926,1,0,0,0,0
12051911,12/05/1911,"December 05, 1911",1,2082282,0.020607463484,0.000021902926,1,0,0,0,0
01011912,01/01/1912,"January 01, 1912",1,2277454,0.022517099361,0.000021902926,1,0,0,0,0
01081912,01/08/1912,"January 08, 1912",1,2981039,0.029370384880,0.000021902926,1,0,0,0,0
01201912,01/20/1912,"January 20, 1912",1,5329230,0.051897102105,0.000021902926,1,0,0,0,0
01231912,01/23/1912,"January 23, 1912",1,3501226,0.034406364396,0.000021902926,1,0,0,0,0
01241912,01/24/1912,"January 24, 1912",1,6467319,0.062626187923,0.000021902926,1,0,0,0,0
02061912,02/06/1912,"February 06, 1912",1,4080781,0.039986325556,0.000021902926,1,0,0,0,0
02211912,02/21/1912,"February 21, 1912",2,1984590,0.019650207813,0.000021902926,2,0,0,0,0
03281912,03/28/1912,"March 28, 1912",1,6928924,0.066943180958,0.000021902926,1,0,0,0,0
04101912,04/10/1912,"April 10, 1912",1,7939273,0.076322847818,0.000021902926,1,0,0,0,0
04141912,04/14/1912,"April 14, 1912",1,5873006,0.057038666206,0.000021902926,1,0,0,0,0
05131912,05/13/1912,"May 13, 1912",1,9122937,0.087191630024,0.000021902926,1,0,0,0,0
05261912,05/26/1912,"May 26, 1912",1,2367192,0.023393879514,0.000021902926,1,0,0,0,0
06011912,06/01/1912,"June 01, 1912",1,401868,0.004010556192,0.000021902926,1,0,0,0,0
06031912,06/03/1912,"June 03, 1912",1,4082022,0.039998239252,0.000021902926,1,0,0,0,0
06211912,06/21/1912,"June 21, 1912",1,6720165,0.064993306293,0.000021902926,1,1,0,0,0
06301912,06/30/1912,"June 30, 1912",2,2696243,0.026602130466,0.000021902926,2,0,0,0,0
07061912,07/06/1912,"July 06, 1912",1,302742,0.003022782197,0.000021902926,1,0,0,0,0
07131912,07/13/1912,"July 13, 1912",1,9113726,0.087107547372,0.000021902926,1,0,0,0,0
07181912,07/18/1912,"July 18, 1912",1,4837479,0.047223314296,0.000021902926,1,0,0,0,0
07281912,07/28/1912,"July 28, 1912",1,3377337,0.033209358758,0.000021902926,1,0,0,0,0
08041912,08/04/1912,"August 04, 1912",1,5352349,0.052116268681,0.000021902926,1,0,0,0,0
08101912,08/10/1912,"August 10, 1912",1,96652,0.000965993138,0.000021902926,1,0,0,0,0
08271912,08/27/1912,"August 27, 1912",1,4395821,0.043005993588,0.000021902926,1,0,0,0,0
09101912,09/10/1912,"September 10, 1912",1,7886183,0.075832337418,0.000021902926,1,0,0,0,0
09171912,09/17/1912,"September 17, 1912",2,1834254,0.018175280739,0.000021902926,2,0,0,0,0
09181912,09/18/1912,"September 18, 1912",1,9942097,0.094638448820,0.000021902926,1,0,0,0,0
09191912,09/19/1912,"September 19, 1912",1,3835672,0.037630359452,0.000021902926,1,0,0,0,0
10081912,10/08/1912,"October 08, 1912",1,388484,0.003877244043,0.000021902926,1,0,0,0,0
10101912,10/10/1912,"October 10, 1912",1,3723337,0.036548674064,0.000021902926,1,0,0,0,0
10241912,10/24/1912,"October 24, 1912",1,5654943,0.054980172821,0.000021902926,1,0,0,0,0
10261912,10/26/1912,"October 26, 1912",1,955009,0.009504573378,0.000021902926,1,0,0,0,0
10311912,10/31/1912,"October 31, 1912",1,6317713,0.061222770907,0.000021902926,1,0,0,0,0
11171912,11/17/1912,"November 17, 1912",1,3795719,0.037245787087,0.000021902926,1,0,0,0,0
11201912,11/20/1912,"November 20, 1912",1,148147,0.001480313269,0.000021902926,1,0,0,0,0
12081912,12/08/1912,"December 08, 1912",1,7794031,0.074980305904,0.000021902926,1,0,0,0,0
12171912,12/17/1912,"December 17, 1912",1,4587054,0.044834333203,0.000021902926,1,0,0,0,0
01031913,01/03/1913,"January 03, 1913",1,4708863,0.045997102639,0.000021902926,1,0,0,0,0
01301913,01/30/1913,"January 30, 1913",1,488346,0.004871495637,0.000021902926,1,0,0,0,0
02141913,02/14/1913,"February 14, 1913",1,9931435,0.094541914024,0.000021902926,1,0,0,0,0
02221913,02/22/1913,"February 22, 1913",1,4310256,0.042186791232,0.000021902926,1,0,0,0,0
02251913,02/25/1913,"February 25, 1913",1,6116035,0.059327553272,0.000021902926,1,0,0,0,0
03171913,03/17/1913,"March 17, 1913",1,7241959,0.069859408613,0.000021902926,1,0,0,0,0
03201913,03/20/1913,"March 20, 1913",1,7285922,0.070268236452,0.000021902926,1,0,0,0,0
03231913,03/23/1913,"March 23, 1913",1,9067367,0.086684241443,0.000021902926,1,0,0,0,0
03261913,03/26/1913,"March 26, 1913",1,6012152,0.058349846757,0.000021902926,1,0,0,0,0
04031913,04/03/1913,"April 03, 1913",1,6567068,0.063560742754,0.000021902926,1,0,0,0,0
04151913,04/15/1913,"April 15, 1913",1,9863795,0.093929254991,0.000021902926,1,0,0,0,0
05071913,05/07/1913,"May 07, 1913",1,7062366,0.068187440284,0.000021902926,1,0,0,0,0
05181913,05/18/1913,"May 18, 1913",1,934494,0.009301352394,0.000021902926,1,0,0,0,0
06051913,06/05/1913,"June 05, 1913",2,1305798,0.012973035366,0.000021902926,2,0,0,0,0
06211913,06/21/1913,"June 21, 1913",1,7201009,0.069478438039,0.000021902926,1,0,0,0,0
07031913,07/03/1913,"July 03, 1913",1,8129460,0.078077892239,0.000021902926,1,0,0,0,0
07281913,07/28/1913,"July 28, 1913",1,2245108,0.022200871598,0.000021902926,1,0,0,0,0
07301913,07/30/1913,"July 30, 1913",1,305995,0.003055213338,0.000021902926,1,0,0,0,0
08061913,08/06/1913,"August 06, 1913",1,5990836,0.058149103214,0.000021902926,1,0,0,0,0
08101913,08/10/1913,"August 10, 1913",1,6139998,0.059552939607,0.000021902926,1,0,0,0,0
08151913,08/15/1913,"August 15, 1913",1,9119990,0.087164729165,0.000021902926,1,0,0,0,0
08201913,08/20/1913,"August 20, 1913",1,6010970,0.058338716386,0.000021902926,1,0,0,0,0
08301913,08/30/1913,"August 30, 1913",1,7019810,0.067790813739,0.000021902926,1,0,0,0,0
09081913,09/08/1913,"September 08, 1913",1,8563275,0.082068666124,0.000021902926,1,0,0,0,0
09101913,09/10/1913,"September 10, 1913",1,5786181,0.056219584487,0.000021902926,1,0,0,0,0
09181913,09/18/1913,"September 18, 1913",1,4486089,0.043869463169,0.000021902926,1,0,0,0,0
09211913,09/21/1913,"September 21, 1913",1,1416282,0.014062940053,0.000021902926,1,0,0,0,0
09261913,09/26/1913,"September 26, 1913",1,4152485,0.040674447033,0.000021902926,1,0,0,0,0
10051913,10/05/1913,"October 05, 1913",1,5323091,0.051838896281,0.000021902926,1,0,0,0,0
10121913,10/12/1913,"October 12, 1913",1,7077481,0.068328273110,0.000021902926,1,0,0,0,0
10151913,10/15/1913,"October 15, 1913",1,5182127,0.050501387968,0.000021902926,1,0,0,0,0
10171913,10/17/1913,"October 17, 1913",1,3678076,0.036112507655,0.000021902926,1,0,0,0,0
10201913,10/20/1913,"October 20, 1913",1,5724690,0.055639066001,0.000021902926,1,0,0,0,0
11061913,11/06/1913,"November 06, 1913",1,4187266,0.041008052038,0.000021902926,1,0,0,0,0
11101913,11/10/1913,"November 10, 1913",1,5771135,0.056077572601,0.000021902926,1,0,0,0,0
11201913,11/20/1913,"November 20, 1913",1,3848,0.000038419262,0.000021902926,1,0,0,0,0
11271913,11/27/1913,"November 27, 1913",1,6197665,0.060095110877,0.000021902926,1,0,0,0,0
12121913,12/12/1913,"December 12, 1913",1,4339793,0.042469658745,0.000021902926,1,0,0,0,0
12211913,12/21/1913,"December 21, 1913",1,5302941,0.051647822567,0.000021902926,1,0,0,0,0
12261913,12/26/1913,"December 26, 1913",1,1382778,0.013732556354,0.000021902926,1,0,0,0,0
01071914,01/07/1914,"January 07, 1914",1,9526172,0.090864981794,0.000021902926,1,0,0,0,0
02041914,02/04/1914,"February 04, 1914",1,9125008,0.087210534090,0.000021902926,1,0,0,0,0
02051914,02/05/1914,"February 05, 1914",1,1499284,0.014880948011,0.000021902926,1,0,0,0,0
02091914,02/09/1914,"February 09, 1914",1,7278696,0.070201051607,0.000021902926,1,0,0,0,0
02141914,02/14/1914,"February 14, 1914",1,4727793,0.046177678297,0.000021902926,1,0,0,0,0
03141914,03/14/1914,"March 14, 1914",1,9588068,0.091427525897,0.000021902926,1,0,0,0,0
04171914,04/17/1914,"April 17, 1914",2,709055,0.007065411854,0.000021902926,2,0,0,0,0
05091914,05/09/1914,"May 09, 1914",1,9407570,0.089786089802,0.000021902926,1,0,0,0,0
05111914,05/11/1914,"May 11, 1914",1,8172793,0.078477302205,0.000021902926,1,0,0,0,0
05271914,05/27/1914,"May 27, 1914",1,5520271,0.053706638352,0.000021902926,1,0,0,0,0
05311914,05/31/1914,"May 31, 1914",1,8012036,0.076994698572,0.000021902926,1,0,0,0,0
06071914,06/07/1914,"June 07, 1914",1,4715541,0.046060808826,0.000021902926,1,0,0,0,0
06261914,06/26/1914,"June 26, 1914",1,5884791,0.057149787652,0.000021902926,1,0,0,0,0
07011914,07/01/1914,"July 01, 1914",1,3456816,0.033977449024,0.000021902926,1,0,0,0,0
07031914,07/03/1914,"July 03, 1914",1,8892221,0.085083203741,0.000021902926,1,0,0,0,0
07131914,07/13/1914,"July 13, 1914",1,5666611,0.055090431303,0.000021902926,1,0,0,0,0
07221914,07/22/1914,"July 22, 1914",1,9000930,0.086077260239,0.000021902926,1,0,0,0,0
08021914,08/02/1914,"August 02, 1914",1,582174,0.005804766916,0.000021902926,1,0,0,0,0
08061914,08/06/1914,"August 06, 1914",1,823364,0.008199776999,0.000021902926,1,0,0,0,0
08271914,08/27/1914,"August 27, 1914",1,4569702,0.044668578474,0.000021902926,1,0,0,0,0
09191914,09/19/1914,"September 19, 1914",1,585207,0.005834920400,0.000021902926,1,0,0,0,0
09201914,09/20/1914,"September 20, 1914",1,4417907,0.043217331947,0.000021902926,1,1,0,0,0
09231914,09/23/1914,"September 23, 1914",1,2262900,0.022374826145,0.000021902926,1,0,0,0,0
10041914,10/04/1914,"October 04, 1914",1,8030741,0.077167330569,0.000021902926,1,0,0,0,0
10051914,10/05/1914,"October 05, 1914",1,6867072,0.066365888134,0.000021902926,1,0,0,0,0
10161914,10/16/1914,"October 16, 1914",1,6614649,0.064006203936,0.000021902926,1,0,0,0,0
11101914,11/10/1914,"November 10, 1914",1,8976993,0.085858468365,0.000021902926,1,0,0,0,0
11151914,11/15/1914,"November 15, 1914",1,303981,0.003035134668,0.000021902926,1,0,0,0,0
11191914,11/19/1914,"November 19, 1914",1,6321193,0.061255439787,0.000021902926,1,0,0,0,0
12231914,12/23/1914,"December 23, 1914",1,8477321,0.081279328232,0.000021902926,1,0,0,0,0
12311914,12/31/1914,"December 31, 1914",1,1235781,0.012281706694,0.000021902926,1,0,0,0,0
01131915,01/13/1915,"January 13, 1915",1,6033081,0.058546904098,0.000021902926,1,0,0,0,0
01151915,01/15/1915,"January 15, 1915",1,6573753,0.063623341627,0.000021902926,1,0,0,0,0
01161915,01/16/1915,"January 16, 1915",1,310611,0.003101231248,0.000021902926,1,0,0,0,0
01261915,01/26/1915,"January 26, 1915",2,66622,0.000665938171,0.000021902926,2,0,0,0,0
01311915,01/31/1915,"January 31, 1915",1,88462,0.000884168901,0.000021902926,1,0,0,0,0
02151915,02/15/1915,"February 15, 1915",1,1035427,0.010300789804,0.000021902926,1,0,0,0,0
02201915,02/20/1915,"February 20, 1915",1,4452642,0.043549612698,0.000021902926,1,0,0,0,0
02231915,02/23/1915,"February 23, 1915",1,1586321,0.015737993062,0.000021902926,1,0,0,0,0
03021915,03/02/1915,"March 02, 1915",1,8257874,0.079261009499,0.000021902926,1,0,0,0,0
03041915,03/04/1915,"March 04, 1915",1,393927,0.003931461529,0.000021902926,1,0,0,0,0
03071915,03/07/1915,"March 07, 1915",2,1528790,0.015171574363,0.000021902926,2,0,0,0,0
03161915,03/16/1915,"March 16, 1915",1,3357539,0.033017934597,0.000021902926,1,0,0,0,0
03191915,03/19/1915,"March 19, 1915",1,1002178,0.009971669999,0.000021902926,1,0,0,0,0
03201915,03/20/1915,"March 20, 1915",1,7816033,0.075183806351,0.000021902926,1,0,0,0,0
04211915,04/21/1915,"April 21, 1915",1,4079283,0.039971944443,0.000021902926,1,0,0,0,0
05051915,05/05/1915,"May 05, 1915",1,7732762,0.074413381925,0.000021902926,1,0,0,0,0
05081915,05/08/1915,"May 08, 1915",1,841148,0.008376143070,0.000021902926,1,0,0,0,0
05181915,05/18/1915,"May 18, 1915",1,5692750,0.055337388940,0.000021902926,1,0,0,0,0
06081915,06/08/1915,"June 08, 1915",1,3425068,0.033670707492,0.000021902926,1,0,0,0,0
08071915,08/07/1915,"August 07, 1915",1,1048327,0.010428452769,0.000021902926,1,0,0,0,0
08111915,08/11/1915,"August 11, 1915",1,3137416,0.030887040210,0.000021902926,1,0,0,0,0
08191915,08/19/1915,"August 19, 1915",1,6386073,0.061864299728,0.000021902926,1,0,0,0,0
09041915,09/04/1915,"September 04, 1915",1,4017065,0.039374448326,0.000021902926,1,0,0,0,0
09141915,09/14/1915,"September 14, 1915",1,2297799,0.022715948031,0.000021902926,1,0,0,0,0
09301915,09/30/1915,"September 30, 1915",1,1288546,0.012802738783,0.000021902926,1,0,0,0,0
10191915,10/19/1915,"October 19, 1915",1,776226,0.007732151999,0.000021902926,1,0,0,0,0
10211915,10/21/1915,"October 21, 1915",1,4959563,0.048385792453,0.000021902926,1,0,0,0,0
10221915,10/22/1915,"October 22, 1915",1,950887,0.009463744314,0.000021902926,1,0,0,0,0
10291915,10/29/1915,"October 29, 1915",1,6545843,0.063361962425,0.000021902926,1,0,0,0,0
11011915,11/01/1915,"November 01, 1915",1,2628875,0.025946150847,0.000021902926,1,0,0,0,0
11031915,11/03/1915,"November 03, 1915",1,1863205,0.018459487674,0.000021902926,1,0,0,0,0
11121915,11/12/1915,"November 12, 1915",1,9239566,0.088255608734,0.000021902926,1,0,0,0,0
11231915,11/23/1915,"November 23, 1915",1,8664187,0.082994501783,0.000021902926,1,0,0,0,0
12031915,12/03/1915,"December 03, 1915",1,9978732,0.094970067280,0.000021902926,1,0,0,0,0
12161915,12/16/1915,"December 16, 1915",1,7700823,0.074117711597,0.000021902926,1,0,0,0,0
12241915,12/24/1915,"December 24, 1915",1,5701225,0.055417445705,0.000021902926,1,0,0,0,0
01061916,01/06/1916,"January 06, 1916",3,763585,0.007606711491,0.000021902926,3,0,0,0,0
01131916,01/13/1916,"January 13, 1916",1,1167907,0.011611075206,0.000021902926,1,0,0,0,0
01191916,01/19/1916,"January 19, 1916",1,465948,0.004648581789,0.000021902926,1,0,0,0,0
01261916,01/26/1916,"January 26, 1916",1,9121307,0.087176751126,0.000021902926,1,0,0,0,0
01271916,01/27/1916,"January 27, 1916",1,5550119,0.053989045849,0.000021902926,1,0,0,0,0
01291916,01/29/1916,"January 29, 1916",1,1849830,0.018328197849,0.000021902926,1,0,0,0,0
02171916,02/17/1916,"February 17, 1916",1,9520749,0.090815678065,0.000021902926,1,0,0,0,0
02281916,02/28/1916,"February 28, 1916",1,4189840,0.041032736173,0.000021902926,1,0,0,0,0
03011916,03/01/1916,"March 01, 1916",1,7618042,0.073350939646,0.000021902926,1,0,0,0,0
03101916,03/10/1916,"March 10, 1916",1,61538,0.000615130736,0.000021902926,1,0,0,0,0
03141916,03/14/1916,"March 14, 1916",1,7500750,0.072263416755,0.000021902926,1,0,0,0,0
03171916,03/17/1916,"March 17, 1916",1,385629,0.003848804332,0.000021902926,1,0,0,0,0
03211916,03/21/1916,"March 21, 1916",1,8592414,0.082336103172,0.000021902926,1,0,0,0,0
03281916,03/28/1916,"March 28, 1916",1,7878529,0.075761598918,0.000021902926,1,0,0,0,0
04021916,04/02/1916,"April 02, 1916",1,2288637,0.022626405163,0.000021902926,1,0,0,0,0
04091916,04/09/1916,"April 09, 1916",1,8126292,0.078048685283,0.000021902926,1,0,0,0,0
04161916,04/16/1916,"April 16, 1916",1,3176803,0.031268669574,0.000021902926,1,0,0,0,0
05071916,05/07/1916,"May 07, 1916",1,890572,0.008866122156,0.000021902926,1,0,0,0,0
05121916,05/12/1916,"May 12, 1916",1,1978283,0.019588375201,0.000021902926,1,0,0,0,0
05141916,05/14/1916,"May 14, 1916",1,1146479,0.011399260533,0.000021902926,1,0,0,0,0
05281916,05/28/1916,"May 28, 1916",1,8782663,0.084080289901,0.000021902926,1,0,0,0,0
06081916,06/08/1916,"June 08, 1916",1,3217967,0.031667356079,0.000021902926,1,0,0,0,0
06191916,06/19/1916,"June 19, 1916",1,6127556,0.059435921903,0.000021902926,1,0,0,0,0
06251916,06/25/1916,"June 25, 1916",1,2286748,0.022607942401,0.000021902926,1,0,0,0,0
08171916,08/17/1916,"August 17, 1916",1,9824667,0.093574658258,0.000021902926,1,0,0,0,0
08211916,08/21/1916,"August 21, 1916",1,3908328,0.038329324794,0.000021902926,1,0,0,0,0
08251916,08/25/1916,"August 25, 1916",1,815689,0.008123653410,0.000021902926,1,0,0,0,0
08261916,08/26/1916,"August 26, 1916",1,8484580,0.081346015746,0.000021902926,1,0,0,0,0
08281916,08/28/1916,"August 28, 1916",1,9001347,0.086081071288,0.000021902926,1,0,0,0,0
09181916,09/18/1916,"September 18, 1916",1,6814400,0.065873994836,0.000021902926,1,0,0,0,0
11031916,11/03/1916,"November 03, 1916",1,4934579,0.048148011454,0.000021902926,1,0,0,0,0
11181916,11/18/1916,"November 18, 1916",1,5468616,0.053217704243,0.000021902926,1,0,0,0,0
11241916,11/24/1916,"November 24, 1916",1,6511052,0.063036039990,0.000021902926,1,0,0,0,0
12051916,12/05/1916,"December 05, 1916",1,8877373,0.084947346808,0.000021902926,1,0,0,0,0
12101916,12/10/1916,"December 10, 1916",1,6585974,0.063737769227,0.000021902926,1,0,0,0,0
01181917,01/18/1917,"January 18, 1917",1,3046614,0.030006666613,0.000021902926,1,0,0,0,0
02121917,02/12/1917,"February 12, 1917",1,2742676,0.027054003386,0.000021902926,1,0,0,0,0
02141917,02/14/1917,"February 14, 1917",1,4527900,0.044269147350,0.000021902926,1,0,0,0,0
02261917,02/26/1917,"February 26, 1917",1,1182561,0.011755903109,0.000021902926,1,0,0,0,0
03101917,03/10/1917,"March 10, 1917",1,8395434,0.080526707321,0.000021902926,1,0,0,0,0
03171917,03/17/1917,"March 17, 1917",1,4175822,0.040898298719,0.000021902926,1,0,0,0,0
03231917,03/23/1917,"March 23, 1917",1,8608653,0.082485110514,0.000021902926,1,0,0,0,0
03241917,03/24/1917,"March 24, 1917",1,6469972,0.062651056121,0.000021902926,1,0,0,0,0
03271917,03/27/1917,"March 27, 1917",1,464281,0.004631989142,0.000021902926,1,0,0,0,0
04091917,04/09/1917,"April 09, 1917",1,8272822,0.079398631279,0.000021902926,1,0,0,0,0
05171917,05/17/1917,"May 17, 1917",1,9817664,0.093511179068,0.000021902926,1,0,0,0,0
05261917,05/26/1917,"May 26, 1917",1,2509756,0.024785176298,0.000021902926,1,0,0,0,0
06161917,06/16/1917,"June 16, 1917",1,5654019,0.054971440798,0.000021902926,1,0,0,0,0
07251917,07/25/1917,"July 25, 1917",1,4570133,0.044672695944,0.000021902926,1,0,0,0,0
07281917,07/28/1917,"July 28, 1917",1,9198814,0.087883978938,0.000021902926,1,0,0,0,0
08011917,08/01/1917,"August 01, 1917",1,5688962,0.055301604442,0.000021902926,1,0,0,0,0
08021917,08/02/1917,"August 02, 1917",1,576002,0.005743403292,0.000021902926,1,0,0,0,0
08311917,08/31/1917,"August 31, 1917",1,7502820,0.072282620704,0.000021902926,1,0,0,0,0
09121917,09/12/1917,"September 12, 1917",1,9556350,0.091139299169,0.000021902926,1,0,0,0,0
09161917,09/16/1917,"September 16, 1917",1,8857152,0.084762295300,0.000021902926,1,0,0,0,0
09241917,09/24/1917,"September 24, 1917",1,5816467,0.056505374547,0.000021902926,1,0,0,0,0
10041917,10/04/1917,"October 04, 1917",1,3903484,0.038282740338,0.000021902926,1,0,0,0,0
10081917,10/08/1917,"October 08, 1917",1,4857590,0.047414907951,0.000021902926,1,0,0,0,0
11011917,11/01/1917,"November 01, 1917",1,2439518,0.024099964292,0.000021902926,1,0,0,0,0
11061917,11/06/1917,"November 06, 1917",1,735531,0.007328266420,0.000021902926,1,0,0,0,0
11111917,11/11/1917,"November 11, 1917",1,4632147,0.045264948965,0.000021902926,1,0,0,0,0
11241917,11/24/1917,"November 24, 1917",1,5480029,0.053325754341,0.000021902926,1,0,0,0,0
11291917,11/29/1917,"November 29, 1917",1,8298824,0.079637974931,0.000021902926,1,0,0,0,0
12041917,12/04/1917,"December 04, 1917",1,2421300,0.023922158626,0.000021902926,1,0,0,0,0
12051917,12/05/1917,"December 05, 1917",1,8728386,0.083583021216,0.000021902926,1,0,0,0,0
12141917,12/14/1917,"December 14, 1917",1,8546030,0.081910355214,0.000021902926,1,0,0,0,0
12201917,12/20/1917,"December 20, 1917",1,4435781,0.043388332000,0.000021902926,1,0,0,0,0
12211917,12/21/1917,"December 21, 1917",1,9532509,0.090922591855,0.000021902926,1,0,0,0,0
02041918,02/04/1918,"February 04, 1918",1,7451550,0.071806858047,0.000021902926,1,0,0,0,0
02111918,02/11/1918,"February 11, 1918",1,5954436,0.057806207081,0.000021902926,1,0,0,0,0
02251918,02/25/1918,"February 25, 1918",1,7610817,0.073283986832,0.000021902926,1,0,0,0,0
03121918,03/12/1918,"March 12, 1918",1,696181,0.006937573225,0.000021902926,1,0,0,0,0
03131918,03/13/1918,"March 13, 1918",1,860179,0.008564841052,0.000021902926,1,0,0,0,0
03281918,03/28/1918,"March 28, 1918",1,989735,0.009848473108,0.000021902926,1,0,0,0,0
04041918,04/04/1918,"April 04, 1918",1,1073599,0.010678505695,0.000021902926,1,0,0,0,0
04141918,04/14/1918,"April 14, 1918",2,493484,0.004922624026,0.000021902926,2,0,0,0,0
04191918,04/19/1918,"April 19, 1918",1,8586001,0.082277251498,0.000021902926,1,0,0,0,0
04301918,04/30/1918,"April 30, 1918",1,2891534,0.028501233926,0.000021902926,1,0,0,0,0
05151918,05/15/1918,"May 15, 1918",1,887872,0.008839361180,0.000021902926,1,0,0,0,0
06141918,06/14/1918,"June 14, 1918",1,7469611,0.071974483874,0.000021902926,1,0,0,0,0
07061918,07/06/1918,"July 06, 1918",1,29377,0.000293666874,0.000021902926,1,1,0,0,0
07141918,07/14/1918,"July 14, 1918",1,3328860,0.032740574037,0.000021902926,1,0,0,0,0
07151918,07/15/1918,"July 15, 1918",1,6289856,0.060961219304,0.000021902926,1,0,0,0,0
07281918,07/28/1918,"July 28, 1918",1,1877248,0.018597315732,0.000021902926,1,0,0,0,0
08081918,08/08/1918,"August 08, 1918",1,6355961,0.061581765767,0.000021902926,1,0,0,0,0
08311918,08/31/1918,"August 31, 1918",2,1310022,0.013014726505,0.000021902926,2,0,0,0,0
09021918,09/02/1918,"September 02, 1918",1,6724137,0.065030444021,0.000021902926,1,0,0,0,0
09241918,09/24/1918,"September 24, 1918",1,1951018,0.019321029525,0.000021902926,1,0,0,0,0
10181918,10/18/1918,"October 18, 1918",1,4148643,0.040637589037,0.000021902926,1,0,0,0,0
10221918,10/22/1918,"October 22, 1918",2,3489155,0.034289800552,0.000021902926,2,0,0,0,0
11171918,11/17/1918,"November 17, 1918",1,8868960,0.084870360189,0.000021902926,1,0,0,0,0
11201918,11/20/1918,"November 20, 1918",1,5924708,0.057526070070,0.000021902926,1,0,0,0,0
11281918,11/28/1918,"November 28, 1918",1,891836,0.008878650009,0.000021902926,1,0,0,0,0
11301918,11/30/1918,"November 30, 1918",1,7495772,0.072217232878,0.000021902926,1,0,0,0,0
12081918,12/08/1918,"December 08, 1918",1,4640842,0.045347959570,0.000021902926,1,0,0,0,0
12101918,12/10/1918,"December 10, 1918",1,7133379,0.068848913450,0.000021902926,1,0,0,0,0
12201918,12/20/1918,"December 20, 1918",1,4701806,0.045929776278,0.000021902926,1,0,0,0,0
01011919,01/01/1919,"January 01, 1919",1,9357242,0.089327882047,0.000021902926,1,0,0,0,0
01021919,01/02/1919,"January 02, 1919",1,2787392,0.027488968666,0.000021902926,1,0,0,0,0
01051919,01/05/1919,"January 05, 1919",1,4666839,0.045596108206,0.000021902926,1,0,0,0,0
01161919,01/16/1919,"January 16, 1919",1,771938,0.007689602641,0.000021902926,1,0,0,0,0
01311919,01/31/1919,"January 31, 1919",1,467911,0.004668120346,0.000021902926,1,0,0,0,0
02241919,02/24/1919,"February 24, 1919",1,3230275,0.031786531128,0.000021902926,1,0,0,0,0
02271919,02/27/1919,"February 27, 1919",1,4898671,0.047806159066,0.000021902926,1,0,0,0,0
03061919,03/06/1919,"March 06, 1919",1,2668852,0.026335470534,0.000021902926,1,0,0,0,0
03191919,03/19/1919,"March 19, 1919",1,1913502,0.018953048977,0.000021902926,1,0,0,0,0
03221919,03/22/1919,"March 22, 1919",1,9812227,0.093461891930,0.000021902926,1,0,0,0,0
04121919,04/12/1919,"April 12, 1919",1,9451213,0.090183247790,0.000021902926,1,0,0,0,0
04181919,04/18/1919,"April 18, 1919",1,4553989,0.044518455452,0.000021902926,1,0,0,0,0
04191919,04/19/1919,"April 19, 1919",1,1395112,0.013854195080,0.000021902926,1,0,0,0,0
04211919,04/21/1919,"April 21, 1919",1,3734676,0.036657913617,0.000021902926,1,0,0,0,0
05141919,05/14/1919,"May 14, 1919",1,6580438,0.063685936315,0.000021902926,1,0,0,0,0
05161919,05/16/1919,"May 16, 1919",2,305126,0.003046549851,0.000021902926,2,1,0,0,0
05181919,05/18/1919,"May 18, 1919",1,6991166,0.067523753491,0.000021902926,1,0,0,0,0
05271919,05/27/1919,"May 27, 1919",1,7565057,0.072859824539,0.000021902926,1,0,0,0,0
06041919,06/04/1919,"June 04, 1919",1,9449954,0.090171793125,0.000021902926,1,0,0,0,0
06051919,06/05/1919,"June 05, 1919",1,3252399,0.032000714984,0.000021902926,1,0,0,0,0
06131919,06/13/1919,"June 13, 1919",1,6265979,0.060736978242,0.000021902926,1,0,0,0,0
06211919,06/21/1919,"June 21, 1919",2,2031472,0.020109707687,0.000021902926,2,0,0,0,0
06251919,06/25/1919,"June 25, 1919",1,8407648,0.080639004932,0.000021902926,1,0,0,0,0
06281919,06/28/1919,"June 28, 1919",1,8993854,0.086012588777,0.000021902926,1,0,0,0,0
07041919,07/04/1919,"July 04, 1919",1,3433985,0.033756871234,0.000021902926,1,0,0,0,0
07221919,07/22/1919,"July 22, 1919",1,1055938,0.010503766194,0.000021902926,1,0,0,0,0
08121919,08/12/1919,"August 12, 1919",1,1804045,0.017878636502,0.000021902926,1,0,0,0,0
08191919,08/19/1919,"August 19, 1919",1,7021779,0.067809168758,0.000021902926,1,0,0,0,0
09231919,09/23/1919,"September 23, 1919",1,3363298,0.033073621491,0.000021902926,1,0,0,0,0
09261919,09/26/1919,"September 26, 1919",1,858794,0.008551109579,0.000021902926,1,0,0,0,0
09291919,09/29/1919,"September 29, 1919",1,9283436,0.088655503279,0.000021902926,1,0,0,0,0
10051919,10/05/1919,"October 05, 1919",1,2983613,0.029395368565,0.000021902926,1,0,0,0,0
10131919,10/13/1919,"October 13, 1919",1,6586841,0.063745886586,0.000021902926,1,0,0,0,0
11071919,11/07/1919,"November 07, 1919",1,7824311,0.075260359468,0.000021902926,1,0,0,0,0
11151919,11/15/1919,"November 15, 1919",1,4877233,0.047602005866,0.000021902926,1,0,0,0,0
11211919,11/21/1919,"November 21, 1919",1,1250099,0.012423118077,0.000021902926,1,0,0,0,0
11281919,11/28/1919,"November 28, 1919",1,9045825,0.086487473767,0.000021902926,1,0,0,0,0
12061919,12/06/1919,"December 06, 1919",1,7139270,0.068903765946,0.000021902926,1,0,0,0,0
12081919,12/08/1919,"December 08, 1919",1,1735033,0.017200620971,0.000021902926,1,0,0,0,0
01211920,01/21/1920,"January 21, 1920",1,8488441,0.081381484292,0.000021902926,1,0,0,0,0
01301920,01/30/1920,"January 30, 1920",1,9697297,0.092419408724,0.000021902926,1,0,0,0,0
02091920,02/09/1920,"February 09, 1920",1,7638405,0.073539613985,0.000021902926,1,0,0,0,0
02271920,02/27/1920,"February 27, 1920",1,8597899,0.082386435657,0.000021902926,1,0,0,0,0
03011920,03/01/1920,"March 01, 1920",1,4953596,0.048329007938,0.000021902926,1,0,0,0,0
03071920,03/07/1920,"March 07, 1920",1,6913323,0.066797603407,0.000021902926,1,0,0,0,0
03131920,03/13/1920,"March 13, 1920",1,6012318,0.058351409895,0.000021902926,1,0,0,0,0
03171920,03/17/1920,"March 17, 1920",1,5480527,0.053330468767,0.000021902926,1,0,0,0,0
03271920,03/27/1920,"March 27, 1920",1,3580659,0.035173059851,0.000021902926,1,0,0,0,0
04071920,04/07/1920,"April 07, 1920",1,2401223,0.023726171802,0.000021902926,1,0,0,0,0
04141920,04/14/1920,"April 14, 1920",2,5395515,0.052525343879,0.000021902926,2,0,0,0,0
04231920,04/23/1920,"April 23, 1920",1,2156227,0.021331407609,0.000021902926,1,0,0,0,0
06241920,06/24/1920,"June 24, 1920",1,266366,0.002660055792,0.000021902926,1,0,0,0,0
07051920,07/05/1920,"July 05, 1920",1,1425115,0.014150024028,0.000021902926,1,0,0,0,0
07111920,07/11/1920,"July 11, 1920",1,5344244,0.052039439590,0.000021902926,1,0,0,0,0
07181920,07/18/1920,"July 18, 1920",1,2767237,0.027292939311,0.000021902926,1,0,0,0,0
08191920,08/19/1920,"August 19, 1920",2,5678517,0.055202925541,0.000021902926,2,0,0,0,0
08231920,08/23/1920,"August 23, 1920",1,8859907,0.084787509752,0.000021902926,1,0,0,0,0
09031920,09/03/1920,"September 03, 1920",1,6566555,0.063555938808,0.000021902926,1,0,0,0,0
09131920,09/13/1920,"September 13, 1920",1,6349154,0.061517885463,0.000021902926,1,0,0,0,0
09191920,09/19/1920,"September 19, 1920",1,8450060,0.081028841646,0.000021902926,1,0,0,0,0
09221920,09/22/1920,"September 22, 1920",1,9281402,0.088636966343,0.000021902926,1,0,0,0,0
09231920,09/23/1920,"September 23, 1920",1,2128741,0.021062373786,0.000021902926,1,0,0,0,0
10191920,10/19/1920,"October 19, 1920",1,4931926,0.048122758486,0.000021902926,1,0,0,0,0
10261920,10/26/1920,"October 26, 1920",1,9302134,0.088825890545,0.000021902926,1,0,0,0,0
11181920,11/18/1920,"November 18, 1920",1,5807880,0.056424353184,0.000021902926,1,0,0,0,0
12011920,12/01/1920,"December 01, 1920",1,9962524,0.094823368139,0.000021902926,1,0,0,0,0
12261920,12/26/1920,"December 26, 1920",1,7727846,0.074367878968,0.000021902926,1,0,0,0,0
01041921,01/04/1921,"January 04, 1921",1,4855105,0.047391235917,0.000021902926,1,0,0,0,0
01101921,01/10/1921,"January 10, 1921",1,5050497,0.049250739999,0.000021902926,1,0,0,0,0
01131921,01/13/1921,"January 13, 1921",1,8291640,0.079571853747,0.000021902926,1,0,0,0,0
01141921,01/14/1921,"January 14, 1921",1,3440608,0.033820863398,0.000021902926,1,0,0,0,0
01161921,01/16/1921,"January 16, 1921",1,4477216,0.043784621942,0.000021902926,1,0,0,0,0
01171921,01/17/1921,"January 17, 1921",1,1704914,0.016904567041,0.000021902926,1,0,0,0,0
02031921,02/03/1921,"February 03, 1921",1,2748072,0.027106502136,0.000021902926,1,1,0,0,0
02051921,02/05/1921,"February 05, 1921",1,8625800,0.082642423307,0.000021902926,1,0,0,0,0
02111921,02/11/1921,"February 11, 1921",1,5504369,0.053556146815,0.000021902926,1,0,0,0,0
02121921,02/12/1921,"February 12, 1921",1,1917933,0.018996518205,0.000021902926,1,0,0,0,0
02191921,02/19/1921,"February 19, 1921",1,9622053,0.091736251792,0.000021902926,1,0,0,0,0
02261921,02/26/1921,"February 26, 1921",1,767570,0.007646257576,0.000021902926,1,0,0,0,0
03281921,03/28/1921,"March 28, 1921",1,5386821,0.052442966851,0.000021902926,1,0,0,0,0
04081921,04/08/1921,"April 08, 1921",1,1757209,0.017418542399,0.000021902926,1,0,0,0,0
04101921,04/10/1921,"April 10, 1921",1,3579426,0.035161163461,0.000021902926,1,0,0,0,0
04221921,04/22/1921,"April 22, 1921",1,7272113,0.070139840927,0.000021902926,1,0,0,0,0
04251921,04/25/1921,"April 25, 1921",1,356334,0.003556939087,0.000021902926,1,0,0,0,0
04261921,04/26/1921,"April 26, 1921",2,4706262,0.045972288700,0.000021902926,2,0,0,0,0
04271921,04/27/1921,"April 27, 1921",1,2822333,0.027828714390,0.000021902926,1,0,0,0,0
05051921,05/05/1921,"May 05, 1921",1,2994996,0.029505846204,0.000021902926,1,0,0,0,0
05141921,05/14/1921,"May 14, 1921",1,4133166,0.040489097024,0.000021902926,1,0,0,0,0
06041921,06/04/1921,"June 04, 1921",1,5248305,0.051129539294,0.000021902926,1,0,0,0,0
07101921,07/10/1921,"July 10, 1921",1,5005136,0.048819372794,0.000021902926,1,0,0,0,0
07191921,07/19/1921,"July 19, 1921",1,6042409,0.058634718748,0.000021902926,1,0,0,0,0
07251921,07/25/1921,"July 25, 1921",1,7835032,0.075359495491,0.000021902926,1,0,0,0,0
07261921,07/26/1921,"July 26, 1921",1,7890421,0.075871502814,0.000021902926,1,0,0,0,0
08141921,08/14/1921,"August 14, 1921",1,5878933,0.057094553868,0.000021902926,1,0,0,0,0
08181921,08/18/1921,"August 18, 1921",1,2036708,0.020161013400,0.000021902926,1,0,0,0,0
08231921,08/23/1921,"August 23, 1921",1,5338637,0.051986285951,0.000021902926,1,0,0,0,0
08241921,08/24/1921,"August 24, 1921",1,6467369,0.062626656610,0.000021902926,1,0,0,0,0
09011921,09/01/1921,"September 01, 1921",1,4915017,0.047961791953,0.000021902926,1,0,0,0,0
09171921,09/17/1921,"September 17, 1921",1,5735283,0.055739096857,0.000021902926,1,0,0,0,0
10041921,10/04/1921,"October 04, 1921",1,5908971,0.057377741275,0.000021902926,1,0,0,0,0
10091921,10/09/1921,"October 09, 1921",1,3690721,0.036234383524,0.000021902926,1,0,0,0,0
10221921,10/22/1921,"October 22, 1921",1,5194035,0.050614447532,0.000021902926,1,0,0,0,0
10271921,10/27/1921,"October 27, 1921",1,4845904,0.047303582351,0.000021902926,1,0,0,0,0
11041921,11/04/1921,"November 04, 1921",1,9097022,0.086955045078,0.000021902926,1,0,0,0,0
11251921,11/25/1921,"November 25, 1921",2,6975287,0.067375673830,0.000021902926,2,0,0,0,0
12121921,12/12/1921,"December 12, 1921",1,7627228,0.073436057720,0.000021902926,1,0,0,0,0
01171922,01/17/1922,"January 17, 1922",1,4628614,0.045231217579,0.000021902926,1,0,0,0,0
02181922,02/18/1922,"February 18, 1922",2,3594130,0.035303022935,0.000021902926,2,0,0,0,0
03021922,03/02/1922,"March 02, 1922",1,6668010,0.064505526357,0.000021902926,1,0,0,0,0
03041922,03/04/1922,"March 04, 1922",1,7674193,0.073871116309,0.000021902926,1,0,0,0,0
03131922,03/13/1922,"March 13, 1922",1,213276,0.002130427433,0.000021902926,1,0,0,0,0
03141922,03/14/1922,"March 14, 1922",1,2323508,0.022967165696,0.000021902926,1,0,0,0,0
03151922,03/15/1922,"March 15, 1922",1,8890110,0.085063889643,0.000021902926,1,0,0,0,0
03171922,03/17/1922,"March 17, 1922",1,8013940,0.077012272426,0.000021902926,1,0,0,0,0
03281922,03/28/1922,"March 28, 1922",1,7872276,0.075703804483,0.000021902926,1,0,0,0,0
04061922,04/06/1922,"April 06, 1922",1,3715195,0.036470226662,0.000021902926,1,0,0,0,0
04151922,04/15/1922,"April 15, 1922",1,1871381,0.018539735147,0.000021902926,1,0,0,0,0
04161922,04/16/1922,"April 16, 1922",1,4341000,0.042481216067,0.000021902926,1,0,0,0,0
04181922,04/18/1922,"April 18, 1922",1,4874628,0.047577195575,0.000021902926,1,0,0,0,0
04221922,04/22/1922,"April 22, 1922",1,7005043,0.067653144243,0.000021902926,1,0,0,0,0
05051922,05/05/1922,"May 05, 1922",1,469223,0.004681179014,0.000021902926,1,0,0,0,0
05141922,05/14/1922,"May 14, 1922",1,8758479,0.083858757090,0.000021902926,1,0,0,0,0
05151922,05/15/1922,"May 15, 1922",1,8084073,0.077659364476,0.000021902926,1,0,0,0,0
05181922,05/18/1922,"May 18, 1922",1,992939,0.009880197055,0.000021902926,1,0,0,0,0
05291922,05/29/1922,"May 29, 1922",1,7545524,0.072678708559,0.000021902926,1,0,0,0,0
06031922,06/03/1922,"June 03, 1922",1,8944523,0.085561598413,0.000021902926,1,0,0,0,0
06081922,06/08/1922,"June 08, 1922",1,1789799,0.017738713525,0.000021902926,1,0,0,0,0
06131922,06/13/1922,"June 13, 1922",1,5956488,0.057825540699,0.000021902926,1,0,0,0,0
07141922,07/14/1922,"July 14, 1922",1,2052350,0.020314267830,0.000021902926,1,0,0,0,0
08071922,08/07/1922,"August 07, 1922",1,9702516,0.092466774119,0.000021902926,1,0,0,0,0
08081922,08/08/1922,"August 08, 1922",1,7338222,0.070754359037,0.000021902926,1,0,0,0,0
08111922,08/11/1922,"August 11, 1922",1,1784450,0.017686170963,0.000021902926,1,0,0,0,0
09011922,09/01/1922,"September 01, 1922",1,8558151,0.082021630117,0.000021902926,1,0,0,0,0
09091922,09/09/1922,"September 09, 1922",1,8058850,0.077426693153,0.000021902926,1,0,0,0,0
09141922,09/14/1922,"September 14, 1922",1,9115908,0.087127466468,0.000021902926,1,0,0,0,0
10121922,10/12/1922,"October 12, 1922",1,7200483,0.069473543482,0.000021902926,1,0,0,0,0
10151922,10/15/1922,"October 15, 1922",1,763763,0.007608477950,0.000021902926,1,0,0,0,0
10241922,10/24/1922,"October 24, 1922",2,1428928,0.014187613771,0.000021902926,2,0,0,0,0
10261922,10/26/1922,"October 26, 1922",1,3174385,0.031245245367,0.000021902926,1,0,0,0,0
11041922,11/04/1922,"November 04, 1922",1,598274,0.005964819465,0.000021902926,1,0,0,0,0
11201922,11/20/1922,"November 20, 1922",1,4675237,0.045676255680,0.000021902926,1,0,0,0,0
12081922,12/08/1922,"December 08, 1922",1,715068,0.007125115216,0.000021902926,1,0,0,0,0
12101922,12/10/1922,"December 10, 1922",1,7411864,0.071438422209,0.000021902926,1,0,0,0,0
12311922,12/31/1922,"December 31, 1922",1,8882603,0.084995202811,0.000021902926,1,0,0,0,0
01061923,01/06/1923,"January 06, 1923",2,2277310,0.022515691785,0.000021902926,2,0,0,0,0
01111923,01/11/1923,"January 11, 1923",1,9098677,0.086970155848,0.000021902926,1,0,0,0,0
01271923,01/27/1923,"January 27, 1923",1,1510444,0.014990881164,0.000021902926,1,0,0,0,0
01291923,01/29/1923,"January 29, 1923",1,1624897,0.016117608752,0.000021902926,1,0,0,0,0
02151923,02/15/1923,"February 15, 1923",1,9543255,0.091020276066,0.000021902926,1,0,0,0,0
02161923,02/16/1923,"February 16, 1923",1,3437766,0.033793404197,0.000021902926,1,0,0,0,0
02171923,02/17/1923,"February 17, 1923",1,9518385,0.090794184693,0.000021902926,1,0,0,0,0
03071923,03/07/1923,"March 07, 1923",1,3150061,0.031009576797,0.000021902926,1,0,0,0,0
03241923,03/24/1923,"March 24, 1923",1,2364254,0.023365186404,0.000021902926,1,0,0,0,0
03281923,03/28/1923,"March 28, 1923",1,3970555,0.038927557461,0.000021902926,1,0,0,0,0
03291923,03/29/1923,"March 29, 1923",1,9357055,0.089326179088,0.000021902926,1,0,0,0,0
04011923,04/01/1923,"April 01, 1923",1,9809015,0.093432773458,0.000021902926,1,0,0,0,0
04151923,04/15/1923,"April 15, 1923",1,5000608,0.048776302360,0.000021902926,1,0,0,0,0
04191923,04/19/1923,"April 19, 1923",1,3773515,0.037031993405,0.000021902926,1,0,0,0,0
04211923,04/21/1923,"April 21, 1923",2,1678597,0.016645811767,0.000021902926,2,0,0,0,0
04281923,04/28/1923,"April 28, 1923",1,8087229,0.077688473087,0.000021902926,1,0,0,0,0
05031923,05/03/1923,"May 03, 1923",1,5437664,0.052924610827,0.000021902926,1,0,0,0,0
05131923,05/13/1923,"May 13, 1923",1,4601942,0.044976527683,0.000021902926,1,0,0,0,0
05151923,05/15/1923,"May 15, 1923",1,6480390,0.062748704048,0.000021902926,1,0,0,0,0
06021923,06/02/1923,"June 02, 1923",1,3147633,0.030986049424,0.000021902926,1,0,0,0,0
06111923,06/11/1923,"June 11, 1923",1,377179,0.003764625998,0.000021902926,1,0,0,0,0
06221923,06/22/1923,"June 22, 1923",1,2480357,0.024498430741,0.000021902926,1,0,0,0,0
06261923,06/26/1923,"June 26, 1923",1,4678003,0.045702651910,0.000021902926,1,0,0,0,0
07231923,07/23/1923,"July 23, 1923",1,9719778,0.092623418986,0.000021902926,1,0,0,0,0
07251923,07/25/1923,"July 25, 1923",1,5556524,0.054049635911,0.000021902926,1,0,0,0,0
07301923,07/30/1923,"July 30, 1923",1,5065372,0.049392153435,0.000021902926,1,0,0,0,0
08091923,08/09/1923,"August 09, 1923",1,7299969,0.070398826702,0.000021902926,1,0,0,0,0
08131923,08/13/1923,"August 13, 1923",1,689819,0.006874392583,0.000021902926,1,0,0,0,0
08161923,08/16/1923,"August 16, 1923",1,820880,0.008175140375,0.000021902926,1,0,0,0,0
08271923,08/27/1923,"August 27, 1923",1,3497928,0.034374518592,0.000021902926,1,0,0,0,0
09131923,09/13/1923,"September 13, 1923",1,6573203,0.063618191541,0.000021902926,1,0,0,0,0
09231923,09/23/1923,"September 23, 1923",1,2605213,0.025715642953,0.000021902926,1,0,0,0,0
09291923,09/29/1923,"September 29, 1923",1,9858829,0.093884258400,0.000021902926,1,0,0,0,0
10291923,10/29/1923,"October 29, 1923",1,2343171,0.023159260778,0.000021902926,1,0,0,0,0
11121923,11/12/1923,"November 12, 1923",1,9199370,0.087889050289,0.000021902926,1,0,0,0,0
12111923,12/11/1923,"December 11, 1923",1,622567,0.006206271105,0.000021902926,1,1,0,0,0
12121923,12/12/1923,"December 12, 1923",1,7813503,0.075160408205,0.000021902926,1,0,0,0,0
12181923,12/18/1923,"December 18, 1923",1,4511784,0.044115109352,0.000021902926,1,0,0,0,0
12251923,12/25/1923,"December 25, 1923",1,5890510,0.057203707714,0.000021902926,1,0,0,0,0
12271923,12/27/1923,"December 27, 1923",1,6969658,0.067323174928,0.000021902926,1,0,0,0,0
12281923,12/28/1923,"December 28, 1923",1,4731739,0.046215315384,0.000021902926,1,0,0,0,0
01221924,01/22/1924,"January 22, 1924",1,9084782,0.086843281535,0.000021902926,1,0,0,0,0
02121924,02/12/1924,"February 12, 1924",1,1182225,0.011752582603,0.000021902926,1,0,0,0,0
02201924,02/20/1924,"February 20, 1924",1,3036800,0.029911466795,0.000021902926,1,0,0,0,0
02241924,02/24/1924,"February 24, 1924",1,5664990,0.055075114195,0.000021902926,1,0,0,0,0
03101924,03/10/1924,"March 10, 1924",1,4041023,0.039604567431,0.000021902926,1,0,0,0,0
03111924,03/11/1924,"March 11, 1924",1,7002759,0.067631849197,0.000021902926,1,1,0,0,0
03201924,03/20/1924,"March 20, 1924",1,1057927,0.010523447079,0.000021902926,1,0,0,0,0
03211924,03/21/1924,"March 21, 1924",1,1220199,0.012127788437,0.000021902926,1,0,0,0,0
04121924,04/12/1924,"April 12, 1924",1,5160289,0.050294013817,0.000021902926,1,0,0,0,0
04171924,04/17/1924,"April 17, 1924",1,441387,0.004404083500,0.000021902926,1,0,0,0,0
04201924,04/20/1924,"April 20, 1924",1,2947247,0.029042334293,0.000021902926,1,0,0,0,0
05011924,05/01/1924,"May 01, 1924",1,4380948,0.042863649282,0.000021902926,1,0,0,0,0
05021924,05/02/1924,"May 02, 1924",1,9174337,0.087660692971,0.000021902926,1,0,0,0,0
06181924,06/18/1924,"June 18, 1924",1,5520286,0.053706780296,0.000021902926,1,0,0,0,0
06301924,06/30/1924,"June 30, 1924",1,7845653,0.075457696345,0.000021902926,1,0,0,0,0
08141924,08/14/1924,"August 14, 1924",1,6864779,0.066344479658,0.000021902926,1,0,0,0,0
09011924,09/01/1924,"September 01, 1924",1,3673340,0.036066856862,0.000021902926,1,0,0,0,0
09061924,09/06/1924,"September 06, 1924",1,7505722,0.072309542672,0.000021902926,1,0,0,0,0
09071924,09/07/1924,"September 07, 1924",1,9530028,0.090900037365,0.000021902926,1,0,0,0,0
09131924,09/13/1924,"September 13, 1924",1,2221764,0.021972587523,0.000021902926,1,0,0,0,0
09291924,09/29/1924,"September 29, 1924",1,9373387,0.089474898193,0.000021902926,1,0,0,0,0
10211924,10/21/1924,"October 21, 1924",1,2194608,0.021706958331,0.000021902926,1,0,0,0,0
10301924,10/30/1924,"October 30, 1924",1,1328332,0.013195426967,0.000021902926,1,0,0,0,0
11031924,11/03/1924,"November 03, 1924",1,2272286,0.022466581739,0.000021902926,1,0,0,0,0
11111924,11/11/1924,"November 11, 1924",1,4095836,0.040130844737,0.000021902926,1,0,0,0,0
11131924,11/13/1924,"November 13, 1924",1,8190890,0.078644055080,0.000021902926,1,0,0,0,0
11261924,11/26/1924,"November 26, 1924",1,9791261,0.093271807223,0.000021902926,1,0,0,0,0
12061924,12/06/1924,"December 06, 1924",1,6754591,0.065315136300,0.000021902926,1,0,0,0,0
01231925,01/23/1925,"January 23, 1925",1,3337182,0.032821066018,0.000021902926,1,0,0,0,0
01281925,01/28/1925,"January 28, 1925",1,9904423,0.094297298648,0.000021902926,1,0,0,0,0
02231925,02/23/1925,"February 23, 1925",1,9672231,0.092191886056,0.000021902926,1,0,0,0,0
02241925,02/24/1925,"February 24, 1925",1,8178419,0.078529145614,0.000021902926,1,0,0,0,0
03011925,03/01/1925,"March 01, 1925",1,9830247,0.093625235381,0.000021902926,1,0,0,0,0
03041925,03/04/1925,"March 04, 1925",1,4093637,0.040109736982,0.000021902926,1,0,0,0,0
03051925,03/05/1925,"March 05, 1925",1,5387853,0.052452745589,0.000021902926,1,0,0,0,0
03131925,03/13/1925,"March 13, 1925",2,6959678,0.067230089135,0.000021902926,2,0,0,0,0
03161925,03/16/1925,"March 16, 1925",1,9086488,0.086858859856,0.000021902926,1,0,0,0,0
03221925,03/22/1925,"March 22, 1925",1,8665654,0.083007954155,0.000021902926,1,0,0,0,0
03271925,03/27/1925,"March 27, 1925",1,3495296,0.034349102995,0.000021902926,1,0,0,0,0
04151925,04/15/1925,"April 15, 1925",1,2481183,0.024506488351,0.000021902926,1,0,0,0,0
04191925,04/19/1925,"April 19, 1925",1,2140845,0.021180857226,0.000021902926,1,0,0,0,0
04301925,04/30/1925,"April 30, 1925",1,1080171,0.010743521768,0.000021902926,1,0,0,0,0
05021925,05/02/1925,"May 02, 1925",1,2025918,0.020055283069,0.000021902926,1,0,0,0,0
05091925,05/09/1925,"May 09, 1925",1,7816747,0.075190409515,0.000021902926,1,0,0,0,0
05111925,05/11/1925,"May 11, 1925",1,1973399,0.019540490727,0.000021902926,1,0,0,0,0
05121925,05/12/1925,"May 12, 1925",1,5559776,0.054080397717,0.000021902926,1,0,0,0,0
05131925,05/13/1925,"May 13, 1925",1,1522592,0.015110532805,0.000021902926,1,0,0,0,0
06301925,06/30/1925,"June 30, 1925",2,4420661,0.043243681379,0.000021902926,2,0,0,0,0
07021925,07/02/1925,"July 02, 1925",1,3508867,0.034480142587,0.000021902926,1,0,0,0,0
07131925,07/13/1925,"July 13, 1925",1,6395285,0.061950716809,0.000021902926,1,0,0,0,0
07171925,07/17/1925,"July 17, 1925",1,725829,0.007231952735,0.000021902926,1,0,0,0,0
07301925,07/30/1925,"July 30, 1925",1,9200468,0.087899065212,0.000021902926,1,0,0,0,0
08141925,08/14/1925,"August 14, 1925",1,8238058,0.079078537780,0.000021902926,1,0,0,0,0
08151925,08/15/1925,"August 15, 1925",1,5732819,0.055715829982,0.000021902926,1,0,0,0,0
08191925,08/19/1925,"August 19, 1925",1,1940025,0.019213217558,0.000021902926,1,0,0,0,0
08221925,08/22/1925,"August 22, 1925",1,1770202,0.017546200916,0.000021902926,1,0,0,0,0
10141925,10/14/1925,"October 14, 1925",1,5110311,0.049819251126,0.000021902926,1,0,0,0,0
10151925,10/15/1925,"October 15, 1925",1,2659865,0.026247963370,0.000021902926,1,0,0,0,0
10161925,10/16/1925,"October 16, 1925",1,7070441,0.068262681111,0.000021902926,1,0,0,0,0
11061925,11/06/1925,"November 06, 1925",1,4160898,0.040755151698,0.000021902926,1,0,0,0,0
11101925,11/10/1925,"November 10, 1925",1,2971359,0.029276423385,0.000021902926,1,0,0,0,0
11281925,11/28/1925,"November 28, 1925",1,6538064,0.063289098517,0.000021902926,1,0,0,0,0
11301925,11/30/1925,"November 30, 1925",1,1946890,0.019280546261,0.000021902926,1,0,0,0,0
12131925,12/13/1925,"December 13, 1925",1,5472237,0.053251986609,0.000021902926,1,0,0,0,0
12201925,12/20/1925,"December 20, 1925",1,2918873,0.028766795674,0.000021902926,1,0,0,0,0
12301925,12/30/1925,"December 30, 1925",1,764299,0.007613797154,0.000021902926,1,0,0,0,0
12311925,12/31/1925,"December 31, 1925",1,424243,0.004233383903,0.000021902926,1,0,0,0,0
01181926,01/18/1926,"January 18, 1926",2,2992303,0.029479710444,0.000021902926,2,0,0,0,0
01201926,01/20/1926,"January 20, 1926",1,1922550,0.019041810090,0.000021902926,1,0,0,0,0
01211926,01/21/1926,"January 21, 1926",1,4237999,0.041494454034,0.000021902926,1,0,0,0,0
01241926,01/24/1926,"January 24, 1926",1,8675189,0.083095385179,0.000021902926,1,0,0,0,0
01261926,01/26/1926,"January 26, 1926",1,7960642,0.076520207303,0.000021902926,1,0,0,0,0
02251926,02/25/1926,"February 25, 1926",1,1138591,0.011321276630,0.000021902926,1,0,0,0,0
03071926,03/07/1926,"March 07, 1926",1,6831854,0.066037022962,0.000021902926,1,0,0,0,0
03111926,03/11/1926,"March 11, 1926",1,4704794,0.045958283471,0.000021902926,1,0,0,0,0
03191926,03/19/1926,"March 19, 1926",1,3667179,0.036007467111,0.000021902926,1,0,0,0,0
03281926,03/28/1926,"March 28, 1926",1,2542894,0.025108289450,0.000021902926,1,0,0,0,0
04011926,04/01/1926,"April 01, 1926",1,571404,0.005697686322,0.000021902926,1,0,0,0,0
04051926,04/05/1926,"April 05, 1926",1,5433277,0.052883061718,0.000021902926,1,0,0,0,0
05031926,05/03/1926,"May 03, 1926",1,2294235,0.022681117006,0.000021902926,1,0,0,0,0
05211926,05/21/1926,"May 21, 1926",1,4980065,0.048580872401,0.000021902926,1,0,0,0,0
05241926,05/24/1926,"May 24, 1926",1,9186971,0.087775950640,0.000021902926,1,0,0,0,0
05271926,05/27/1926,"May 27, 1926",1,3642392,0.035768492664,0.000021902926,1,0,0,0,0
05301926,05/30/1926,"May 30, 1926",2,856965,0.008532975813,0.000021902926,2,0,0,0,0
06241926,06/24/1926,"June 24, 1926",1,5515409,0.053660628450,0.000021902926,1,0,0,0,0
06281926,06/28/1926,"June 28, 1926",1,9383673,0.089568549990,0.000021902926,1,0,0,0,0
06301926,06/30/1926,"June 30, 1926",1,9004049,0.086105765045,0.000021902926,1,0,0,0,0
07021926,07/02/1926,"July 02, 1926",1,745560,0.007427816477,0.000021902926,1,0,0,0,0
07161926,07/16/1926,"July 16, 1926",2,5497291,0.053489155148,0.000021902926,2,0,0,0,0
07221926,07/22/1926,"July 22, 1926",1,7623584,0.073402293114,0.000021902926,1,0,0,0,0
08061926,08/06/1926,"August 06, 1926",1,6905443,0.066724064160,0.000021902926,1,0,0,0,0
08111926,08/11/1926,"August 11, 1926",1,9901218,0.094268270411,0.000021902926,1,0,0,0,0
08311926,08/31/1926,"August 31, 1926",1,344399,0.003438006510,0.000021902926,1,0,0,0,0
09051926,09/05/1926,"September 05, 1926",2,394758,0.003939738825,0.000021902926,2,0,0,0,0
10041926,10/04/1926,"October 04, 1926",1,7011739,0.067715572099,0.000021902926,1,0,0,0,0
10091926,10/09/1926,"October 09, 1926",1,6012240,0.058350675409,0.000021902926,1,0,0,0,0
10131926,10/13/1926,"October 13, 1926",2,112847,0.001127773596,0.000021902926,2,0,0,0,0
10191926,10/19/1926,"October 19, 1926",1,2831917,0.027921882822,0.000021902926,1,0,0,0,0
11181926,11/18/1926,"November 18, 1926",1,8506463,0.081547022805,0.000021902926,1,0,0,0,0
11251926,11/25/1926,"November 25, 1926",1,9944294,0.094658339395,0.000021902926,1,0,0,0,0
12011926,12/01/1926,"December 01, 1926",1,2604156,0.025705344713,0.000021902926,1,0,0,0,0
12071926,12/07/1926,"December 07, 1926",1,6519854,0.063118507929,0.000021902926,1,0,0,0,0
12131926,12/13/1926,"December 13, 1926",1,8638343,0.082757480253,0.000021902926,1,0,0,0,0
12271926,12/27/1926,"December 27, 1926",1,2518089,0.024866437564,0.000021902926,1,0,0,0,0
12311926,12/31/1926,"December 31, 1926",1,3596777,0.035328558127,0.000021902926,1,0,0,0,0
01041927,01/04/1927,"January 04, 1927",1,9282768,0.088649415478,0.000021902926,1,0,0,0,0
01311927,01/31/1927,"January 31, 1927",1,5740831,0.055791483000,0.000021902926,1,0,0,0,0
02191927,02/19/1927,"February 19, 1927",1,9829706,0.093620331880,0.000021902926,1,0,0,0,0
02211927,02/21/1927,"February 21, 1927",1,9816816,0.093503492010,0.000021902926,1,0,0,0,0
02251927,02/25/1927,"February 25, 1927",1,5838988,0.056717835049,0.000021902926,1,0,0,0,0
03051927,03/05/1927,"March 05, 1927",1,6403244,0.062025373182,0.000021902926,1,0,0,0,0
03071927,03/07/1927,"March 07, 1927",1,5868081,0.056992224216,0.000021902926,1,0,0,0,0
03131927,03/13/1927,"March 13, 1927",1,2620038,0.025860069904,0.000021902926,1,0,0,0,0
03251927,03/25/1927,"March 25, 1927",1,5727008,0.055660956034,0.000021902926,1,0,0,0,0
04051927,04/05/1927,"April 05, 1927",1,3207067,0.031561802068,0.000021902926,1,0,0,0,0
04071927,04/07/1927,"April 07, 1927",1,1241157,0.012334805003,0.000021902926,1,0,0,0,0
04111927,04/11/1927,"April 11, 1927",1,2815130,0.027758686369,0.000021902926,1,0,0,0,0
07261927,07/26/1927,"July 26, 1927",1,1587694,0.015751506886,0.000021902926,1,0,0,0,0
08181927,08/18/1927,"August 18, 1927",1,2331167,0.023041993776,0.000021902926,1,0,0,0,0
08191927,08/19/1927,"August 19, 1927",1,2978380,0.029344575495,0.000021902926,1,0,0,0,0
08271927,08/27/1927,"August 27, 1927",2,9086012,0.086854513294,0.000021902926,2,0,0,0,0
09131927,09/13/1927,"September 13, 1927",1,8717104,0.083479625219,0.000021902926,1,0,0,0,0
09161927,09/16/1927,"September 16, 1927",1,5540994,0.053902718410,0.000021902926,1,0,0,0,0
09281927,09/28/1927,"September 28, 1927",1,641325,0.006392669452,0.000021902926,1,0,0,0,0
10121927,10/12/1927,"October 12, 1927",2,655362,0.006532132326,0.000021902926,2,0,0,0,0
10211927,10/21/1927,"October 21, 1927",1,3237035,0.031851980147,0.000021902926,1,0,0,0,0
10251927,10/25/1927,"October 25, 1927",1,1806681,0.017904524880,0.000021902926,1,0,0,0,0
11141927,11/14/1927,"November 14, 1927",1,5913201,0.057417613354,0.000021902926,1,0,0,0,0
12021927,12/02/1927,"December 02, 1927",1,5984886,0.058093061418,0.000021902926,1,0,0,0,0
12061927,12/06/1927,"December 06, 1927",1,881194,0.008773169261,0.000021902926,1,0,0,0,0
12291927,12/29/1927,"December 29, 1927",1,2843432,0.028033811174,0.000021902926,1,0,0,0,0
01031928,01/03/1928,"January 03, 1928",1,9230736,0.088175098149,0.000021902926,1,0,0,0,0
01041928,01/04/1928,"January 04, 1928",1,6867396,0.066368913103,0.000021902926,1,0,0,0,0
01081928,01/08/1928,"January 08, 1928",1,956444,0.009518786885,0.000021902926,1,0,0,0,0
01111928,01/11/1928,"January 11, 1928",1,4304584,0.042132462526,0.000021902926,1,0,0,0,0
01161928,01/16/1928,"January 16, 1928",1,390911,0.003901419649,0.000021902926,1,0,0,0,0
01291928,01/29/1928,"January 29, 1928",1,7564336,0.072853139834,0.000021902926,1,0,0,0,0
01311928,01/31/1928,"January 31, 1928",1,4472962,0.043743943674,0.000021902926,1,0,0,0,0
02071928,02/07/1928,"February 07, 1928",1,7585979,0.073053780518,0.000021902926,1,0,0,0,0
02191928,02/19/1928,"February 19, 1928",1,9149016,0.087429650283,0.000021902926,1,0,0,0,0
02251928,02/25/1928,"February 25, 1928",1,1369393,0.013600535620,0.000021902926,1,0,0,0,0
03181928,03/18/1928,"March 18, 1928",1,239209,0.002389171400,0.000021902926,1,0,0,0,0
03201928,03/20/1928,"March 20, 1928",1,315473,0.003149699289,0.000021902926,1,0,0,0,0
03221928,03/22/1928,"March 22, 1928",1,1778238,0.017625147732,0.000021902926,1,0,0,0,0
05181928,05/18/1928,"May 18, 1928",1,3937048,0.038605476958,0.000021902926,1,0,0,0,0
05231928,05/23/1928,"May 23, 1928",1,649117,0.006470088320,0.000021902926,1,0,0,0,0
05281928,05/28/1928,"May 28, 1928",1,2922996,0.028806838793,0.000021902926,1,0,0,0,0
06011928,06/01/1928,"June 01, 1928",1,125572,0.001254872001,0.000021902926,1,0,0,0,0
06111928,06/11/1928,"June 11, 1928",1,1309348,0.013008074202,0.000021902926,1,0,0,0,0
06271928,06/27/1928,"June 27, 1928",1,6644814,0.064288503887,0.000021902926,1,0,0,0,0
07251928,07/25/1928,"July 25, 1928",1,776088,0.007730782669,0.000021902926,1,0,0,0,0
07271928,07/27/1928,"July 27, 1928",1,3450460,0.033916046679,0.000021902926,1,0,0,0,0
08041928,08/04/1928,"August 04, 1928",1,6932415,0.066975753404,0.000021902926,1,0,0,0,0
08191928,08/19/1928,"August 19, 1928",1,5576091,0.054234711913,0.000021902926,1,0,0,0,0
08281928,08/28/1928,"August 28, 1928",1,1781168,0.017653930894,0.000021902926,1,0,0,0,0
09081928,09/08/1928,"September 08, 1928",1,5251712,0.051161866760,0.000021902926,1,0,0,0,0
09211928,09/21/1928,"September 21, 1928",2,312784,0.003122893623,0.000021902926,2,0,0,0,0
10211928,10/21/1928,"October 21, 1928",1,3569603,0.035066382686,0.000021902926,1,0,0,0,0
10241928,10/24/1928,"October 24, 1928",1,3406974,0.033495844049,0.000021902926,1,0,0,0,0
11141928,11/14/1928,"November 14, 1928",1,1402619,0.013928222268,0.000021902926,1,0,0,0,0
11271928,11/27/1928,"November 27, 1928",1,7941373,0.076342244835,0.000021902926,1,0,0,0,0
12091928,12/09/1928,"December 09, 1928",1,8557132,0.082012275869,0.000021902926,1,0,0,0,0
12121928,12/12/1928,"December 12, 1928",1,6186937,0.059994272471,0.000021902926,1,0,0,0,0
12161928,12/16/1928,"December 16, 1928",1,9802343,0.093372285274,0.000021902926,1,0,0,0,0
01181929,01/18/1929,"January 18, 1929",1,1842569,0.018256916071,0.000021902926,1,0,0,0,0
01271929,01/27/1929,"January 27, 1929",1,162667,0.001625287803,0.000021902926,1,0,0,0,0
04041929,04/04/1929,"April 04, 1929",1,9516345,0.090775636705,0.000021902926,1,0,0,0,0
04201929,04/20/1929,"April 20, 1929",1,3438797,0.033803365735,0.000021902926,1,0,0,0,0
05281929,05/28/1929,"May 28, 1929",1,9155869,0.087492186587,0.000021902926,1,0,0,0,0
06261929,06/26/1929,"June 26, 1929",2,5144209,0.050141288814,0.000021902926,2,0,0,0,0
07101929,07/10/1929,"July 10, 1929",1,653712,0.006515739971,0.000021902926,1,0,0,0,0
07151929,07/15/1929,"July 15, 1929",1,6916877,0.066830768831,0.000021902926,1,0,0,0,0
08051929,08/05/1929,"August 05, 1929",1,564427,0.005628311429,0.000021902926,1,0,0,0,0
08191929,08/19/1929,"August 19, 1929",1,1735035,0.017200640627,0.000021902926,1,0,0,0,0
09141929,09/14/1929,"September 14, 1929",1,2142980,0.021201754792,0.000021902926,1,0,0,0,0
09241929,09/24/1929,"September 24, 1929",1,514248,0.005129220445,0.000021902926,1,1,0,0,0
10151929,10/15/1929,"October 15, 1929",1,7935519,0.076288172326,0.000021902926,1,0,0,0,0
10271929,10/27/1929,"October 27, 1929",1,9329865,0.089078533208,0.000021902926,1,0,0,0,0
10291929,10/29/1929,"October 29, 1929",1,368214,0.003675309493,0.000021902926,1,0,0,0,0
11211929,11/21/1929,"November 21, 1929",1,3912953,0.038373801035,0.000021902926,1,0,0,0,0
11271929,11/27/1929,"November 27, 1929",1,2001169,0.019812726534,0.000021902926,1,1,0,0,0
11291929,11/29/1929,"November 29, 1929",1,6703966,0.064841832288,0.000021902926,1,0,0,0,0
12071929,12/07/1929,"December 07, 1929",1,5120213,0.049913333366,0.000021902926,1,0,0,0,0
12231929,12/23/1929,"December 23, 1929",1,2241227,0.022162922477,0.000021902926,1,0,0,0,0
01091930,01/09/1930,"January 09, 1930",1,3083530,0.030364683269,0.000021902926,1,0,0,0,0
01141930,01/14/1930,"January 14, 1930",1,3886295,0.038117416548,0.000021902926,1,0,0,0,0
01171930,01/17/1930,"January 17, 1930",1,4477550,0.043787815696,0.000021902926,1,0,0,0,0
02081930,02/08/1930,"February 08, 1930",1,2949515,0.029064355364,0.000021902926,1,0,0,0,0
02181930,02/18/1930,"February 18, 1930",1,7152199,0.069024139597,0.000021902926,1,0,0,0,0
02251930,02/25/1930,"February 25, 1930",1,1932027,0.019134771094,0.000021902926,1,0,0,0,0
03091930,03/09/1930,"March 09, 1930",1,1684684,0.016705666715,0.000021902926,1,0,0,0,0
03131930,03/13/1930,"March 13, 1930",1,3870367,0.037964195687,0.000021902926,1,0,0,0,0
03191930,03/19/1930,"March 19, 1930",1,6981476,0.067433392164,0.000021902926,1,0,0,0,0
03281930,03/28/1930,"March 28, 1930",1,8630350,0.082684162127,0.000021902926,1,0,0,0,0
04281930,04/28/1930,"April 28, 1930",1,8517189,0.081645530789,0.000021902926,1,0,0,0,0
05131930,05/13/1930,"May 13, 1930",1,948620,0.009441288603,0.000021902926,1,0,0,0,0
05271930,05/27/1930,"May 27, 1930",2,1074043,0.010682898273,0.000021902926,2,0,0,0,0
06171930,06/17/1930,"June 17, 1930",1,5965502,0.057910464478,0.000021902926,1,0,0,0,0
06181930,06/18/1930,"June 18, 1930",1,5891416,0.057212249410,0.000021902926,1,0,0,0,0
07041930,07/04/1930,"July 04, 1930",1,9068858,0.086697858879,0.000021902926,1,0,0,0,0
07211930,07/21/1930,"July 21, 1930",1,929798,0.009254828093,0.000021902926,1,0,0,0,0
07281930,07/28/1930,"July 28, 1930",1,6004834,0.058280934277,0.000021902926,1,0,0,0,0
08011930,08/01/1930,"August 01, 1930",1,8792659,0.084171840661,0.000021902926,1,0,0,0,0
08131930,08/13/1930,"August 13, 1930",1,4493163,0.043937097451,0.000021902926,1,0,0,0,0
08181930,08/18/1930,"August 18, 1930",1,5966963,0.057924228306,0.000021902926,1,0,0,0,0
08211930,08/21/1930,"August 21, 1930",1,9204887,0.087939370062,0.000021902926,1,0,0,0,0
09161930,09/16/1930,"September 16, 1930",1,6777053,0.065525061639,0.000021902926,1,0,0,0,0
09221930,09/22/1930,"September 22, 1930",1,5321770,0.051826370990,0.000021902926,1,0,0,0,0
10011930,10/01/1930,"October 01, 1930",1,5676577,0.055184596299,0.000021902926,1,0,0,0,0
10211930,10/21/1930,"October 21, 1930",1,463471,0.004623926629,0.000021902926,1,0,0,0,0
11031930,11/03/1930,"November 03, 1930",1,7054352,0.068112761833,0.000021902926,1,0,0,0,0
11041930,11/04/1930,"November 04, 1930",1,4222145,0.041342480517,0.000021902926,1,0,0,0,0
11051930,11/05/1930,"November 05, 1930",1,7295652,0.070358694953,0.000021902926,1,0,0,0,0
11151930,11/15/1930,"November 15, 1930",1,9174422,0.087661468459,0.000021902926,1,0,0,0,0
11301930,11/30/1930,"November 30, 1930",1,6954081,0.067177880542,0.000021902926,1,0,0,0,0
12311930,12/31/1930,"December 31, 1930",1,1065208,0.010595488245,0.000021902926,1,0,0,0,0
01101931,01/10/1931,"January 10, 1931",1,2476204,0.024457917319,0.000021902926,1,0,0,0,0
01181931,01/18/1931,"January 18, 1931",1,9818972,0.093523035864,0.000021902926,1,0,0,0,0
01271931,01/27/1931,"January 27, 1931",1,7830616,0.075318662464,0.000021902926,1,0,0,0,0
01311931,01/31/1931,"January 31, 1931",1,4072117,0.039903146367,0.000021902926,1,0,0,0,0
02031931,02/03/1931,"February 03, 1931",1,2421751,0.023926560727,0.000021902926,1,0,0,0,0
02131931,02/13/1931,"February 13, 1931",1,8702913,0.083349552582,0.000021902926,1,0,0,0,0
02241931,02/24/1931,"February 24, 1931",1,3873724,0.037996490687,0.000021902926,1,0,0,0,0
03041931,03/04/1931,"March 04, 1931",1,1480706,0.014697915590,0.000021902926,1,0,0,0,0
03161931,03/16/1931,"March 16, 1931",1,7971693,0.076622255417,0.000021902926,1,0,0,0,0
04191931,04/19/1931,"April 19, 1931",1,1672063,0.016581557304,0.000021902926,1,0,0,0,0
04261931,04/26/1931,"April 26, 1931",1,235872,0.002355880571,0.000021902926,1,0,0,0,0
05161931,05/16/1931,"May 16, 1931",1,2821118,0.027816902437,0.000021902926,1,0,0,0,0
05231931,05/23/1931,"May 23, 1931",1,6105432,0.059227808484,0.000021902926,1,0,0,0,0
05251931,05/25/1931,"May 25, 1931",2,6253867,0.060623207814,0.000021902926,2,0,0,0,0
06011931,06/01/1931,"June 01, 1931",1,9233082,0.088196489310,0.000021902926,1,0,0,0,0
06201931,06/20/1931,"June 20, 1931",1,8642544,0.082796012802,0.000021902926,1,0,0,0,0
06301931,06/30/1931,"June 30, 1931",1,6904412,0.066714442035,0.000021902926,1,0,0,0,0
07011931,07/01/1931,"July 01, 1931",1,3953541,0.038764026683,0.000021902926,1,0,0,0,0
07091931,07/09/1931,"July 09, 1931",1,5146211,0.050160304795,0.000021902926,1,0,0,0,0
07111931,07/11/1931,"July 11, 1931",1,6934346,0.066993769928,0.000021902926,1,0,0,0,0
07131931,07/13/1931,"July 13, 1931",1,9885771,0.094128351223,0.000021902926,1,0,0,0,0
07301931,07/30/1931,"July 30, 1931",1,1351456,0.013423589278,0.000021902926,1,0,0,0,0
08021931,08/02/1931,"August 02, 1931",2,961188,0.009565774200,0.000021902926,2,0,0,0,0
08151931,08/15/1931,"August 15, 1931",1,9832020,0.093641305263,0.000021902926,1,0,0,0,0
08291931,08/29/1931,"August 29, 1931",1,3538199,0.034763307344,0.000021902926,1,0,0,0,0
09061931,09/06/1931,"September 06, 1931",1,6649281,0.064330301187,0.000021902926,1,0,0,0,0
09181931,09/18/1931,"September 18, 1931",1,1292860,0.012845325555,0.000021902926,1,0,0,0,0
09191931,09/19/1931,"September 19, 1931",2,862733,0.008590161982,0.000021902926,2,0,0,0,0
10121931,10/12/1931,"October 12, 1931",1,4305831,0.042144407060,0.000021902926,1,0,0,0,0
10151931,10/15/1931,"October 15, 1931",1,6091281,0.059094670390,0.000021902926,1,0,0,0,0
10201931,10/20/1931,"October 20, 1931",1,5853752,0.056857090949,0.000021902926,1,0,0,0,0
10251931,10/25/1931,"October 25, 1931",1,6274146,0.060813684721,0.000021902926,1,0,0,0,0
10271931,10/27/1931,"October 27, 1931",1,925456,0.009211809003,0.000021902926,1,0,0,0,0
11201931,11/20/1931,"November 20, 1931",1,7327267,0.070652554600,0.000021902926,1,0,0,0,0
01071932,01/07/1932,"January 07, 1932",1,8152475,0.078290048199,0.000021902926,1,0,0,0,0
01241932,01/24/1932,"January 24, 1932",1,3652928,0.035870078745,0.000021902926,1,0,0,0,0
02061932,02/06/1932,"February 06, 1932",1,9205530,0.087945234593,0.000021902926,1,0,0,0,0
02101932,02/10/1932,"February 10, 1932",1,162172,0.001620345836,0.000021902926,1,0,0,0,0
02151932,02/15/1932,"February 15, 1932",1,296918,0.002964716552,0.000021902926,1,0,0,0,0
03091932,03/09/1932,"March 09, 1932",1,1935285,0.019166727163,0.000021902926,1,0,0,0,0
03101932,03/10/1932,"March 10, 1932",1,7997174,0.076857511328,0.000021902926,1,0,0,0,0
04091932,04/09/1932,"April 09, 1932",1,5653662,0.054968067040,0.000021902926,1,0,0,0,0
04121932,04/12/1932,"April 12, 1932",1,5462718,0.053161861375,0.000021902926,1,1,0,0,0
04241932,04/24/1932,"April 24, 1932",1,1518381,0.015069058236,0.000021902926,1,0,0,0,0
05111932,05/11/1932,"May 11, 1932",1,4953415,0.048327285412,0.000021902926,1,0,0,0,0
05121932,05/12/1932,"May 12, 1932",1,3039354,0.029936242540,0.000021902926,1,0,0,0,0
05151932,05/15/1932,"May 15, 1932",1,6094201,0.059122144425,0.000021902926,1,0,0,0,0
05301932,05/30/1932,"May 30, 1932",1,9788959,0.093250934099,0.000021902926,1,0,0,0,0
06021932,06/02/1932,"June 02, 1932",1,1026935,0.010216740978,0.000021902926,1,0,0,0,0
06301932,06/30/1932,"June 30, 1932",1,6557990,0.063475728939,0.000021902926,1,0,0,0,0
07031932,07/03/1932,"July 03, 1932",1,1924963,0.019065480326,0.000021902926,1,1,0,0,0
07261932,07/26/1932,"July 26, 1932",1,2519861,0.024883716778,0.000021902926,1,0,0,0,0
08081932,08/08/1932,"August 08, 1932",1,3832739,0.037602132736,0.000021902926,1,0,0,0,0
08141932,08/14/1932,"August 14, 1932",1,1462042,0.014514001645,0.000021902926,1,0,0,0,0
08211932,08/21/1932,"August 21, 1932",1,9828008,0.093604941423,0.000021902926,1,0,0,0,0
09051932,09/05/1932,"September 05, 1932",1,601810,0.005999967928,0.000021902926,1,0,0,0,0
09121932,09/12/1932,"September 12, 1932",1,6284547,0.060911364411,0.000021902926,1,0,0,0,0
09291932,09/29/1932,"September 29, 1932",1,375490,0.003747799441,0.000021902926,1,0,0,0,0
10141932,10/14/1932,"October 14, 1932",1,9124037,0.087201670861,0.000021902926,1,0,0,0,0
10151932,10/15/1932,"October 15, 1932",1,2223717,0.021991688212,0.000021902926,1,0,0,0,0
10251932,10/25/1932,"October 25, 1932",1,9741680,0.092822130845,0.000021902926,1,0,0,0,0
10261932,10/26/1932,"October 26, 1932",2,1154945,0.011482951929,0.000021902926,2,0,0,0,0
11021932,11/02/1932,"November 02, 1932",1,4360411,0.042667062002,0.000021902926,1,0,0,0,0
11261932,11/26/1932,"November 26, 1932",2,1705736,0.016912648052,0.000021902926,2,0,0,0,0
12221932,12/22/1932,"December 22, 1932",1,9749816,0.092895935835,0.000021902926,1,0,0,0,0
12231932,12/23/1932,"December 23, 1932",1,757989,0.007551175608,0.000021902926,1,0,0,0,0
12311932,12/31/1932,"December 31, 1932",1,2787119,0.027486313707,0.000021902926,1,0,0,0,0
01091933,01/09/1933,"January 09, 1933",2,3662054,0.035958061227,0.000021902926,2,0,0,0,0
02251933,02/25/1933,"February 25, 1933",1,3841708,0.037688446331,0.000021902926,1,0,0,0,0
03051933,03/05/1933,"March 05, 1933",1,9517212,0.090783519646,0.000021902926,1,0,0,0,0
03071933,03/07/1933,"March 07, 1933",1,4529074,0.044280367564,0.000021902926,1,0,0,0,0
03081933,03/08/1933,"March 08, 1933",1,9951374,0.094722435316,0.000021902926,1,0,0,0,0
03121933,03/12/1933,"March 12, 1933",1,1039814,0.010344206957,0.000021902926,1,0,0,0,0
04091933,04/09/1933,"April 09, 1933",1,8058455,0.077423048981,0.000021902926,1,0,0,0,0
04181933,04/18/1933,"April 18, 1933",1,987117,0.009822550602,0.000021902926,1,0,0,0,0
05041933,05/04/1933,"May 04, 1933",1,9709506,0.092530208475,0.000021902926,1,0,0,0,0
05221933,05/22/1933,"May 22, 1933",1,6248433,0.060572160691,0.000021902926,1,0,0,0,0
05251933,05/25/1933,"May 25, 1933",1,6248794,0.060575552020,0.000021902926,1,0,0,0,0
06081933,06/08/1933,"June 08, 1933",1,5478944,0.053315482870,0.000021902926,1,0,0,0,0
06121933,06/12/1933,"June 12, 1933",1,4404630,0.043090291477,0.000021902926,1,0,0,0,0
06211933,06/21/1933,"June 21, 1933",1,6954088,0.067177945839,0.000021902926,1,0,0,0,0
06221933,06/22/1933,"June 22, 1933",1,9318979,0.088979364898,0.000021902926,1,0,0,0,0
07021933,07/02/1933,"July 02, 1933",1,8324944,0.079878342101,0.000021902926,1,0,0,0,0
07061933,07/06/1933,"July 06, 1933",2,935880,0.009315083383,0.000021902926,2,0,0,0,0
07121933,07/12/1933,"July 12, 1933",1,914765,0.009105878174,0.000021902926,1,0,0,0,0
07131933,07/13/1933,"July 13, 1933",1,9488968,0.090526684272,0.000021902926,1,0,0,0,0
07161933,07/16/1933,"July 16, 1933",1,5721022,0.055604426206,0.000021902926,1,0,0,0,0
07211933,07/21/1933,"July 21, 1933",1,2897588,0.028560046681,0.000021902926,1,1,0,0,0
07291933,07/29/1933,"July 29, 1933",1,238645,0.002383544859,0.000021902926,1,0,0,0,0
08011933,08/01/1933,"August 01, 1933",1,2131329,0.021087708364,0.000021902926,1,0,0,0,0
08031933,08/03/1933,"August 03, 1933",1,914366,0.009101924499,0.000021902926,1,0,0,0,0
08231933,08/23/1933,"August 23, 1933",1,6658153,0.064413310121,0.000021902926,1,0,0,0,0
09061933,09/06/1933,"September 06, 1933",1,582885,0.005811835619,0.000021902926,1,0,0,0,0
09131933,09/13/1933,"September 13, 1933",1,6109573,0.059266765054,0.000021902926,1,0,0,0,0
09141933,09/14/1933,"September 14, 1933",1,3652427,0.035865248442,0.000021902926,1,0,0,0,0
09151933,09/15/1933,"September 15, 1933",1,7845402,0.075455375741,0.000021902926,1,0,0,0,0
09211933,09/21/1933,"September 21, 1933",1,9163599,0.087562720716,0.000021902926,1,0,0,0,0
09261933,09/26/1933,"September 26, 1933",1,6454737,0.062508240129,0.000021902926,1,0,0,0,0
10011933,10/01/1933,"October 01, 1933",1,3137829,0.030891042638,0.000021902926,1,0,0,0,0
10071933,10/07/1933,"October 07, 1933",1,3074253,0.030274726027,0.000021902926,1,0,0,0,0
10091933,10/09/1933,"October 09, 1933",1,4367234,0.042732378601,0.000021902926,1,0,0,0,0
12031933,12/03/1933,"December 03, 1933",1,1178535,0.011716115600,0.000021902926,1,0,0,0,0
12041933,12/04/1933,"December 04, 1933",1,809226,0.008059546370,0.000021902926,1,0,0,0,0
12141933,12/14/1933,"December 14, 1933",1,2025626,0.020052421626,0.000021902926,1,0,0,0,0
12161933,12/16/1933,"December 16, 1933",1,5062124,0.049361277191,0.000021902926,1,0,0,0,0
12201933,12/20/1933,"December 20, 1933",1,2627419,0.025931968520,0.000021902926,1,0,0,0,0
01031934,01/03/1934,"January 03, 1934",1,2446506,0.024168157804,0.000021902926,1,0,0,0,0
01171934,01/17/1934,"January 17, 1934",1,1070302,0.010645887227,0.000021902926,1,0,0,0,0
02071934,02/07/1934,"February 07, 1934",1,9708749,0.092523338903,0.000021902926,1,0,0,0,0
02131934,02/13/1934,"February 13, 1934",1,2698460,0.026623710458,0.000021902926,1,0,0,0,0
02161934,02/16/1934,"February 16, 1934",2,2029820,0.020093519766,0.000021902926,2,0,0,0,0
02281934,02/28/1934,"February 28, 1934",1,961090,0.009564803574,0.000021902926,1,0,0,0,0
03071934,03/07/1934,"March 07, 1934",1,1660784,0.016470631281,0.000021902926,1,0,0,0,0
03281934,03/28/1934,"March 28, 1934",1,415845,0.004149755910,0.000021902926,1,0,0,0,0
04031934,04/03/1934,"April 03, 1934",1,1411548,0.014016264687,0.000021902926,1,0,0,0,0
04271934,04/27/1934,"April 27, 1934",1,991018,0.009861176671,0.000021902926,1,0,0,0,0
05011934,05/01/1934,"May 01, 1934",1,6486750,0.062808311336,0.000021902926,1,0,0,0,0
05121934,05/12/1934,"May 12, 1934",1,8092164,0.077733988039,0.000021902926,1,0,0,0,0
06071934,06/07/1934,"June 07, 1934",1,1267482,0.012594773648,0.000021902926,1,0,0,0,0
06081934,06/08/1934,"June 08, 1934",1,5629918,0.054743652014,0.000021902926,1,0,0,0,0
06141934,06/14/1934,"June 14, 1934",1,9333842,0.089114759835,0.000021902926,1,0,0,0,0
06151934,06/15/1934,"June 15, 1934",1,8450389,0.081031865056,0.000021902926,1,0,0,0,0
06161934,06/16/1934,"June 16, 1934",1,4193202,0.041064976111,0.000021902926,1,1,0,0,0
06201934,06/20/1934,"June 20, 1934",1,2934899,0.028922433037,0.000021902926,1,0,0,0,0
06261934,06/26/1934,"June 26, 1934",1,2914974,0.028728926552,0.000021902926,1,0,0,0,0
07091934,07/09/1934,"July 09, 1934",1,1812553,0.017962191834,0.000021902926,1,0,0,0,0
08051934,08/05/1934,"August 05, 1934",1,6180693,0.059935576680,0.000021902926,1,0,0,0,0
08121934,08/12/1934,"August 12, 1934",1,9451096,0.090182183304,0.000021902926,1,0,0,0,0
08131934,08/13/1934,"August 13, 1934",1,6760369,0.065369140832,0.000021902926,1,0,0,0,0
08201934,08/20/1934,"August 20, 1934",1,6383512,0.061840273765,0.000021902926,1,0,0,0,0
08271934,08/27/1934,"August 27, 1934",1,7388886,0.071225032812,0.000021902926,1,0,0,0,0
09061934,09/06/1934,"September 06, 1934",1,670779,0.006685283463,0.000021902926,1,0,0,0,0
09131934,09/13/1934,"September 13, 1934",1,1044681,0.010392372333,0.000021902926,1,0,0,0,0
09201934,09/20/1934,"September 20, 1934",1,1073830,0.010680791025,0.000021902926,1,0,0,0,0
10011934,10/01/1934,"October 01, 1934",1,2042181,0.020214638521,0.000021902926,1,0,0,0,0
10021934,10/02/1934,"October 02, 1934",1,3004293,0.029596068852,0.000021902926,1,0,0,0,0
10091934,10/09/1934,"October 09, 1934",1,6634050,0.064187778480,0.000021902926,1,0,0,0,0
11211934,11/21/1934,"November 21, 1934",1,780185,0.007771435106,0.000021902926,1,0,0,0,0
11301934,11/30/1934,"November 30, 1934",1,7318500,0.070571075137,0.000021902926,1,0,0,0,0
12081934,12/08/1934,"December 08, 1934",1,7746632,0.074541751887,0.000021902926,1,0,0,0,0
01021935,01/02/1935,"January 02, 1935",1,6912151,0.066786666211,0.000021902926,1,0,0,0,0
01091935,01/09/1935,"January 09, 1935",1,4101035,0.040180747038,0.000021902926,1,0,0,0,0
01141935,01/14/1935,"January 14, 1935",1,1564463,0.015522829556,0.000021902926,1,0,0,0,0
02051935,02/05/1935,"February 05, 1935",1,4670551,0.045631535021,0.000021902926,1,0,0,0,0
02231935,02/23/1935,"February 23, 1935",1,159907,0.001597732281,0.000021902926,1,0,0,0,0
02251935,02/25/1935,"February 25, 1935",1,7430903,0.071615194221,0.000021902926,1,0,0,0,0
03031935,03/03/1935,"March 03, 1935",2,905421,0.009013284701,0.000021902926,2,0,0,0,0
03091935,03/09/1935,"March 09, 1935",1,6402875,0.062021912049,0.000021902926,1,0,0,0,0
03281935,03/28/1935,"March 28, 1935",1,1144904,0.011383689948,0.000021902926,1,0,0,0,0
04121935,04/12/1935,"April 12, 1935",1,3002372,0.029577427213,0.000021902926,1,0,0,0,0
04201935,04/20/1935,"April 20, 1935",1,3418296,0.033605265456,0.000021902926,1,0,0,0,0
04291935,04/29/1935,"April 29, 1935",1,9641306,0.091911102980,0.000021902926,1,0,0,0,0
05071935,05/07/1935,"May 07, 1935",1,9527350,0.090875691342,0.000021902926,1,0,0,0,0
06041935,06/04/1935,"June 04, 1935",1,7729486,0.074383059210,0.000021902926,1,0,0,0,0
06051935,06/05/1935,"June 05, 1935",1,1837867,0.018210753426,0.000021902926,1,0,0,0,0
07011935,07/01/1935,"July 01, 1935",1,6106546,0.059238288628,0.000021902926,1,0,0,0,0
07231935,07/23/1935,"July 23, 1935",1,7142452,0.068933392957,0.000021902926,1,0,0,0,0
07241935,07/24/1935,"July 24, 1935",1,2261123,0.022357453592,0.000021902926,1,0,0,0,0
08211935,08/21/1935,"August 21, 1935",1,6157451,0.059717061512,0.000021902926,1,0,0,0,0
08271935,08/27/1935,"August 27, 1935",1,314894,0.003143927509,0.000021902926,1,0,0,0,0
09211935,09/21/1935,"September 21, 1935",1,3328001,0.032732265243,0.000021902926,1,0,0,0,0
09221935,09/22/1935,"September 22, 1935",1,255136,0.002548048226,0.000021902926,1,0,0,0,0
09261935,09/26/1935,"September 26, 1935",1,2571053,0.025382770562,0.000021902926,1,0,0,0,0
09281935,09/28/1935,"September 28, 1935",1,2835960,0.027961183146,0.000021902926,1,0,0,0,0
09301935,09/30/1935,"September 30, 1935",1,8863190,0.084817555685,0.000021902926,1,0,0,0,0
10011935,10/01/1935,"October 01, 1935",2,1484192,0.014732262623,0.000021902926,2,0,0,0,0
10061935,10/06/1935,"October 06, 1935",1,1784071,0.017682447986,0.000021902926,1,0,0,0,0
10191935,10/19/1935,"October 19, 1935",1,181015,0.001808452793,0.000021902926,1,0,0,0,0
10211935,10/21/1935,"October 21, 1935",1,2394150,0.023657117511,0.000021902926,1,0,0,0,0
10241935,10/24/1935,"October 24, 1935",1,5441733,0.052963146541,0.000021902926,1,0,0,0,0
11121935,11/12/1935,"November 12, 1935",1,4432461,0.043356571965,0.000021902926,1,0,0,0,0
12191935,12/19/1935,"December 19, 1935",1,7918828,0.076133982716,0.000021902926,1,0,0,0,0
01021936,01/02/1936,"January 02, 1936",3,3711400,0.036433660013,0.000021902926,3,0,0,0,0
01101936,01/10/1936,"January 10, 1936",1,6966040,0.067289430070,0.000021902926,1,0,0,0,0
01131936,01/13/1936,"January 13, 1936",1,4346578,0.042534624976,0.000021902926,1,0,0,0,0
01181936,01/18/1936,"January 18, 1936",2,2388024,0.023597304914,0.000021902926,2,0,0,0,0
02091936,02/09/1936,"February 09, 1936",1,8337185,0.079990967301,0.000021902926,1,0,0,0,0
02161936,02/16/1936,"February 16, 1936",1,8798222,0.084222786765,0.000021902926,1,0,0,0,0
02171936,02/17/1936,"February 17, 1936",1,2821751,0.027823056336,0.000021902926,1,0,0,0,0
02201936,02/20/1936,"February 20, 1936",1,1520097,0.015085959506,0.000021902926,1,0,0,0,0
02271936,02/27/1936,"February 27, 1936",1,8422353,0.080774187028,0.000021902926,1,0,0,0,0
02281936,02/28/1936,"February 28, 1936",1,6655947,0.064392670851,0.000021902926,1,0,0,0,0
03041936,03/04/1936,"March 04, 1936",1,4788023,0.046751992515,0.000021902926,1,0,0,0,0
03061936,03/06/1936,"March 06, 1936",1,7497334,0.072231724732,0.000021902926,1,0,0,0,0
03181936,03/18/1936,"March 18, 1936",1,7013957,0.067736249938,0.000021902926,1,0,0,0,0
03221936,03/22/1936,"March 22, 1936",1,271464,0.002710898887,0.000021902926,1,0,0,0,0
03241936,03/24/1936,"March 24, 1936",1,7013913,0.067735839742,0.000021902926,1,0,0,0,0
03271936,03/27/1936,"March 27, 1936",1,1493887,0.014827779701,0.000021902926,1,0,0,0,0
03291936,03/29/1936,"March 29, 1936",1,3258960,0.032064223335,0.000021902926,1,0,0,0,0
04181936,04/18/1936,"April 18, 1936",1,9756211,0.092953943285,0.000021902926,1,0,0,0,0
04191936,04/19/1936,"April 19, 1936",1,5248519,0.051131569875,0.000021902926,1,0,0,0,0
05011936,05/01/1936,"May 01, 1936",1,7766173,0.074722578017,0.000021902926,1,0,0,0,0
05271936,05/27/1936,"May 27, 1936",1,7977230,0.076673381428,0.000021902926,1,0,0,0,0
05311936,05/31/1936,"May 31, 1936",1,4749514,0.046384835546,0.000021902926,1,0,0,0,0
06111936,06/11/1936,"June 11, 1936",1,291949,0.002915172637,0.000021902926,1,0,0,0,0
06141936,06/14/1936,"June 14, 1936",1,7722697,0.074320216942,0.000021902926,1,0,0,0,0
07091936,07/09/1936,"July 09, 1936",1,589956,0.005882132179,0.000021902926,1,0,0,0,0
07141936,07/14/1936,"July 14, 1936",1,8973910,0.085830284947,0.000021902926,1,0,0,0,0
07231936,07/23/1936,"July 23, 1936",1,1410180,0.014002776337,0.000021902926,1,0,0,0,0
07251936,07/25/1936,"July 25, 1936",1,9522299,0.090829770313,0.000021902926,1,0,0,0,0
08041936,08/04/1936,"August 04, 1936",1,1298234,0.012898373822,0.000021902926,1,0,0,0,0
08171936,08/17/1936,"August 17, 1936",1,45954,0.000459374460,0.000021902926,1,0,0,0,0
08201936,08/20/1936,"August 20, 1936",1,8301070,0.079658646030,0.000021902926,1,0,0,0,0
09041936,09/04/1936,"September 04, 1936",1,2833262,0.027934957185,0.000021902926,1,0,0,0,0
09221936,09/22/1936,"September 22, 1936",1,5822563,0.056562888227,0.000021902926,1,0,0,0,0
09261936,09/26/1936,"September 26, 1936",1,9652132,0.092009407364,0.000021902926,1,0,0,0,0
09271936,09/27/1936,"September 27, 1936",1,1605808,0.015929777514,0.000021902926,1,0,0,0,0
09291936,09/29/1936,"September 29, 1936",1,1788407,0.017725040353,0.000021902926,1,0,0,0,0
10021936,10/02/1936,"October 02, 1936",1,4049784,0.039688703990,0.000021902926,1,0,0,0,0
10031936,10/03/1936,"October 03, 1936",1,130319,0.001302281308,0.000021902926,1,0,0,0,0
10061936,10/06/1936,"October 06, 1936",1,3965775,0.038881617100,0.000021902926,1,0,0,0,0
10071936,10/07/1936,"October 07, 1936",1,4514992,0.044145773648,0.000021902926,1,0,0,0,0
10101936,10/10/1936,"October 10, 1936",2,1490724,0.014796618210,0.000021902926,2,0,0,0,0
10151936,10/15/1936,"October 15, 1936",1,7725748,0.074348459002,0.000021902926,1,0,0,0,0
10171936,10/17/1936,"October 17, 1936",1,2746023,0.027086567344,0.000021902926,1,0,0,0,0
10201936,10/20/1936,"October 20, 1936",1,2837299,0.027974198659,0.000021902926,1,0,0,0,0
10231936,10/23/1936,"October 23, 1936",1,2236531,0.022117002170,0.000021902926,1,0,0,0,0
11071936,11/07/1936,"November 07, 1936",1,6901943,0.066691398930,0.000021902926,1,0,0,0,0
11271936,11/27/1936,"November 27, 1936",1,8160091,0.078360242957,0.000021902926,1,0,0,0,0
12241936,12/24/1936,"December 24, 1936",1,2802145,0.027632432637,0.000021902926,1,0,0,0,0
02091937,02/09/1937,"February 09, 1937",1,7662061,0.073758751536,0.000021902926,1,0,0,0,0
03051937,03/05/1937,"March 05, 1937",1,933952,0.009295982793,0.000021902926,1,0,0,0,0
03311937,03/31/1937,"March 31, 1937",1,2566838,0.025341689580,0.000021902926,1,0,0,0,0
04031937,04/03/1937,"April 03, 1937",1,9084285,0.086838743135,0.000021902926,1,0,0,0,0
04231937,04/23/1937,"April 23, 1937",1,606261,0.006044209886,0.000021902926,1,0,0,0,0
04261937,04/26/1937,"April 26, 1937",1,5866658,0.056978805120,0.000021902926,1,0,0,0,0
05191937,05/19/1937,"May 19, 1937",1,7965469,0.076564782597,0.000021902926,1,0,0,0,0
05281937,05/28/1937,"May 28, 1937",1,2364884,0.023371339184,0.000021902926,1,0,0,0,0
06031937,06/03/1937,"June 03, 1937",1,1744378,0.017292459283,0.000021902926,1,0,0,0,0
06271937,06/27/1937,"June 27, 1937",1,2561416,0.025288842173,0.000021902926,1,0,0,0,0
07041937,07/04/1937,"July 04, 1937",1,16953,0.000169455642,0.000021902926,1,0,0,0,0
08081937,08/08/1937,"August 08, 1937",1,3768752,0.036986126146,0.000021902926,1,0,0,0,0
08161937,08/16/1937,"August 16, 1937",1,9480270,0.090447574842,0.000021902926,1,0,0,0,0
08191937,08/19/1937,"August 19, 1937",1,3797436,0.037262317435,0.000021902926,1,0,0,0,0
08251937,08/25/1937,"August 25, 1937",1,4541764,0.044401640692,0.000021902926,1,0,0,0,0
08271937,08/27/1937,"August 27, 1937",1,17826,0.000178184125,0.000021902926,1,0,0,0,0
09191937,09/19/1937,"September 19, 1937",1,9279377,0.088618511055,0.000021902926,1,0,0,0,0
10111937,10/11/1937,"October 11, 1937",1,6323518,0.061277265344,0.000021902926,1,0,0,0,0
10141937,10/14/1937,"October 14, 1937",1,3713042,0.036449481643,0.000021902926,1,0,0,0,0
10171937,10/17/1937,"October 17, 1937",1,7322275,0.070606160417,0.000021902926,1,0,0,0,0
10191937,10/19/1937,"October 19, 1937",1,5630777,0.054751771731,0.000021902926,1,0,0,0,0
10261937,10/26/1937,"October 26, 1937",1,4717325,0.046077826949,0.000021902926,1,0,0,0,0
11111937,11/11/1937,"November 11, 1937",1,6490495,0.062843408507,0.000021902926,1,0,0,0,0
11241937,11/24/1937,"November 24, 1937",1,7807628,0.075106072282,0.000021902926,1,0,0,0,0
12191937,12/19/1937,"December 19, 1937",1,9199471,0.087889971520,0.000021902926,1,0,0,0,0
12231937,12/23/1937,"December 23, 1937",1,6714547,0.064940776140,0.000021902926,1,0,0,0,0
01031938,01/03/1938,"January 03, 1938",1,2674181,0.026387355735,0.000021902926,1,0,0,0,0
01151938,01/15/1938,"January 15, 1938",1,8535313,0.081811958273,0.000021902926,1,1,0,0,0
01211938,01/21/1938,"January 21, 1938",1,5706448,0.055466779964,0.000021902926,1,0,0,0,0
01291938,01/29/1938,"January 29, 1938",1,5057797,0.049320142163,0.000021902926,1,0,0,0,0
02151938,02/15/1938,"February 15, 1938",1,3413146,0.033555494845,0.000021902926,1,0,0,0,0
03101938,03/10/1938,"March 10, 1938",1,269745,0.002693755339,0.000021902926,1,0,0,0,0
04041938,04/04/1938,"April 04, 1938",1,9081910,0.086817055297,0.000021902926,1,0,0,0,0
04181938,04/18/1938,"April 18, 1938",1,3553299,0.034909047082,0.000021902926,1,0,0,0,0
04191938,04/19/1938,"April 19, 1938",1,1604602,0.015917909555,0.000021902926,1,0,0,0,0
04251938,04/25/1938,"April 25, 1938",1,1183817,0.011768315377,0.000021902926,1,1,0,0,0
05021938,05/02/1938,"May 02, 1938",1,9590973,0.091453919544,0.000021902926,1,0,0,0,0
05061938,05/06/1938,"May 06, 1938",1,2606127,0.025724547871,0.000021902926,1,0,0,0,0
05081938,05/08/1938,"May 08, 1938",1,4628415,0.045229317588,0.000021902926,1,0,0,0,0
05121938,05/12/1938,"May 12, 1938",1,5620705,0.054656561534,0.000021902926,1,0,0,0,0
05181938,05/18/1938,"May 18, 1938",1,3670935,0.036043673991,0.000021902926,1,0,0,0,0
05251938,05/25/1938,"May 25, 1938",1,1299684,0.012912686692,0.000021902926,1,0,0,0,0
05261938,05/26/1938,"May 26, 1938",1,8433042,0.080872437825,0.000021902926,1,0,0,0,0
06041938,06/04/1938,"June 04, 1938",1,7251729,0.069950278911,0.000021902926,1,0,0,0,0
06281938,06/28/1938,"June 28, 1938",1,3362819,0.033068989902,0.000021902926,1,0,0,0,0
07071938,07/07/1938,"July 07, 1938",1,1895017,0.018771685684,0.000021902926,1,0,0,0,0
07311938,07/31/1938,"July 31, 1938",1,1858816,0.018416406915,0.000021902926,1,0,0,0,0
08091938,08/09/1938,"August 09, 1938",1,9342155,0.089190478578,0.000021902926,1,0,0,0,0
08231938,08/23/1938,"August 23, 1938",1,2370889,0.023429983975,0.000021902926,1,0,0,0,0
09121938,09/12/1938,"September 12, 1938",1,629239,0.006272574812,0.000021902926,1,0,0,0,0
09151938,09/15/1938,"September 15, 1938",1,4514333,0.044139474548,0.000021902926,1,0,0,0,0
09181938,09/18/1938,"September 18, 1938",1,5360357,0.052192172172,0.000021902926,1,0,0,0,0
10031938,10/03/1938,"October 03, 1938",1,8648089,0.082846870353,0.000021902926,1,0,0,0,0
10141938,10/14/1938,"October 14, 1938",1,3002411,0.029577805678,0.000021902926,1,0,0,0,0
11061938,11/06/1938,"November 06, 1938",1,1783385,0.017675709265,0.000021902926,1,0,0,0,0
11191938,11/19/1938,"November 19, 1938",1,5619639,0.054646484119,0.000021902926,1,0,0,0,0
11211938,11/21/1938,"November 21, 1938",1,482985,0.004818145367,0.000021902926,1,0,0,0,0
11241938,11/24/1938,"November 24, 1938",1,2339188,0.023120352436,0.000021902926,1,0,0,0,0
11261938,11/26/1938,"November 26, 1938",1,1358047,0.013488612387,0.000021902926,1,0,0,0,0
12101938,12/10/1938,"December 10, 1938",1,6614437,0.064004219627,0.000021902926,1,0,0,0,0
12151938,12/15/1938,"December 15, 1938",1,3391794,0.033349117580,0.000021902926,1,0,0,0,0
12161938,12/16/1938,"December 16, 1938",1,1746683,0.017315110431,0.000021902926,1,0,0,0,0
12191938,12/19/1938,"December 19, 1938",1,4033042,0.039527915212,0.000021902926,1,0,0,0,0
12221938,12/22/1938,"December 22, 1938",1,7947568,0.076399463661,0.000021902926,1,0,0,0,0
01091939,01/09/1939,"January 09, 1939",1,482711,0.004815418565,0.000021902926,1,0,0,0,0
01121939,01/12/1939,"January 12, 1939",1,936063,0.009316896334,0.000021902926,1,0,0,0,0
01141939,01/14/1939,"January 14, 1939",1,4798485,0.046851716106,0.000021902926,1,0,0,0,0
02071939,02/07/1939,"February 07, 1939",1,9952092,0.094728935186,0.000021902926,1,0,0,0,0
02091939,02/09/1939,"February 09, 1939",1,4095907,0.040131526244,0.000021902926,1,0,0,0,0
02251939,02/25/1939,"February 25, 1939",1,3562644,0.034999230619,0.000021902926,1,0,0,0,0
03031939,03/03/1939,"March 03, 1939",1,6796589,0.065707602834,0.000021902926,1,0,0,0,0
03091939,03/09/1939,"March 09, 1939",1,7337431,0.070747008675,0.000021902926,1,0,0,0,0
03131939,03/13/1939,"March 13, 1939",1,221140,0.002208896811,0.000021902926,1,0,0,0,0
03281939,03/28/1939,"March 28, 1939",1,3218429,0.031671829766,0.000021902926,1,1,0,0,0
04081939,04/08/1939,"April 08, 1939",1,4608756,0.045041600766,0.000021902926,1,0,0,0,0
04101939,04/10/1939,"April 10, 1939",1,3089452,0.030422103373,0.000021902926,1,0,0,0,0
05051939,05/05/1939,"May 05, 1939",1,253322,0.002529954283,0.000021902926,1,0,0,0,0
05221939,05/22/1939,"May 22, 1939",1,9513455,0.090749359741,0.000021902926,1,0,0,0,0
05271939,05/27/1939,"May 27, 1939",1,9887271,0.094141939195,0.000021902926,1,0,0,0,0
05311939,05/31/1939,"May 31, 1939",1,9535222,0.090947254791,0.000021902926,1,0,0,0,0
06061939,06/06/1939,"June 06, 1939",2,7851115,0.075508193467,0.000021902926,2,0,0,0,0
06151939,06/15/1939,"June 15, 1939",1,43998,0.000439823254,0.000021902926,1,0,0,0,0
06181939,06/18/1939,"June 18, 1939",1,4862368,0.047460421380,0.000021902926,1,0,0,0,0
07091939,07/09/1939,"July 09, 1939",1,4016072,0.039364909267,0.000021902926,1,0,0,0,0
07141939,07/14/1939,"July 14, 1939",1,2125632,0.021031938141,0.000021902926,1,0,0,0,0
08091939,08/09/1939,"August 09, 1939",1,7375383,0.071099611860,0.000021902926,1,0,0,0,0
08131939,08/13/1939,"August 13, 1939",1,6400821,0.062002645781,0.000021902926,1,0,0,0,0
08171939,08/17/1939,"August 17, 1939",1,3933907,0.038575279081,0.000021902926,1,0,0,0,0
08301939,08/30/1939,"August 30, 1939",1,3285274,0.032318892449,0.000021902926,1,0,0,0,0
09061939,09/06/1939,"September 06, 1939",1,2774230,0.027360958338,0.000021902926,1,0,0,0,0
09171939,09/17/1939,"September 17, 1939",1,9645165,0.091946145455,0.000021902926,1,0,0,0,0
10021939,10/02/1939,"October 02, 1939",1,4804098,0.046905214818,0.000021902926,1,0,0,0,0
10111939,10/11/1939,"October 11, 1939",1,2624937,0.025907791851,0.000021902926,1,0,0,0,0
10211939,10/21/1939,"October 21, 1939",1,4081733,0.039995464843,0.000021902926,1,0,0,0,0
11051939,11/05/1939,"November 05, 1939",1,2536742,0.025048312266,0.000021902926,1,0,0,0,0
11061939,11/06/1939,"November 06, 1939",1,6837089,0.066085914645,0.000021902926,1,0,0,0,0
12021939,12/02/1939,"December 02, 1939",1,6658613,0.064417613810,0.000021902926,1,0,0,0,0
12181939,12/18/1939,"December 18, 1939",1,5330750,0.051911513160,0.000021902926,1,0,0,0,0
01101940,01/10/1940,"January 10, 1940",1,1832965,0.018162624937,0.000021902926,1,0,0,0,0
01131940,01/13/1940,"January 13, 1940",1,1825272,0.018087089281,0.000021902926,1,0,0,0,0
02121940,02/12/1940,"February 12, 1940",1,1664932,0.016511427234,0.000021902926,1,0,0,0,0
03141940,03/14/1940,"March 14, 1940",2,432054,0.004311160196,0.000021902926,2,0,0,0,0
03181940,03/18/1940,"March 18, 1940",1,8162674,0.078384048604,0.000021902926,1,0,0,0,0
03191940,03/19/1940,"March 19, 1940",1,8770054,0.083964794303,0.000021902926,1,0,0,0,0
03221940,03/22/1940,"March 22, 1940",1,3526663,0.034651951215,0.000021902926,1,0,0,0,0
03251940,03/25/1940,"March 25, 1940",1,4332925,0.042403893303,0.000021902926,1,1,0,0,0
03301940,03/30/1940,"March 30, 1940",1,2093703,0.020719313520,0.000021902926,1,0,0,0,0
04171940,04/17/1940,"April 17, 1940",1,8938064,0.085502532928,0.000021902926,1,0,0,0,0
04301940,04/30/1940,"April 30, 1940",1,3246102,0.031939758150,0.000021902926,1,0,0,0,0
05021940,05/02/1940,"May 02, 1940",1,5177512,0.050457567596,0.000021902926,1,0,0,0,0
05101940,05/10/1940,"May 10, 1940",1,568769,0.005671486111,0.000021902926,1,0,0,0,0
05151940,05/15/1940,"May 15, 1940",1,5377858,0.052358033507,0.000021902926,1,0,0,0,0
06031940,06/03/1940,"June 03, 1940",1,8185967,0.078598695610,0.000021902926,1,0,0,0,0
06111940,06/11/1940,"June 11, 1940",1,1525374,0.015137932049,0.000021902926,1,0,0,0,0
06141940,06/14/1940,"June 14, 1940",1,6776087,0.065516034567,0.000021902926,1,0,0,0,0
06161940,06/16/1940,"June 16, 1940",3,4133330,0.040490670621,0.000021902926,3,0,0,0,0
06171940,06/17/1940,"June 17, 1940",1,4276432,0.041862765693,0.000021902926,1,0,0,0,0
06191940,06/19/1940,"June 19, 1940",1,1189425,0.011823733857,0.000021902926,1,0,0,0,0
06231940,06/23/1940,"June 23, 1940",1,2525916,0.024942758282,0.000021902926,1,0,0,0,0
06271940,06/27/1940,"June 27, 1940",1,2489676,0.024589333497,0.000021902926,1,0,0,0,0
07111940,07/11/1940,"July 11, 1940",1,2377183,0.023491447358,0.000021902926,1,0,0,0,0
07181940,07/18/1940,"July 18, 1940",1,9290051,0.088715786724,0.000021902926,1,0,0,0,0
07231940,07/23/1940,"July 23, 1940",1,7186284,0.069341408649,0.000021902926,1,0,0,0,0
08021940,08/02/1940,"August 02, 1940",2,228079,0.002278131134,0.000021902926,2,0,0,0,0
08051940,08/05/1940,"August 05, 1940",2,836345,0.008328514232,0.000021902926,2,0,0,0,0
08211940,08/21/1940,"August 21, 1940",1,4032492,0.039522632601,0.000021902926,1,0,0,0,0
09111940,09/11/1940,"September 11, 1940",1,2198808,0.021748045776,0.000021902926,1,0,0,0,0
09171940,09/17/1940,"September 17, 1940",1,5798299,0.056333944870,0.000021902926,1,0,0,0,0
10091940,10/09/1940,"October 09, 1940",1,4982428,0.048603354170,0.000021902926,1,0,0,0,0
10271940,10/27/1940,"October 27, 1940",1,8371762,0.080309023837,0.000021902926,1,0,0,0,0
10291940,10/29/1940,"October 29, 1940",1,108611,0.001085460472,0.000021902926,1,0,0,0,0
10301940,10/30/1940,"October 30, 1940",1,1518414,0.015069383263,0.000021902926,1,0,0,0,0
11051940,11/05/1940,"November 05, 1940",1,1269710,0.012616772792,0.000021902926,1,0,0,0,0
11061940,11/06/1940,"November 06, 1940",1,7045266,0.068028086711,0.000021902926,1,0,0,0,0
11221940,11/22/1940,"November 22, 1940",1,4554550,0.044523815689,0.000021902926,1,0,0,0,0
12021940,12/02/1940,"December 02, 1940",1,7368034,0.071031344461,0.000021902926,1,0,0,0,0
12121940,12/12/1940,"December 12, 1940",1,6623936,0.064093125644,0.000021902926,1,0,0,0,0
12191940,12/19/1940,"December 19, 1940",1,9451215,0.090183265987,0.000021902926,1,0,0,0,0
01021941,01/02/1941,"January 02, 1941",1,2988737,0.029445101073,0.000021902926,1,0,0,0,0
01031941,01/03/1941,"January 03, 1941",1,3401549,0.033443409775,0.000021902926,1,0,0,0,0
01201941,01/20/1941,"January 20, 1941",1,5479026,0.053316259151,0.000021902926,1,0,0,0,0
02041941,02/04/1941,"February 04, 1941",1,4441001,0.043438265826,0.000021902926,1,0,0,0,0
02091941,02/09/1941,"February 09, 1941",1,1289646,0.012813597894,0.000021902926,1,0,0,0,0
02131941,02/13/1941,"February 13, 1941",1,6656526,0.064398088001,0.000021902926,1,0,0,0,0
03121941,03/12/1941,"March 12, 1941",2,1856637,0.018395017975,0.000021902926,2,0,0,0,0
03161941,03/16/1941,"March 16, 1941",1,6165061,0.059788614321,0.000021902926,1,0,0,0,0
03261941,03/26/1941,"March 26, 1941",1,3005661,0.029609343887,0.000021902926,1,0,0,0,0
04121941,04/12/1941,"April 12, 1941",1,5938918,0.057659986102,0.000021902926,1,0,0,0,0
04191941,04/19/1941,"April 19, 1941",1,34149,0.000341371723,0.000021902926,1,0,0,0,0
05301941,05/30/1941,"May 30, 1941",1,7732133,0.074407559967,0.000021902926,1,0,0,0,0
06131941,06/13/1941,"June 13, 1941",1,6606619,0.063931040616,0.000021902926,1,0,0,0,0
06181941,06/18/1941,"June 18, 1941",1,7439429,0.071694344937,0.000021902926,1,0,0,0,0
06201941,06/20/1941,"June 20, 1941",1,6645892,0.064298590803,0.000021902926,1,0,0,0,0
06291941,06/29/1941,"June 29, 1941",1,7445501,0.071750709945,0.000021902926,1,1,0,0,0
07101941,07/10/1941,"July 10, 1941",1,9718760,0.092614181845,0.000021902926,1,0,0,0,0
07251941,07/25/1941,"July 25, 1941",1,102294,0.001022357047,0.000021902926,1,0,0,0,0
08241941,08/24/1941,"August 24, 1941",1,5543742,0.053928716806,0.000021902926,1,0,0,0,0
08301941,08/30/1941,"August 30, 1941",1,4717022,0.046074936561,0.000021902926,1,0,0,0,0
09041941,09/04/1941,"September 04, 1941",1,2610928,0.025771321714,0.000021902926,1,1,0,0,0
09081941,09/08/1941,"September 08, 1941",1,5246487,0.051112288672,0.000021902926,1,0,0,0,0
09091941,09/09/1941,"September 09, 1941",1,449966,0.004489492011,0.000021902926,1,0,0,0,0
10201941,10/20/1941,"October 20, 1941",1,1649448,0.016359132071,0.000021902926,1,0,0,0,0
10251941,10/25/1941,"October 25, 1941",2,4242618,0.041538726383,0.000021902926,2,0,0,0,0
11031941,11/03/1941,"November 03, 1941",1,9518744,0.090797448736,0.000021902926,1,0,0,0,0
11051941,11/05/1941,"November 05, 1941",1,7462170,0.071905426926,0.000021902926,1,0,0,0,0
11091941,11/09/1941,"November 09, 1941",1,4344036,0.042510285896,0.000021902926,1,0,0,0,0
11141941,11/14/1941,"November 14, 1941",1,7864033,0.075627611606,0.000021902926,1,0,0,0,0
12141941,12/14/1941,"December 14, 1941",1,2614595,0.025807046024,0.000021902926,1,0,0,0,0
01061942,01/06/1942,"January 06, 1942",1,794602,0.007914474389,0.000021902926,1,0,0,0,0
01071942,01/07/1942,"January 07, 1942",1,7614270,0.073315985784,0.000021902926,1,0,0,0,0
01271942,01/27/1942,"January 27, 1942",1,9435469,0.090039994963,0.000021902926,1,0,0,0,0
01281942,01/28/1942,"January 28, 1942",1,3842544,0.037696491222,0.000021902926,1,0,0,0,0
02251942,02/25/1942,"February 25, 1942",1,7433891,0.071642933945,0.000021902926,1,0,0,0,0
02271942,02/27/1942,"February 27, 1942",1,2866932,0.028262196394,0.000021902926,1,0,0,0,0
03041942,03/04/1942,"March 04, 1942",1,5902991,0.057321370778,0.000021902926,1,0,0,0,0
03211942,03/21/1942,"March 21, 1942",1,3432829,0.033745701399,0.000021902926,1,0,0,0,0
03221942,03/22/1942,"March 22, 1942",1,3671179,0.036046026042,0.000021902926,1,0,0,0,0
04111942,04/11/1942,"April 11, 1942",1,2390533,0.023621802550,0.000021902926,1,0,0,0,0
04161942,04/16/1942,"April 16, 1942",1,7237364,0.069816667670,0.000021902926,1,0,0,0,0
04211942,04/21/1942,"April 21, 1942",1,8129023,0.078073863430,0.000021902926,1,0,0,0,0
04241942,04/24/1942,"April 24, 1942",1,8197287,0.078702992336,0.000021902926,1,0,0,0,0
04251942,04/25/1942,"April 25, 1942",1,2171618,0.021482022903,0.000021902926,1,0,0,0,0
05021942,05/02/1942,"May 02, 1942",1,597441,0.005956539118,0.000021902926,1,0,0,0,0
05071942,05/07/1942,"May 07, 1942",1,5678249,0.055200393481,0.000021902926,1,0,0,0,0
05301942,05/30/1942,"May 30, 1942",1,9067184,0.086682570073,0.000021902926,1,0,0,0,0
06021942,06/02/1942,"June 02, 1942",1,450629,0.004496092224,0.000021902926,1,0,0,0,0
06031942,06/03/1942,"June 03, 1942",1,7025167,0.067840750848,0.000021902926,1,0,0,0,0
06081942,06/08/1942,"June 08, 1942",1,4419155,0.043229272520,0.000021902926,1,0,0,0,0
06101942,06/10/1942,"June 10, 1942",1,5675549,0.055174883547,0.000021902926,1,0,0,0,0
06161942,06/16/1942,"June 16, 1942",1,4126848,0.040428473210,0.000021902926,1,0,0,0,0
07081942,07/08/1942,"July 08, 1942",1,599333,0.005975346242,0.000021902926,1,0,0,0,0
07201942,07/20/1942,"July 20, 1942",2,450470,0.004494509372,0.000021902926,2,0,0,0,0
08181942,08/18/1942,"August 18, 1942",1,5586820,0.054336177628,0.000021902926,1,0,0,0,0
08281942,08/28/1942,"August 28, 1942",1,4533472,0.044322399190,0.000021902926,1,0,0,0,0
09051942,09/05/1942,"September 05, 1942",1,507247,0.005059567103,0.000021902926,1,0,0,0,0
09181942,09/18/1942,"September 18, 1942",1,1008119,0.010030485836,0.000021902926,1,0,0,0,0
09211942,09/21/1942,"September 21, 1942",1,2533312,0.025014870850,0.000021902926,1,0,0,0,0
09251942,09/25/1942,"September 25, 1942",1,9963085,0.094828446165,0.000021902926,1,0,0,0,0
09301942,09/30/1942,"September 30, 1942",1,6556970,0.063466176343,0.000021902926,1,0,0,0,0
10111942,10/11/1942,"October 11, 1942",1,6610232,0.063964860176,0.000021902926,1,0,0,0,0
10151942,10/15/1942,"October 15, 1942",1,64020,0.000639935161,0.000021902926,1,0,0,0,0
10181942,10/18/1942,"October 18, 1942",1,1249,0.000012429923,0.000021902926,1,0,0,0,0
10241942,10/24/1942,"October 24, 1942",1,982339,0.009775238792,0.000021902926,1,0,0,0,0
11111942,11/11/1942,"November 11, 1942",1,2030754,0.020102672050,0.000021902926,1,0,0,0,0
11121942,11/12/1942,"November 12, 1942",1,3769856,0.036996757760,0.000021902926,1,0,0,0,0
11131942,11/13/1942,"November 13, 1942",1,7414269,0.071460753847,0.000021902926,1,0,0,0,0
11171942,11/17/1942,"November 17, 1942",1,1943898,0.019251202695,0.000021902926,1,0,0,0,0
11211942,11/21/1942,"November 21, 1942",1,5844826,0.056772902255,0.000021902926,1,0,0,0,0
11221942,11/22/1942,"November 22, 1942",1,151463,0.001513423633,0.000021902926,1,0,0,0,0
12061942,12/06/1942,"December 06, 1942",1,9928488,0.094515229781,0.000021902926,1,0,0,0,0
12081942,12/08/1942,"December 08, 1942",1,4395805,0.043005840468,0.000021902926,1,0,0,0,0
12091942,12/09/1942,"December 09, 1942",1,8986734,0.085947510556,0.000021902926,1,0,0,0,0
12111942,12/11/1942,"December 11, 1942",1,8476447,0.081271298578,0.000021902926,1,0,0,0,0
12151942,12/15/1942,"December 15, 1942",1,7218802,0.069643991013,0.000021902926,1,0,0,0,0
12221942,12/22/1942,"December 22, 1942",1,7953737,0.076456438821,0.000021902926,1,0,0,0,0
01081943,01/08/1943,"January 08, 1943",1,835420,0.008319341228,0.000021902926,1,0,0,0,0
01121943,01/12/1943,"January 12, 1943",1,5230357,0.050959220738,0.000021902926,1,0,0,0,0
01191943,01/19/1943,"January 19, 1943",1,6662063,0.064449890846,0.000021902926,1,0,0,0,0
02011943,02/01/1943,"February 01, 1943",1,1222548,0.012150993283,0.000021902926,1,0,0,0,0
02131943,02/13/1943,"February 13, 1943",1,1643552,0.016301134895,0.000021902926,1,0,0,0,0
02161943,02/16/1943,"February 16, 1943",1,4748368,0.046373907054,0.000021902926,1,0,0,0,0
02211943,02/21/1943,"February 21, 1943",1,8107236,0.077872981498,0.000021902926,1,0,0,0,0
02271943,02/27/1943,"February 27, 1943",1,3168107,0.031184425034,0.000021902926,1,0,0,0,0
03101943,03/10/1943,"March 10, 1943",1,470340,0.004692296664,0.000021902926,1,0,0,0,0
03261943,03/26/1943,"March 26, 1943",1,1071738,0.010660094251,0.000021902926,1,0,0,0,0
03311943,03/31/1943,"March 31, 1943",1,5949954,0.057763977008,0.000021902926,1,0,0,0,0
04021943,04/02/1943,"April 02, 1943",1,8874198,0.084918293425,0.000021902926,1,0,0,0,0
04291943,04/29/1943,"April 29, 1943",1,1671516,0.016576177990,0.000021902926,1,0,0,0,0
05151943,05/15/1943,"May 15, 1943",1,7174629,0.069232934068,0.000021902926,1,0,0,0,0
05181943,05/18/1943,"May 18, 1943",1,5218437,0.050846088334,0.000021902926,1,0,0,0,0
05261943,05/26/1943,"May 26, 1943",1,1499415,0.014882238516,0.000021902926,1,0,0,0,0
06211943,06/21/1943,"June 21, 1943",2,7001449,0.067619635094,0.000021902926,2,0,0,0,0
06221943,06/22/1943,"June 22, 1943",1,1347009,0.013379715249,0.000021902926,1,0,0,0,0
07021943,07/02/1943,"July 02, 1943",1,2943259,0.029003611729,0.000021902926,1,0,0,0,0
07031943,07/03/1943,"July 03, 1943",1,3616456,0.035518377144,0.000021902926,1,0,0,0,0
07071943,07/07/1943,"July 07, 1943",1,4183889,0.040975666333,0.000021902926,1,0,0,0,0
07081943,07/08/1943,"July 08, 1943",1,724782,0.007221558399,0.000021902926,1,0,0,0,0
07151943,07/15/1943,"July 15, 1943",1,4729480,0.046193769144,0.000021902926,1,0,0,0,0
07271943,07/27/1943,"July 27, 1943",2,3701332,0.036336643269,0.000021902926,2,0,0,0,0
08131943,08/13/1943,"August 13, 1943",1,2257252,0.022319608316,0.000021902926,1,0,0,0,0
08151943,08/15/1943,"August 15, 1943",1,9310374,0.088900968199,0.000021902926,1,0,0,0,0
09041943,09/04/1943,"September 04, 1943",1,7169179,0.069182205880,0.000021902926,1,0,0,0,0
09111943,09/11/1943,"September 11, 1943",1,8485790,0.081357131392,0.000021902926,1,0,0,0,0
10071943,10/07/1943,"October 07, 1943",1,4070572,0.039888312756,0.000021902926,1,0,0,0,0
10081943,10/08/1943,"October 08, 1943",1,9809374,0.093436028029,0.000021902926,1,0,0,0,0
10101943,10/10/1943,"October 10, 1943",1,6100704,0.059183327723,0.000021902926,1,0,0,0,0
10151943,10/15/1943,"October 15, 1943",1,6915028,0.066813514372,0.000021902926,1,0,0,0,0
10231943,10/23/1943,"October 23, 1943",1,6500557,0.062937700461,0.000021902926,1,0,0,0,0
10261943,10/26/1943,"October 26, 1943",1,389000,0.003882384023,0.000021902926,1,0,0,0,0
11091943,11/09/1943,"November 09, 1943",1,92438,0.000923892957,0.000021902926,1,0,0,0,0
11221943,11/22/1943,"November 22, 1943",1,9136224,0.087312906816,0.000021902926,1,0,0,0,0
11251943,11/25/1943,"November 25, 1943",1,9012560,0.086183543274,0.000021902926,1,0,0,0,0
12041943,12/04/1943,"December 04, 1943",1,5697297,0.055380341773,0.000021902926,1,0,0,0,0
12141943,12/14/1943,"December 14, 1943",1,4037473,0.039570472787,0.000021902926,1,0,0,0,0
12221943,12/22/1943,"December 22, 1943",1,7037166,0.067952593927,0.000021902926,1,0,0,0,0
01021944,01/02/1944,"January 02, 1944",1,5521577,0.053718996863,0.000021902926,1,0,0,0,0
01091944,01/09/1944,"January 09, 1944",1,6473811,0.062687040256,0.000021902926,1,0,0,0,0
03171944,03/17/1944,"March 17, 1944",1,8823320,0.084452599691,0.000021902926,1,0,0,0,0
04031944,04/03/1944,"April 03, 1944",1,3438162,0.033797230367,0.000021902926,1,0,0,0,0
04091944,04/09/1944,"April 09, 1944",1,2884959,0.028437355781,0.000021902926,1,0,0,0,0
04291944,04/29/1944,"April 29, 1944",1,2427112,0.023978886622,0.000021902926,1,0,0,0,0
05171944,05/17/1944,"May 17, 1944",1,7987401,0.076767288203,0.000021902926,1,0,0,0,0
05271944,05/27/1944,"May 27, 1944",1,5022705,0.048986471041,0.000021902926,1,0,0,0,0
05311944,05/31/1944,"May 31, 1944",1,5339681,0.051996183162,0.000021902926,1,0,0,0,0
06131944,06/13/1944,"June 13, 1944",1,1263712,0.012557547769,0.000021902926,1,0,0,0,0
06141944,06/14/1944,"June 14, 1944",1,5898701,0.057280928997,0.000021902926,1,0,0,0,0
06161944,06/16/1944,"June 16, 1944",1,157862,0.001577314745,0.000021902926,1,0,0,0,0
06291944,06/29/1944,"June 29, 1944",1,5611255,0.054567222357,0.000021902926,1,0,0,0,0
06301944,06/30/1944,"June 30, 1944",1,7121515,0.068738435131,0.000021902926,1,0,0,0,0
07111944,07/11/1944,"July 11, 1944",1,6390788,0.061908531784,0.000021902926,1,0,0,0,0
07191944,07/19/1944,"July 19, 1944",1,7652648,0.073671560343,0.000021902926,1,0,0,0,0
07271944,07/27/1944,"July 27, 1944",2,2872953,0.028320702967,0.000021902926,2,0,0,0,0
08121944,08/12/1944,"August 12, 1944",1,5638496,0.054824732626,0.000021902926,1,0,0,0,0
08201944,08/20/1944,"August 20, 1944",1,2551767,0.025194787755,0.000021902926,1,0,0,0,0
09031944,09/03/1944,"September 03, 1944",1,8934530,0.085470214016,0.000021902926,1,0,0,0,0
09141944,09/14/1944,"September 14, 1944",1,5818175,0.056521489298,0.000021902926,1,0,0,0,0
09161944,09/16/1944,"September 16, 1944",1,7215186,0.069610348731,0.000021902926,1,1,1,0,0
09171944,09/17/1944,"September 17, 1944",1,4250301,0.041612362135,0.000021902926,1,0,0,0,0
09221944,09/22/1944,"September 22, 1944",1,206568,0.002063488096,0.000021902926,1,0,0,0,0
09291944,09/29/1944,"September 29, 1944",1,774060,0.007710659245,0.000021902926,1,0,0,0,0
10051944,10/05/1944,"October 05, 1944",1,7493474,0.072195912185,0.000021902926,1,0,0,0,0
10101944,10/10/1944,"October 10, 1944",1,323626,0.003230969181,0.000021902926,1,0,0,0,0
10171944,10/17/1944,"October 17, 1944",1,9285718,0.088676299924,0.000021902926,1,0,0,0,0
10281944,10/28/1944,"October 28, 1944",1,7389630,0.071231942873,0.000021902926,1,0,0,0,0
11041944,11/04/1944,"November 04, 1944",1,5978545,0.058033333205,0.000021902926,1,0,0,0,0
11131944,11/13/1944,"November 13, 1944",1,9976833,0.094952880598,0.000021902926,1,0,0,0,0
11181944,11/18/1944,"November 18, 1944",1,3095264,0.030478453603,0.000021902926,1,0,0,0,0
11291944,11/29/1944,"November 29, 1944",1,6193788,0.060058670058,0.000021902926,1,0,0,0,0
12281944,12/28/1944,"December 28, 1944",1,892094,0.008881207099,0.000021902926,1,0,0,0,0
12291944,12/29/1944,"December 29, 1944",1,8896492,0.085122279003,0.000021902926,1,0,0,0,0
01051945,01/05/1945,"January 05, 1945",1,6064167,0.058839518727,0.000021902926,1,0,0,0,0
01061945,01/06/1945,"January 06, 1945",1,8485511,0.081354568375,0.000021902926,1,0,0,0,0
01121945,01/12/1945,"January 12, 1945",1,3229396,0.031778020494,0.000021902926,1,0,0,0,0
01151945,01/15/1945,"January 15, 1945",1,9853573,0.093836631705,0.000021902926,1,0,0,0,0
01161945,01/16/1945,"January 16, 1945",1,7542002,0.072646047727,0.000021902926,1,0,0,0,0
02171945,02/17/1945,"February 17, 1945",1,6631219,0.064161285261,0.000021902926,1,0,0,0,0
04021945,04/02/1945,"April 02, 1945",2,931426,0.009270957293,0.000021902926,2,0,0,0,0
04031945,04/03/1945,"April 03, 1945",2,925479,0.009212036884,0.000021902926,2,0,0,0,0
04121945,04/12/1945,"April 12, 1945",1,6287973,0.060943537037,0.000021902926,1,0,0,0,0
04171945,04/17/1945,"April 17, 1945",1,8052380,0.077367000728,0.000021902926,1,0,0,0,0
04241945,04/24/1945,"April 24, 1945",1,8339872,0.080015687611,0.000021902926,1,0,0,0,0
05041945,05/04/1945,"May 04, 1945",1,3102001,0.030543768070,0.000021902926,1,0,0,0,0
05131945,05/13/1945,"May 13, 1945",1,4862923,0.047465707960,0.000021902926,1,0,0,0,0
05151945,05/15/1945,"May 15, 1945",1,1789976,0.017740452126,0.000021902926,1,0,0,0,0
05191945,05/19/1945,"May 19, 1945",2,2983615,0.029395387977,0.000021902926,2,0,0,0,0
05261945,05/26/1945,"May 26, 1945",1,9177155,0.087686402331,0.000021902926,1,0,0,0,0
06031945,06/03/1945,"June 03, 1945",1,5473909,0.053267816104,0.000021902926,1,0,0,0,0
06131945,06/13/1945,"June 13, 1945",2,5073193,0.049466497568,0.000021902926,2,0,0,0,0
06201945,06/20/1945,"June 20, 1945",1,1795483,0.017794543670,0.000021902926,1,0,0,0,0
07091945,07/09/1945,"July 09, 1945",1,5570904,0.054185653794,0.000021902926,1,0,0,0,0
08031945,08/03/1945,"August 03, 1945",1,2192406,0.021685416081,0.000021902926,1,0,0,0,0
08201945,08/20/1945,"August 20, 1945",1,4585208,0.044816700681,0.000021902926,1,0,0,0,0
08241945,08/24/1945,"August 24, 1945",1,2934267,0.028916295807,0.000021902926,1,0,0,0,0
08251945,08/25/1945,"August 25, 1945",1,4905774,0.047873790993,0.000021902926,1,0,0,0,0
09021945,09/02/1945,"September 02, 1945",2,3376299,0.033199323419,0.000021902926,2,0,0,0,0
09041945,09/04/1945,"September 04, 1945",1,3860323,0.037867563957,0.000021902926,1,0,0,0,0
09101945,09/10/1945,"September 10, 1945",1,2084950,0.020633593329,0.000021902926,1,0,0,0,0
09301945,09/30/1945,"September 30, 1945",1,1296647,0.012882708395,0.000021902926,1,0,0,0,0
10051945,10/05/1945,"October 05, 1945",1,4524848,0.044239977999,0.000021902926,1,0,0,0,0
11011945,11/01/1945,"November 01, 1945",2,3315334,0.032609733677,0.000021902926,2,0,0,0,0
11041945,11/04/1945,"November 04, 1945",2,1548432,0.015364995368,0.000021902926,2,0,0,0,0
11051945,11/05/1945,"November 05, 1945",1,2119088,0.020967872375,0.000021902926,1,0,0,0,0
11151945,11/15/1945,"November 15, 1945",1,1103878,0.010978017007,0.000021902926,1,0,0,0,0
11171945,11/17/1945,"November 17, 1945",1,5000863,0.048778727977,0.000021902926,1,0,0,0,0
11221945,11/22/1945,"November 22, 1945",1,5415703,0.052716600759,0.000021902926,1,0,0,0,0
11301945,11/30/1945,"November 30, 1945",1,7321215,0.070596308790,0.000021902926,1,0,0,0,0
12101945,12/10/1945,"December 10, 1945",2,1652551,0.016389653974,0.000021902926,2,0,0,0,0
12281945,12/28/1945,"December 28, 1945",1,3310490,0.032562872157,0.000021902926,1,0,0,0,0
12301945,12/30/1945,"December 30, 1945",1,2551058,0.025187876361,0.000021902926,1,0,0,0,0
01291946,01/29/1946,"January 29, 1946",1,5548217,0.053971052549,0.000021902926,1,0,0,0,0
03231946,03/23/1946,"March 23, 1946",1,8903101,0.085182741274,0.000021902926,1,0,0,0,0
04081946,04/08/1946,"April 08, 1946",1,9589632,0.091441735859,0.000021902926,1,0,0,0,0
04131946,04/13/1946,"April 13, 1946",1,2471596,0.024412963304,0.000021902926,1,0,0,0,0
05031946,05/03/1946,"May 03, 1946",1,8084663,0.077664806270,0.000021902926,1,0,0,0,0
05061946,05/06/1946,"May 06, 1946",1,8692616,0.083255160225,0.000021902926,1,0,0,0,0
05101946,05/10/1946,"May 10, 1946",1,7211977,0.069580492048,0.000021902926,1,0,0,0,0
05171946,05/17/1946,"May 17, 1946",1,6517033,0.063092078129,0.000021902926,1,0,0,0,0
05191946,05/19/1946,"May 19, 1946",1,3634443,0.035691842854,0.000021902926,1,0,0,0,0
05221946,05/22/1946,"May 22, 1946",1,9580161,0.091355682230,0.000021902926,1,0,0,0,0
06101946,06/10/1946,"June 10, 1946",2,984550,0.009797132420,0.000021902926,2,0,0,0,0
06181946,06/18/1946,"June 18, 1946",1,8928444,0.085414554039,0.000021902926,1,0,0,0,0
06301946,06/30/1946,"June 30, 1946",1,4928700,0.048092050430,0.000021902926,1,0,0,0,0
07111946,07/11/1946,"July 11, 1946",1,1991161,0.019714624482,0.000021902926,1,0,0,0,0
07151946,07/15/1946,"July 15, 1946",2,3921994,0.038460737730,0.000021902926,2,0,0,0,0
07231946,07/23/1946,"July 23, 1946",1,9083321,0.086829940218,0.000021902926,1,0,0,0,0
07311946,07/31/1946,"July 31, 1946",1,5225963,0.050917518970,0.000021902926,1,0,0,0,0
08101946,08/10/1946,"August 10, 1946",1,4930134,0.048105700692,0.000021902926,1,0,0,0,0
08181946,08/18/1946,"August 18, 1946",1,419949,0.004190624766,0.000021902926,1,0,0,0,0
08281946,08/28/1946,"August 28, 1946",1,623035,0.006210922049,0.000021902926,1,0,0,0,0
09121946,09/12/1946,"September 12, 1946",1,8788832,0.084136791246,0.000021902926,1,0,0,0,0
09151946,09/15/1946,"September 15, 1946",1,5159532,0.050286824515,0.000021902926,1,0,0,0,0
09201946,09/20/1946,"September 20, 1946",1,5570214,0.054179127653,0.000021902926,1,0,0,0,0
09301946,09/30/1946,"September 30, 1946",1,5061089,0.049351438029,0.000021902926,1,0,0,0,0
10041946,10/04/1946,"October 04, 1946",1,3637526,0.035721572016,0.000021902926,1,0,0,0,0
10111946,10/11/1946,"October 11, 1946",1,1284797,0.012765728064,0.000021902926,1,0,0,0,0
11051946,11/05/1946,"November 05, 1946",1,844577,0.008410145269,0.000021902926,1,0,0,0,0
11201946,11/20/1946,"November 20, 1946",1,5293923,0.051562296310,0.000021902926,1,0,0,0,0
11261946,11/26/1946,"November 26, 1946",1,7550439,0.072724285280,0.000021902926,1,0,0,0,0
12061946,12/06/1946,"December 06, 1946",1,6984239,0.067459158623,0.000021902926,1,0,0,0,0
12121946,12/12/1946,"December 12, 1946",1,3801724,0.037303598742,0.000021902926,1,0,0,0,0
12181946,12/18/1946,"December 18, 1946",1,8446963,0.081000380668,0.000021902926,1,0,0,0,0
01051947,01/05/1947,"January 05, 1947",1,6945386,0.067096768131,0.000021902926,1,0,0,0,0
03061947,03/06/1947,"March 06, 1947",1,2031354,0.020108551416,0.000021902926,1,0,0,0,0
03211947,03/21/1947,"March 21, 1947",1,1841305,0.018244506760,0.000021902926,1,0,0,0,0
04211947,04/21/1947,"April 21, 1947",1,3761432,0.036915630949,0.000021902926,1,0,0,0,0
05111947,05/11/1947,"May 11, 1947",1,5303850,0.051656443049,0.000021902926,1,0,0,0,0
05261947,05/26/1947,"May 26, 1947",1,6098656,0.059164059600,0.000021902926,1,0,0,0,0
05271947,05/27/1947,"May 27, 1947",1,7740382,0.074483908939,0.000021902926,1,0,0,0,0
06141947,06/14/1947,"June 14, 1947",1,5690491,0.055316048771,0.000021902926,1,0,0,0,0
06181947,06/18/1947,"June 18, 1947",1,9313535,0.088929767585,0.000021902926,1,0,0,0,0
07151947,07/15/1947,"July 15, 1947",1,3796135,0.037249792136,0.000021902926,1,0,0,0,0
07241947,07/24/1947,"July 24, 1947",1,4907013,0.047885587764,0.000021902926,1,0,0,0,0
07281947,07/28/1947,"July 28, 1947",1,4031170,0.039509935006,0.000021902926,1,0,0,0,0
08051947,08/05/1947,"August 05, 1947",1,850356,0.008467447592,0.000021902926,1,0,0,0,0
09071947,09/07/1947,"September 07, 1947",1,156294,0.001561659355,0.000021902926,1,0,0,0,0
09101947,09/10/1947,"September 10, 1947",1,135444,0.001353463255,0.000021902926,1,0,0,0,0
09231947,09/23/1947,"September 23, 1947",1,3918608,0.038428179459,0.000021902926,1,0,0,0,0
10261947,10/26/1947,"October 26, 1947",1,2296135,0.022699685889,0.000021902926,1,0,0,0,0
11071947,11/07/1947,"November 07, 1947",1,2307072,0.022806567380,0.000021902926,1,0,0,0,0
11181947,11/18/1947,"November 18, 1947",1,5961484,0.057872610560,0.000021902926,1,0,0,0,0
11301947,11/30/1947,"November 30, 1947",1,2769943,0.027319260408,0.000021902926,1,1,0,0,0
12081947,12/08/1947,"December 08, 1947",2,5415628,0.052715890296,0.000021902926,2,0,0,0,0
12131947,12/13/1947,"December 13, 1947",1,1254566,0.012467232151,0.000021902926,1,0,0,0,0
12171947,12/17/1947,"December 17, 1947",1,8319971,0.079832583312,0.000021902926,1,0,0,0,0
12261947,12/26/1947,"December 26, 1947",1,8220735,0.078918992735,0.000021902926,1,0,0,0,0
01061948,01/06/1948,"January 06, 1948",1,6022581,0.058448046332,0.000021902926,1,0,0,0,0
01071948,01/07/1948,"January 07, 1948",1,663796,0.006615917873,0.000021902926,1,0,0,0,0
01091948,01/09/1948,"January 09, 1948",1,5385230,0.052427891099,0.000021902926,1,0,0,0,0
02031948,02/03/1948,"February 03, 1948",1,4439284,0.043421841520,0.000021902926,1,0,0,0,0
02051948,02/05/1948,"February 05, 1948",1,767640,0.007646952224,0.000021902926,1,0,0,0,0
03051948,03/05/1948,"March 05, 1948",1,8498504,0.081473920223,0.000021902926,1,0,0,0,0
03181948,03/18/1948,"March 18, 1948",1,8063604,0.077470551246,0.000021902926,1,0,0,0,0
04201948,04/20/1948,"April 20, 1948",1,7783568,0.074883516029,0.000021902926,1,0,0,0,0
04211948,04/21/1948,"April 21, 1948",1,2208048,0.021838432082,0.000021902926,1,0,0,0,0
04301948,04/30/1948,"April 30, 1948",1,3196342,0.031457931500,0.000021902926,1,0,0,0,0
05091948,05/09/1948,"May 09, 1948",1,2047387,0.020265644820,0.000021902926,1,0,0,0,0
05171948,05/17/1948,"May 17, 1948",1,383024,0.003822854255,0.000021902926,1,0,0,0,0
05221948,05/22/1948,"May 22, 1948",2,6514837,0.063071503405,0.000021902926,2,0,0,0,0
06051948,06/05/1948,"June 05, 1948",1,2940078,0.028972723842,0.000021902926,1,0,0,0,0
06121948,06/12/1948,"June 12, 1948",1,2948649,0.029055947024,0.000021902926,1,0,0,0,0
06141948,06/14/1948,"June 14, 1948",1,2532875,0.025010610155,0.000021902926,1,0,0,0,0
06231948,06/23/1948,"June 23, 1948",1,1246757,0.012390112706,0.000021902926,1,0,0,0,0
07031948,07/03/1948,"July 03, 1948",1,1843409,0.018265162679,0.000021902926,1,0,0,0,0
07081948,07/08/1948,"July 08, 1948",1,9045908,0.086488231982,0.000021902926,1,0,0,0,0
07131948,07/13/1948,"July 13, 1948",1,1373242,0.013638501405,0.000021902926,1,0,0,0,0
07151948,07/15/1948,"July 15, 1948",1,1190731,0.011836639355,0.000021902926,1,0,0,0,0
07201948,07/20/1948,"July 20, 1948",1,6038368,0.058596677408,0.000021902926,1,0,0,0,0
07231948,07/23/1948,"July 23, 1948",1,4611154,0.045064500394,0.000021902926,1,0,0,0,0
07291948,07/29/1948,"July 29, 1948",1,459620,0.004585593958,0.000021902926,1,0,0,0,0
07311948,07/31/1948,"July 31, 1948",1,7309379,0.070486298058,0.000021902926,1,0,0,0,0
08061948,08/06/1948,"August 06, 1948",1,2364907,0.023371563809,0.000021902926,1,0,0,0,0
08111948,08/11/1948,"August 11, 1948",1,6708130,0.064880771464,0.000021902926,1,0,0,0,0
08141948,08/14/1948,"August 14, 1948",1,9487958,0.090517498545,0.000021902926,1,0,0,0,0
08181948,08/18/1948,"August 18, 1948",1,5913829,0.057423532752,0.000021902926,1,0,0,0,0
08201948,08/20/1948,"August 20, 1948",1,2281102,0.022552757287,0.000021902926,1,0,0,0,0
09051948,09/05/1948,"September 05, 1948",1,3358916,0.033031249848,0.000021902926,1,0,0,0,0
09081948,09/08/1948,"September 08, 1948",1,7661738,0.073755759772,0.000021902926,1,0,0,0,0
09171948,09/17/1948,"September 17, 1948",1,6511175,0.063037192455,0.000021902926,1,0,0,0,0
09281948,09/28/1948,"September 28, 1948",1,2020474,0.020001933425,0.000021902926,1,0,0,0,0
10291948,10/29/1948,"October 29, 1948",1,9144113,0.087384905862,0.000021902926,1,0,0,0,0
11111948,11/11/1948,"November 11, 1948",2,4722887,0.046130882625,0.000021902926,2,0,0,0,0
12101948,12/10/1948,"December 10, 1948",1,6187678,0.060001237887,0.000021902926,1,0,0,0,0
01021949,01/02/1949,"January 02, 1949",1,3853908,0.037805841181,0.000021902926,1,0,0,0,0
01061949,01/06/1949,"January 06, 1949",1,4147712,0.040628657331,0.000021902926,1,0,0,0,0
01161949,01/16/1949,"January 16, 1949",1,594525,0.005927552388,0.000021902926,1,0,0,0,0
02051949,02/05/1949,"February 05, 1949",1,9873255,0.094014965230,0.000021902926,1,0,0,0,0
02171949,02/17/1949,"February 17, 1949",1,1495005,0.014838793865,0.000021902926,1,0,0,0,0
02191949,02/19/1949,"February 19, 1949",1,5767077,0.056039267451,0.000021902926,1,0,0,0,0
02211949,02/21/1949,"February 21, 1949",2,4018939,0.039392450280,0.000021902926,2,0,0,0,0
02231949,02/23/1949,"February 23, 1949",1,3293501,0.032398500300,0.000021902926,1,0,0,0,0
03011949,03/01/1949,"March 01, 1949",1,8496893,0.081459122648,0.000021902926,1,0,0,0,0
03171949,03/17/1949,"March 17, 1949",1,496259,0.004950237041,0.000021902926,1,0,0,0,0
03181949,03/18/1949,"March 18, 1949",1,4668596,0.045612876935,0.000021902926,1,0,0,0,0
03211949,03/21/1949,"March 21, 1949",1,6674124,0.064562720741,0.000021902926,1,0,0,0,0
04061949,04/06/1949,"April 06, 1949",1,6918189,0.066843011931,0.000021902926,1,0,0,0,0
05311949,05/31/1949,"May 31, 1949",1,2735131,0.026980591841,0.000021902926,1,0,0,0,0
06151949,06/15/1949,"June 15, 1949",1,901389,0.008973327310,0.000021902926,1,0,0,0,0
06181949,06/18/1949,"June 18, 1949",1,3352414,0.032968375495,0.000021902926,1,0,0,0,0
07111949,07/11/1949,"July 11, 1949",1,1869547,0.018521735000,0.000021902926,1,0,0,0,0
07191949,07/19/1949,"July 19, 1949",1,7824313,0.075260377962,0.000021902926,1,0,0,0,0
08101949,08/10/1949,"August 10, 1949",1,535070,0.005336350876,0.000021902926,1,0,0,0,0
08191949,08/19/1949,"August 19, 1949",1,8851546,0.084710985636,0.000021902926,1,0,0,0,0
08211949,08/21/1949,"August 21, 1949",1,5107092,0.049788664315,0.000021902926,1,0,0,0,0
09041949,09/04/1949,"September 04, 1949",1,6547318,0.063375777734,0.000021902926,1,0,0,0,0
09081949,09/08/1949,"September 08, 1949",1,4143782,0.040590953296,0.000021902926,1,0,0,0,0
09201949,09/20/1949,"September 20, 1949",1,7533949,0.072571364906,0.000021902926,1,0,0,0,0
10051949,10/05/1949,"October 05, 1949",1,6479583,0.062741140400,0.000021902926,1,0,0,0,0
10301949,10/30/1949,"October 30, 1949",1,508281,0.005069854734,0.000021902926,1,0,0,0,0
11131949,11/13/1949,"November 13, 1949",1,5476188,0.053289391885,0.000021902926,1,0,0,0,0
11241949,11/24/1949,"November 24, 1949",1,7427403,0.071582700184,0.000021902926,1,0,0,0,0
11261949,11/26/1949,"November 26, 1949",1,1043668,0.010382347556,0.000021902926,1,0,0,0,0
12171949,12/17/1949,"December 17, 1949",1,9591550,0.091459161840,0.000021902926,1,1,0,0,0
01011950,01/01/1950,"January 01, 1950",1,3458934,0.033997909165,0.000021902926,1,0,0,0,0
01131950,01/13/1950,"January 13, 1950",1,2377174,0.023491359473,0.000021902926,1,0,0,0,0
01151950,01/15/1950,"January 15, 1950",1,895631,0.008916262351,0.000021902926,1,0,0,0,0
01201950,01/20/1950,"January 20, 1950",1,6258280,0.060664661597,0.000021902926,1,0,0,0,0
01311950,01/31/1950,"January 31, 1950",1,6537700,0.063285688883,0.000021902926,1,0,0,0,0
02161950,02/16/1950,"February 16, 1950",1,2866114,0.028254247546,0.000021902926,1,0,0,0,0
02241950,02/24/1950,"February 24, 1950",1,9030184,0.086344580097,0.000021902926,1,0,0,0,0
03051950,03/05/1950,"March 05, 1950",1,4070308,0.039885778058,0.000021902926,1,0,0,0,0
03201950,03/20/1950,"March 20, 1950",1,7101081,0.068548121697,0.000021902926,1,0,0,0,0
03311950,03/31/1950,"March 31, 1950",2,4192658,0.041059759490,0.000021902926,2,0,0,0,0
04031950,04/03/1950,"April 03, 1950",2,2407954,0.023791882582,0.000021902926,2,0,0,0,0
04291950,04/29/1950,"April 29, 1950",1,4269015,0.041791698018,0.000021902926,1,0,0,0,0
05131950,05/13/1950,"May 13, 1950",1,8006426,0.076942916521,0.000021902926,1,0,0,0,0
06051950,06/05/1950,"June 05, 1950",1,7098985,0.068528598261,0.000021902926,1,0,0,0,0
06131950,06/13/1950,"June 13, 1950",1,4628929,0.045234225096,0.000021902926,1,0,0,0,0
07191950,07/19/1950,"July 19, 1950",1,8586744,0.082284070153,0.000021902926,1,0,0,0,0
08031950,08/03/1950,"August 03, 1950",1,2230453,0.022057564634,0.000021902926,1,0,0,0,0
08041950,08/04/1950,"August 04, 1950",1,1682126,0.016680513724,0.000021902926,1,0,0,0,0
08061950,08/06/1950,"August 06, 1950",1,4351278,0.042579624791,0.000021902926,1,0,0,0,0
08071950,08/07/1950,"August 07, 1950",2,4853268,0.047373736333,0.000021902926,2,0,0,0,0
09011950,09/01/1950,"September 01, 1950",1,8717823,0.083486214977,0.000021902926,1,0,0,0,0
09021950,09/02/1950,"September 02, 1950",1,5976608,0.058015087133,0.000021902926,1,0,0,0,0
09151950,09/15/1950,"September 15, 1950",1,2442079,0.024124956772,0.000021902926,1,0,0,0,0
09191950,09/19/1950,"September 19, 1950",1,7129937,0.068816862678,0.000021902926,1,0,0,0,0
09241950,09/24/1950,"September 24, 1950",1,8118564,0.077977434132,0.000021902926,1,0,0,0,0
09251950,09/25/1950,"September 25, 1950",1,3399833,0.033426823522,0.000021902926,1,0,0,0,0
09271950,09/27/1950,"September 27, 1950",1,847638,0.008440497370,0.000021902926,1,0,0,0,0
10111950,10/11/1950,"October 11, 1950",1,9728444,0.092702048834,0.000021902926,1,0,0,0,0
10141950,10/14/1950,"October 14, 1950",1,2551512,0.025192301998,0.000021902926,1,0,0,0,0
10211950,10/21/1950,"October 21, 1950",1,3655884,0.035898578004,0.000021902926,1,0,0,0,0
11011950,11/01/1950,"November 01, 1950",1,5599966,0.054460486425,0.000021902926,1,0,0,0,0
11071950,11/07/1950,"November 07, 1950",1,9796792,0.093321956972,0.000021902926,1,0,0,0,0
11301950,11/30/1950,"November 30, 1950",2,9603197,0.091564973430,0.000021902926,2,0,0,0,0
12021950,12/02/1950,"December 02, 1950",1,902537,0.008984704231,0.000021902926,1,0,0,0,0
12041950,12/04/1950,"December 04, 1950",1,4022442,0.039426099774,0.000021902926,1,0,0,0,0
12101950,12/10/1950,"December 10, 1950",1,6861551,0.066314340771,0.000021902926,1,0,0,0,0
12151950,12/15/1950,"December 15, 1950",1,5637853,0.054818655130,0.000021902926,1,0,0,0,0
12241950,12/24/1950,"December 24, 1950",1,5995139,0.058189630186,0.000021902926,1,0,0,0,0
12261950,12/26/1950,"December 26, 1950",1,7910639,0.076058324229,0.000021902926,1,0,0,0,0
01111951,01/11/1951,"January 11, 1951",1,6775959,0.065514838427,0.000021902926,1,0,0,0,0
01311951,01/31/1951,"January 31, 1951",1,8171697,0.078467202261,0.000021902926,1,0,0,0,0
02031951,02/03/1951,"February 03, 1951",1,7139745,0.068908188642,0.000021902926,1,0,0,0,0
02041951,02/04/1951,"February 04, 1951",1,9448126,0.090155161314,0.000021902926,1,0,0,0,0
02261951,02/26/1951,"February 26, 1951",1,9770972,0.093087822474,0.000021902926,1,0,0,0,0
03091951,03/09/1951,"March 09, 1951",2,2903883,0.028621196902,0.000021902926,2,0,0,0,0
03231951,03/23/1951,"March 23, 1951",2,3435507,0.033771577343,0.000021902926,2,0,0,0,0
03261951,03/26/1951,"March 26, 1951",1,4431829,0.043350525959,0.000021902926,1,0,0,0,0
05061951,05/06/1951,"May 06, 1951",1,3790097,0.037191659523,0.000021902926,1,0,0,0,0
05111951,05/11/1951,"May 11, 1951",1,3140145,0.030913486942,0.000021902926,1,0,0,0,0
05131951,05/13/1951,"May 13, 1951",1,6608454,0.063948217323,0.000021902926,1,0,0,0,0
05151951,05/15/1951,"May 15, 1951",1,8901396,0.085167143507,0.000021902926,1,0,0,0,0
05171951,05/17/1951,"May 17, 1951",1,257020,0.002566840044,0.000021902926,1,0,0,0,0
05271951,05/27/1951,"May 27, 1951",1,1102584,0.010965218979,0.000021902926,1,0,0,0,0
06121951,06/12/1951,"June 12, 1951",1,2660263,0.026251838895,0.000021902926,1,0,0,0,0
06181951,06/18/1951,"June 18, 1951",1,4969856,0.048483737063,0.000021902926,1,0,0,0,0
07061951,07/06/1951,"July 06, 1951",1,9140827,0.087354916837,0.000021902926,1,0,0,0,0
07121951,07/12/1951,"July 12, 1951",1,3530198,0.034686075666,0.000021902926,1,0,0,0,0
07141951,07/14/1951,"July 14, 1951",1,1934979,0.019163725808,0.000021902926,1,0,0,0,0
09021951,09/02/1951,"September 02, 1951",1,3790827,0.037198687998,0.000021902926,1,0,0,0,0
09071951,09/07/1951,"September 07, 1951",1,88875,0.000888295241,0.000021902926,1,0,0,0,0
09131951,09/13/1951,"September 13, 1951",1,1365412,0.013561266276,0.000021902926,1,0,0,0,0
10221951,10/22/1951,"October 22, 1951",1,6934534,0.066995523978,0.000021902926,1,0,0,0,0
10251951,10/25/1951,"October 25, 1951",1,2928831,0.028863506262,0.000021902926,1,0,0,0,0
10311951,10/31/1951,"October 31, 1951",1,9026799,0.086313652337,0.000021902926,1,0,0,0,0
11041951,11/04/1951,"November 04, 1951",1,1306324,0.012978227115,0.000021902926,1,0,0,0,0
11061951,11/06/1951,"November 06, 1951",1,4939615,0.048195945514,0.000021902926,1,0,0,0,0
11121951,11/12/1951,"November 12, 1951",1,3478031,0.034182368973,0.000021902926,1,0,0,0,0
11161951,11/16/1951,"November 16, 1951",1,2238015,0.022131513846,0.000021902926,1,0,0,0,0
11251951,11/25/1951,"November 25, 1951",1,1061365,0.010557464698,0.000021902926,1,0,0,0,0
12031951,12/03/1951,"December 03, 1951",1,9458275,0.090247496781,0.000021902926,1,0,0,0,0
12041951,12/04/1951,"December 04, 1951",1,52431,0.000524112610,0.000021902926,1,0,0,0,0
12271951,12/27/1951,"December 27, 1951",1,573220,0.005715742688,0.000021902926,1,0,0,0,0
12311951,12/31/1951,"December 31, 1951",1,5121126,0.049922007618,0.000021902926,1,0,0,0,0
01101952,01/10/1952,"January 10, 1952",1,8681217,0.083150654524,0.000021902926,1,0,0,0,0
01111952,01/11/1952,"January 11, 1952",1,4736732,0.046262936664,0.000021902926,1,0,0,0,0
01141952,01/14/1952,"January 14, 1952",2,8790,0.000087836143,0.000021902926,2,0,0,0,0
01181952,01/18/1952,"January 18, 1952",1,3071759,0.030250540777,0.000021902926,1,0,0,0,0
01241952,01/24/1952,"January 24, 1952",1,4741399,0.046307446535,0.000021902926,1,0,0,0,0
02021952,02/02/1952,"February 02, 1952",1,3280764,0.032275249047,0.000021902926,1,0,0,0,0
02091952,02/09/1952,"February 09, 1952",1,7200475,0.069473469040,0.000021902926,1,0,0,0,0
02121952,02/12/1952,"February 12, 1952",1,2415239,0.023862996754,0.000021902926,1,0,0,0,0
02201952,02/20/1952,"February 20, 1952",1,9102749,0.087007333666,0.000021902926,1,0,0,0,0
02271952,02/27/1952,"February 27, 1952",1,1270050,0.012620129889,0.000021902926,1,0,0,0,0
03061952,03/06/1952,"March 06, 1952",1,516276,0.005149396220,0.000021902926,1,0,0,0,0
04061952,04/06/1952,"April 06, 1952",1,2337172,0.023100658343,0.000021902926,1,0,0,0,0
04101952,04/10/1952,"April 10, 1952",1,1474906,0.014640766412,0.000021902926,1,0,0,0,0
04171952,04/17/1952,"April 17, 1952",1,3912874,0.038373041350,0.000021902926,1,0,0,0,0
05221952,05/22/1952,"May 22, 1952",1,5744422,0.055825388919,0.000021902926,1,0,0,0,0
05231952,05/23/1952,"May 23, 1952",1,6413905,0.062125365327,0.000021902926,1,0,0,0,0
06111952,06/11/1952,"June 11, 1952",1,6708082,0.064880322607,0.000021902926,1,0,0,0,0
06251952,06/25/1952,"June 25, 1952",1,9054996,0.086571248160,0.000021902926,1,0,0,0,0
07211952,07/21/1952,"July 21, 1952",1,7770483,0.074762456615,0.000021902926,1,0,0,0,0
08051952,08/05/1952,"August 05, 1952",1,4938109,0.048181611237,0.000021902926,1,0,0,0,0
08171952,08/17/1952,"August 17, 1952",1,6248668,0.060574368344,0.000021902926,1,0,0,0,0
08211952,08/21/1952,"August 21, 1952",1,7313946,0.070528747980,0.000021902926,1,0,0,0,0
08241952,08/24/1952,"August 24, 1952",1,2559411,0.025269299018,0.000021902926,1,0,0,0,0
08281952,08/28/1952,"August 28, 1952",1,4240873,0.041522001088,0.000021902926,1,0,0,0,0
09191952,09/19/1952,"September 19, 1952",1,7657399,0.073715569162,0.000021902926,1,0,0,0,0
09261952,09/26/1952,"September 26, 1952",2,2121123,0.020987795476,0.000021902926,2,0,0,0,0
10011952,10/01/1952,"October 01, 1952",1,3205671,0.031548282576,0.000021902926,1,0,0,0,0
10041952,10/04/1952,"October 04, 1952",1,1292890,0.012845621701,0.000021902926,1,0,0,0,0
10051952,10/05/1952,"October 05, 1952",1,3249446,0.031972129543,0.000021902926,1,0,0,0,0
10071952,10/07/1952,"October 07, 1952",1,4269025,0.041791793839,0.000021902926,1,0,0,0,0
10131952,10/13/1952,"October 13, 1952",1,9328845,0.089069241762,0.000021902926,1,0,0,0,0
10251952,10/25/1952,"October 25, 1952",1,1040400,0.010350006323,0.000021902926,1,0,0,0,0
11251952,11/25/1952,"November 25, 1952",1,9294860,0.088759609329,0.000021902926,1,0,0,0,0
12041952,12/04/1952,"December 04, 1952",1,5501420,0.053528235774,0.000021902926,1,0,0,0,0
02101953,02/10/1953,"February 10, 1953",1,5204774,0.050716396574,0.000021902926,1,0,0,0,0
02221953,02/22/1953,"February 22, 1953",1,7117663,0.068702562244,0.000021902926,1,0,0,0,0
03261953,03/26/1953,"March 26, 1953",1,991909,0.009869998769,0.000021902926,1,0,0,0,0
04041953,04/04/1953,"April 04, 1953",1,4372723,0.042784921579,0.000021902926,1,0,0,0,0
04131953,04/13/1953,"April 13, 1953",1,8137941,0.078156077138,0.000021902926,1,0,0,0,0
04151953,04/15/1953,"April 15, 1953",1,193938,0.001937440753,0.000021902926,1,0,0,0,0
04191953,04/19/1953,"April 19, 1953",1,8661071,0.082965927446,0.000021902926,1,0,0,0,0
04251953,04/25/1953,"April 25, 1953",1,4412013,0.043160937514,0.000021902926,1,0,0,0,0
04261953,04/26/1953,"April 26, 1953",1,2713228,0.026767448056,0.000021902926,1,0,0,0,0
05041953,05/04/1953,"May 04, 1953",1,6370978,0.061722677454,0.000021902926,1,0,0,0,0
05071953,05/07/1953,"May 07, 1953",1,6831283,0.066031690018,0.000021902926,1,0,0,0,0
05081953,05/08/1953,"May 08, 1953",1,8057114,0.077410677141,0.000021902926,1,0,0,0,0
05131953,05/13/1953,"May 13, 1953",1,3045840,0.029999158836,0.000021902926,1,0,0,0,0
05151953,05/15/1953,"May 15, 1953",1,4476778,0.043780433709,0.000021902926,1,0,0,0,0
05231953,05/23/1953,"May 23, 1953",1,8416933,0.080724363638,0.000021902926,1,0,0,0,0
05291953,05/29/1953,"May 29, 1953",1,410944,0.004100948093,0.000021902926,1,0,0,0,0
06011953,06/01/1953,"June 01, 1953",1,3920687,0.038448170330,0.000021902926,1,0,0,0,0
06061953,06/06/1953,"June 06, 1953",1,7774137,0.074796264178,0.000021902926,1,0,0,0,0
06091953,06/09/1953,"June 09, 1953",1,8895723,0.085115243566,0.000021902926,1,0,0,0,0
06231953,06/23/1953,"June 23, 1953",1,6743359,0.065210146599,0.000021902926,1,0,0,0,0
07121953,07/12/1953,"July 12, 1953",1,8095968,0.077769070371,0.000021902926,1,0,0,0,0
07151953,07/15/1953,"July 15, 1953",1,7227438,0.069724333089,0.000021902926,1,0,0,0,0
07171953,07/17/1953,"July 17, 1953",1,6991653,0.067528294639,0.000021902926,1,0,0,0,0
07241953,07/24/1953,"July 24, 1953",1,1247024,0.012392749620,0.000021902926,1,0,0,0,0
07251953,07/25/1953,"July 25, 1953",1,5556415,0.054048604824,0.000021902926,1,0,0,0,0
08051953,08/05/1953,"August 05, 1953",1,6509742,0.063023765681,0.000021902926,1,0,0,0,0
08131953,08/13/1953,"August 13, 1953",1,6495302,0.062888456543,0.000021902926,1,0,0,0,0
08191953,08/19/1953,"August 19, 1953",1,104882,0.001048210254,0.000021902926,1,0,0,0,0
08221953,08/22/1953,"August 22, 1953",1,4519061,0.044184666565,0.000021902926,1,0,0,0,0
08241953,08/24/1953,"August 24, 1953",1,8225084,0.078959049678,0.000021902926,1,0,0,0,0
09041953,09/04/1953,"September 04, 1953",1,2103637,0.020816590432,0.000021902926,1,0,0,0,0
09181953,09/18/1953,"September 18, 1953",1,7075467,0.068309509053,0.000021902926,1,0,0,0,0
10101953,10/10/1953,"October 10, 1953",1,5561716,0.054098748379,0.000021902926,1,0,0,0,0
10271953,10/27/1953,"October 27, 1953",1,6991741,0.067529115214,0.000021902926,1,0,0,0,0
11181953,11/18/1953,"November 18, 1953",1,6154905,0.059693121603,0.000021902926,1,0,0,0,0
11191953,11/19/1953,"November 19, 1953",1,6296431,0.061022959074,0.000021902926,1,0,0,0,0
11221953,11/22/1953,"November 22, 1953",1,2852711,0.028123995733,0.000021902926,1,0,0,0,0
12021953,12/02/1953,"December 02, 1953",1,6692980,0.064739090168,0.000021902926,1,0,0,0,0
12141953,12/14/1953,"December 14, 1953",1,5656644,0.054996247472,0.000021902926,1,0,0,0,0
01081954,01/08/1954,"January 08, 1954",1,5667144,0.055095467658,0.000021902926,1,0,0,0,0
01111954,01/11/1954,"January 11, 1954",1,3331896,0.032769939588,0.000021902926,1,0,0,0,0
01261954,01/26/1954,"January 26, 1954",1,2732520,0.026955185972,0.000021902926,1,0,0,0,0
01291954,01/29/1954,"January 29, 1954",1,5626014,0.054706748485,0.000021902926,1,0,0,0,0
01301954,01/30/1954,"January 30, 1954",1,487630,0.004864370491,0.000021902926,1,0,0,0,0
02131954,02/13/1954,"February 13, 1954",1,6246839,0.060557186092,0.000021902926,1,0,0,0,0
02151954,02/15/1954,"February 15, 1954",1,532108,0.005306888502,0.000021902926,1,0,0,0,0
02181954,02/18/1954,"February 18, 1954",1,1001700,0.009966937652,0.000021902926,1,0,0,0,0
02191954,02/19/1954,"February 19, 1954",1,2787394,0.027488988116,0.000021902926,1,0,0,0,0
02201954,02/20/1954,"February 20, 1954",1,2322855,0.022960785651,0.000021902926,1,0,0,0,0
03091954,03/09/1954,"March 09, 1954",1,8543188,0.081884262735,0.000021902926,1,0,0,0,0
03131954,03/13/1954,"March 13, 1954",1,627710,0.006257380603,0.000021902926,1,0,0,0,0
03151954,03/15/1954,"March 15, 1954",1,153648,0.001535240326,0.000021902926,1,0,0,0,0
03181954,03/18/1954,"March 18, 1954",1,139179,0.001390762007,0.000021902926,1,0,0,0,0
04071954,04/07/1954,"April 07, 1954",1,2039560,0.020188958010,0.000021902926,1,0,0,0,0
04221954,04/22/1954,"April 22, 1954",1,8982302,0.085906998851,0.000021902926,1,0,0,0,0
04291954,04/29/1954,"April 29, 1954",1,592293,0.005905364443,0.000021902926,1,0,0,0,0
05071954,05/07/1954,"May 07, 1954",1,5785511,0.056213261137,0.000021902926,1,0,0,0,0
05111954,05/11/1954,"May 11, 1954",1,5140342,0.050104557067,0.000021902926,1,0,0,0,0
05131954,05/13/1954,"May 13, 1954",1,1982442,0.019629149673,0.000021902926,1,0,0,0,0
05221954,05/22/1954,"May 22, 1954",1,1696137,0.016818276967,0.000021902926,1,0,0,0,0
05241954,05/24/1954,"May 24, 1954",1,5906781,0.057357097621,0.000021902926,1,0,0,0,0
05251954,05/25/1954,"May 25, 1954",1,5531885,0.053816534482,0.000021902926,1,0,0,0,0
05291954,05/29/1954,"May 29, 1954",1,2308350,0.022819055833,0.000021902926,1,0,0,0,0
06101954,06/10/1954,"June 10, 1954",1,8420888,0.080760720271,0.000021902926,1,0,0,0,0
06111954,06/11/1954,"June 11, 1954",1,1784128,0.017683007907,0.000021902926,1,0,0,0,0
06241954,06/24/1954,"June 24, 1954",1,1747824,0.017326322801,0.000021902926,1,0,0,0,0
07241954,07/24/1954,"July 24, 1954",1,6667020,0.064496264916,0.000021902926,1,0,0,0,0
07311954,07/31/1954,"July 31, 1954",1,3516444,0.034553297256,0.000021902926,1,0,0,0,0
08021954,08/02/1954,"August 02, 1954",1,8076599,0.077590426160,0.000021902926,1,0,0,0,0
08101954,08/10/1954,"August 10, 1954",1,1738507,0.017234762829,0.000021902926,1,0,0,0,0
08151954,08/15/1954,"August 15, 1954",1,4192182,0.041055194924,0.000021902926,1,0,0,0,0
08171954,08/17/1954,"August 17, 1954",1,830097,0.008266552661,0.000021902926,1,0,0,0,0
09031954,09/03/1954,"September 03, 1954",1,1898229,0.018803202232,0.000021902926,1,0,0,0,0
09181954,09/18/1954,"September 18, 1954",1,8622599,0.082613058220,0.000021902926,1,0,0,0,0
10041954,10/04/1954,"October 04, 1954",1,599962,0.005981598638,0.000021902926,1,0,0,0,0
11041954,11/04/1954,"November 04, 1954",1,4323116,0.042309958093,0.000021902926,1,0,0,0,0
11221954,11/22/1954,"November 22, 1954",1,7623879,0.073405026573,0.000021902926,1,0,0,0,0
12051954,12/05/1954,"December 05, 1954",1,2260468,0.022351050012,0.000021902926,1,0,0,0,0
12091954,12/09/1954,"December 09, 1954",1,9921791,0.094454587435,0.000021902926,1,0,0,0,0
12181954,12/18/1954,"December 18, 1954",1,9180365,0.087715687128,0.000021902926,1,0,0,0,0
12201954,12/20/1954,"December 20, 1954",2,6003116,0.058264755404,0.000021902926,2,0,0,0,0
01011955,01/01/1955,"January 01, 1955",1,9244035,0.088296353681,0.000021902926,1,0,0,0,0
01101955,01/10/1955,"January 10, 1955",1,4535346,0.044340308421,0.000021902926,1,0,0,0,0
01201955,01/20/1955,"January 20, 1955",1,9215463,0.088035824495,0.000021902926,1,0,0,0,0
01251955,01/25/1955,"January 25, 1955",1,491308,0.004900970907,0.000021902926,1,0,0,0,0
01311955,01/31/1955,"January 31, 1955",1,8719328,0.083500008406,0.000021902926,1,0,0,0,0
02031955,02/03/1955,"February 03, 1955",1,8468683,0.081199965712,0.000021902926,1,0,0,0,0
02101955,02/10/1955,"February 10, 1955",1,4802358,0.046888630824,0.000021902926,1,0,0,0,0
02151955,02/15/1955,"February 15, 1955",1,2131070,0.021085172978,0.000021902926,1,0,0,0,0
02231955,02/23/1955,"February 23, 1955",1,8221605,0.078927006105,0.000021902926,1,0,0,0,0
02251955,02/25/1955,"February 25, 1955",1,1200029,0.011928514513,0.000021902926,1,0,0,0,0
02261955,02/26/1955,"February 26, 1955",1,6575939,0.063643810597,0.000021902926,1,0,0,0,0
03031955,03/03/1955,"March 03, 1955",1,335800,0.003352308458,0.000021902926,1,0,0,0,0
03061955,03/06/1955,"March 06, 1955",1,1159130,0.011524320502,0.000021902926,1,0,0,0,0
03071955,03/07/1955,"March 07, 1955",1,5453319,0.053072863876,0.000021902926,1,0,0,0,0
03131955,03/13/1955,"March 13, 1955",1,5117135,0.049884089249,0.000021902926,1,0,0,0,0
04151955,04/15/1955,"April 15, 1955",1,665093,0.006628801981,0.000021902926,1,0,0,0,0
04191955,04/19/1955,"April 19, 1955",1,1566578,0.015543651028,0.000021902926,1,0,0,0,0
05051955,05/05/1955,"May 05, 1955",1,4978919,0.048569969075,0.000021902926,1,0,0,0,0
05081955,05/08/1955,"May 08, 1955",1,4190771,0.041041664117,0.000021902926,1,0,0,0,0
05291955,05/29/1955,"May 29, 1955",1,3478697,0.034188801297,0.000021902926,1,0,0,0,0
05311955,05/31/1955,"May 31, 1955",1,7325692,0.070637917262,0.000021902926,1,0,0,0,0
06021955,06/02/1955,"June 02, 1955",1,8427563,0.080822077446,0.000021902926,1,0,0,0,0
06081955,06/08/1955,"June 08, 1955",1,4616831,0.045118710544,0.000021902926,1,0,0,0,0
06091955,06/09/1955,"June 09, 1955",1,5211868,0.050783736365,0.000021902926,1,0,0,0,0
06191955,06/19/1955,"June 19, 1955",1,622771,0.006208298442,0.000021902926,1,0,0,0,0
06211955,06/21/1955,"June 21, 1955",1,8841951,0.084623159440,0.000021902926,1,0,0,0,0
07241955,07/24/1955,"July 24, 1955",1,4788347,0.046755081034,0.000021902926,1,0,0,0,0
08241955,08/24/1955,"August 24, 1955",1,1012929,0.010078102225,0.000021902926,1,0,0,0,0
08291955,08/29/1955,"August 29, 1955",1,4591381,0.044875662327,0.000021902926,1,0,0,0,0
09071955,09/07/1955,"September 07, 1955",1,5689723,0.055308793570,0.000021902926,1,0,0,0,0
09221955,09/22/1955,"September 22, 1955",1,34986,0.000349738831,0.000021902926,1,0,0,0,0
09241955,09/24/1955,"September 24, 1955",1,7189284,0.069369327988,0.000021902926,1,0,0,0,0
10021955,10/02/1955,"October 02, 1955",1,7354084,0.070901744293,0.000021902926,1,0,0,0,0
10141955,10/14/1955,"October 14, 1955",1,1664050,0.016502752826,0.000021902926,1,0,0,0,0
10261955,10/26/1955,"October 26, 1955",1,8956363,0.085669861511,0.000021902926,1,0,0,0,0
10301955,10/30/1955,"October 30, 1955",1,2515447,0.024840674195,0.000021902926,1,0,0,0,0
11081955,11/08/1955,"November 08, 1955",1,1581920,0.015694674737,0.000021902926,1,0,0,0,0
11171955,11/17/1955,"November 17, 1955",1,8141861,0.078192212712,0.000021902926,1,0,0,0,0
12011955,12/01/1955,"December 01, 1955",1,3229764,0.031781583545,0.000021902926,1,0,0,0,0
12041955,12/04/1955,"December 04, 1955",1,5569673,0.054174010748,0.000021902926,1,0,0,0,0
12101955,12/10/1955,"December 10, 1955",1,3133183,0.030846016789,0.000021902926,1,0,0,0,0
12221955,12/22/1955,"December 22, 1955",1,4463728,0.043655638912,0.000021902926,1,0,0,0,0
01241956,01/24/1956,"January 24, 1956",1,8257224,0.079255024676,0.000021902926,1,0,0,0,0
02061956,02/06/1956,"February 06, 1956",1,2811222,0.027720690436,0.000021902926,1,0,0,0,0
03011956,03/01/1956,"March 01, 1956",1,7418297,0.071498154655,0.000021902926,1,0,0,0,0
03101956,03/10/1956,"March 10, 1956",1,7180249,0.069285241707,0.000021902926,1,0,0,0,0
03231956,03/23/1956,"March 23, 1956",1,6899808,0.066671472579,0.000021902926,1,0,0,0,0
04151956,04/15/1956,"April 15, 1956",1,1492401,0.014813139933,0.000021902926,1,0,0,0,0
05041956,05/04/1956,"May 04, 1956",1,9128298,0.087240564370,0.000021902926,1,0,0,0,0
05111956,05/11/1956,"May 11, 1956",1,7788292,0.074927217499,0.000021902926,1,0,0,0,0
05131956,05/13/1956,"May 13, 1956",1,3860271,0.037867063648,0.000021902926,1,0,0,0,0
05141956,05/14/1956,"May 14, 1956",1,4225847,0.041377969362,0.000021902926,1,0,0,0,0
05191956,05/19/1956,"May 19, 1956",1,4331804,0.042393158590,0.000021902926,1,0,0,0,0
06131956,06/13/1956,"June 13, 1956",1,570451,0.005688210576,0.000021902926,1,0,0,0,0
06221956,06/22/1956,"June 22, 1956",1,2099227,0.020773407491,0.000021902926,1,0,0,0,0
06301956,06/30/1956,"June 30, 1956",1,2626628,0.025924263611,0.000021902926,1,0,0,0,0
07041956,07/04/1956,"July 04, 1956",1,5452298,0.053063195700,0.000021902926,1,0,0,0,0
08021956,08/02/1956,"August 02, 1956",1,6546159,0.063364922197,0.000021902926,1,0,0,0,0
08061956,08/06/1956,"August 06, 1956",1,1673418,0.016594882534,0.000021902926,1,0,0,0,0
08101956,08/10/1956,"August 10, 1956",1,9295099,0.088761787191,0.000021902926,1,0,0,0,0
09101956,09/10/1956,"September 10, 1956",1,1542210,0.015303729472,0.000021902926,1,0,0,0,0
09161956,09/16/1956,"September 16, 1956",1,4099930,0.040170140976,0.000021902926,1,0,0,0,0
09231956,09/23/1956,"September 23, 1956",1,9742911,0.092833298136,0.000021902926,1,0,0,0,0
10201956,10/20/1956,"October 20, 1956",1,1423101,0.014130168809,0.000021902926,1,0,0,0,0
10271956,10/27/1956,"October 27, 1956",2,96387,0.000963345694,0.000021902926,2,0,0,0,0
11081956,11/08/1956,"November 08, 1956",1,4678728,0.045709570541,0.000021902926,1,0,0,0,0
11121956,11/12/1956,"November 12, 1956",1,1142922,0.011364095378,0.000021902926,1,0,0,0,0
11221956,11/22/1956,"November 22, 1956",1,3212673,0.031616091192,0.000021902926,1,0,0,0,0
12071956,12/07/1956,"December 07, 1956",1,5450952,0.053050449845,0.000021902926,1,0,0,0,0
12121956,12/12/1956,"December 12, 1956",1,9658289,0.092065310624,0.000021902926,1,0,0,0,0
01071957,01/07/1957,"January 07, 1957",1,1940937,0.019222162293,0.000021902926,1,0,0,0,0
02131957,02/13/1957,"February 13, 1957",1,2378840,0.023507627971,0.000021902926,1,0,0,0,0
02201957,02/20/1957,"February 20, 1957",1,354169,0.003535365861,0.000021902926,1,0,0,0,0
03021957,03/02/1957,"March 02, 1957",1,7248103,0.069916554696,0.000021902926,1,0,0,0,0
03031957,03/03/1957,"March 03, 1957",1,3135358,0.030867095660,0.000021902926,1,0,0,0,0
03091957,03/09/1957,"March 09, 1957",1,7573914,0.072941937709,0.000021902926,1,0,0,0,0
03141957,03/14/1957,"March 14, 1957",1,6175632,0.059887998815,0.000021902926,1,0,0,0,0
03201957,03/20/1957,"March 20, 1957",1,9430366,0.089993558519,0.000021902926,1,0,0,0,0
03251957,03/25/1957,"March 25, 1957",1,5043795,0.049187018648,0.000021902926,1,0,0,0,0
03311957,03/31/1957,"March 31, 1957",1,8944239,0.085559001404,0.000021902926,1,0,0,0,0
04241957,04/24/1957,"April 24, 1957",1,3524545,0.034631504926,0.000021902926,1,0,0,0,0
04271957,04/27/1957,"April 27, 1957",1,9474938,0.090399076213,0.000021902926,1,0,0,0,0
05031957,05/03/1957,"May 03, 1957",1,5729020,0.055679955944,0.000021902926,1,0,0,0,0
05061957,05/06/1957,"May 06, 1957",1,3744805,0.036755485596,0.000021902926,1,0,0,0,0
05231957,05/23/1957,"May 23, 1957",1,2137442,0.021147547444,0.000021902926,1,0,0,0,0
05261957,05/26/1957,"May 26, 1957",1,1702652,0.016882329171,0.000021902926,1,0,0,0,0
06021957,06/02/1957,"June 02, 1957",1,8868604,0.084867102322,0.000021902926,1,0,0,0,0
06121957,06/12/1957,"June 12, 1957",2,4303703,0.042124023676,0.000021902926,2,0,0,0,0
06241957,06/24/1957,"June 24, 1957",1,5899017,0.057283907984,0.000021902926,1,0,0,0,0
06281957,06/28/1957,"June 28, 1957",1,3611591,0.035471453971,0.000021902926,1,0,0,0,0
08031957,08/03/1957,"August 03, 1957",1,8391279,0.080488502411,0.000021902926,1,0,0,0,0
08091957,08/09/1957,"August 09, 1957",1,6144245,0.059592879546,0.000021902926,1,0,0,0,0
08161957,08/16/1957,"August 16, 1957",1,8000695,0.076890014603,0.000021902926,1,0,0,0,0
08171957,08/17/1957,"August 17, 1957",1,7854152,0.075536269857,0.000021902926,1,0,0,0,0
08271957,08/27/1957,"August 27, 1957",1,6547914,0.063381359998,0.000021902926,1,0,0,0,0
09011957,09/01/1957,"September 01, 1957",2,3515162,0.034540920150,0.000021902926,2,0,0,0,0
10041957,10/04/1957,"October 04, 1957",1,312429,0.003119354703,0.000021902926,1,0,0,0,0
10241957,10/24/1957,"October 24, 1957",1,6837528,0.066090014519,0.000021902926,1,0,0,0,0
10261957,10/26/1957,"October 26, 1957",1,883825,0.008799248097,0.000021902926,1,0,0,0,0
11011957,11/01/1957,"November 01, 1957",1,5178297,0.050465021475,0.000021902926,1,0,0,0,0
11051957,11/05/1957,"November 05, 1957",1,5971102,0.057963220016,0.000021902926,1,0,0,0,0
11091957,11/09/1957,"November 09, 1957",1,483266,0.004820941824,0.000021902926,1,0,0,0,0
11251957,11/25/1957,"November 25, 1957",1,693490,0.006910849555,0.000021902926,1,0,0,0,0
12021957,12/02/1957,"December 02, 1957",1,3849463,0.037763070699,0.000021902926,1,0,0,0,0
12121957,12/12/1957,"December 12, 1957",1,4213483,0.041259438005,0.000021902926,1,0,0,0,0
12171957,12/17/1957,"December 17, 1957",1,5689322,0.055305005351,0.000021902926,1,0,0,0,0
12191957,12/19/1957,"December 19, 1957",1,3229627,0.031780257085,0.000021902926,1,0,0,0,0
12271957,12/27/1957,"December 27, 1957",1,6043327,0.058643360442,0.000021902926,1,0,0,0,0
01101958,01/10/1958,"January 10, 1958",1,6754971,0.065318688096,0.000021902926,1,0,0,0,0
01211958,01/21/1958,"January 21, 1958",1,6820186,0.065928041803,0.000021902926,1,0,0,0,0
02141958,02/14/1958,"February 14, 1958",1,754231,0.007513878680,0.000021902926,1,0,0,0,0
02171958,02/17/1958,"February 17, 1958",1,2392981,0.023645703996,0.000021902926,1,0,0,0,0
03181958,03/18/1958,"March 18, 1958",1,4816985,0.047028032230,0.000021902926,1,0,0,0,0
03251958,03/25/1958,"March 25, 1958",1,6117208,0.059338587295,0.000021902926,1,0,0,0,0
04071958,04/07/1958,"April 07, 1958",1,6426109,0.062239816565,0.000021902926,1,0,0,0,0
04231958,04/23/1958,"April 23, 1958",1,5517203,0.053677605626,0.000021902926,1,0,0,0,0
05011958,05/01/1958,"May 01, 1958",1,9204261,0.087933660545,0.000021902926,1,0,0,0,0
05031958,05/03/1958,"May 03, 1958",1,3562926,0.035001951917,0.000021902926,1,0,0,0,0
05041958,05/04/1958,"May 04, 1958",1,2669020,0.026337106289,0.000021902926,1,0,0,0,0
05171958,05/17/1958,"May 17, 1958",1,4172700,0.040868355096,0.000021902926,1,0,0,0,0
05231958,05/23/1958,"May 23, 1958",1,365251,0.003645787954,0.000021902926,1,0,0,0,0
05241958,05/24/1958,"May 24, 1958",1,5223304,0.050892282531,0.000021902926,1,0,0,0,0
06011958,06/01/1958,"June 01, 1958",1,2542719,0.025106583388,0.000021902926,1,0,0,0,0
06071958,06/07/1958,"June 07, 1958",1,3285520,0.032321272942,0.000021902926,1,0,0,0,0
06231958,06/23/1958,"June 23, 1958",1,260986,0.002606397459,0.000021902926,1,0,0,0,0
06251958,06/25/1958,"June 25, 1958",1,9747939,0.092878909331,0.000021902926,1,0,0,0,0
07091958,07/09/1958,"July 09, 1958",1,5745928,0.055839608082,0.000021902926,1,0,0,0,0
08121958,08/12/1958,"August 12, 1958",1,2705757,0.026694735135,0.000021902926,1,0,0,0,0
08301958,08/30/1958,"August 30, 1958",1,4068396,0.039867420498,0.000021902926,1,0,0,0,0
09031958,09/03/1958,"September 03, 1958",1,7106698,0.068600439880,0.000021902926,1,0,0,0,0
09051958,09/05/1958,"September 05, 1958",1,5764141,0.056011552357,0.000021902926,1,0,0,0,0
09071958,09/07/1958,"September 07, 1958",1,1742233,0.017271379980,0.000021902926,1,0,0,0,0
09151958,09/15/1958,"September 15, 1958",1,5698819,0.055394718775,0.000021902926,1,0,0,0,0
09271958,09/27/1958,"September 27, 1958",1,1809053,0.017927819909,0.000021902926,1,0,0,0,0
10091958,10/09/1958,"October 09, 1958",1,9711141,0.092545045485,0.000021902926,1,0,0,0,0
10131958,10/13/1958,"October 13, 1958",1,5555065,0.054035834394,0.000021902926,1,0,0,0,0
10271958,10/27/1958,"October 27, 1958",1,1554935,0.015429024101,0.000021902926,1,0,0,0,0
11131958,11/13/1958,"November 13, 1958",1,5749667,0.055874909579,0.000021902926,1,0,0,0,0
11151958,11/15/1958,"November 15, 1958",1,5501321,0.053527298766,0.000021902926,1,0,0,0,0
11201958,11/20/1958,"November 20, 1958",1,1804204,0.017880198074,0.000021902926,1,0,0,0,0
12011958,12/01/1958,"December 01, 1958",1,4004302,0.039251835861,0.000021902926,1,0,0,0,0
12071958,12/07/1958,"December 07, 1958",1,8084121,0.077659807199,0.000021902926,1,0,0,0,0
01071959,01/07/1959,"January 07, 1959",1,824464,0.008210686742,0.000021902926,1,0,0,0,0
01281959,01/28/1959,"January 28, 1959",1,9024246,0.086290325627,0.000021902926,1,0,0,0,0
02041959,02/04/1959,"February 04, 1959",1,9288654,0.088703055995,0.000021902926,1,0,0,0,0
02101959,02/10/1959,"February 10, 1959",1,7556913,0.072784315168,0.000021902926,1,0,0,0,0
02141959,02/14/1959,"February 14, 1959",1,4340579,0.042477184904,0.000021902926,1,0,0,0,0
02191959,02/19/1959,"February 19, 1959",1,4591065,0.044872644130,0.000021902926,1,0,0,0,0
02201959,02/20/1959,"February 20, 1959",1,4717775,0.046082119589,0.000021902926,1,0,0,0,0
02261959,02/26/1959,"February 26, 1959",1,8648208,0.082847961765,0.000021902926,1,0,0,0,0
03031959,03/03/1959,"March 03, 1959",1,1114725,0.011085290404,0.000021902926,1,0,0,0,0
03091959,03/09/1959,"March 09, 1959",1,877799,0.008739516539,0.000021902926,1,0,0,0,0
03111959,03/11/1959,"March 11, 1959",1,6308985,0.061140830854,0.000021902926,1,0,0,0,0
03131959,03/13/1959,"March 13, 1959",1,358913,0.003582637023,0.000021902926,1,0,0,0,0
03201959,03/20/1959,"March 20, 1959",1,9549204,0.091074349662,0.000021902926,1,0,0,0,0
03231959,03/23/1959,"March 23, 1959",1,3892217,0.038174377549,0.000021902926,1,0,0,0,0
04041959,04/04/1959,"April 04, 1959",1,4528732,0.044277098998,0.000021902926,1,0,0,0,0
04051959,04/05/1959,"April 05, 1959",1,6853823,0.066242182754,0.000021902926,1,0,0,0,0
04181959,04/18/1959,"April 18, 1959",1,7209394,0.069556459001,0.000021902926,1,0,0,0,0
04301959,04/30/1959,"April 30, 1959",1,2627035,0.025928228092,0.000021902926,1,0,0,0,0
05161959,05/16/1959,"May 16, 1959",1,3261482,0.032088634367,0.000021902926,1,0,0,0,0
06041959,06/04/1959,"June 04, 1959",1,3574815,0.035116673716,0.000021902926,1,0,0,0,0
06071959,06/07/1959,"June 07, 1959",2,1275208,0.012671057630,0.000021902926,2,0,0,0,0
06131959,06/13/1959,"June 13, 1959",1,9693485,0.092384811092,0.000021902926,1,0,0,0,0
06201959,06/20/1959,"June 20, 1959",1,7259918,0.070026437565,0.000021902926,1,0,0,0,0
06261959,06/26/1959,"June 26, 1959",1,6451492,0.062477818027,0.000021902926,1,0,0,0,0
07131959,07/13/1959,"July 13, 1959",1,500585,0.004993281963,0.000021902926,1,0,0,0,0
07161959,07/16/1959,"July 16, 1959",1,6205471,0.060168476990,0.000021902926,1,0,0,0,0
07181959,07/18/1959,"July 18, 1959",1,6667702,0.064502645029,0.000021902926,1,0,0,0,0
08071959,08/07/1959,"August 07, 1959",1,5854293,0.056862193338,0.000021902926,1,0,0,0,0
08111959,08/11/1959,"August 11, 1959",1,9745181,0.092853890587,0.000021902926,1,0,0,0,0
08121959,08/12/1959,"August 12, 1959",1,7649201,0.073639629251,0.000021902926,1,0,0,0,0
08191959,08/19/1959,"August 19, 1959",1,6352094,0.061545476432,0.000021902926,1,0,0,0,0
08271959,08/27/1959,"August 27, 1959",1,210282,0.002100550770,0.000021902926,1,0,0,0,0
09121959,09/12/1959,"September 12, 1959",1,7004759,0.067650496374,0.000021902926,1,0,0,0,0
09151959,09/15/1959,"September 15, 1959",1,8188005,0.078617473578,0.000021902926,1,0,0,0,0
09221959,09/22/1959,"September 22, 1959",1,1977479,0.019580492660,0.000021902926,1,0,0,0,0
10181959,10/18/1959,"October 18, 1959",1,9111347,0.087085829402,0.000021902926,1,0,0,0,0
10271959,10/27/1959,"October 27, 1959",1,5991042,0.058151043425,0.000021902926,1,0,0,0,0
11271959,11/27/1959,"November 27, 1959",1,5613021,0.054583918552,0.000021902926,1,0,0,0,0
12121959,12/12/1959,"December 12, 1959",1,5186131,0.050539405132,0.000021902926,1,0,0,0,0
12141959,12/14/1959,"December 14, 1959",1,9140719,0.087353931179,0.000021902926,1,0,0,0,0
12281959,12/28/1959,"December 28, 1959",1,8478557,0.081290683549,0.000021902926,1,0,0,0,0
01011960,01/01/1960,"January 01, 1960",1,4793560,0.046804772396,0.000021902926,1,0,0,0,0
01031960,01/03/1960,"January 03, 1960",1,3974576,0.038966201407,0.000021902926,1,0,0,0,0
01251960,01/25/1960,"January 25, 1960",1,2293499,0.022673923913,0.000021902926,1,0,0,0,0
02091960,02/09/1960,"February 09, 1960",1,7837105,0.075378663090,0.000021902926,1,0,0,0,0
02191960,02/19/1960,"February 19, 1960",1,1103400,0.010973289470,0.000021902926,1,0,0,0,0
04061960,04/06/1960,"April 06, 1960",1,3716235,0.036480247320,0.000021902926,1,0,0,0,0
04081960,04/08/1960,"April 08, 1960",1,6006166,0.058293477891,0.000021902926,1,0,0,0,0
04091960,04/09/1960,"April 09, 1960",1,5230742,0.050962874538,0.000021902926,1,0,0,0,0
04171960,04/17/1960,"April 17, 1960",1,2517800,0.024863619424,0.000021902926,1,0,0,0,0
04251960,04/25/1960,"April 25, 1960",1,9137240,0.087322179670,0.000021902926,1,0,0,0,0
05041960,05/04/1960,"May 04, 1960",2,2847257,0.028070988170,0.000021902926,2,0,0,0,0
05131960,05/13/1960,"May 13, 1960",1,7689815,0.074015784864,0.000021902926,1,0,0,0,0
06101960,06/10/1960,"June 10, 1960",1,3739160,0.036701108908,0.000021902926,1,0,0,0,0
06131960,06/13/1960,"June 13, 1960",1,8888439,0.085048600933,0.000021902926,1,0,0,0,0
07011960,07/01/1960,"July 01, 1960",1,7923530,0.076177421875,0.000021902926,1,0,0,0,0
07151960,07/15/1960,"July 15, 1960",1,5185101,0.050529625637,0.000021902926,1,0,0,0,0
07291960,07/29/1960,"July 29, 1960",1,3622816,0.035579716225,0.000021902926,1,0,0,0,0
08011960,08/01/1960,"August 01, 1960",1,264620,0.002642642084,0.000021902926,1,0,0,0,0
08031960,08/03/1960,"August 03, 1960",1,8553457,0.081978539200,0.000021902926,1,0,0,0,0
08071960,08/07/1960,"August 07, 1960",1,7471050,0.071987838066,0.000021902926,1,0,0,0,0
08181960,08/18/1960,"August 18, 1960",1,4321063,0.042290296514,0.000021902926,1,0,0,0,0
08251960,08/25/1960,"August 25, 1960",1,1810655,0.017943552580,0.000021902926,1,0,0,0,0
08261960,08/26/1960,"August 26, 1960",2,4625350,0.045200053417,0.000021902926,2,0,0,0,0
09051960,09/05/1960,"September 05, 1960",1,2107848,0.020857822978,0.000021902926,1,0,0,0,0
09081960,09/08/1960,"September 08, 1960",1,5326139,0.051867795791,0.000021902926,1,0,0,0,0
09131960,09/13/1960,"September 13, 1960",1,6120403,0.059368640948,0.000021902926,1,0,0,0,0
09281960,09/28/1960,"September 28, 1960",1,5420073,0.052757996139,0.000021902926,1,0,0,0,0
09301960,09/30/1960,"September 30, 1960",1,6711661,0.064913789942,0.000021902926,1,0,0,0,0
10251960,10/25/1960,"October 25, 1960",1,6032511,0.058541537800,0.000021902926,1,0,0,0,0
10291960,10/29/1960,"October 29, 1960",1,8502068,0.081506655909,0.000021902926,1,0,0,0,0
11011960,11/01/1960,"November 01, 1960",1,687850,0.006854837747,0.000021902926,1,0,0,0,0
11091960,11/09/1960,"November 09, 1960",1,8769017,0.083955294968,0.000021902926,1,0,0,0,0
11181960,11/18/1960,"November 18, 1960",1,9549159,0.091073940645,0.000021902926,1,1,0,0,0
11191960,11/19/1960,"November 19, 1960",1,5839722,0.056724758715,0.000021902926,1,0,0,0,0
12121960,12/12/1960,"December 12, 1960",1,4020547,0.039407896726,0.000021902926,1,0,0,0,0
01131961,01/13/1961,"January 13, 1961",1,4275174,0.041850712251,0.000021902926,1,0,0,0,0
01181961,01/18/1961,"January 18, 1961",1,1813902,0.017975439435,0.000021902926,1,0,0,0,0
02061961,02/06/1961,"February 06, 1961",1,2194650,0.021707369214,0.000021902926,1,0,0,0,0
02091961,02/09/1961,"February 09, 1961",1,9396739,0.089687499193,0.000021902926,1,0,0,0,0
02261961,02/26/1961,"February 26, 1961",1,2675239,0.026397656502,0.000021902926,1,0,0,0,0
03041961,03/04/1961,"March 04, 1961",1,7164745,0.069140932503,0.000021902926,1,0,0,0,0
03281961,03/28/1961,"March 28, 1961",2,1853568,0.018364892056,0.000021902926,2,0,0,0,0
04051961,04/05/1961,"April 05, 1961",1,4694109,0.045856338666,0.000021902926,1,0,0,0,0
04261961,04/26/1961,"April 26, 1961",1,2747481,0.027100752319,0.000021902926,1,0,0,0,0
05121961,05/12/1961,"May 12, 1961",1,7478817,0.072059913972,0.000021902926,1,0,0,0,0
05301961,05/30/1961,"May 30, 1961",1,2584757,0.025516322957,0.000021902926,1,0,0,0,0
06011961,06/01/1961,"June 01, 1961",1,5844886,0.056773468191,0.000021902926,1,0,0,0,0
07041961,07/04/1961,"July 04, 1961",1,8157357,0.078335044981,0.000021902926,1,0,0,0,0
07291961,07/29/1961,"July 29, 1961",1,3889958,0.038152649662,0.000021902926,1,0,0,0,0
07311961,07/31/1961,"July 31, 1961",2,2412321,0.023834512660,0.000021902926,2,0,0,0,0
08261961,08/26/1961,"August 26, 1961",2,3159657,0.031102556658,0.000021902926,2,0,0,0,0
08271961,08/27/1961,"August 27, 1961",1,8539007,0.081845875513,0.000021902926,1,0,0,0,0
09091961,09/09/1961,"September 09, 1961",1,9405203,0.089764544783,0.000021902926,1,0,0,0,0
09211961,09/21/1961,"September 21, 1961",1,842156,0.008386138588,0.000021902926,1,0,0,0,0
09241961,09/24/1961,"September 24, 1961",1,4915046,0.047962068044,0.000021902926,1,0,0,0,0
10011961,10/01/1961,"October 01, 1961",1,6608679,0.063950323438,0.000021902926,1,0,0,0,0
10021961,10/02/1961,"October 02, 1961",1,1859956,0.018427596904,0.000021902926,1,0,0,0,0
10081961,10/08/1961,"October 08, 1961",1,1593642,0.015810048246,0.000021902926,1,0,0,0,0
10161961,10/16/1961,"October 16, 1961",1,8216663,0.078881485553,0.000021902926,1,0,0,0,0
10201961,10/20/1961,"October 20, 1961",1,6459735,0.062555094797,0.000021902926,1,0,0,0,0
10261961,10/26/1961,"October 26, 1961",2,6935049,0.067000328939,0.000021902926,2,0,0,0,0
11031961,11/03/1961,"November 03, 1961",1,9495093,0.090582387808,0.000021902926,1,0,0,0,0
01021962,01/02/1962,"January 02, 1962",1,7437982,0.071680912256,0.000021902926,1,0,0,0,0
02061962,02/06/1962,"February 06, 1962",1,2038019,0.020173859005,0.000021902926,1,0,0,0,0
02131962,02/13/1962,"February 13, 1962",1,8529431,0.081757948863,0.000021902926,1,0,0,0,0
02201962,02/20/1962,"February 20, 1962",1,8125024,0.078036994866,0.000021902926,1,0,0,0,0
02241962,02/24/1962,"February 24, 1962",1,437302,0.004363412576,0.000021902926,1,0,0,0,0
03011962,03/01/1962,"March 01, 1962",1,2451483,0.024216723747,0.000021902926,1,0,0,0,0
03071962,03/07/1962,"March 07, 1962",1,4268629,0.041787999327,0.000021902926,1,0,0,0,0
03141962,03/14/1962,"March 14, 1962",1,255802,0.002554691234,0.000021902926,1,0,0,0,0
03291962,03/29/1962,"March 29, 1962",1,1828921,0.018122918630,0.000021902926,1,0,0,0,0
04031962,04/03/1962,"April 03, 1962",1,7249341,0.069928069058,0.000021902926,1,0,0,0,0
04161962,04/16/1962,"April 16, 1962",1,2578012,0.025450591816,0.000021902926,1,0,0,0,0
04191962,04/19/1962,"April 19, 1962",1,9449956,0.090171811322,0.000021902926,1,0,0,0,0
04301962,04/30/1962,"April 30, 1962",1,7394797,0.071279931079,0.000021902926,1,0,0,0,0
05091962,05/09/1962,"May 09, 1962",1,8754394,0.083821331955,0.000021902926,1,0,0,0,0
05171962,05/17/1962,"May 17, 1962",1,2583018,0.025499376538,0.000021902926,1,0,0,0,0
05301962,05/30/1962,"May 30, 1962",1,5069852,0.049434739713,0.000021902926,1,0,0,0,0
06271962,06/27/1962,"June 27, 1962",1,9954670,0.094752272774,0.000021902926,1,0,0,0,0
06291962,06/29/1962,"June 29, 1962",1,2640951,0.026063770489,0.000021902926,1,0,0,0,0
07031962,07/03/1962,"July 03, 1962",1,1160233,0.011535223329,0.000021902926,1,0,0,0,0
07101962,07/10/1962,"July 10, 1962",1,3438047,0.033796119233,0.000021902926,1,0,0,0,0
07211962,07/21/1962,"July 21, 1962",1,4491252,0.043918826915,0.000021902926,1,0,0,0,0
08151962,08/15/1962,"August 15, 1962",1,1359250,0.013500480047,0.000021902926,1,0,0,0,0
09071962,09/07/1962,"September 07, 1962",1,7860333,0.075593409195,0.000021902926,1,0,0,0,0
10271962,10/27/1962,"October 27, 1962",1,5338320,0.051983280743,0.000021902926,1,0,0,0,0
11051962,11/05/1962,"November 05, 1962",2,149659,0.001495410772,0.000021902926,2,0,0,0,0
11061962,11/06/1962,"November 06, 1962",1,5315756,0.051769346113,0.000021902926,1,0,0,0,0
12061962,12/06/1962,"December 06, 1962",1,3040130,0.029943770206,0.000021902926,1,0,0,0,0
12081962,12/08/1962,"December 08, 1962",1,5395845,0.052528470541,0.000021902926,1,0,0,0,0
12111962,12/11/1962,"December 11, 1962",1,7883855,0.075810822544,0.000021902926,1,0,0,0,0
12171962,12/17/1962,"December 17, 1962",1,3983459,0.039051566249,0.000021902926,1,0,0,0,0
12181962,12/18/1962,"December 18, 1962",2,4508157,0.044080438778,0.000021902926,2,0,0,0,0
12271962,12/27/1962,"December 27, 1962",1,8391098,0.080486838094,0.000021902926,1,0,0,0,0
01071963,01/07/1963,"January 07, 1963",1,2612073,0.025782476568,0.000021902926,1,0,0,0,0
02081963,02/08/1963,"February 08, 1963",1,5508011,0.053590615673,0.000021902926,1,0,0,0,0
02121963,02/12/1963,"February 12, 1963",1,9597943,0.091517242999,0.000021902926,1,0,0,0,0
02131963,02/13/1963,"February 13, 1963",1,261564,0.002612162377,0.000021902926,1,0,0,0,0
02281963,02/28/1963,"February 28, 1963",1,6803458,0.065771777175,0.000021902926,1,0,0,0,0
03091963,03/09/1963,"March 09, 1963",1,2698032,0.026619544398,0.000021902926,1,0,0,0,0
04091963,04/09/1963,"April 09, 1963",1,3414634,0.033569875432,0.000021902926,1,0,0,0,0
04131963,04/13/1963,"April 13, 1963",1,7437840,0.071679594042,0.000021902926,1,0,0,0,0
04231963,04/23/1963,"April 23, 1963",1,2455577,0.024256671497,0.000021902926,1,0,0,0,0
04291963,04/29/1963,"April 29, 1963",1,5165804,0.050346388658,0.000021902926,1,0,0,0,0
05031963,05/03/1963,"May 03, 1963",1,6704969,0.064851211878,0.000021902926,1,0,0,0,0
05151963,05/15/1963,"May 15, 1963",2,742599,0.007398425979,0.000021902926,2,0,0,0,0
06051963,06/05/1963,"June 05, 1963",1,1554672,0.015426434676,0.000021902926,1,0,0,0,0
06191963,06/19/1963,"June 19, 1963",2,4392287,0.042972172821,0.000021902926,2,0,0,0,0
06271963,06/27/1963,"June 27, 1963",1,6720795,0.064999196816,0.000021902926,1,0,0,0,0
07031963,07/03/1963,"July 03, 1963",1,5768697,0.056054559491,0.000021902926,1,0,0,0,0
08011963,08/01/1963,"August 01, 1963",1,6633729,0.064184774518,0.000021902926,1,0,0,0,0
08101963,08/10/1963,"August 10, 1963",1,7273257,0.070150478466,0.000021902926,1,0,0,0,0
08271963,08/27/1963,"August 27, 1963",1,9749408,0.092892234843,0.000021902926,1,0,0,0,0
09071963,09/07/1963,"September 07, 1963",1,6856988,0.066271735722,0.000021902926,1,0,0,0,0
10061963,10/06/1963,"October 06, 1963",1,6827378,0.065995217843,0.000021902926,1,0,0,0,0
10131963,10/13/1963,"October 13, 1963",1,8824368,0.084462194578,0.000021902926,1,0,0,0,0
10161963,10/16/1963,"October 16, 1963",1,7149266,0.068996833674,0.000021902926,1,0,0,0,0
10221963,10/22/1963,"October 22, 1963",1,8880271,0.084973864650,0.000021902926,1,0,0,0,0
10261963,10/26/1963,"October 26, 1963",1,8088083,0.077696349594,0.000021902926,1,0,0,0,0
10311963,10/31/1963,"October 31, 1963",1,675873,0.006735881626,0.000021902926,1,0,0,0,0
11041963,11/04/1963,"November 04, 1963",1,8770261,0.083966690494,0.000021902926,1,0,0,0,0
11081963,11/08/1963,"November 08, 1963",1,6121677,0.059380624515,0.000021902926,1,0,0,0,0
11131963,11/13/1963,"November 13, 1963",1,7679271,0.073918143940,0.000021902926,1,0,0,0,0
11231963,11/23/1963,"November 23, 1963",1,1683066,0.016689756884,0.000021902926,1,0,0,0,0
12251963,12/25/1963,"December 25, 1963",1,1887882,0.018701672545,0.000021902926,1,0,0,0,0
12291963,12/29/1963,"December 29, 1963",1,2691224,0.026553274400,0.000021902926,1,0,0,0,0
01181964,01/18/1964,"January 18, 1964",1,5468019,0.053212051935,0.000021902926,1,0,0,0,0
01261964,01/26/1964,"January 26, 1964",1,4709747,0.046005535987,0.000021902926,1,0,0,0,0
03061964,03/06/1964,"March 06, 1964",1,6195700,0.060076641564,0.000021902926,1,0,0,0,0
03101964,03/10/1964,"March 10, 1964",1,5318057,0.051791164649,0.000021902926,1,0,0,0,0
03111964,03/11/1964,"March 11, 1964",1,1717451,0.017027809991,0.000021902926,1,0,0,0,0
03151964,03/15/1964,"March 15, 1964",1,1566400,0.015541898694,0.000021902926,1,0,0,0,0
03161964,03/16/1964,"March 16, 1964",1,1432147,0.014219346562,0.000021902926,1,0,0,0,0
03191964,03/19/1964,"March 19, 1964",1,1099778,0.010937466274,0.000021902926,1,0,0,0,0
04161964,04/16/1964,"April 16, 1964",1,4105862,0.040227076395,0.000021902926,1,0,0,0,0
04231964,04/23/1964,"April 23, 1964",1,3786377,0.037155842386,0.000021902926,1,0,0,0,0
05011964,05/01/1964,"May 01, 1964",1,983457,0.009786309444,0.000021902926,1,0,0,0,0
05031964,05/03/1964,"May 03, 1964",2,5447478,0.053017552246,0.000021902926,2,0,0,0,0
05101964,05/10/1964,"May 10, 1964",1,4731180,0.046209983712,0.000021902926,1,0,0,0,0
06041964,06/04/1964,"June 04, 1964",1,4524748,0.044239022238,0.000021902926,1,0,0,0,0
06211964,06/21/1964,"June 21, 1964",1,7302744,0.070424622777,0.000021902926,1,0,0,0,0
06251964,06/25/1964,"June 25, 1964",1,9075577,0.086759221589,0.000021902926,1,0,0,0,0
06261964,06/26/1964,"June 26, 1964",1,2130705,0.021081599932,0.000021902926,1,0,0,0,0
07061964,07/06/1964,"July 06, 1964",1,2503206,0.024721297634,0.000021902926,1,0,0,0,0
07121964,07/12/1964,"July 12, 1964",1,4786583,0.046738265645,0.000021902926,1,0,0,0,0
07281964,07/28/1964,"July 28, 1964",1,6678944,0.064607807732,0.000021902926,1,0,0,0,0
08191964,08/19/1964,"August 19, 1964",1,5797702,0.056328311166,0.000021902926,1,0,0,0,0
08241964,08/24/1964,"August 24, 1964",1,3102040,0.030544146158,0.000021902926,1,0,0,0,0
09071964,09/07/1964,"September 07, 1964",2,219094,0.002188481796,0.000021902926,2,1,0,0,0
09261964,09/26/1964,"September 26, 1964",1,3159008,0.031096268493,0.000021902926,1,0,0,0,0
10041964,10/04/1964,"October 04, 1964",1,9903474,0.094288703488,0.000021902926,1,0,0,0,0
10171964,10/17/1964,"October 17, 1964",1,7674681,0.073875635807,0.000021902926,1,0,0,0,0
10271964,10/27/1964,"October 27, 1964",1,3826986,0.037546764394,0.000021902926,1,0,0,0,0
11171964,11/17/1964,"November 17, 1964",2,9570019,0.091263522849,0.000021902926,2,0,0,0,0
12061964,12/06/1964,"December 06, 1964",1,4100557,0.040176159091,0.000021902926,1,0,0,0,0
12071964,12/07/1964,"December 07, 1964",1,5615907,0.054611202867,0.000021902926,1,0,0,0,0
12111964,12/11/1964,"December 11, 1964",1,5994598,0.058184534979,0.000021902926,1,0,0,0,0
12151964,12/15/1964,"December 15, 1964",2,684036,0.006816958468,0.000021902926,2,0,0,0,0
12181964,12/18/1964,"December 18, 1964",1,6394154,0.061940107412,0.000021902926,1,0,0,0,0
01051965,01/05/1965,"January 05, 1965",1,2153043,0.021300246305,0.000021902926,1,0,0,0,0
01141965,01/14/1965,"January 14, 1965",1,551693,0.005501680074,0.000021902926,1,0,0,0,0
01171965,01/17/1965,"January 17, 1965",1,2176395,0.021528765591,0.000021902926,1,0,0,0,0
02011965,02/01/1965,"February 01, 1965",1,1845929,0.018289902085,0.000021902926,1,0,0,0,0
02211965,02/21/1965,"February 21, 1965",1,6859446,0.066294686481,0.000021902926,1,0,0,0,0
02221965,02/22/1965,"February 22, 1965",1,9650518,0.091994752277,0.000021902926,1,0,0,0,0
03071965,03/07/1965,"March 07, 1965",1,5573878,0.054213781895,0.000021902926,1,0,0,0,0
03161965,03/16/1965,"March 16, 1965",1,225473,0.002252130163,0.000021902926,1,0,0,0,0
04141965,04/14/1965,"April 14, 1965",1,5179026,0.050471943560,0.000021902926,1,0,0,0,0
04221965,04/22/1965,"April 22, 1965",1,7066395,0.068224982256,0.000021902926,1,0,0,0,0
04241965,04/24/1965,"April 24, 1965",1,1903,0.000018969820,0.000021902926,1,0,0,0,0
05011965,05/01/1965,"May 01, 1965",1,5395164,0.052522018237,0.000021902926,1,0,0,0,0
05031965,05/03/1965,"May 03, 1965",1,3915918,0.038402312829,0.000021902926,1,0,0,0,0
05121965,05/12/1965,"May 12, 1965",1,9846392,0.093771557776,0.000021902926,1,0,0,0,0
05131965,05/13/1965,"May 13, 1965",1,154402,0.001542768722,0.000021902926,1,0,0,0,0
05181965,05/18/1965,"May 18, 1965",1,568160,0.005665430631,0.000021902926,1,0,0,0,0
06041965,06/04/1965,"June 04, 1965",1,1911310,0.018931544192,0.000021902926,1,0,0,0,0
06061965,06/06/1965,"June 06, 1965",1,8539752,0.081852715736,0.000021902926,1,0,0,0,0
06141965,06/14/1965,"June 14, 1965",1,2901215,0.028595280170,0.000021902926,1,0,0,0,0
07011965,07/01/1965,"July 01, 1965",1,3045828,0.029999042436,0.000021902926,1,0,0,0,0
07051965,07/05/1965,"July 05, 1965",1,7706454,0.074169846562,0.000021902926,1,0,0,0,0
07071965,07/07/1965,"July 07, 1965",1,3150037,0.031009344239,0.000021902926,1,0,0,0,0
07221965,07/22/1965,"July 22, 1965",1,597697,0.005959083866,0.000021902926,1,0,0,0,0
07231965,07/23/1965,"July 23, 1965",1,9675223,0.092219047269,0.000021902926,1,0,0,0,0
07271965,07/27/1965,"July 27, 1965",1,5118650,0.049898483396,0.000021902926,1,0,0,0,0
08051965,08/05/1965,"August 05, 1965",1,6584901,0.063727723079,0.000021902926,1,0,0,0,0
09041965,09/04/1965,"September 04, 1965",1,6290151,0.060963989464,0.000021902926,1,0,0,0,0
09141965,09/14/1965,"September 14, 1965",1,861103,0.008574001870,0.000021902926,1,0,0,0,0
09151965,09/15/1965,"September 15, 1965",1,1723052,0.017082864722,0.000021902926,1,0,0,0,0
12131965,12/13/1965,"December 13, 1965",1,3339325,0.032841792441,0.000021902926,1,0,0,0,0
12191965,12/19/1965,"December 19, 1965",1,6346827,0.061496046730,0.000021902926,1,0,0,0,0
01061966,01/06/1966,"January 06, 1966",1,8627422,0.082657302726,0.000021902926,1,0,0,0,0
01211966,01/21/1966,"January 21, 1966",1,5582562,0.054295910405,0.000021902926,1,0,0,0,0
01221966,01/22/1966,"January 22, 1966",1,398685,0.003978853343,0.000021902926,1,0,0,0,0
01231966,01/23/1966,"January 23, 1966",1,1371829,0.013624564019,0.000021902926,1,0,0,0,0
02021966,02/02/1966,"February 02, 1966",1,716040,0.007134765913,0.000021902926,1,0,0,0,0
02091966,02/09/1966,"February 09, 1966",1,3169393,0.031196883922,0.000021902926,1,0,0,0,0
02111966,02/11/1966,"February 11, 1966",1,387999,0.003872412836,0.000021902926,1,0,0,0,0
02121966,02/12/1966,"February 12, 1966",1,6765891,0.065420749724,0.000021902926,1,0,0,0,0
02261966,02/26/1966,"February 26, 1966",1,3387229,0.033304988960,0.000021902926,1,0,0,0,0
03141966,03/14/1966,"March 14, 1966",1,2185068,0.021613624722,0.000021902926,1,0,0,0,0
03151966,03/15/1966,"March 15, 1966",1,7469201,0.071970678962,0.000021902926,1,0,0,0,0
03201966,03/20/1966,"March 20, 1966",1,4151866,0.040668508790,0.000021902926,1,0,0,0,0
04021966,04/02/1966,"April 02, 1966",1,5685180,0.055265875273,0.000021902926,1,0,0,0,0
04111966,04/11/1966,"April 11, 1966",1,2777715,0.027394854219,0.000021902926,1,0,0,0,0
05151966,05/15/1966,"May 15, 1966",1,8952413,0.085633744757,0.000021902926,1,0,0,0,0
06101966,06/10/1966,"June 10, 1966",1,1343391,0.013344018681,0.000021902926,1,0,0,0,0
06141966,06/14/1966,"June 14, 1966",1,2940,0.000029339570,0.000021902926,1,0,0,0,0
06161966,06/16/1966,"June 16, 1966",1,9662019,0.092099175957,0.000021902926,1,0,0,0,0
06171966,06/17/1966,"June 17, 1966",1,2874411,0.028334869948,0.000021902926,1,0,0,0,0
06261966,06/26/1966,"June 26, 1966",1,7880995,0.075784390356,0.000021902926,1,0,0,0,0
07111966,07/11/1966,"July 11, 1966",1,7732537,0.074411299353,0.000021902926,1,1,0,0,0
08031966,08/03/1966,"August 03, 1966",1,3900974,0.038258600932,0.000021902926,1,0,0,0,0
08051966,08/05/1966,"August 05, 1966",1,5706111,0.055463596881,0.000021902926,1,0,0,0,0
08141966,08/14/1966,"August 14, 1966",1,2869845,0.028290502704,0.000021902926,1,0,0,0,0
08251966,08/25/1966,"August 25, 1966",1,9399895,0.089716228203,0.000021902926,1,0,0,0,0
09181966,09/18/1966,"September 18, 1966",1,341806,0.003412165322,0.000021902926,1,0,0,0,0
09191966,09/19/1966,"September 19, 1966",1,3441965,0.033833974360,0.000021902926,1,0,0,0,0
09221966,09/22/1966,"September 22, 1966",1,4807937,0.046941803425,0.000021902926,1,0,0,0,0
09291966,09/29/1966,"September 29, 1966",1,3848529,0.037754083364,0.000021902926,1,0,0,0,0
10101966,10/10/1966,"October 10, 1966",1,625497,0.006235388835,0.000021902926,1,0,0,0,0
10301966,10/30/1966,"October 30, 1966",1,6128328,0.059443183030,0.000021902926,1,0,0,0,0
11011966,11/01/1966,"November 01, 1966",1,9294494,0.088756274183,0.000021902926,1,0,0,0,0
11061966,11/06/1966,"November 06, 1966",1,4114997,0.040314747648,0.000021902926,1,0,0,0,0
11281966,11/28/1966,"November 28, 1966",1,3773222,0.037029171904,0.000021902926,1,0,0,0,0
12271966,12/27/1966,"December 27, 1966",1,2896082,0.028545416685,0.000021902926,1,0,0,0,0
01091967,01/09/1967,"January 09, 1967",1,5032291,0.049077630830,0.000021902926,1,0,0,0,0
01101967,01/10/1967,"January 10, 1967",1,1677784,0.016637817064,0.000021902926,1,0,0,0,0
01111967,01/11/1967,"January 11, 1967",1,7165828,0.069151013652,0.000021902926,1,0,0,0,0
01301967,01/30/1967,"January 30, 1967",1,7012843,0.067725864462,0.000021902926,1,0,0,0,0
02091967,02/09/1967,"February 09, 1967",1,5989566,0.058137141631,0.000021902926,1,0,0,0,0
02161967,02/16/1967,"February 16, 1967",1,2903031,0.028612920720,0.000021902926,1,0,0,0,0
02201967,02/20/1967,"February 20, 1967",1,3729968,0.036612558404,0.000021902926,1,0,0,0,0
02231967,02/23/1967,"February 23, 1967",1,8460117,0.081121257929,0.000021902926,1,0,0,0,0
02261967,02/26/1967,"February 26, 1967",1,8811956,0.084348550972,0.000021902926,1,0,0,0,0
03011967,03/01/1967,"March 01, 1967",1,1152333,0.011457131526,0.000021902926,1,0,0,0,0
03061967,03/06/1967,"March 06, 1967",1,960486,0.009558821327,0.000021902926,1,0,0,0,0
04031967,04/03/1967,"April 03, 1967",1,7364519,0.070998690639,0.000021902926,1,0,0,0,0
04071967,04/07/1967,"April 07, 1967",1,1053009,0.010474783425,0.000021902926,1,0,0,0,0
04091967,04/09/1967,"April 09, 1967",1,5283746,0.051465768892,0.000021902926,1,0,0,0,0
04121967,04/12/1967,"April 12, 1967",1,6981945,0.067437765891,0.000021902926,1,0,0,0,0
05201967,05/20/1967,"May 20, 1967",1,6968275,0.067310275918,0.000021902926,1,0,0,0,0
06181967,06/18/1967,"June 18, 1967",1,3062169,0.030157537343,0.000021902926,1,0,0,0,0
06191967,06/19/1967,"June 19, 1967",1,9227538,0.088145937522,0.000021902926,1,0,0,0,0
07021967,07/02/1967,"July 02, 1967",1,9581003,0.091363332983,0.000021902926,1,0,0,0,0
07031967,07/03/1967,"July 03, 1967",1,7500995,0.072265689707,0.000021902926,1,0,0,0,0
07071967,07/07/1967,"July 07, 1967",1,2665413,0.026301985635,0.000021902926,1,0,0,0,0
07201967,07/20/1967,"July 20, 1967",1,5370679,0.052289999848,0.000021902926,1,0,0,0,0
07301967,07/30/1967,"July 30, 1967",1,3498504,0.034380080579,0.000021902926,1,0,0,0,0
08051967,08/05/1967,"August 05, 1967",1,479414,0.004782606788,0.000021902926,1,0,0,0,0
08071967,08/07/1967,"August 07, 1967",1,4971834,0.048502557869,0.000021902926,1,0,0,0,0
08211967,08/21/1967,"August 21, 1967",1,7455780,0.071846119787,0.000021902926,1,0,0,0,0
09271967,09/27/1967,"September 27, 1967",1,5757560,0.055949426432,0.000021902926,1,0,0,0,0
09291967,09/29/1967,"September 29, 1967",1,5948219,0.057747629071,0.000021902926,1,0,0,0,0
10121967,10/12/1967,"October 12, 1967",1,4276000,0.041858626532,0.000021902926,1,0,0,0,0
10131967,10/13/1967,"October 13, 1967",1,6514662,0.063069863778,0.000021902926,1,0,0,0,0
10161967,10/16/1967,"October 16, 1967",1,9876366,0.094043149987,0.000021902926,1,0,0,0,0
10221967,10/22/1967,"October 22, 1967",1,5188421,0.050561147531,0.000021902926,1,0,0,0,0
10291967,10/29/1967,"October 29, 1967",1,5338183,0.051981981959,0.000021902926,1,0,0,0,0
11181967,11/18/1967,"November 18, 1967",1,7992908,0.076818129229,0.000021902926,1,0,0,0,0
12041967,12/04/1967,"December 04, 1967",1,4980347,0.048583555399,0.000021902926,1,0,0,0,0
12091967,12/09/1967,"December 09, 1967",1,3321256,0.032667020833,0.000021902926,1,0,0,0,0
12101967,12/10/1967,"December 10, 1967",1,8566232,0.082095808952,0.000021902926,1,0,0,0,0
12221967,12/22/1967,"December 22, 1967",1,2310218,0.022837309402,0.000021902926,1,0,0,0,0
01051968,01/05/1968,"January 05, 1968",1,8317129,0.079806431783,0.000021902926,1,0,0,0,0
01061968,01/06/1968,"January 06, 1968",1,9926880,0.094500669469,0.000021902926,1,0,0,0,0
01121968,01/12/1968,"January 12, 1968",1,1976987,0.019575668984,0.000021902926,1,0,0,0,0
01301968,01/30/1968,"January 30, 1968",1,7840970,0.075414399015,0.000021902926,1,0,0,0,0
01311968,01/31/1968,"January 31, 1968",1,4189891,0.041033225247,0.000021902926,1,0,0,0,0
02071968,02/07/1968,"February 07, 1968",1,9895649,0.094217828805,0.000021902926,1,0,0,0,0
03031968,03/03/1968,"March 03, 1968",1,5793848,0.056291941358,0.000021902926,1,0,0,0,0
03061968,03/06/1968,"March 06, 1968",1,2387717,0.023594307353,0.000021902926,1,0,0,0,0
03071968,03/07/1968,"March 07, 1968",1,8190794,0.078643170578,0.000021902926,1,0,0,0,0
03101968,03/10/1968,"March 10, 1968",1,6870509,0.066397976587,0.000021902926,1,0,0,0,0
03151968,03/15/1968,"March 15, 1968",1,5847292,0.056796161948,0.000021902926,1,0,0,0,0
03191968,03/19/1968,"March 19, 1968",1,2588771,0.025555437947,0.000021902926,1,0,0,0,0
04141968,04/14/1968,"April 14, 1968",2,4195239,0.041084509419,0.000021902926,2,0,0,0,0
04181968,04/18/1968,"April 18, 1968",1,74358,0.000743243665,0.000021902926,1,0,0,0,0
04211968,04/21/1968,"April 21, 1968",1,5973582,0.057986582238,0.000021902926,1,0,0,0,0
05191968,05/19/1968,"May 19, 1968",1,5154799,0.050241873527,0.000021902926,1,0,0,0,0
05281968,05/28/1968,"May 28, 1968",1,5199648,0.050667735049,0.000021902926,1,0,0,0,0
06051968,06/05/1968,"June 05, 1968",1,3745525,0.036762420932,0.000021902926,1,0,0,0,0
06141968,06/14/1968,"June 14, 1968",1,6166960,0.059806468766,0.000021902926,1,0,0,0,0
06231968,06/23/1968,"June 23, 1968",1,5800613,0.056355781050,0.000021902926,1,0,0,0,0
06271968,06/27/1968,"June 27, 1968",1,9323384,0.089019494474,0.000021902926,1,0,0,0,0
06281968,06/28/1968,"June 28, 1968",1,5909945,0.057386922371,0.000021902926,1,0,0,0,0
07091968,07/09/1968,"July 09, 1968",1,1826455,0.018098705242,0.000021902926,1,0,0,0,0
08041968,08/04/1968,"August 04, 1968",1,1163274,0.011565282086,0.000021902926,1,0,0,0,0
08071968,08/07/1968,"August 07, 1968",1,9006728,0.086130247943,0.000021902926,1,0,0,0,0
08111968,08/11/1968,"August 11, 1968",1,9848092,0.093786963529,0.000021902926,1,0,0,0,0
08221968,08/22/1968,"August 22, 1968",1,2041760,0.020210513616,0.000021902926,1,0,0,0,0
09081968,09/08/1968,"September 08, 1968",1,2280616,0.022548006882,0.000021902926,1,0,0,0,0
09141968,09/14/1968,"September 14, 1968",1,1417682,0.014076743075,0.000021902926,1,0,0,0,0
09161968,09/16/1968,"September 16, 1968",1,6799392,0.065733790683,0.000021902926,1,0,0,0,0
09191968,09/19/1968,"September 19, 1968",1,4882085,0.047648215096,0.000021902926,1,0,0,0,0
09281968,09/28/1968,"September 28, 1968",1,9136833,0.087318465064,0.000021902926,1,0,0,0,0
10201968,10/20/1968,"October 20, 1968",1,1037852,0.010324789719,0.000021902926,1,0,0,0,0
10211968,10/21/1968,"October 21, 1968",1,840644,0.008371145273,0.000021902926,1,0,0,0,0
10251968,10/25/1968,"October 25, 1968",1,4044976,0.039642531112,0.000021902926,1,0,0,0,0
11091968,11/09/1968,"November 09, 1968",1,1548414,0.015364818134,0.000021902926,1,0,0,0,0
11201968,11/20/1968,"November 20, 1968",1,2353546,0.023260602748,0.000021902926,1,0,0,0,0
11211968,11/21/1968,"November 21, 1968",1,6821727,0.065942435741,0.000021902926,1,0,0,0,0
11271968,11/27/1968,"November 27, 1968",1,930022,0.009257047360,0.000021902926,1,0,0,0,0
12141968,12/14/1968,"December 14, 1968",1,1550717,0.015387494021,0.000021902926,1,0,0,0,0
12161968,12/16/1968,"December 16, 1968",2,7064523,0.068207539265,0.000021902926,2,0,0,0,0
01061969,01/06/1969,"January 06, 1969",1,7205293,0.069518300729,0.000021902926,1,0,0,0,0
01111969,01/11/1969,"January 11, 1969",1,5714147,0.055539496778,0.000021902926,1,0,0,0,0
01181969,01/18/1969,"January 18, 1969",1,7271673,0.070135749533,0.000021902926,1,0,0,0,0
01291969,01/29/1969,"January 29, 1969",1,7349012,0.070854619234,0.000021902926,1,0,0,0,0
01301969,01/30/1969,"January 30, 1969",1,813038,0.008097358419,0.000021902926,1,0,0,0,0
02021969,02/02/1969,"February 02, 1969",2,852854,0.008492215766,0.000021902926,2,0,0,0,0
02111969,02/11/1969,"February 11, 1969",1,85875,0.000858321440,0.000021902926,1,0,0,0,0
02131969,02/13/1969,"February 13, 1969",1,8310482,0.079745264483,0.000021902926,1,0,0,0,0
02211969,02/21/1969,"February 21, 1969",1,2823829,0.027843257964,0.000021902926,1,0,0,0,0
03061969,03/06/1969,"March 06, 1969",1,5411456,0.052676368778,0.000021902926,1,0,0,0,0
03171969,03/17/1969,"March 17, 1969",1,1392400,0.013827450443,0.000021902926,1,0,0,0,0
03181969,03/18/1969,"March 18, 1969",1,2837527,0.027976414875,0.000021902926,1,0,0,0,0
03281969,03/28/1969,"March 28, 1969",1,5225744,0.050915440477,0.000021902926,1,0,0,0,0
03291969,03/29/1969,"March 29, 1969",1,4441076,0.043438983247,0.000021902926,1,0,0,0,0
03311969,03/31/1969,"March 31, 1969",1,973235,0.009685084626,0.000021902926,1,0,0,0,0
04031969,04/03/1969,"April 03, 1969",1,5334940,0.051951237236,0.000021902926,1,0,0,0,0
04131969,04/13/1969,"April 13, 1969",1,7640326,0.073557411118,0.000021902926,1,0,0,0,0
04201969,04/20/1969,"April 20, 1969",1,2131115,0.021085613489,0.000021902926,1,0,0,0,0
04291969,04/29/1969,"April 29, 1969",2,6224928,0.060351322222,0.000021902926,2,0,0,0,0
05031969,05/03/1969,"May 03, 1969",1,4997230,0.048744169480,0.000021902926,1,0,0,0,0
05251969,05/25/1969,"May 25, 1969",1,7265163,0.070075213399,0.000021902926,1,0,0,0,0
06031969,06/03/1969,"June 03, 1969",1,2570449,0.025376883856,0.000021902926,1,0,0,0,0
06081969,06/08/1969,"June 08, 1969",1,8189003,0.078626668929,0.000021902926,1,0,0,0,0
06161969,06/16/1969,"June 16, 1969",1,8378367,0.080369767420,0.000021902926,1,0,0,0,0
07011969,07/01/1969,"July 01, 1969",1,3703789,0.036360320187,0.000021902926,1,0,0,0,0
07141969,07/14/1969,"July 14, 1969",1,8187669,0.078614377727,0.000021902926,1,0,0,0,0
07181969,07/18/1969,"July 18, 1969",1,9053738,0.086559757154,0.000021902926,1,0,0,0,0
07291969,07/29/1969,"July 29, 1969",1,3733766,0.036649147164,0.000021902926,1,0,0,0,0
07301969,07/30/1969,"July 30, 1969",1,1442602,0.014322404543,0.000021902926,1,0,0,0,0
08131969,08/13/1969,"August 13, 1969",1,5333539,0.051937954979,0.000021902926,1,0,0,0,0
08181969,08/18/1969,"August 18, 1969",1,5794255,0.056295782242,0.000021902926,1,0,0,0,0
08231969,08/23/1969,"August 23, 1969",1,7808301,0.075112296797,0.000021902926,1,0,0,0,0
08251969,08/25/1969,"August 25, 1969",1,9036233,0.086399845442,0.000021902926,1,0,0,0,0
08291969,08/29/1969,"August 29, 1969",1,7899970,0.075959743632,0.000021902926,1,0,0,0,0
09091969,09/09/1969,"September 09, 1969",1,524535,0.005231557540,0.000021902926,1,0,0,0,0
10071969,10/07/1969,"October 07, 1969",1,1681744,0.016676757436,0.000021902926,1,0,0,0,0
10191969,10/19/1969,"October 19, 1969",1,7826855,0.075283884545,0.000021902926,1,0,0,0,0
10201969,10/20/1969,"October 20, 1969",1,9467575,0.090332099831,0.000021902926,1,0,0,0,0
10211969,10/21/1969,"October 21, 1969",1,2380254,0.023521435476,0.000021902926,1,0,0,0,0
10241969,10/24/1969,"October 24, 1969",1,5569929,0.054176432060,0.000021902926,1,0,0,0,0
11041969,11/04/1969,"November 04, 1969",1,7896499,0.075927669638,0.000021902926,1,0,0,0,0
11301969,11/30/1969,"November 30, 1969",1,4769612,0.046576473866,0.000021902926,1,0,0,0,0
12061969,12/06/1969,"December 06, 1969",1,77855,0.000778187063,0.000021902926,1,0,0,0,0
12171969,12/17/1969,"December 17, 1969",1,1427222,0.014170795668,0.000021902926,1,0,0,0,0
12261969,12/26/1969,"December 26, 1969",1,1557100,0.015450339832,0.000021902926,1,0,0,0,0
01011970,01/01/1970,"January 01, 1970",1,6297562,0.061033578845,0.000021902926,1,0,0,0,0
01051970,01/05/1970,"January 05, 1970",1,8554405,0.081987242003,0.000021902926,1,0,0,0,0
01061970,01/06/1970,"January 06, 1970",1,5820161,0.056540226595,0.000021902926,1,0,0,0,0
01071970,01/07/1970,"January 07, 1970",1,4150484,0.040655250737,0.000021902926,1,0,0,0,0
01091970,01/09/1970,"January 09, 1970",1,1599989,0.015872512801,0.000021902926,1,0,0,0,0
01151970,01/15/1970,"January 15, 1970",1,975876,0.009711238497,0.000021902926,1,0,0,0,0
02101970,02/10/1970,"February 10, 1970",1,5800482,0.056354544875,0.000021902926,1,0,0,0,0
02211970,02/21/1970,"February 21, 1970",1,9508016,0.090699904253,0.000021902926,1,0,0,0,0
02241970,02/24/1970,"February 24, 1970",1,1299553,0.012911393607,0.000021902926,1,0,0,0,0
03111970,03/11/1970,"March 11, 1970",1,680719,0.006784014039,0.000021902926,1,0,0,0,0
03121970,03/12/1970,"March 12, 1970",1,8338616,0.080004132536,0.000021902926,1,0,0,0,0
03291970,03/29/1970,"March 29, 1970",1,5961228,0.057870198711,0.000021902926,1,0,0,0,0
04041970,04/04/1970,"April 04, 1970",1,6404180,0.062034152583,0.000021902926,1,0,0,0,0
04101970,04/10/1970,"April 10, 1970",1,9691560,0.092367339331,0.000021902926,1,0,0,0,0
04171970,04/17/1970,"April 17, 1970",1,4611040,0.045063411767,0.000021902926,1,0,0,0,0
04301970,04/30/1970,"April 30, 1970",1,6805718,0.065792890494,0.000021902926,1,0,0,0,0
05081970,05/08/1970,"May 08, 1970",1,6502872,0.062959393202,0.000021902926,1,0,0,0,0
06161970,06/16/1970,"June 16, 1970",1,8278960,0.079455136057,0.000021902926,1,0,0,0,0
07211970,07/21/1970,"July 21, 1970",1,910140,0.009060048261,0.000021902926,1,0,0,0,0
08031970,08/03/1970,"August 03, 1970",1,793999,0.007908492095,0.000021902926,1,0,0,0,0
08271970,08/27/1970,"August 27, 1970",1,374845,0.003741373593,0.000021902926,1,0,0,0,0
09161970,09/16/1970,"September 16, 1970",1,3187710,0.031374323339,0.000021902926,1,0,0,0,0
10141970,10/14/1970,"October 14, 1970",1,9646121,0.091954826409,0.000021902926,1,0,0,0,0
10311970,10/31/1970,"October 31, 1970",1,9781043,0.093179153001,0.000021902926,1,1,0,0,0
11211970,11/21/1970,"November 21, 1970",1,2668479,0.026331838759,0.000021902926,1,0,0,0,0
12061970,12/06/1970,"December 06, 1970",1,3767575,0.036974791406,0.000021902926,1,0,0,0,0
12071970,12/07/1970,"December 07, 1970",1,5337810,0.051978445845,0.000021902926,1,0,0,0,0
12111970,12/11/1970,"December 11, 1970",1,190305,0.001901180482,0.000021902926,1,0,0,0,0
12131970,12/13/1970,"December 13, 1970",1,7482658,0.072095555466,0.000021902926,1,0,0,0,0
12171970,12/17/1970,"December 17, 1970",1,2613746,0.025798775091,0.000021902926,1,0,0,0,0
12261970,12/26/1970,"December 26, 1970",1,8958776,0.085691924031,0.000021902926,1,0,0,0,0
01091971,01/09/1971,"January 09, 1971",1,9254497,0.088391731128,0.000021902926,1,0,0,0,0
01291971,01/29/1971,"January 29, 1971",1,2571449,0.025386630039,0.000021902926,1,0,0,0,0
01301971,01/30/1971,"January 30, 1971",1,3310953,0.032567351381,0.000021902926,1,0,0,0,0
02021971,02/02/1971,"February 02, 1971",1,1756416,0.017410750498,0.000021902926,1,0,0,0,0
02051971,02/05/1971,"February 05, 1971",1,3542942,0.034809087435,0.000021902926,1,0,0,0,0
02111971,02/11/1971,"February 11, 1971",1,5690632,0.055317380774,0.000021902926,1,0,0,0,0
02211971,02/21/1971,"February 21, 1971",1,7880521,0.075780009563,0.000021902926,1,0,0,0,0
02221971,02/22/1971,"February 22, 1971",1,9414559,0.089849702430,0.000021902926,1,0,0,0,0
02231971,02/23/1971,"February 23, 1971",1,2521533,0.024900020586,0.000021902926,1,0,0,0,0
02251971,02/25/1971,"February 25, 1971",1,6947328,0.067114884936,0.000021902926,1,0,0,0,0
04011971,04/01/1971,"April 01, 1971",1,3095048,0.030476359434,0.000021902926,1,0,0,0,0
04051971,04/05/1971,"April 05, 1971",1,2339181,0.023120284054,0.000021902926,1,0,0,0,0
04061971,04/06/1971,"April 06, 1971",1,1349664,0.013405909670,0.000021902926,1,0,0,0,0
04111971,04/11/1971,"April 11, 1971",1,5635645,0.054797785295,0.000021902926,1,0,0,0,0
04131971,04/13/1971,"April 13, 1971",1,1473836,0.014630223011,0.000021902926,1,0,0,0,0
04181971,04/18/1971,"April 18, 1971",1,9037698,0.086413229586,0.000021902926,1,0,0,0,0
04241971,04/24/1971,"April 24, 1971",1,2651337,0.026164918255,0.000021902926,1,0,0,0,0
04251971,04/25/1971,"April 25, 1971",1,4671518,0.045640763720,0.000021902926,1,0,0,0,0
05171971,05/17/1971,"May 17, 1971",1,5812981,0.056472483751,0.000021902926,1,0,0,0,0
06041971,06/04/1971,"June 04, 1971",1,5958644,0.057845853762,0.000021902926,1,0,0,0,0
06101971,06/10/1971,"June 10, 1971",1,6587631,0.063753282964,0.000021902926,1,0,0,0,0
06271971,06/27/1971,"June 27, 1971",1,5636964,0.054810252430,0.000021902926,1,0,0,0,0
07121971,07/12/1971,"July 12, 1971",1,299226,0.002987727861,0.000021902926,1,0,0,0,0
07271971,07/27/1971,"July 27, 1971",1,4419776,0.043235214048,0.000021902926,1,0,0,0,0
08071971,08/07/1971,"August 07, 1971",1,332294,0.003317365377,0.000021902926,1,0,0,0,0
09111971,09/11/1971,"September 11, 1971",1,8965933,0.085757358719,0.000021902926,1,0,0,0,0
09121971,09/12/1971,"September 12, 1971",1,6428610,0.062263269654,0.000021902926,1,0,0,0,0
10201971,10/20/1971,"October 20, 1971",1,472935,0.004718124564,0.000021902926,1,0,0,0,0
11041971,11/04/1971,"November 04, 1971",1,2138086,0.021153851233,0.000021902926,1,0,0,0,0
11191971,11/19/1971,"November 19, 1971",1,6748386,0.065257137305,0.000021902926,1,0,0,0,0
11291971,11/29/1971,"November 29, 1971",1,148160,0.001480443076,0.000021902926,1,0,0,0,0
12031971,12/03/1971,"December 03, 1971",1,8404904,0.080613777320,0.000021902926,1,0,0,0,0
12211971,12/21/1971,"December 21, 1971",1,927151,0.009228602721,0.000021902926,1,0,0,0,0
12241971,12/24/1971,"December 24, 1971",1,3352247,0.032966760551,0.000021902926,1,0,0,0,0
12281971,12/28/1971,"December 28, 1971",1,4593198,0.044893016779,0.000021902926,1,0,0,0,0
01111972,01/11/1972,"January 11, 1972",1,1258793,0.012508974280,0.000021902926,1,0,0,0,0
02101972,02/10/1972,"February 10, 1972",1,112076,0.001120072262,0.000021902926,1,0,0,0,0
02151972,02/15/1972,"February 15, 1972",1,3384366,0.033277312085,0.000021902926,1,0,0,0,0
02211972,02/21/1972,"February 21, 1972",1,4887453,0.047699335968,0.000021902926,1,0,0,0,0
03121972,03/12/1972,"March 12, 1972",1,334423,0.003338584525,0.000021902926,1,0,0,0,0
03261972,03/26/1972,"March 26, 1972",1,3490544,0.034303214173,0.000021902926,1,0,0,0,0
03301972,03/30/1972,"March 30, 1972",1,8298550,0.079635453135,0.000021902926,1,0,0,0,0
05031972,05/03/1972,"May 03, 1972",2,5901458,0.057306919404,0.000021902926,2,1,0,0,0
05081972,05/08/1972,"May 08, 1972",1,2717256,0.026806649074,0.000021902926,1,0,0,0,0
05181972,05/18/1972,"May 18, 1972",1,2993198,0.029488396562,0.000021902926,1,0,0,0,0
05191972,05/19/1972,"May 19, 1972",1,3252401,0.032000734344,0.000021902926,1,0,0,0,0
05221972,05/22/1972,"May 22, 1972",1,2652156,0.026172893931,0.000021902926,1,0,0,0,0
05241972,05/24/1972,"May 24, 1972",1,7405931,0.071383329016,0.000021902926,1,0,0,0,0
06201972,06/20/1972,"June 20, 1972",1,2045318,0.020245373906,0.000021902926,1,0,0,0,0
06251972,06/25/1972,"June 25, 1972",1,4267816,0.041780209032,0.000021902926,1,0,0,0,0
07071972,07/07/1972,"July 07, 1972",1,5728291,0.055673071826,0.000021902926,1,0,0,0,0
07111972,07/11/1972,"July 11, 1972",1,2842535,0.028025092598,0.000021902926,1,0,0,0,0
07141972,07/14/1972,"July 14, 1972",1,2925877,0.028834818466,0.000021902926,1,0,0,0,0
07171972,07/17/1972,"July 17, 1972",1,799182,0.007959910866,0.000021902926,1,0,0,0,0
07251972,07/25/1972,"July 25, 1972",1,272009,0.002716334097,0.000021902926,1,0,0,0,0
07261972,07/26/1972,"July 26, 1972",1,8723409,0.083537410008,0.000021902926,1,0,0,0,0
07281972,07/28/1972,"July 28, 1972",1,9114578,0.087115325182,0.000021902926,1,0,0,0,0
08251972,08/25/1972,"August 25, 1972",1,4265395,0.041757010250,0.000021902926,1,0,0,0,0
09081972,09/08/1972,"September 08, 1972",1,5395902,0.052529010599,0.000021902926,1,0,0,0,0
09121972,09/12/1972,"September 12, 1972",1,849779,0.008461726432,0.000021902926,1,0,0,0,0
10141972,10/14/1972,"October 14, 1972",1,4732948,0.046226846571,0.000021902926,1,0,0,0,0
10221972,10/22/1972,"October 22, 1972",1,9233386,0.088199261189,0.000021902926,1,0,0,0,0
10281972,10/28/1972,"October 28, 1972",1,920517,0.009162872765,0.000021902926,1,0,0,0,0
11111972,11/11/1972,"November 11, 1972",1,2519947,0.024884555378,0.000021902926,1,0,0,0,0
12291972,12/29/1972,"December 29, 1972",1,783817,0.007807472194,0.000021902926,1,0,0,0,0
01091973,01/09/1973,"January 09, 1973",2,3012234,0.029673125569,0.000021902926,2,0,0,0,0
01181973,01/18/1973,"January 18, 1973",1,27637,0.000276271833,0.000021902926,1,0,0,0,0
02201973,02/20/1973,"February 20, 1973",1,7242599,0.069865361494,0.000021902926,1,0,0,0,0
03121973,03/12/1973,"March 12, 1973",1,9455346,0.090220849740,0.000021902926,1,0,0,0,0
03201973,03/20/1973,"March 20, 1973",1,1969571,0.019502958019,0.000021902926,1,0,0,0,0
03301973,03/30/1973,"March 30, 1973",1,6029273,0.058511052881,0.000021902926,1,0,0,0,0
04151973,04/15/1973,"April 15, 1973",1,1176319,0.011694214987,0.000021902926,1,0,0,0,0
04231973,04/23/1973,"April 23, 1973",1,8494657,0.081438583845,0.000021902926,1,0,0,0,0
05101973,05/10/1973,"May 10, 1973",1,5793490,0.056288562877,0.000021902926,1,0,0,0,0
06121973,06/12/1973,"June 12, 1973",1,9608346,0.091611747546,0.000021902926,1,0,0,0,0
06131973,06/13/1973,"June 13, 1973",1,1519631,0.015081369796,0.000021902926,1,0,0,0,0
06141973,06/14/1973,"June 14, 1973",1,9492292,0.090556914663,0.000021902926,1,0,0,0,0
06171973,06/17/1973,"June 17, 1973",1,6131134,0.059469574684,0.000021902926,1,0,0,0,0
06201973,06/20/1973,"June 20, 1973",1,6211057,0.060220974513,0.000021902926,1,0,0,0,0
07121973,07/12/1973,"July 12, 1973",1,3352286,0.032967137694,0.000021902926,1,0,0,0,0
08111973,08/11/1973,"August 11, 1973",1,1446091,0.014356794234,0.000021902926,1,0,0,0,0
08241973,08/24/1973,"August 24, 1973",1,2793047,0.027543962610,0.000021902926,1,0,0,0,0
09061973,09/06/1973,"September 06, 1973",1,9020654,0.086257504585,0.000021902926,1,0,0,0,0
09101973,09/10/1973,"September 10, 1973",1,7760646,0.074671436520,0.000021902926,1,0,0,0,0
10061973,10/06/1973,"October 06, 1973",1,3501440,0.034408430764,0.000021902926,1,0,0,0,0
10071973,10/07/1973,"October 07, 1973",2,2954532,0.029113065983,0.000021902926,2,0,0,0,0
10091973,10/09/1973,"October 09, 1973",1,9153387,0.087469537862,0.000021902926,1,0,0,0,0
11051973,11/05/1973,"November 05, 1973",1,1941426,0.019226958285,0.000021902926,1,0,0,0,0
11191973,11/19/1973,"November 19, 1973",1,9972878,0.094917085276,0.000021902926,1,0,0,0,0
11201973,11/20/1973,"November 20, 1973",1,8194910,0.078681092845,0.000021902926,1,0,0,0,0
11231973,11/23/1973,"November 23, 1973",1,3002773,0.029581318600,0.000021902926,1,0,0,0,0
12021973,12/02/1973,"December 02, 1973",1,6842277,0.066134364851,0.000021902926,1,0,0,0,0
12061973,12/06/1973,"December 06, 1973",1,5422225,0.052778380568,0.000021902926,1,0,0,0,0
12121973,12/12/1973,"December 12, 1973",1,7705261,0.074158801342,0.000021902926,1,0,0,0,0
12211973,12/21/1973,"December 21, 1973",1,841641,0.008381031763,0.000021902926,1,0,0,0,0
01011974,01/01/1974,"January 01, 1974",1,109249,0.001091833527,0.000021902926,1,0,0,0,0
01081974,01/08/1974,"January 08, 1974",1,4546044,0.044442539427,0.000021902926,1,0,0,0,0
01131974,01/13/1974,"January 13, 1974",1,6042315,0.058633833864,0.000021902926,1,0,0,0,0
01211974,01/21/1974,"January 21, 1974",1,1974106,0.019547422552,0.000021902926,1,0,0,0,0
02121974,02/12/1974,"February 12, 1974",1,7467036,0.071950586909,0.000021902926,1,0,0,0,0
02131974,02/13/1974,"February 13, 1974",1,7758772,0.074654095701,0.000021902926,1,0,0,0,0
02151974,02/15/1974,"February 15, 1974",1,4513176,0.044128415177,0.000021902926,1,0,0,0,0
03271974,03/27/1974,"March 27, 1974",1,4196825,0.041099717698,0.000021902926,1,0,0,0,0
03311974,03/31/1974,"March 31, 1974",1,744480,0.007417096639,0.000021902926,1,0,0,0,0
04011974,04/01/1974,"April 01, 1974",1,126299,0.001262132852,0.000021902926,1,0,0,0,0
04091974,04/09/1974,"April 09, 1974",1,6815821,0.065887268672,0.000021902926,1,0,0,0,0
04191974,04/19/1974,"April 19, 1974",1,3433987,0.033756890559,0.000021902926,1,0,0,0,0
04251974,04/25/1974,"April 25, 1974",1,6339186,0.061424332902,0.000021902926,1,0,0,0,0
04281974,04/28/1974,"April 28, 1974",1,4007589,0.039283415135,0.000021902926,1,0,0,0,0
05031974,05/03/1974,"May 03, 1974",1,9629111,0.091800354786,0.000021902926,1,0,0,0,0
05101974,05/10/1974,"May 10, 1974",1,3524630,0.034632325489,0.000021902926,1,0,0,0,0
05241974,05/24/1974,"May 24, 1974",1,9040346,0.086437421044,0.000021902926,1,0,0,0,0
06031974,06/03/1974,"June 03, 1974",1,7419463,0.071508980923,0.000021902926,1,0,0,0,0
06081974,06/08/1974,"June 08, 1974",1,9480552,0.090450139776,0.000021902926,1,0,0,0,0
06191974,06/19/1974,"June 19, 1974",1,600095,0.005982920681,0.000021902926,1,0,0,0,0
06211974,06/21/1974,"June 21, 1974",1,2151757,0.021287660145,0.000021902926,1,0,0,0,0
06261974,06/26/1974,"June 26, 1974",1,4506207,0.044061798165,0.000021902926,1,0,0,0,0
07151974,07/15/1974,"July 15, 1974",1,7358427,0.070942094154,0.000021902926,1,0,0,0,0
07191974,07/19/1974,"July 19, 1974",1,6666038,0.064487078224,0.000021902926,1,0,0,0,0
07221974,07/22/1974,"July 22, 1974",1,5810517,0.056449234946,0.000021902926,1,0,0,0,0
07271974,07/27/1974,"July 27, 1974",1,2326920,0.023000501488,0.000021902926,1,0,0,0,0
07311974,07/31/1974,"July 31, 1974",1,1698132,0.016837891247,0.000021902926,1,0,0,0,0
08051974,08/05/1974,"August 05, 1974",1,6896046,0.066636360099,0.000021902926,1,0,0,0,0
08081974,08/08/1974,"August 08, 1974",1,3079664,0.030327196443,0.000021902926,1,0,0,0,0
08161974,08/16/1974,"August 16, 1974",1,8614782,0.082541343279,0.000021902926,1,0,0,0,0
08241974,08/24/1974,"August 24, 1974",1,5568582,0.054163691730,0.000021902926,1,0,0,0,0
08261974,08/26/1974,"August 26, 1974",1,7995368,0.076840839224,0.000021902926,1,0,0,0,0
08291974,08/29/1974,"August 29, 1974",1,2769149,0.027311537292,0.000021902926,1,0,0,0,0
09011974,09/01/1974,"September 01, 1974",1,6138350,0.059537440912,0.000021902926,1,0,0,0,0
09301974,09/30/1974,"September 30, 1974",1,5579316,0.054265212352,0.000021902926,1,0,0,0,0
10021974,10/02/1974,"October 02, 1974",1,6842498,0.066136428692,0.000021902926,1,0,0,0,0
10111974,10/11/1974,"October 11, 1974",1,9781540,0.093183659890,0.000021902926,1,0,0,0,0
10161974,10/16/1974,"October 16, 1974",1,280165,0.002797669237,0.000021902926,1,0,0,0,0
11031974,11/03/1974,"November 03, 1974",1,8375843,0.080346555660,0.000021902926,1,0,0,0,0
12051974,12/05/1974,"December 05, 1974",1,891522,0.008875537883,0.000021902926,1,0,0,0,0
12181974,12/18/1974,"December 18, 1974",1,9536473,0.090958626970,0.000021902926,1,0,0,0,0
12311974,12/31/1974,"December 31, 1974",1,8824264,0.084461242418,0.000021902926,1,0,0,0,0
02041975,02/04/1975,"February 04, 1975",1,5027092,0.049028191090,0.000021902926,1,0,0,0,0
02171975,02/17/1975,"February 17, 1975",1,8273517,0.079405029436,0.000021902926,1,0,0,0,0
02281975,02/28/1975,"February 28, 1975",1,9041948,0.086452056200,0.000021902926,1,0,0,0,0
03061975,03/06/1975,"March 06, 1975",1,8427286,0.080819531319,0.000021902926,1,0,0,0,0
03111975,03/11/1975,"March 11, 1975",1,4840962,0.047256498931,0.000021902926,1,0,0,0,0
03231975,03/23/1975,"March 23, 1975",1,9398803,0.089706287849,0.000021902926,1,0,0,0,0
03251975,03/25/1975,"March 25, 1975",1,9716370,0.092592495065,0.000021902926,1,0,0,0,0
04041975,04/04/1975,"April 04, 1975",1,7703770,0.074144996947,0.000021902926,1,0,0,0,0
05021975,05/02/1975,"May 02, 1975",1,774994,0.007719927184,0.000021902926,1,0,0,0,0
05101975,05/10/1975,"May 10, 1975",1,6972220,0.067347069803,0.000021902926,1,0,0,0,0
05271975,05/27/1975,"May 27, 1975",1,6131115,0.059469395983,0.000021902926,1,0,0,0,0
06021975,06/02/1975,"June 02, 1975",1,1710471,0.016959196137,0.000021902926,1,0,0,0,0
06091975,06/09/1975,"June 09, 1975",1,9850337,0.093807307783,0.000021902926,1,0,0,0,0
06221975,06/22/1975,"June 22, 1975",1,8283469,0.079496642490,0.000021902926,1,0,0,0,0
07061975,07/06/1975,"July 06, 1975",1,623055,0.006211120807,0.000021902926,1,0,0,0,0
07111975,07/11/1975,"July 11, 1975",1,3449378,0.033905593594,0.000021902926,1,0,0,0,0
07121975,07/12/1975,"July 12, 1975",1,7321666,0.070600500391,0.000021902926,1,0,0,0,0
07131975,07/13/1975,"July 13, 1975",1,9631137,0.091818754724,0.000021902926,1,0,0,0,0
07311975,07/31/1975,"July 31, 1975",1,7371412,0.071062724493,0.000021902926,1,0,0,0,0
08061975,08/06/1975,"August 06, 1975",1,2322886,0.022961088533,0.000021902926,1,0,0,0,0
08151975,08/15/1975,"August 15, 1975",1,1104915,0.010988273112,0.000021902926,1,0,0,0,0
08231975,08/23/1975,"August 23, 1975",1,7531866,0.072552046366,0.000021902926,1,0,0,0,0
08311975,08/31/1975,"August 31, 1975",1,9615808,0.091679528949,0.000021902926,1,0,0,0,0
09151975,09/15/1975,"September 15, 1975",1,9247008,0.088323458228,0.000021902926,1,0,0,0,0
10011975,10/01/1975,"October 01, 1975",1,6977230,0.067393794544,0.000021902926,1,0,0,0,0
10211975,10/21/1975,"October 21, 1975",1,8329342,0.079918808162,0.000021902926,1,0,0,0,0
10311975,10/31/1975,"October 31, 1975",1,2750667,0.027131748395,0.000021902926,1,0,0,0,0
11031975,11/03/1975,"November 03, 1975",1,6298061,0.061038264276,0.000021902926,1,0,0,0,0
11171975,11/17/1975,"November 17, 1975",1,7678152,0.073907781026,0.000021902926,1,0,0,0,0
11241975,11/24/1975,"November 24, 1975",1,5495810,0.053475137218,0.000021902926,1,0,0,0,0
01031976,01/03/1976,"January 03, 1976",1,4876321,0.047593319957,0.000021902926,1,0,0,0,0
01051976,01/05/1976,"January 05, 1976",1,5500520,0.053519717490,0.000021902926,1,0,0,0,0
01301976,01/30/1976,"January 30, 1976",1,2073510,0.020521547402,0.000021902926,1,0,0,0,0
02251976,02/25/1976,"February 25, 1976",1,5315242,0.051764472195,0.000021902926,1,0,0,0,0
03051976,03/05/1976,"March 05, 1976",1,3882816,0.038083952071,0.000021902926,1,0,0,0,0
03111976,03/11/1976,"March 11, 1976",1,8031196,0.077171529448,0.000021902926,1,0,0,0,0
04141976,04/14/1976,"April 14, 1976",1,8482893,0.081330517922,0.000021902926,1,0,0,0,0
05131976,05/13/1976,"May 13, 1976",1,2656185,0.026212128635,0.000021902926,1,0,0,0,0
05251976,05/25/1976,"May 25, 1976",1,2899506,0.028578678721,0.000021902926,1,0,0,0,0
06041976,06/04/1976,"June 04, 1976",1,2317189,0.022905425040,0.000021902926,1,0,0,0,0
06071976,06/07/1976,"June 07, 1976",1,9280460,0.088628381263,0.000021902926,1,0,0,0,0
06081976,06/08/1976,"June 08, 1976",1,8580880,0.082230253713,0.000021902926,1,0,0,0,0
06201976,06/20/1976,"June 20, 1976",1,5952701,0.057789859876,0.000021902926,1,0,0,0,0
06231976,06/23/1976,"June 23, 1976",1,3402974,0.033457183109,0.000021902926,1,0,0,0,0
06301976,06/30/1976,"June 30, 1976",1,7766900,0.074729304760,0.000021902926,1,0,0,0,0
07041976,07/04/1976,"July 04, 1976",1,2862479,0.028218923946,0.000021902926,1,0,0,0,0
07151976,07/15/1976,"July 15, 1976",1,3148972,0.030999024434,0.000021902926,1,0,0,0,0
07171976,07/17/1976,"July 17, 1976",1,7394429,0.071276513383,0.000021902926,1,0,0,0,0
07181976,07/18/1976,"July 18, 1976",1,6201370,0.060129933708,0.000021902926,1,0,0,0,0
07211976,07/21/1976,"July 21, 1976",1,4169832,0.040840846805,0.000021902926,1,0,0,0,0
08041976,08/04/1976,"August 04, 1976",1,2439628,0.024101037781,0.000021902926,1,0,0,0,0
08091976,08/09/1976,"August 09, 1976",1,680105,0.006777915674,0.000021902926,1,0,0,0,0
08301976,08/30/1976,"August 30, 1976",1,1468440,0.014577051023,0.000021902926,1,0,0,0,0
09281976,09/28/1976,"September 28, 1976",1,9243044,0.088287318653,0.000021902926,1,0,0,0,0
10071976,10/07/1976,"October 07, 1976",1,8496857,0.081458791974,0.000021902926,1,0,0,0,0
10311976,10/31/1976,"October 31, 1976",1,1252203,0.012443896476,0.000021902926,1,0,0,0,0
11071976,11/07/1976,"November 07, 1976",1,2971106,0.029273967451,0.000021902926,1,0,0,0,0
11081976,11/08/1976,"November 08, 1976",1,3039328,0.029935990323,0.000021902926,1,0,0,0,0
11191976,11/19/1976,"November 19, 1976",1,6719901,0.064990837872,0.000021902926,1,0,0,0,0
01271977,01/27/1977,"January 27, 1977",1,2844015,0.028039477720,0.000021902926,1,0,0,0,0
02201977,02/20/1977,"February 20, 1977",1,8752035,0.083799719045,0.000021902926,1,0,0,0,0
02271977,02/27/1977,"February 27, 1977",1,3548179,0.034859633160,0.000021902926,1,0,0,0,0
03101977,03/10/1977,"March 10, 1977",1,5335888,0.051960224695,0.000021902926,1,0,0,0,0
03141977,03/14/1977,"March 14, 1977",1,7077816,0.068331394205,0.000021902926,1,0,0,0,0
03281977,03/28/1977,"March 28, 1977",1,9164806,0.087573733767,0.000021902926,1,0,0,0,0
04051977,04/05/1977,"April 05, 1977",1,4302611,0.042113563613,0.000021902926,1,0,0,0,0
04061977,04/06/1977,"April 06, 1977",2,8074695,0.077572863314,0.000021902926,2,0,0,0,0
04091977,04/09/1977,"April 09, 1977",1,9484384,0.090484993060,0.000021902926,1,0,0,0,0
04161977,04/16/1977,"April 16, 1977",1,4251907,0.041627753717,0.000021902926,1,0,0,0,0
04241977,04/24/1977,"April 24, 1977",1,111517,0.001114488507,0.000021902926,1,0,0,0,0
06271977,06/27/1977,"June 27, 1977",1,8263983,0.079317255727,0.000021902926,1,0,0,0,0
07281977,07/28/1977,"July 28, 1977",1,391046,0.003902764381,0.000021902926,1,0,0,0,0
08051977,08/05/1977,"August 05, 1977",1,8732717,0.083622710377,0.000021902926,1,0,0,0,0
09061977,09/06/1977,"September 06, 1977",1,6341066,0.061441977959,0.000021902926,1,0,0,0,0
09091977,09/09/1977,"September 09, 1977",1,1866571,0.018492525772,0.000021902926,1,0,0,0,0
09301977,09/30/1977,"September 30, 1977",1,1816017,0.017996209035,0.000021902926,1,0,0,0,0
10031977,10/03/1977,"October 03, 1977",1,5013305,0.048897071567,0.000021902926,1,0,0,0,0
10131977,10/13/1977,"October 13, 1977",1,208382,0.002081590500,0.000021902926,1,0,0,0,0
10281977,10/28/1977,"October 28, 1977",1,7965831,0.076568125426,0.000021902926,1,0,0,0,0
11161977,11/16/1977,"November 16, 1977",1,4515305,0.044148765467,0.000021902926,1,0,0,0,0
12051977,12/05/1977,"December 05, 1977",1,2098340,0.020764721713,0.000021902926,1,0,0,0,0
12241977,12/24/1977,"December 24, 1977",1,2436611,0.024071594465,0.000021902926,1,0,0,0,0
12291977,12/29/1977,"December 29, 1977",1,2531988,0.025001961961,0.000021902926,1,0,0,0,0
01071978,01/07/1978,"January 07, 1978",1,6671345,0.064536724578,0.000021902926,1,0,0,0,0
01131978,01/13/1978,"January 13, 1978",1,7409073,0.071412505694,0.000021902926,1,0,0,0,0
01181978,01/18/1978,"January 18, 1978",1,2445350,0.024156877123,0.000021902926,1,0,0,0,0
01231978,01/23/1978,"January 23, 1978",1,5193302,0.050607488511,0.000021902926,1,0,0,0,0
02091978,02/09/1978,"February 09, 1978",3,203469,0.002032561564,0.000021902926,3,0,0,0,0
02221978,02/22/1978,"February 22, 1978",1,3566033,0.035031933941,0.000021902926,1,0,0,0,0
04021978,04/02/1978,"April 02, 1978",1,6309057,0.061141506833,0.000021902926,1,0,0,0,0
04041978,04/04/1978,"April 04, 1978",1,4074607,0.039927052481,0.000021902926,1,0,0,0,0
04221978,04/22/1978,"April 22, 1978",1,2062958,0.020418187381,0.000021902926,1,0,0,0,0
04231978,04/23/1978,"April 23, 1978",1,1330058,0.013212459067,0.000021902926,1,0,0,0,0
05111978,05/11/1978,"May 11, 1978",1,1405396,0.013955605101,0.000021902926,1,0,0,0,0
05131978,05/13/1978,"May 13, 1978",1,842422,0.008388776277,0.000021902926,1,0,0,0,0
05291978,05/29/1978,"May 29, 1978",1,1620414,0.016073500316,0.000021902926,1,0,0,0,0
06141978,06/14/1978,"June 14, 1978",1,6201804,0.060134012736,0.000021902926,1,0,0,0,0
06171978,06/17/1978,"June 17, 1978",1,1212917,0.012055848962,0.000021902926,1,0,0,0,0
06201978,06/20/1978,"June 20, 1978",1,1095734,0.010897467776,0.000021902926,1,0,0,0,0
06211978,06/21/1978,"June 21, 1978",1,5412849,0.052689564904,0.000021902926,1,0,0,0,0
07051978,07/05/1978,"July 05, 1978",1,4461487,0.043634206994,0.000021902926,1,0,0,0,0
07091978,07/09/1978,"July 09, 1978",1,8433654,0.080878062868,0.000021902926,1,0,0,0,0
08021978,08/02/1978,"August 02, 1978",1,2071697,0.020503789296,0.000021902926,1,0,0,0,0
08071978,08/07/1978,"August 07, 1978",1,7811483,0.075141726256,0.000021902926,1,0,0,0,0
08231978,08/23/1978,"August 23, 1978",1,8217424,0.078888495238,0.000021902926,1,0,0,0,0
08291978,08/29/1978,"August 29, 1978",1,783900,0.007808295713,0.000021902926,1,0,0,0,0
09191978,09/19/1978,"September 19, 1978",1,4387618,0.042927488149,0.000021902926,1,0,0,0,0
10051978,10/05/1978,"October 05, 1978",1,6053227,0.058736550137,0.000021902926,1,0,0,0,0
10141978,10/14/1978,"October 14, 1978",1,3611961,0.035475022720,0.000021902926,1,0,0,0,0
11301978,11/30/1978,"November 30, 1978",1,5904916,0.057339517167,0.000021902926,1,0,0,0,0
12051978,12/05/1978,"December 05, 1978",1,8359874,0.080199684473,0.000021902926,1,0,0,0,0
12221978,12/22/1978,"December 22, 1978",1,8605470,0.082455905550,0.000021902926,1,0,0,0,0
01031979,01/03/1979,"January 03, 1979",1,6259306,0.060674299128,0.000021902926,1,0,0,0,0
01061979,01/06/1979,"January 06, 1979",1,8219247,0.078905286948,0.000021902926,1,0,0,0,0
02161979,02/16/1979,"February 16, 1979",1,1220784,0.012133567472,0.000021902926,1,0,0,0,0
02221979,02/22/1979,"February 22, 1979",1,583958,0.005822503201,0.000021902926,1,0,0,0,0
03161979,03/16/1979,"March 16, 1979",1,8546317,0.081912990127,0.000021902926,1,0,0,0,0
03241979,03/24/1979,"March 24, 1979",1,2906595,0.028647540339,0.000021902926,1,0,0,0,0
03311979,03/31/1979,"March 31, 1979",1,4919806,0.048007383971,0.000021902926,1,0,0,0,0
04021979,04/02/1979,"April 02, 1979",1,3035547,0.029899311510,0.000021902926,1,0,0,0,0
04041979,04/04/1979,"April 04, 1979",1,5674070,0.055160909480,0.000021902926,1,0,0,0,0
04101979,04/10/1979,"April 10, 1979",1,2716113,0.026795525410,0.000021902926,1,0,0,0,0
04111979,04/11/1979,"April 11, 1979",1,3570989,0.035079756574,0.000021902926,1,0,0,0,0
04251979,04/25/1979,"April 25, 1979",1,9869371,0.093979776088,0.000021902926,1,0,0,0,0
04271979,04/27/1979,"April 27, 1979",1,1718639,0.017039487631,0.000021902926,1,0,0,0,0
05061979,05/06/1979,"May 06, 1979",1,4813776,0.046997450869,0.000021902926,1,0,0,0,0
05191979,05/19/1979,"May 19, 1979",1,3366066,0.033100385643,0.000021902926,1,0,0,0,0
06081979,06/08/1979,"June 08, 1979",1,6258911,0.060670588785,0.000021902926,1,0,0,0,0
06161979,06/16/1979,"June 16, 1979",1,152029,0.001519075051,0.000021902926,1,0,0,0,0
07051979,07/05/1979,"July 05, 1979",1,5667873,0.055102355987,0.000021902926,1,0,0,0,0
07151979,07/15/1979,"July 15, 1979",1,830918,0.008274694759,0.000021902926,1,0,0,0,0
07271979,07/27/1979,"July 27, 1979",1,7337605,0.070748625574,0.000021902926,1,0,0,0,0
07281979,07/28/1979,"July 28, 1979",1,5122200,0.049932211401,0.000021902926,1,0,0,0,0
07291979,07/29/1979,"July 29, 1979",1,4548102,0.044462204597,0.000021902926,1,0,0,0,0
08021979,08/02/1979,"August 02, 1979",1,3602432,0.035383108755,0.000021902926,1,0,0,0,0
08101979,08/10/1979,"August 10, 1979",1,5331814,0.051921600768,0.000021902926,1,0,0,0,0
08151979,08/15/1979,"August 15, 1979",1,6258266,0.060664530090,0.000021902926,1,0,0,0,0
08161979,08/16/1979,"August 16, 1979",1,4375909,0.042815417966,0.000021902926,1,0,0,0,0
08191979,08/19/1979,"August 19, 1979",1,3945286,0.038684673377,0.000021902926,1,0,0,0,0
08231979,08/23/1979,"August 23, 1979",1,269903,0.002695331082,0.000021902926,1,0,0,0,0
08251979,08/25/1979,"August 25, 1979",1,2846607,0.028064670611,0.000021902926,1,0,0,0,0
08301979,08/30/1979,"August 30, 1979",1,3845579,0.037725696691,0.000021902926,1,0,0,0,0
09081979,09/08/1979,"September 08, 1979",1,9439099,0.090073025912,0.000021902926,1,0,0,0,0
09201979,09/20/1979,"September 20, 1979",1,8539170,0.081847372103,0.000021902926,1,0,0,0,0
09261979,09/26/1979,"September 26, 1979",1,9751516,0.092911356473,0.000021902926,1,0,0,0,0
10011979,10/01/1979,"October 01, 1979",1,2905419,0.028636117166,0.000021902926,1,0,0,0,0
10051979,10/05/1979,"October 05, 1979",1,218905,0.002186595930,0.000021902926,1,0,0,0,0
10101979,10/10/1979,"October 10, 1979",1,9662570,0.092104178477,0.000021902926,1,0,0,0,0
10161979,10/16/1979,"October 16, 1979",1,5996559,0.058203003799,0.000021902926,1,0,0,0,0
10271979,10/27/1979,"October 27, 1979",2,945622,0.009411591207,0.000021902926,2,0,0,0,0
11021979,11/02/1979,"November 02, 1979",1,2261923,0.022365274701,0.000021902926,1,0,0,0,0
11171979,11/17/1979,"November 17, 1979",1,2614993,0.025810923305,0.000021902926,1,0,0,0,0
11211979,11/21/1979,"November 21, 1979",1,9701981,0.092461918804,0.000021902926,1,0,0,0,0
12011979,12/01/1979,"December 01, 1979",1,2657387,0.026223833495,0.000021902926,1,0,0,0,0
12021979,12/02/1979,"December 02, 1979",1,7731811,0.074404579554,0.000021902926,1,0,0,0,0
12151979,12/15/1979,"December 15, 1979",1,3628210,0.035631735653,0.000021902926,1,0,0,0,0
12221979,12/22/1979,"December 22, 1979",1,6444163,0.062409104508,0.000021902926,1,0,0,0,0
12301979,12/30/1979,"December 30, 1979",1,5866643,0.056978663666,0.000021902926,1,0,0,0,0
01031980,01/03/1980,"January 03, 1980",1,9556949,0.091144743228,0.000021902926,1,0,0,0,0
01251980,01/25/1980,"January 25, 1980",1,2947160,0.029041489560,0.000021902926,1,0,0,0,0
01261980,01/26/1980,"January 26, 1980",1,7895308,0.075916663871,0.000021902926,1,0,0,0,0
02121980,02/12/1980,"February 12, 1980",2,1564867,0.015526806836,0.000021902926,2,0,0,0,0
02281980,02/28/1980,"February 28, 1980",1,4881620,0.047643786650,0.000021902926,1,0,0,0,0
03111980,03/11/1980,"March 11, 1980",1,4542514,0.044408807653,0.000021902926,1,0,0,0,0
03311980,03/31/1980,"March 31, 1980",1,2676166,0.026406681754,0.000021902926,1,1,0,0,0
04131980,04/13/1980,"April 13, 1980",1,7269501,0.070115552662,0.000021902926,1,0,0,0,0
04231980,04/23/1980,"April 23, 1980",1,3178502,0.031285128180,0.000021902926,1,0,0,0,0
06071980,06/07/1980,"June 07, 1980",1,6093445,0.059115031361,0.000021902926,1,0,0,0,0
06251980,06/25/1980,"June 25, 1980",1,1925664,0.019072356653,0.000021902926,1,0,0,0,0
06301980,06/30/1980,"June 30, 1980",1,963563,0.009589296734,0.000021902926,1,0,0,0,0
07091980,07/09/1980,"July 09, 1980",1,6426989,0.062248068818,0.000021902926,1,0,0,0,0
07141980,07/14/1980,"July 14, 1980",2,4091473,0.040088964732,0.000021902926,2,0,0,0,0
07231980,07/23/1980,"July 23, 1980",1,1372451,0.013630699255,0.000021902926,1,0,0,0,0
07311980,07/31/1980,"July 31, 1980",1,9611882,0.091643867587,0.000021902926,1,0,0,0,0
08011980,08/01/1980,"August 01, 1980",1,2574907,0.025420331587,0.000021902926,1,0,0,0,0
08311980,08/31/1980,"August 31, 1980",1,81265,0.000812259946,0.000021902926,1,0,0,0,0
09061980,09/06/1980,"September 06, 1980",1,45709,0.000456925582,0.000021902926,1,0,0,0,0
09201980,09/20/1980,"September 20, 1980",1,6559233,0.063487369863,0.000021902926,1,0,0,0,0
09291980,09/29/1980,"September 29, 1980",1,7214744,0.069606236400,0.000021902926,1,0,0,0,0
10031980,10/03/1980,"October 03, 1980",1,8701502,0.083336618553,0.000021902926,1,0,0,0,0
11061980,11/06/1980,"November 06, 1980",2,8361719,0.080216654633,0.000021902926,2,0,0,0,0
11091980,11/09/1980,"November 09, 1980",1,976295,0.009715387799,0.000021902926,1,0,0,0,0
11111980,11/11/1980,"November 11, 1980",1,969136,0.009644490785,0.000021902926,1,0,0,0,0
11171980,11/17/1980,"November 17, 1980",1,5059537,0.049336683849,0.000021902926,1,0,0,0,0
12111980,12/11/1980,"December 11, 1980",1,2902955,0.028612182465,0.000021902926,1,0,0,0,0
12171980,12/17/1980,"December 17, 1980",1,2374491,0.023465159394,0.000021902926,1,0,0,0,0
01301981,01/30/1981,"January 30, 1981",1,4817600,0.047033892990,0.000021902926,1,0,0,0,0
02031981,02/03/1981,"February 03, 1981",1,9470025,0.090354386422,0.000021902926,1,0,0,0,0
02071981,02/07/1981,"February 07, 1981",1,4776491,0.046642057615,0.000021902926,1,0,0,0,0
02081981,02/08/1981,"February 08, 1981",1,3327669,0.032729053909,0.000021902926,1,0,0,0,0
02111981,02/11/1981,"February 11, 1981",1,1039726,0.010343336059,0.000021902926,1,0,0,0,0
03051981,03/05/1981,"March 05, 1981",1,6089710,0.059079888651,0.000021902926,1,0,0,0,0
03161981,03/16/1981,"March 16, 1981",1,7218342,0.069639711365,0.000021902926,1,0,0,0,0
03261981,03/26/1981,"March 26, 1981",1,2702692,0.026664902871,0.000021902926,1,0,0,0,0
03281981,03/28/1981,"March 28, 1981",1,3090217,0.030429520615,0.000021902926,1,0,0,0,0
03291981,03/29/1981,"March 29, 1981",1,9832213,0.093643054534,0.000021902926,1,0,0,0,0
04041981,04/04/1981,"April 04, 1981",1,1718892,0.017041974518,0.000021902926,1,0,0,0,0
04091981,04/09/1981,"April 09, 1981",1,6607787,0.063941973837,0.000021902926,1,0,0,0,0
04171981,04/17/1981,"April 17, 1981",1,5369818,0.052281840029,0.000021902926,1,0,0,0,0
06021981,06/02/1981,"June 02, 1981",1,9609118,0.091618760276,0.000021902926,1,0,0,0,0
06111981,06/11/1981,"June 11, 1981",1,4454036,0.043562945523,0.000021902926,1,0,0,0,0
06221981,06/22/1981,"June 22, 1981",1,1394425,0.013847420235,0.000021902926,1,0,0,0,0
07211981,07/21/1981,"July 21, 1981",1,978340,0.009735638912,0.000021902926,1,0,0,0,0
07281981,07/28/1981,"July 28, 1981",1,3736189,0.036672488873,0.000021902926,1,0,0,0,0
07291981,07/29/1981,"July 29, 1981",1,9943494,0.094651096633,0.000021902926,1,0,0,0,0
08131981,08/13/1981,"August 13, 1981",1,9381671,0.089550322970,0.000021902926,1,0,0,0,0
08231981,08/23/1981,"August 23, 1981",1,5410451,0.052666848128,0.000021902926,1,0,0,0,0
08311981,08/31/1981,"August 31, 1981",1,4718081,0.046085038574,0.000021902926,1,0,0,0,0
09221981,09/22/1981,"September 22, 1981",1,1537295,0.015255330460,0.000021902926,1,0,0,0,0
10051981,10/05/1981,"October 05, 1981",1,4118508,0.040348441606,0.000021902926,1,0,0,0,0
10301981,10/30/1981,"October 30, 1981",1,8849773,0.084694757417,0.000021902926,1,0,0,0,0
11061981,11/06/1981,"November 06, 1981",1,2617960,0.025839827066,0.000021902926,1,0,0,0,0
11191981,11/19/1981,"November 19, 1981",1,9341861,0.089187800794,0.000021902926,1,0,0,0,0
12071981,12/07/1981,"December 07, 1981",1,5843768,0.056762922859,0.000021902926,1,0,0,0,0
12121981,12/12/1981,"December 12, 1981",1,2546160,0.025140128893,0.000021902926,1,0,0,0,0
12171981,12/17/1981,"December 17, 1981",1,6970987,0.067335570121,0.000021902926,1,0,0,0,0
12181981,12/18/1981,"December 18, 1981",1,5168215,0.050369284531,0.000021902926,1,0,0,0,0
01041982,01/04/1982,"January 04, 1982",1,9470925,0.090362573196,0.000021902926,1,0,0,0,0
01201982,01/20/1982,"January 20, 1982",1,4912139,0.047934391899,0.000021902926,1,0,0,0,0
01311982,01/31/1982,"January 31, 1982",1,4247863,0.041588996359,0.000021902926,1,0,0,0,0
02111982,02/11/1982,"February 11, 1982",1,226973,0.002267096269,0.000021902926,1,0,0,0,0
02161982,02/16/1982,"February 16, 1982",2,5446379,0.053007144851,0.000021902926,2,0,0,0,0
03071982,03/07/1982,"March 07, 1982",1,9352348,0.089283312662,0.000021902926,1,0,0,0,0
03141982,03/14/1982,"March 14, 1982",1,582212,0.005805144710,0.000021902926,1,0,0,0,0
03221982,03/22/1982,"March 22, 1982",2,23909,0.000239001437,0.000021902926,2,0,0,0,0
03251982,03/25/1982,"March 25, 1982",1,9326532,0.089048171689,0.000021902926,1,0,0,0,0
04111982,04/11/1982,"April 11, 1982",1,9983539,0.095013571024,0.000021902926,1,0,0,0,0
04191982,04/19/1982,"April 19, 1982",1,2464449,0.024343235606,0.000021902926,1,0,0,0,0
05121982,05/12/1982,"May 12, 1982",1,761131,0.007582357861,0.000021902926,1,0,0,0,0
05181982,05/18/1982,"May 18, 1982",1,7174489,0.069231630993,0.000021902926,1,0,0,0,0
06221982,06/22/1982,"June 22, 1982",1,6654236,0.064376662472,0.000021902926,1,0,0,0,0
06231982,06/23/1982,"June 23, 1982",1,7975413,0.076656604430,0.000021902926,1,0,0,0,0
07161982,07/16/1982,"July 16, 1982",1,997069,0.009921088159,0.000021902926,1,0,0,0,0
07301982,07/30/1982,"July 30, 1982",1,410348,0.004095012517,0.000021902926,1,0,0,0,0
08031982,08/03/1982,"August 03, 1982",1,164758,0.001646163600,0.000021902926,1,0,0,0,0
08191982,08/19/1982,"August 19, 1982",1,3861547,0.037879340386,0.000021902926,1,0,0,0,0
08231982,08/23/1982,"August 23, 1982",1,4608047,0.045034830087,0.000021902926,1,0,0,0,0
09021982,09/02/1982,"September 02, 1982",1,5283328,0.051461804011,0.000021902926,1,0,0,0,0
09041982,09/04/1982,"September 04, 1982",1,175370,0.001752103289,0.000021902926,1,0,0,0,0
09121982,09/12/1982,"September 12, 1982",1,7873328,0.075713528028,0.000021902926,1,0,0,0,0
09161982,09/16/1982,"September 16, 1982",1,8295937,0.079611403695,0.000021902926,1,0,0,0,0
09191982,09/19/1982,"September 19, 1982",1,5648137,0.054915852582,0.000021902926,1,0,0,0,0
10031982,10/03/1982,"October 03, 1982",1,3584134,0.035206587005,0.000021902926,1,0,0,0,0
10241982,10/24/1982,"October 24, 1982",1,7304340,0.070439458682,0.000021902926,1,0,0,0,0
10281982,10/28/1982,"October 28, 1982",1,3970114,0.038923319122,0.000021902926,1,0,0,0,0
11071982,11/07/1982,"November 07, 1982",1,5836468,0.056694064039,0.000021902926,1,0,0,0,0
11101982,11/10/1982,"November 10, 1982",1,9139395,0.087341847665,0.000021902926,1,0,0,0,0
11231982,11/23/1982,"November 23, 1982",1,2291319,0.022652617972,0.000021902926,1,0,0,0,0
11291982,11/29/1982,"November 29, 1982",1,5092213,0.049647271850,0.000021902926,1,0,0,0,0
12021982,12/02/1982,"December 02, 1982",1,3522684,0.034613539251,0.000021902926,1,0,0,0,0
12131982,12/13/1982,"December 13, 1982",1,47527,0.000475097110,0.000021902926,1,0,0,0,0
12241982,12/24/1982,"December 24, 1982",1,1688444,0.016742637887,0.000021902926,1,0,0,0,0
12291982,12/29/1982,"December 29, 1982",1,5365770,0.052243475621,0.000021902926,1,0,0,0,0
01021983,01/02/1983,"January 02, 1983",1,8570627,0.082136149955,0.000021902926,1,0,0,0,0
01141983,01/14/1983,"January 14, 1983",1,6642797,0.064269630396,0.000021902926,1,0,0,0,0
01181983,01/18/1983,"January 18, 1983",1,2312429,0.022858914231,0.000021902926,1,0,0,0,0
01241983,01/24/1983,"January 24, 1983",1,3434151,0.033758475196,0.000021902926,1,0,0,0,0
02281983,02/28/1983,"February 28, 1983",1,9748320,0.092882365456,0.000021902926,1,0,0,0,0
03241983,03/24/1983,"March 24, 1983",1,6005342,0.058285718197,0.000021902926,1,0,0,0,0
03261983,03/26/1983,"March 26, 1983",1,4034090,0.039537980907,0.000021902926,1,0,0,0,0
04011983,04/01/1983,"April 01, 1983",1,4377314,0.042828866315,0.000021902926,1,0,0,0,0
05081983,05/08/1983,"May 08, 1983",1,2819374,0.027799947416,0.000021902926,1,0,0,0,0
06151983,06/15/1983,"June 15, 1983",1,6241407,0.060506154172,0.000021902926,1,0,0,0,0
06161983,06/16/1983,"June 16, 1983",1,3538688,0.034768027340,0.000021902926,1,0,0,0,0
07091983,07/09/1983,"July 09, 1983",1,2916905,0.028747681616,0.000021902926,1,0,0,0,0
07241983,07/24/1983,"July 24, 1983",1,3880793,0.038064492312,0.000021902926,1,0,0,0,0
07271983,07/27/1983,"July 27, 1983",1,446980,0.004459765623,0.000021902926,1,0,0,0,0
08011983,08/01/1983,"August 01, 1983",1,9968854,0.094880664007,0.000021902926,1,0,0,0,0
08041983,08/04/1983,"August 04, 1983",1,4573267,0.044702635432,0.000021902926,1,0,0,0,0
08101983,08/10/1983,"August 10, 1983",1,95048,0.000949968503,0.000021902926,1,0,0,0,0
08121983,08/12/1983,"August 12, 1983",1,4100620,0.040176763780,0.000021902926,1,0,0,0,0
08151983,08/15/1983,"August 15, 1983",1,8633514,0.082713185541,0.000021902926,1,0,0,0,0
08181983,08/18/1983,"August 18, 1983",1,6492408,0.062861336142,0.000021902926,1,0,0,0,0
09011983,09/01/1983,"September 01, 1983",1,3109337,0.030614884771,0.000021902926,1,0,0,0,0
09041983,09/04/1983,"September 04, 1983",1,3286014,0.032326053263,0.000021902926,1,0,0,0,0
09061983,09/06/1983,"September 06, 1983",1,1010836,0.010057382942,0.000021902926,1,0,0,0,0
09141983,09/14/1983,"September 14, 1983",1,2363049,0.023353417884,0.000021902926,1,0,0,0,0
09151983,09/15/1983,"September 15, 1983",1,9444748,0.090124426235,0.000021902926,1,0,0,0,0
09301983,09/30/1983,"September 30, 1983",1,675438,0.006731560918,0.000021902926,1,0,0,0,0
10281983,10/28/1983,"October 28, 1983",1,5535753,0.053853132151,0.000021902926,1,0,0,0,0
11111983,11/11/1983,"November 11, 1983",1,4823490,0.047090021041,0.000021902926,1,0,0,0,0
11241983,11/24/1983,"November 24, 1983",1,7777889,0.074830977171,0.000021902926,1,0,0,0,0
11271983,11/27/1983,"November 27, 1983",1,4032102,0.039518886732,0.000021902926,1,0,0,0,0
12041983,12/04/1983,"December 04, 1983",1,329573,0.003290245274,0.000021902926,1,0,0,0,0
12201983,12/20/1983,"December 20, 1983",1,9620699,0.091723953817,0.000021902926,1,0,0,0,0
12211983,12/21/1983,"December 21, 1983",1,9603147,0.091564519212,0.000021902926,1,0,0,0,0
12281983,12/28/1983,"December 28, 1983",1,4571390,0.044684704332,0.000021902926,1,0,0,0,0
01061984,01/06/1984,"January 06, 1984",1,451436,0.004504125908,0.000021902926,1,0,0,0,0
01071984,01/07/1984,"January 07, 1984",1,8530824,0.081770739886,0.000021902926,1,0,0,0,0
01091984,01/09/1984,"January 09, 1984",1,8187678,0.078614460652,0.000021902926,1,0,0,0,0
01121984,01/12/1984,"January 12, 1984",3,1504514,0.014932468391,0.000021902926,3,0,0,0,0
01131984,01/13/1984,"January 13, 1984",1,7730609,0.074393453830,0.000021902926,1,0,0,0,0
01271984,01/27/1984,"January 27, 1984",1,2994971,0.029505603580,0.000021902926,1,0,0,0,0
02191984,02/19/1984,"February 19, 1984",1,9590467,0.091449322289,0.000021902926,1,0,0,0,0
02291984,02/29/1984,"February 29, 1984",1,9978535,0.094968284369,0.000021902926,1,0,0,0,0
03101984,03/10/1984,"March 10, 1984",1,5712870,0.055527435940,0.000021902926,1,0,0,0,0
03121984,03/12/1984,"March 12, 1984",1,5967831,0.057932405488,0.000021902926,1,0,0,0,0
03191984,03/19/1984,"March 19, 1984",1,7929112,0.076228988213,0.000021902926,1,0,0,0,0
04051984,04/05/1984,"April 05, 1984",1,9489240,0.090529158036,0.000021902926,1,0,0,0,0
04251984,04/25/1984,"April 25, 1984",1,2275804,0.022500970760,0.000021902926,1,0,0,0,0
05081984,05/08/1984,"May 08, 1984",1,3353049,0.032974516127,0.000021902926,1,0,0,0,0
05131984,05/13/1984,"May 13, 1984",1,2339932,0.023127620394,0.000021902926,1,0,0,0,0
05171984,05/17/1984,"May 17, 1984",1,1773770,0.017581254243,0.000021902926,1,0,0,0,0
05191984,05/19/1984,"May 19, 1984",1,4666841,0.045596127294,0.000021902926,1,0,0,0,0
06021984,06/02/1984,"June 02, 1984",2,1410283,0.014003791914,0.000021902926,2,0,0,0,0
06121984,06/12/1984,"June 12, 1984",1,8602492,0.082428580680,0.000021902926,1,0,0,0,0
06141984,06/14/1984,"June 14, 1984",1,9962043,0.094819014229,0.000021902926,1,0,0,0,0
07091984,07/09/1984,"July 09, 1984",1,554205,0.005526661559,0.000021902926,1,0,0,0,0
07101984,07/10/1984,"July 10, 1984",1,417063,0.004161885292,0.000021902926,1,0,0,0,0
07171984,07/17/1984,"July 17, 1984",1,4073304,0.039914542649,0.000021902926,1,0,0,0,0
07181984,07/18/1984,"July 18, 1984",1,776674,0.007736597349,0.000021902926,1,0,0,0,0
07301984,07/30/1984,"July 30, 1984",2,544575,0.005430889164,0.000021902926,2,0,0,0,0
08041984,08/04/1984,"August 04, 1984",1,3100827,0.030532386587,0.000021902926,1,0,0,0,0
08091984,08/09/1984,"August 09, 1984",1,3171479,0.031217092944,0.000021902926,1,0,0,0,0
08121984,08/12/1984,"August 12, 1984",1,27614,0.000276041896,0.000021902926,1,0,0,0,0
08161984,08/16/1984,"August 16, 1984",1,8375280,0.080341377996,0.000021902926,1,0,0,0,0
08191984,08/19/1984,"August 19, 1984",1,8654053,0.082901567736,0.000021902926,1,0,0,0,0
08251984,08/25/1984,"August 25, 1984",1,220269,0.002200206013,0.000021902926,1,0,0,0,0
08261984,08/26/1984,"August 26, 1984",1,7938379,0.076314590107,0.000021902926,1,0,0,0,0
09021984,09/02/1984,"September 02, 1984",1,7268117,0.070102682972,0.000021902926,1,0,0,0,0
09261984,09/26/1984,"September 26, 1984",1,7700891,0.074118341197,0.000021902926,1,0,0,0,0
09291984,09/29/1984,"September 29, 1984",1,6226154,0.060362842245,0.000021902926,1,0,0,0,0
10161984,10/16/1984,"October 16, 1984",1,9779438,0.093164598410,0.000021902926,1,0,0,0,0
10281984,10/28/1984,"October 28, 1984",1,4415183,0.043191268832,0.000021902926,1,0,0,0,0
11041984,11/04/1984,"November 04, 1984",1,683425,0.006810890101,0.000021902926,1,0,0,0,0
12041984,12/04/1984,"December 04, 1984",1,5085581,0.049584242367,0.000021902926,1,0,0,0,0
12161984,12/16/1984,"December 16, 1984",1,4821293,0.047069085379,0.000021902926,1,0,0,0,0
01181985,01/18/1985,"January 18, 1985",1,5226150,0.050919293752,0.000021902926,1,0,0,0,0
01261985,01/26/1985,"January 26, 1985",1,8734823,0.083642009079,0.000021902926,1,0,0,0,0
02181985,02/18/1985,"February 18, 1985",1,3468710,0.034092340915,0.000021902926,1,0,0,0,0
02281985,02/28/1985,"February 28, 1985",1,1554062,0.015420428759,0.000021902926,1,0,0,0,0
03271985,03/27/1985,"March 27, 1985",1,9133385,0.087286995262,0.000021902926,1,0,0,0,0
04201985,04/20/1985,"April 20, 1985",1,9697169,0.092418247020,0.000021902926,1,0,0,0,0
04231985,04/23/1985,"April 23, 1985",1,4677653,0.045699311864,0.000021902926,1,0,0,0,0
04241985,04/24/1985,"April 24, 1985",1,3297353,0.032435771592,0.000021902926,1,0,0,0,0
04261985,04/26/1985,"April 26, 1985",1,648579,0.006464743114,0.000021902926,1,0,0,0,0
05151985,05/15/1985,"May 15, 1985",1,4549480,0.044475371818,0.000021902926,1,0,0,0,0
05201985,05/20/1985,"May 20, 1985",2,3013598,0.029686360738,0.000021902926,2,0,0,0,0
06101985,06/10/1985,"June 10, 1985",1,8596127,0.082370175400,0.000021902926,1,0,0,0,0
06141985,06/14/1985,"June 14, 1985",1,7241223,0.069852562753,0.000021902926,1,0,0,0,0
06281985,06/28/1985,"June 28, 1985",1,5878073,0.057086444846,0.000021902926,1,0,0,0,0
07031985,07/03/1985,"July 03, 1985",2,3916755,0.038410361368,0.000021902926,2,0,0,0,0
07121985,07/12/1985,"July 12, 1985",1,9744292,0.092845826022,0.000021902926,1,0,0,0,0
07151985,07/15/1985,"July 15, 1985",1,382746,0.003820084878,0.000021902926,1,0,0,0,0
07311985,07/31/1985,"July 31, 1985",1,7288858,0.070295532976,0.000021902926,1,0,0,0,0
08051985,08/05/1985,"August 05, 1985",1,2465715,0.024355587342,0.000021902926,1,0,0,0,0
08091985,08/09/1985,"August 09, 1985",1,8439864,0.080935138569,0.000021902926,1,0,0,0,0
09081985,09/08/1985,"September 08, 1985",1,4504684,0.044047239115,0.000021902926,1,0,0,0,0
09221985,09/22/1985,"September 22, 1985",1,9032447,0.086365255885,0.000021902926,1,0,0,0,0
09261985,09/26/1985,"September 26, 1985",1,6641612,0.064258541925,0.000021902926,1,0,0,0,0
09301985,09/30/1985,"September 30, 1985",1,4222104,0.041342087467,0.000021902926,1,0,0,0,0
11051985,11/05/1985,"November 05, 1985",1,8331409,0.079937826044,0.000021902926,1,0,0,0,0
11251985,11/25/1985,"November 25, 1985",1,9808519,0.093428276873,0.000021902926,1,0,0,0,0
11271985,11/27/1985,"November 27, 1985",1,9392145,0.089645678476,0.000021902926,1,0,0,0,0
12051985,12/05/1985,"December 05, 1985",1,4627942,0.045224801512,0.000021902926,1,0,0,0,0
12111985,12/11/1985,"December 11, 1985",1,8254814,0.079232834455,0.000021902926,1,0,0,0,0
12221985,12/22/1985,"December 22, 1985",1,6494198,0.062878110774,0.000021902926,1,0,0,0,0
01011986,01/01/1986,"January 01, 1986",1,4861853,0.047455515788,0.000021902926,1,0,0,0,0
01021986,01/02/1986,"January 02, 1986",1,9201855,0.087911715965,0.000021902926,1,0,0,0,0
01071986,01/07/1986,"January 07, 1986",1,3115815,0.030677679506,0.000021902926,1,0,0,0,0
01191986,01/19/1986,"January 19, 1986",1,9357244,0.089327900260,0.000021902926,1,0,0,0,0
01311986,01/31/1986,"January 31, 1986",1,7198371,0.069453890556,0.000021902926,1,0,0,0,0
02011986,02/01/1986,"February 01, 1986",1,4341398,0.042485026984,0.000021902926,1,0,0,0,0
02091986,02/09/1986,"February 09, 1986",1,8409426,0.080655351025,0.000021902926,1,0,0,0,0
02131986,02/13/1986,"February 13, 1986",1,7555398,0.072770267743,0.000021902926,1,0,0,0,0
02171986,02/17/1986,"February 17, 1986",1,2038524,0.020178807115,0.000021902926,1,0,0,0,0
02251986,02/25/1986,"February 25, 1986",1,1342490,0.013335128870,0.000021902926,1,0,0,0,0
02281986,02/28/1986,"February 28, 1986",1,8795018,0.084193444792,0.000021902926,1,0,0,0,0
03131986,03/13/1986,"March 13, 1986",1,6161309,0.059753336928,0.000021902926,1,0,0,0,0
03221986,03/22/1986,"March 22, 1986",1,4404371,0.043087813078,0.000021902926,1,0,0,0,0
04011986,04/01/1986,"April 01, 1986",1,7767613,0.074735901916,0.000021902926,1,0,0,0,0
04051986,04/05/1986,"April 05, 1986",1,5540565,0.053898659644,0.000021902926,1,0,0,0,0
05161986,05/16/1986,"May 16, 1986",1,6755462,0.065323277370,0.000021902926,1,0,0,0,0
05221986,05/22/1986,"May 22, 1986",1,6267469,0.060750973157,0.000021902926,1,0,0,0,0
06131986,06/13/1986,"June 13, 1986",1,247401,0.002470892332,0.000021902926,1,0,0,0,0
06161986,06/16/1986,"June 16, 1986",1,2231211,0.022064977410,0.000021902926,1,0,0,0,0
06251986,06/25/1986,"June 25, 1986",1,7098873,0.068527555012,0.000021902926,1,0,0,0,0
07081986,07/08/1986,"July 08, 1986",1,5768750,0.056055059782,0.000021902926,1,0,0,0,0
07091986,07/09/1986,"July 09, 1986",1,8517145,0.081645126713,0.000021902926,1,0,0,0,0
07221986,07/22/1986,"July 22, 1986",1,2428752,0.023994893237,0.000021902926,1,0,0,0,0
08191986,08/19/1986,"August 19, 1986",1,5336306,0.051964187493,0.000021902926,1,0,0,0,0
08221986,08/22/1986,"August 22, 1986",1,3341982,0.032867489493,0.000021902926,1,1,0,0,0
08271986,08/27/1986,"August 27, 1986",1,8085093,0.077668772303,0.000021902926,1,0,0,0,0
09031986,09/03/1986,"September 03, 1986",1,7224869,0.069700434000,0.000021902926,1,0,0,0,0
09101986,09/10/1986,"September 10, 1986",1,1045198,0.010397488591,0.000021902926,1,0,0,0,0
09131986,09/13/1986,"September 13, 1986",1,2352756,0.023252886476,0.000021902926,1,0,0,0,0
09301986,09/30/1986,"September 30, 1986",1,2126431,0.021039760065,0.000021902926,1,0,0,0,0
10171986,10/17/1986,"October 17, 1986",1,3680643,0.036137250330,0.000021902926,1,0,0,0,0
10201986,10/20/1986,"October 20, 1986",1,9154589,0.087480506412,0.000021902926,1,0,0,0,0
10251986,10/25/1986,"October 25, 1986",1,1753286,0.017379994972,0.000021902926,1,0,0,0,0
11021986,11/02/1986,"November 02, 1986",1,8737076,0.083662654392,0.000021902926,1,0,0,0,0
11081986,11/08/1986,"November 08, 1986",1,9833400,0.093653812927,0.000021902926,1,0,0,0,0
11091986,11/09/1986,"November 09, 1986",1,8477937,0.081284987534,0.000021902926,1,0,0,0,0
11111986,11/11/1986,"November 11, 1986",1,9155732,0.087490936451,0.000021902926,1,0,0,0,0
11131986,11/13/1986,"November 13, 1986",1,7113331,0.068662217565,0.000021902926,1,0,0,0,0
11241986,11/24/1986,"November 24, 1986",1,979740,0.009749502516,0.000021902926,1,0,0,0,0
01221987,01/22/1987,"January 22, 1987",1,5322079,0.051829300842,0.000021902926,1,0,0,0,0
01311987,01/31/1987,"January 31, 1987",1,4971902,0.048503204887,0.000021902926,1,0,0,0,0
02161987,02/16/1987,"February 16, 1987",1,8133715,0.078117119190,0.000021902926,1,0,0,0,0
02181987,02/18/1987,"February 18, 1987",1,7567150,0.072879229380,0.000021902926,1,0,0,0,0
02201987,02/20/1987,"February 20, 1987",1,2449028,0.024192767973,0.000021902926,1,0,0,0,0
02271987,02/27/1987,"February 27, 1987",1,9537444,0.090967453719,0.000021902926,1,0,0,0,0
03101987,03/10/1987,"March 10, 1987",1,608630,0.006067756420,0.000021902926,1,0,0,0,0
03221987,03/22/1987,"March 22, 1987",1,6200090,0.060117903294,0.000021902926,1,0,0,0,0
03291987,03/29/1987,"March 29, 1987",2,3845859,0.037728391055,0.000021902926,2,0,0,0,0
04171987,04/17/1987,"April 17, 1987",2,5961471,0.057872488083,0.000021902926,2,0,0,0,0
05151987,05/15/1987,"May 15, 1987",1,2232270,0.022075333687,0.000021902926,1,0,0,0,0
05261987,05/26/1987,"May 26, 1987",1,3367367,0.033112964925,0.000021902926,1,0,0,0,0
06021987,06/02/1987,"June 02, 1987",1,9701046,0.092453433283,0.000021902926,1,0,0,0,0
06151987,06/15/1987,"June 15, 1987",1,7799021,0.075026463235,0.000021902926,1,0,0,0,0
06231987,06/23/1987,"June 23, 1987",1,4641901,0.045358069281,0.000021902926,1,0,0,0,0
06271987,06/27/1987,"June 27, 1987",1,2895781,0.028542492603,0.000021902926,1,0,0,0,0
06281987,06/28/1987,"June 28, 1987",1,8505350,0.081536800367,0.000021902926,1,0,0,0,0
07191987,07/19/1987,"July 19, 1987",1,8141323,0.078187253372,0.000021902926,1,0,0,0,0
08241987,08/24/1987,"August 24, 1987",1,3941507,0.038648344584,0.000021902926,1,0,0,0,0
09051987,09/05/1987,"September 05, 1987",1,4441825,0.043446147863,0.000021902926,1,0,0,0,0
09061987,09/06/1987,"September 06, 1987",1,8050602,0.077350596168,0.000021902926,1,0,0,0,0
09071987,09/07/1987,"September 07, 1987",1,3403597,0.033463204652,0.000021902926,1,0,0,0,0
09081987,09/08/1987,"September 08, 1987",1,7173998,0.069227060909,0.000021902926,1,0,0,0,0
09101987,09/10/1987,"September 10, 1987",1,7132100,0.068837003952,0.000021902926,1,0,0,0,0
09201987,09/20/1987,"September 20, 1987",1,7385285,0.071191587023,0.000021902926,1,0,0,0,0
09211987,09/21/1987,"September 21, 1987",1,7288931,0.070296211660,0.000021902926,1,0,0,0,0
09221987,09/22/1987,"September 22, 1987",1,6549168,0.063393105122,0.000021902926,1,0,0,0,0
10161987,10/16/1987,"October 16, 1987",1,1850424,0.018334028963,0.000021902926,1,0,0,0,0
10171987,10/17/1987,"October 17, 1987",1,6633848,0.064185888137,0.000021902926,1,0,0,0,0
10281987,10/28/1987,"October 28, 1987",1,4904768,0.047864212555,0.000021902926,1,0,0,0,0
10301987,10/30/1987,"October 30, 1987",1,2871529,0.028306866155,0.000021902926,1,0,0,0,0
11031987,11/03/1987,"November 03, 1987",1,1383059,0.013735327762,0.000021902926,1,0,0,0,0
11241987,11/24/1987,"November 24, 1987",1,6628173,0.064132779179,0.000021902926,1,0,0,0,0
12071987,12/07/1987,"December 07, 1987",1,6397655,0.061972948314,0.000021902926,1,0,0,0,0
01061988,01/06/1988,"January 06, 1988",1,7460336,0.071888405515,0.000021902926,1,0,0,0,0
01081988,01/08/1988,"January 08, 1988",1,767125,0.007641841592,0.000021902926,1,0,0,0,0
01121988,01/12/1988,"January 12, 1988",1,2203239,0.021791391160,0.000021902926,1,0,0,0,0
03021988,03/02/1988,"March 02, 1988",1,340808,0.003402219325,0.000021902926,1,0,0,0,0
03121988,03/12/1988,"March 12, 1988",1,3910447,0.038349702380,0.000021902926,1,0,0,0,0
03191988,03/19/1988,"March 19, 1988",1,6575395,0.063638716805,0.000021902926,1,0,0,0,0
03231988,03/23/1988,"March 23, 1988",1,288939,0.002885159932,0.000021902926,1,0,0,0,0
04041988,04/04/1988,"April 04, 1988",1,4826253,0.047116349581,0.000021902926,1,0,0,0,0
04071988,04/07/1988,"April 07, 1988",1,9353125,0.089290388903,0.000021902926,1,0,0,0,0
04211988,04/21/1988,"April 21, 1988",1,3110576,0.030626895379,0.000021902926,1,0,0,0,0
04241988,04/24/1988,"April 24, 1988",1,510412,0.005091056470,0.000021902926,1,0,0,0,0
04251988,04/25/1988,"April 25, 1988",1,8260161,0.079282066559,0.000021902926,1,0,0,0,0
05141988,05/14/1988,"May 14, 1988",1,3387929,0.033311755801,0.000021902926,1,0,0,0,0
06181988,06/18/1988,"June 18, 1988",1,993038,0.009881177273,0.000021902926,1,0,0,0,0
06281988,06/28/1988,"June 28, 1988",1,5827480,0.056609275890,0.000021902926,1,0,0,0,0
07031988,07/03/1988,"July 03, 1988",1,1178294,0.011713733833,0.000021902926,1,0,0,0,0
07121988,07/12/1988,"July 12, 1988",1,2218459,0.021940263183,0.000021902926,1,0,0,0,0
07201988,07/20/1988,"July 20, 1988",1,1779890,0.017641376431,0.000021902926,1,0,0,0,0
07251988,07/25/1988,"July 25, 1988",1,9466151,0.090319146068,0.000021902926,1,0,0,0,0
07301988,07/30/1988,"July 30, 1988",1,4141663,0.040570623203,0.000021902926,1,0,0,0,0
08201988,08/20/1988,"August 20, 1988",1,9936275,0.094585737136,0.000021902926,1,0,0,0,0
09011988,09/01/1988,"September 01, 1988",1,3230986,0.031793415102,0.000021902926,1,0,0,0,0
09031988,09/03/1988,"September 03, 1988",1,314930,0.003144286377,0.000021902926,1,0,0,0,0
09071988,09/07/1988,"September 07, 1988",1,4748928,0.046379247345,0.000021902926,1,0,0,0,0
09211988,09/21/1988,"September 21, 1988",1,2238217,0.022133489138,0.000021902926,1,0,0,0,0
09291988,09/29/1988,"September 29, 1988",1,3778033,0.037075499317,0.000021902926,1,0,0,0,0
10051988,10/05/1988,"October 05, 1988",1,6481913,0.062762978277,0.000021902926,1,0,0,0,0
10131988,10/13/1988,"October 13, 1988",1,9045154,0.086481344077,0.000021902926,1,0,0,0,0
10221988,10/22/1988,"October 22, 1988",1,3388289,0.033315235872,0.000021902926,1,0,0,0,0
10261988,10/26/1988,"October 26, 1988",1,6756900,0.065336717925,0.000021902926,1,0,0,0,0
10301988,10/30/1988,"October 30, 1988",1,4582393,0.044789811893,0.000021902926,1,0,0,0,0
10311988,10/31/1988,"October 31, 1988",1,9458800,0.090252272970,0.000021902926,1,0,0,0,0
11031988,11/03/1988,"November 03, 1988",1,7677927,0.073905697316,0.000021902926,1,0,0,0,0
11081988,11/08/1988,"November 08, 1988",1,4188957,0.041024268455,0.000021902926,1,0,0,0,0
11211988,11/21/1988,"November 21, 1988",1,4193642,0.041069195416,0.000021902926,1,0,0,0,0
11231988,11/23/1988,"November 23, 1988",1,3560603,0.034979534752,0.000021902926,1,0,0,0,0
11281988,11/28/1988,"November 28, 1988",1,5419217,0.052749887713,0.000021902926,1,0,0,0,0
12171988,12/17/1988,"December 17, 1988",1,2526352,0.024947009522,0.000021902926,1,0,0,0,0
12241988,12/24/1988,"December 24, 1988",1,3056000,0.030097705916,0.000021902926,1,0,0,0,0
12261988,12/26/1988,"December 26, 1988",1,3873594,0.037995240081,0.000021902926,1,0,0,0,0
01051989,01/05/1989,"January 05, 1989",1,2531217,0.024994444697,0.000021902926,1,0,0,0,0
01111989,01/11/1989,"January 11, 1989",1,2559426,0.025269445227,0.000021902926,1,0,0,0,0
01141989,01/14/1989,"January 14, 1989",1,7903040,0.075988111233,0.000021902926,1,0,0,0,0
01241989,01/24/1989,"January 24, 1989",1,8430561,0.080849633987,0.000021902926,1,0,0,0,0
01261989,01/26/1989,"January 26, 1989",1,5153834,0.050232708316,0.000021902926,1,0,0,0,0
02261989,02/26/1989,"February 26, 1989",1,2146564,0.021236834293,0.000021902926,1,0,0,0,0
03011989,03/01/1989,"March 01, 1989",1,5322524,0.051833520192,0.000021902926,1,0,0,0,0
03031989,03/03/1989,"March 03, 1989",1,8193576,0.078668802369,0.000021902926,1,0,0,0,0
03081989,03/08/1989,"March 08, 1989",1,1317812,0.013091609664,0.000021902926,1,0,0,0,0
03161989,03/16/1989,"March 16, 1989",1,9961600,0.094815004268,0.000021902926,1,0,0,0,0
03251989,03/25/1989,"March 25, 1989",1,8971837,0.085811334012,0.000021902926,1,0,0,0,0
03281989,03/28/1989,"March 28, 1989",1,130247,0.001301562245,0.000021902926,1,0,0,0,0
04031989,04/03/1989,"April 03, 1989",1,7777863,0.074830736627,0.000021902926,1,0,0,0,0
04191989,04/19/1989,"April 19, 1989",1,2965671,0.029221207057,0.000021902926,1,0,0,0,0
04251989,04/25/1989,"April 25, 1989",1,4535554,0.044342296191,0.000021902926,1,0,0,0,0
05011989,05/01/1989,"May 01, 1989",1,1961173,0.019420612419,0.000021902926,1,0,0,0,0
05101989,05/10/1989,"May 10, 1989",1,5597866,0.054440629886,0.000021902926,1,0,0,0,0
05131989,05/13/1989,"May 13, 1989",1,8303273,0.079678920927,0.000021902926,1,0,0,0,0
05281989,05/28/1989,"May 28, 1989",1,683948,0.006816084466,0.000021902926,1,0,0,0,0
05291989,05/29/1989,"May 29, 1989",1,6387823,0.061880716959,0.000021902926,1,0,0,0,0
06061989,06/06/1989,"June 06, 1989",1,611814,0.006099402719,0.000021902926,1,0,0,0,0
06121989,06/12/1989,"June 12, 1989",1,7575259,0.072954406556,0.000021902926,1,0,0,0,0
06201989,06/20/1989,"June 20, 1989",1,5253798,0.051181659318,0.000021902926,1,0,0,0,0
06281989,06/28/1989,"June 28, 1989",1,1427296,0.014171525182,0.000021902926,1,0,0,0,0
07011989,07/01/1989,"July 01, 1989",1,7025062,0.067839772080,0.000021902926,1,0,0,0,0
07131989,07/13/1989,"July 13, 1989",1,9683567,0.092294789352,0.000021902926,1,0,0,0,0
07241989,07/24/1989,"July 24, 1989",1,6873116,0.066422315275,0.000021902926,1,0,0,0,0
07281989,07/28/1989,"July 28, 1989",1,9354014,0.089298485076,0.000021902926,1,0,0,0,0
08071989,08/07/1989,"August 07, 1989",1,5733171,0.055719153856,0.000021902926,1,0,0,0,0
08111989,08/11/1989,"August 11, 1989",2,641009,0.006389529648,0.000021902926,2,0,0,0,0
08301989,08/30/1989,"August 30, 1989",1,6186650,0.059991574650,0.000021902926,1,0,0,0,0
09041989,09/04/1989,"September 04, 1989",1,1676031,0.016620578574,0.000021902926,1,0,0,0,0
09141989,09/14/1989,"September 14, 1989",1,5307400,0.051690108648,0.000021902926,1,0,0,0,0
09181989,09/18/1989,"September 18, 1989",1,5368103,0.052265586523,0.000021902926,1,0,0,0,0
10091989,10/09/1989,"October 09, 1989",1,231258,0.002309848209,0.000021902926,1,0,0,0,0
11041989,11/04/1989,"November 04, 1989",1,8875853,0.084933437902,0.000021902926,1,0,0,0,0
11201989,11/20/1989,"November 20, 1989",1,4694899,0.045863876371,0.000021902926,1,0,0,0,0
12011989,12/01/1989,"December 01, 1989",1,8395512,0.080527424510,0.000021902926,1,0,0,0,0
12061989,12/06/1989,"December 06, 1989",1,1172746,0.011658902190,0.000021902926,1,0,0,0,0
12071989,12/07/1989,"December 07, 1989",2,2663603,0.026284361541,0.000021902926,2,0,0,0,0
12161989,12/16/1989,"December 16, 1989",1,7410178,0.071422766529,0.000021902926,1,0,0,0,0
12191989,12/19/1989,"December 19, 1989",1,7548959,0.072710561498,0.000021902926,1,0,0,0,0
12211989,12/21/1989,"December 21, 1989",1,3392396,0.033354936801,0.000021902926,1,0,0,0,0
01171990,01/17/1990,"January 17, 1990",1,3663850,0.035975375265,0.000021902926,1,0,0,0,0
01211990,01/21/1990,"January 21, 1990",1,6186310,0.059988378616,0.000021902926,1,0,0,0,0
03051990,03/05/1990,"March 05, 1990",1,2030775,0.020102877828,0.000021902926,1,0,0,0,0
03111990,03/11/1990,"March 11, 1990",1,2264414,0.022389627279,0.000021902926,1,0,0,0,0
03191990,03/19/1990,"March 19, 1990",1,7581989,0.073016794626,0.000021902926,1,0,0,0,0
04171990,04/17/1990,"April 17, 1990",1,2382623,0.023544567979,0.000021902926,1,0,0,0,0
04231990,04/23/1990,"April 23, 1990",1,499315,0.004980645297,0.000021902926,1,0,0,0,0
05041990,05/04/1990,"May 04, 1990",1,2548468,0.025162628400,0.000021902926,1,0,0,0,0
05151990,05/15/1990,"May 15, 1990",1,1372473,0.013630916256,0.000021902926,1,0,0,0,0
05241990,05/24/1990,"May 24, 1990",2,2672729,0.026373218777,0.000021902926,2,0,0,0,0
05281990,05/28/1990,"May 28, 1990",1,2265871,0.022403870958,0.000021902926,1,0,0,0,0
05291990,05/29/1990,"May 29, 1990",1,9189073,0.087795125388,0.000021902926,1,0,0,0,0
06181990,06/18/1990,"June 18, 1990",1,1102813,0.010967483866,0.000021902926,1,0,0,0,0
06191990,06/19/1990,"June 19, 1990",1,4630494,0.045249167064,0.000021902926,1,0,0,0,0
06261990,06/26/1990,"June 26, 1990",1,3615370,0.035507902816,0.000021902926,1,0,0,0,0
07061990,07/06/1990,"July 06, 1990",2,7289116,0.070297931611,0.000021902926,2,0,0,0,0
07231990,07/23/1990,"July 23, 1990",3,1456864,0.014462971859,0.000021902926,3,0,0,0,0
08011990,08/01/1990,"August 01, 1990",1,7394417,0.071276401936,0.000021902926,1,0,0,0,0
08091990,08/09/1990,"August 09, 1990",1,4738480,0.046279607843,0.000021902926,1,0,0,0,0
09031990,09/03/1990,"September 03, 1990",1,4463794,0.043656270099,0.000021902926,1,0,0,0,0
09271990,09/27/1990,"September 27, 1990",1,5986582,0.058109036024,0.000021902926,1,0,0,0,0
10031990,10/03/1990,"October 03, 1990",1,7938757,0.076318081631,0.000021902926,1,0,0,0,0
10171990,10/17/1990,"October 17, 1990",1,3953302,0.038761729326,0.000021902926,1,1,0,0,0
11011990,11/01/1990,"November 01, 1990",1,4646593,0.045402860030,0.000021902926,1,0,0,0,0
11141990,11/14/1990,"November 14, 1990",1,5414394,0.052704200738,0.000021902926,1,0,0,0,0
11171990,11/17/1990,"November 17, 1990",1,3742958,0.036737694306,0.000021902926,1,0,0,0,0
11211990,11/21/1990,"November 21, 1990",1,1389388,0.013797746478,0.000021902926,1,0,0,0,0
01071991,01/07/1991,"January 07, 1991",1,706493,0.007039972543,0.000021902926,1,0,0,0,0
01201991,01/20/1991,"January 20, 1991",1,8205786,0.078781290042,0.000021902926,1,0,0,0,0
01251991,01/25/1991,"January 25, 1991",1,4159767,0.040744302577,0.000021902926,1,0,0,0,0
01261991,01/26/1991,"January 26, 1991",1,916130,0.009119403787,0.000021902926,1,1,0,0,0
01281991,01/28/1991,"January 28, 1991",1,2956144,0.029128716555,0.000021902926,1,0,0,0,0
02041991,02/04/1991,"February 04, 1991",1,348502,0.003478894610,0.000021902926,1,0,0,0,0
02261991,02/26/1991,"February 26, 1991",1,8707440,0.083391048409,0.000021902926,1,0,0,0,0
03051991,03/05/1991,"March 05, 1991",1,7655473,0.073697728752,0.000021902926,1,0,0,0,0
03171991,03/17/1991,"March 17, 1991",1,426390,0.004254762783,0.000021902926,1,0,0,0,0
03181991,03/18/1991,"March 18, 1991",1,7540858,0.072635438737,0.000021902926,1,0,0,0,0
03241991,03/24/1991,"March 24, 1991",1,741998,0.007392460426,0.000021902926,1,0,0,0,0
04141991,04/14/1991,"April 14, 1991",1,2570064,0.025373131550,0.000021902926,1,0,0,0,0
04181991,04/18/1991,"April 18, 1991",1,766889,0.007639499624,0.000021902926,1,0,0,0,0
04261991,04/26/1991,"April 26, 1991",1,9125732,0.087217142662,0.000021902926,1,0,0,0,0
05121991,05/12/1991,"May 12, 1991",1,3973003,0.038951084226,0.000021902926,1,0,0,0,0
05141991,05/14/1991,"May 14, 1991",1,1272502,0.012644340147,0.000021902926,1,0,0,0,0
05151991,05/15/1991,"May 15, 1991",1,5168793,0.050374773381,0.000021902926,1,1,0,0,0
05231991,05/23/1991,"May 23, 1991",1,7729101,0.074379495578,0.000021902926,1,0,0,0,0
05291991,05/29/1991,"May 29, 1991",1,3829302,0.037569054553,0.000021902926,1,0,0,0,0
06011991,06/01/1991,"June 01, 1991",1,2114378,0.020921758875,0.000021902926,1,0,0,0,0
06151991,06/15/1991,"June 15, 1991",1,2370044,0.023421731924,0.000021902926,1,0,0,0,0
07041991,07/04/1991,"July 04, 1991",1,9391020,0.089635436932,0.000021902926,1,0,0,0,0
07071991,07/07/1991,"July 07, 1991",1,7450343,0.071795654688,0.000021902926,1,0,0,0,0
07241991,07/24/1991,"July 24, 1991",1,4978880,0.048569598017,0.000021902926,1,0,0,0,0
07281991,07/28/1991,"July 28, 1991",1,4814637,0.047005656186,0.000021902926,1,0,0,0,0
07311991,07/31/1991,"July 31, 1991",1,3256740,0.032042734922,0.000021902926,1,0,0,0,0
08041991,08/04/1991,"August 04, 1991",2,376173,0.003754603820,0.000021902926,2,0,0,0,0
08071991,08/07/1991,"August 07, 1991",1,8441408,0.080949328821,0.000021902926,1,0,0,0,0
08211991,08/21/1991,"August 21, 1991",1,2395605,0.023671323197,0.000021902926,1,0,0,0,0
08231991,08/23/1991,"August 23, 1991",1,6731763,0.065101742082,0.000021902926,1,0,0,0,0
08291991,08/29/1991,"August 29, 1991",1,821778,0.008184046923,0.000021902926,1,0,0,0,0
09061991,09/06/1991,"September 06, 1991",1,2203265,0.021791645495,0.000021902926,1,0,0,0,0
09191991,09/19/1991,"September 19, 1991",1,6067263,0.058868656604,0.000021902926,1,0,0,0,0
09231991,09/23/1991,"September 23, 1991",1,144960,0.001448489939,0.000021902926,1,0,0,0,0
09271991,09/27/1991,"September 27, 1991",1,2757640,0.027199584134,0.000021902926,1,0,0,0,0
10071991,10/07/1991,"October 07, 1991",1,1567732,0.015555011589,0.000021902926,1,0,0,0,0
10121991,10/12/1991,"October 12, 1991",1,3070900,0.030242210593,0.000021902926,1,0,0,0,0
10211991,10/21/1991,"October 21, 1991",1,8667817,0.083027788478,0.000021902926,1,0,0,0,0
11111991,11/11/1991,"November 11, 1991",1,3930927,0.038546628197,0.000021902926,1,0,0,0,0
11171991,11/17/1991,"November 17, 1991",1,5164096,0.050330168436,0.000021902926,1,0,0,0,0
11191991,11/19/1991,"November 19, 1991",1,8850189,0.084698565079,0.000021902926,1,0,0,0,0
11231991,11/23/1991,"November 23, 1991",1,7177507,0.069259721159,0.000021902926,1,0,0,0,0
11271991,11/27/1991,"November 27, 1991",1,7111476,0.068644941088,0.000021902926,1,0,0,0,0
01071992,01/07/1992,"January 07, 1992",1,3799237,0.037279656184,0.000021902926,1,0,0,0,0
01091992,01/09/1992,"January 09, 1992",1,1217173,0.012097894971,0.000021902926,1,0,0,0,0
01241992,01/24/1992,"January 24, 1992",1,7239390,0.069835512994,0.000021902926,1,0,0,0,0
01251992,01/25/1992,"January 25, 1992",1,4363210,0.042693857376,0.000021902926,1,0,0,0,0
02081992,02/08/1992,"February 08, 1992",2,3567622,0.035047267162,0.000021902926,2,0,0,0,0
02121992,02/12/1992,"February 12, 1992",1,1320036,0.013113558263,0.000021902926,1,0,0,0,0
02161992,02/16/1992,"February 16, 1992",1,4530971,0.044298497394,0.000021902926,1,0,0,0,0
02211992,02/21/1992,"February 21, 1992",1,910261,0.009061247297,0.000021902926,1,0,0,0,0
03151992,03/15/1992,"March 15, 1992",1,7371802,0.071066347341,0.000021902926,1,0,0,0,0
03251992,03/25/1992,"March 25, 1992",1,9314624,0.088939689085,0.000021902926,1,0,0,0,0
03261992,03/26/1992,"March 26, 1992",1,3417647,0.033598993534,0.000021902926,1,0,0,0,0
04051992,04/05/1992,"April 05, 1992",1,2260623,0.022352565367,0.000021902926,1,0,0,0,0
04151992,04/15/1992,"April 15, 1992",1,2921968,0.028796854876,0.000021902926,1,0,0,0,0
04201992,04/20/1992,"April 20, 1992",1,7108692,0.068619011802,0.000021902926,1,0,0,0,0
04281992,04/28/1992,"April 28, 1992",1,7724305,0.074335101754,0.000021902926,1,0,0,0,0
06011992,06/01/1992,"June 01, 1992",1,6179789,0.059927078459,0.000021902926,1,0,0,0,0
06031992,06/03/1992,"June 03, 1992",1,5055434,0.049297677332,0.000021902926,1,0,0,0,0
06061992,06/06/1992,"June 06, 1992",1,8474059,0.081249359075,0.000021902926,1,0,0,0,0
06141992,06/14/1992,"June 14, 1992",1,5469616,0.053227172018,0.000021902926,1,0,0,0,0
07131992,07/13/1992,"July 13, 1992",1,5431192,0.052863314123,0.000021902926,1,0,0,0,0
07171992,07/17/1992,"July 17, 1992",1,4033632,0.039533581980,0.000021902926,1,0,0,0,0
07311992,07/31/1992,"July 31, 1992",1,4101882,0.040188876672,0.000021902926,1,0,0,0,0
08021992,08/02/1992,"August 02, 1992",1,5705986,0.055462416210,0.000021902926,1,0,0,0,0
08141992,08/14/1992,"August 14, 1992",1,8352539,0.080132214645,0.000021902926,1,0,0,0,0
08151992,08/15/1992,"August 15, 1992",1,7125771,0.068778068780,0.000021902926,1,0,0,0,0
08161992,08/16/1992,"August 16, 1992",1,7291578,0.070320820594,0.000021902926,1,0,0,0,0
09051992,09/05/1992,"September 05, 1992",1,2623717,0.025895907854,0.000021902926,1,0,0,0,0
09091992,09/09/1992,"September 09, 1992",1,5848419,0.056806791796,0.000021902926,1,0,0,0,0
10171992,10/17/1992,"October 17, 1992",1,7570680,0.072911956166,0.000021902926,1,0,0,0,0
10251992,10/25/1992,"October 25, 1992",1,712114,0.007095785258,0.000021902926,1,0,0,0,0
11111992,11/11/1992,"November 11, 1992",1,6931414,0.066966413784,0.000021902926,1,0,0,0,0
11121992,11/12/1992,"November 12, 1992",1,7383656,0.071176456611,0.000021902926,1,0,0,0,0
11171992,11/17/1992,"November 17, 1992",1,5159592,0.050287394343,0.000021902926,1,0,0,0,0
12011992,12/01/1992,"December 01, 1992",1,1643694,0.016302531747,0.000021902926,1,0,0,0,0
01281993,01/28/1993,"January 28, 1993",1,3075535,0.030287157826,0.000021902926,1,0,0,0,0
01301993,01/30/1993,"January 30, 1993",1,1392124,0.013824728603,0.000021902926,1,0,0,0,0
02051993,02/05/1993,"February 05, 1993",1,5484170,0.053364955310,0.000021902926,1,0,0,0,0
02271993,02/27/1993,"February 27, 1993",1,7658084,0.073721914188,0.000021902926,1,0,0,0,0
03161993,03/16/1993,"March 16, 1993",1,9499857,0.090625711431,0.000021902926,1,0,0,0,0
04031993,04/03/1993,"April 03, 1993",1,514602,0.005132742282,0.000021902926,1,0,0,0,0
06121993,06/12/1993,"June 12, 1993",1,8686908,0.083202830936,0.000021902926,1,0,0,0,0
06131993,06/13/1993,"June 13, 1993",1,5168171,0.050368866694,0.000021902926,1,0,0,0,0
06171993,06/17/1993,"June 17, 1993",1,9059085,0.086608597499,0.000021902926,1,0,0,0,0
07061993,07/06/1993,"July 06, 1993",1,9948119,0.094692968052,0.000021902926,1,0,0,0,0
07241993,07/24/1993,"July 24, 1993",2,3724356,0.036558491583,0.000021902926,2,0,0,0,0
08111993,08/11/1993,"August 11, 1993",1,3415968,0.033582767524,0.000021902926,1,0,0,0,0
08221993,08/22/1993,"August 22, 1993",1,7116275,0.068689635746,0.000021902926,1,0,0,0,0
08261993,08/26/1993,"August 26, 1993",1,3639567,0.035741252739,0.000021902926,1,0,0,0,0
08311993,08/31/1993,"August 31, 1993",1,7704333,0.074150209496,0.000021902926,1,0,0,0,0
09021993,09/02/1993,"September 02, 1993",1,8928882,0.085418559915,0.000021902926,1,0,0,0,0
09131993,09/13/1993,"September 13, 1993",1,8889586,0.085059095365,0.000021902926,1,0,0,0,0
10131993,10/13/1993,"October 13, 1993",1,2824922,0.027853883579,0.000021902926,1,0,0,0,0
10191993,10/19/1993,"October 19, 1993",1,3862617,0.037889635022,0.000021902926,1,0,0,0,0
10211993,10/21/1993,"October 21, 1993",1,2055621,0.020346312826,0.000021902926,1,0,0,0,0
10241993,10/24/1993,"October 24, 1993",1,185400,0.001852222533,0.000021902926,1,0,0,0,0
10311993,10/31/1993,"October 31, 1993",2,1645893,0.016324163016,0.000021902926,2,0,0,0,0
11071993,11/07/1993,"November 07, 1993",1,8425025,0.080798748414,0.000021902926,1,0,0,0,0
11111993,11/11/1993,"November 11, 1993",1,5723214,0.055625127130,0.000021902926,1,0,0,0,0
11131993,11/13/1993,"November 13, 1993",1,9267449,0.088509794986,0.000021902926,1,0,0,0,0
12181993,12/18/1993,"December 18, 1993",1,645826,0.006437390712,0.000021902926,1,0,0,0,0
01051994,01/05/1994,"January 05, 1994",1,6529647,0.063210252242,0.000021902926,1,0,0,0,0
01091994,01/09/1994,"January 09, 1994",1,1211150,0.012038391835,0.000021902926,1,0,0,0,0
01221994,01/22/1994,"January 22, 1994",1,1285545,0.012773112549,0.000021902926,1,0,0,0,0
01251994,01/25/1994,"January 25, 1994",1,4962047,0.048409430256,0.000021902926,1,0,0,0,0
01301994,01/30/1994,"January 30, 1994",1,7651042,0.073656683388,0.000021902926,1,0,0,0,0
02161994,02/16/1994,"February 16, 1994",1,3779776,0.037092282945,0.000021902926,1,0,0,0,0
02191994,02/19/1994,"February 19, 1994",1,2117028,0.020947704105,0.000021902926,1,0,0,0,0
03071994,03/07/1994,"March 07, 1994",1,2240396,0.022154796617,0.000021902926,1,0,0,0,0
03131994,03/13/1994,"March 13, 1994",1,3367221,0.033111553269,0.000021902926,1,0,0,0,0
04011994,04/01/1994,"April 01, 1994",1,4286260,0.041956926795,0.000021902926,1,0,0,0,0
04021994,04/02/1994,"April 02, 1994",1,7399194,0.071320766003,0.000021902926,1,0,0,0,0
04241994,04/24/1994,"April 24, 1994",1,9158587,0.087516988213,0.000021902926,1,0,0,0,0
05071994,05/07/1994,"May 07, 1994",1,7649182,0.073639453242,0.000021902926,1,0,0,0,0
06081994,06/08/1994,"June 08, 1994",1,9796212,0.093316698225,0.000021902926,1,0,0,0,0
08041994,08/04/1994,"August 04, 1994",1,1718565,0.017038760240,0.000021902926,1,0,0,0,0
08111994,08/11/1994,"August 11, 1994",1,4817021,0.047028375300,0.000021902926,1,0,0,0,0
09101994,09/10/1994,"September 10, 1994",1,3645830,0.035801642373,0.000021902926,1,0,0,0,0
09141994,09/14/1994,"September 14, 1994",1,9792421,0.093282325209,0.000021902926,1,0,0,0,0
09231994,09/23/1994,"September 23, 1994",1,5884051,0.057142810535,0.000021902926,1,0,0,0,0
09291994,09/29/1994,"September 29, 1994",1,1936180,0.019175505581,0.000021902926,1,0,0,0,0
10101994,10/10/1994,"October 10, 1994",1,9368121,0.089426948679,0.000021902926,1,0,0,0,0
10181994,10/18/1994,"October 18, 1994",1,1842381,0.018255070393,0.000021902926,1,0,0,0,0
10261994,10/26/1994,"October 26, 1994",1,5455201,0.053090684877,0.000021902926,1,0,0,0,0
11091994,11/09/1994,"November 09, 1994",2,499360,0.004981093056,0.000021902926,2,0,0,0,0
11211994,11/21/1994,"November 21, 1994",1,3741987,0.036728340983,0.000021902926,1,0,0,0,0
11251994,11/25/1994,"November 25, 1994",1,5416704,0.052726083018,0.000021902926,1,0,0,0,0
12131994,12/13/1994,"December 13, 1994",1,6647642,0.064314965434,0.000021902926,1,0,0,0,0
12141994,12/14/1994,"December 14, 1994",1,73826,0.000737927605,0.000021902926,1,0,0,0,0
01121995,01/12/1995,"January 12, 1995",1,174449,0.001742909384,0.000021902926,1,0,0,0,0
01261995,01/26/1995,"January 26, 1995",1,7067402,0.068234365184,0.000021902926,1,0,0,0,0
02101995,02/10/1995,"February 10, 1995",1,7137619,0.068888393420,0.000021902926,1,0,0,0,0
02171995,02/17/1995,"February 17, 1995",1,6365501,0.061671286597,0.000021902926,1,0,0,0,0
03041995,03/04/1995,"March 04, 1995",1,8373149,0.080321779862,0.000021902926,1,0,0,0,0
03171995,03/17/1995,"March 17, 1995",1,5302496,0.051643602390,0.000021902926,1,0,0,0,0
04191995,04/19/1995,"April 19, 1995",1,333041,0.003324810569,0.000021902926,1,0,0,0,0
04281995,04/28/1995,"April 28, 1995",1,5355526,0.052146382469,0.000021902926,1,0,0,0,0
05111995,05/11/1995,"May 11, 1995",1,875209,0.008713842560,0.000021902926,1,0,0,0,0
05161995,05/16/1995,"May 16, 1995",1,6865922,0.066355151279,0.000021902926,1,0,0,0,0
06011995,06/01/1995,"June 01, 1995",1,3564254,0.035014767006,0.000021902926,1,0,0,0,0
06091995,06/09/1995,"June 09, 1995",1,5657561,0.055004913117,0.000021902926,1,0,0,0,0
06161995,06/16/1995,"June 16, 1995",1,4048274,0.039674203180,0.000021902926,1,0,0,0,0
06301995,06/30/1995,"June 30, 1995",1,7221791,0.069671798939,0.000021902926,1,0,0,0,0
07261995,07/26/1995,"July 26, 1995",1,7931515,0.076251186164,0.000021902926,1,0,0,0,0
08091995,08/09/1995,"August 09, 1995",1,7598479,0.073169641555,0.000021902926,1,0,0,0,0
08131995,08/13/1995,"August 13, 1995",1,3488246,0.034281022206,0.000021902926,1,0,0,0,0
08141995,08/14/1995,"August 14, 1995",1,354506,0.003538723941,0.000021902926,1,0,0,0,0
09061995,09/06/1995,"September 06, 1995",1,6180722,0.059935849299,0.000021902926,1,0,0,0,0
09081995,09/08/1995,"September 08, 1995",1,7599028,0.073174729840,0.000021902926,1,0,0,0,0
10061995,10/06/1995,"October 06, 1995",1,7160320,0.069099741078,0.000021902926,1,0,0,0,0
10171995,10/17/1995,"October 17, 1995",1,260065,0.002597211421,0.000021902926,1,0,0,0,0
10251995,10/25/1995,"October 25, 1995",1,9829087,0.093614721373,0.000021902926,1,0,0,0,0
11131995,11/13/1995,"November 13, 1995",1,6172660,0.059860058271,0.000021902926,1,0,0,0,0
11171995,11/17/1995,"November 17, 1995",1,6916017,0.066822743541,0.000021902926,1,0,0,0,0
11221995,11/22/1995,"November 22, 1995",1,7636319,0.073520287820,0.000021902926,1,0,0,0,0
12151995,12/15/1995,"December 15, 1995",1,4330243,0.042378210230,0.000021902926,1,0,0,0,0
12171995,12/17/1995,"December 17, 1995",1,6341487,0.061445929280,0.000021902926,1,0,0,0,0
12291995,12/29/1995,"December 29, 1995",1,8595390,0.082363412443,0.000021902926,1,0,0,0,0
01101996,01/10/1996,"January 10, 1996",1,1246647,0.012389026334,0.000021902926,1,0,0,0,0
01231996,01/23/1996,"January 23, 1996",1,481678,0.004805138255,0.000021902926,1,0,0,0,0
01241996,01/24/1996,"January 24, 1996",1,3846102,0.037730729372,0.000021902926,1,0,0,0,0
02101996,02/10/1996,"February 10, 1996",1,5948065,0.057746178001,0.000021902926,1,0,0,0,0
03121996,03/12/1996,"March 12, 1996",1,3187755,0.031374759221,0.000021902926,1,0,0,0,0
03151996,03/15/1996,"March 15, 1996",1,8848234,0.084680670761,0.000021902926,1,0,0,0,0
04041996,04/04/1996,"April 04, 1996",1,4407714,0.043119802118,0.000021902926,1,0,0,0,0
04081996,04/08/1996,"April 08, 1996",1,2839909,0.027999568202,0.000021902926,1,0,0,0,0
04211996,04/21/1996,"April 21, 1996",1,3376785,0.033204022059,0.000021902926,1,0,0,0,0
05261996,05/26/1996,"May 26, 1996",1,7614316,0.073316412058,0.000021902926,1,0,0,0,0
05291996,05/29/1996,"May 29, 1996",1,9181498,0.087726023251,0.000021902926,1,0,0,0,0
06011996,06/01/1996,"June 01, 1996",1,1914609,0.018963909107,0.000021902926,1,0,0,0,0
06201996,06/20/1996,"June 20, 1996",1,2836213,0.027963642401,0.000021902926,1,0,0,0,0
06221996,06/22/1996,"June 22, 1996",1,9642758,0.091924288336,0.000021902926,1,0,0,0,0
07071996,07/07/1996,"July 07, 1996",1,696655,0.006942280329,0.000021902926,1,0,0,0,0
07121996,07/12/1996,"July 12, 1996",1,2841819,0.028018133233,0.000021902926,1,0,0,0,0
07131996,07/13/1996,"July 13, 1996",1,1548985,0.015370440385,0.000021902926,1,0,0,0,0
08061996,08/06/1996,"August 06, 1996",1,5538433,0.053878488548,0.000021902926,1,0,0,0,0
08241996,08/24/1996,"August 24, 1996",1,5415645,0.052716051334,0.000021902926,1,0,0,0,0
09041996,09/04/1996,"September 04, 1996",1,6223654,0.060339351022,0.000021902926,1,0,0,0,0
09201996,09/20/1996,"September 20, 1996",1,4000129,0.039211743003,0.000021902926,1,0,0,0,0
09291996,09/29/1996,"September 29, 1996",2,4060792,0.039794409240,0.000021902926,2,0,0,0,0
11031996,11/03/1996,"November 03, 1996",1,3251457,0.031991596388,0.000021902926,1,0,0,0,0
11051996,11/05/1996,"November 05, 1996",1,5891173,0.057209958433,0.000021902926,1,0,0,0,0
11191996,11/19/1996,"November 19, 1996",1,1245079,0.012373540472,0.000021902926,1,0,0,0,0
11201996,11/20/1996,"November 20, 1996",1,4988993,0.048665811310,0.000021902926,1,0,0,0,0
12061996,12/06/1996,"December 06, 1996",1,7842505,0.075428591295,0.000021902926,1,0,0,0,0
12081996,12/08/1996,"December 08, 1996",1,1826768,0.018101778589,0.000021902926,1,0,0,0,0
12141996,12/14/1996,"December 14, 1996",1,4093054,0.040104140805,0.000021902926,1,0,0,0,0
12251996,12/25/1996,"December 25, 1996",1,325609,0.003250734915,0.000021902926,1,0,0,0,0
01011997,01/01/1997,"January 01, 1997",1,3593899,0.035300794483,0.000021902926,1,0,0,0,0
01051997,01/05/1997,"January 05, 1997",1,7787056,0.074915783529,0.000021902926,1,0,0,0,0
01171997,01/17/1997,"January 17, 1997",1,7132839,0.068843885221,0.000021902926,1,0,0,0,0
01181997,01/18/1997,"January 18, 1997",1,9489137,0.090528221281,0.000021902926,1,0,0,0,0
02171997,02/17/1997,"February 17, 1997",1,1477400,0.014665340965,0.000021902926,1,0,0,0,0
03031997,03/03/1997,"March 03, 1997",1,3737444,0.036684578557,0.000021902926,1,0,0,0,0
03141997,03/14/1997,"March 14, 1997",1,3268582,0.032157353635,0.000021902926,1,0,0,0,0
03151997,03/15/1997,"March 15, 1997",1,3301338,0.032474328259,0.000021902926,1,0,0,0,0
03181997,03/18/1997,"March 18, 1997",1,6224564,0.060347901895,0.000021902926,1,0,0,0,0
03211997,03/21/1997,"March 21, 1997",1,8194544,0.078677720812,0.000021902926,1,0,0,0,0
06011997,06/01/1997,"June 01, 1997",1,4313704,0.042219816063,0.000021902926,1,0,0,0,0
06101997,06/10/1997,"June 10, 1997",1,4195546,0.041087453285,0.000021902926,1,0,0,0,0
06121997,06/12/1997,"June 12, 1997",2,1728584,0.017137238195,0.000021902926,2,0,0,0,0
06141997,06/14/1997,"June 14, 1997",1,6737841,0.065158563472,0.000021902926,1,0,0,0,0
07031997,07/03/1997,"July 03, 1997",1,3356533,0.033008206708,0.000021902926,1,0,0,0,0
07061997,07/06/1997,"July 06, 1997",1,7252879,0.069960974421,0.000021902926,1,0,0,0,0
07271997,07/27/1997,"July 27, 1997",1,2378025,0.023499669526,0.000021902926,1,0,0,0,0
08011997,08/01/1997,"August 01, 1997",1,5343539,0.052032756445,0.000021902926,1,0,0,0,0
08111997,08/11/1997,"August 11, 1997",1,9944776,0.094662703132,0.000021902926,1,0,0,0,0
09141997,09/14/1997,"September 14, 1997",1,328120,0.003275762976,0.000021902926,1,0,0,0,0
09151997,09/15/1997,"September 15, 1997",1,521714,0.005203494726,0.000021902926,1,0,0,0,0
09191997,09/19/1997,"September 19, 1997",1,6001965,0.058253915969,0.000021902926,1,0,0,0,0
09291997,09/29/1997,"September 29, 1997",1,733092,0.007304054861,0.000021902926,1,0,0,0,0
10051997,10/05/1997,"October 05, 1997",1,1666720,0.016529011852,0.000021902926,1,0,0,0,0
11011997,11/01/1997,"November 01, 1997",1,1825973,0.018093972467,0.000021902926,1,0,0,0,0
11131997,11/13/1997,"November 13, 1997",1,6399179,0.061987243738,0.000021902926,1,0,0,0,0
11281997,11/28/1997,"November 28, 1997",1,8808411,0.084316090552,0.000021902926,1,0,0,0,0
12021997,12/02/1997,"December 02, 1997",1,755714,0.007528597141,0.000021902926,1,0,0,0,0
12061997,12/06/1997,"December 06, 1997",1,1750479,0.017352412441,0.000021902926,1,0,0,0,0
12191997,12/19/1997,"December 19, 1997",1,9250982,0.088359687534,0.000021902926,1,0,0,0,0
12271997,12/27/1997,"December 27, 1997",1,8729069,0.083589280323,0.000021902926,1,0,0,0,0
12291997,12/29/1997,"December 29, 1997",1,8586596,0.082282711933,0.000021902926,1,0,0,0,0
12301997,12/30/1997,"December 30, 1997",1,5775780,0.056121416780,0.000021902926,1,0,0,0,0
12311997,12/31/1997,"December 31, 1997",1,3369877,0.033137233485,0.000021902926,1,0,0,0,0
01041998,01/04/1998,"January 04, 1998",1,3046594,0.030006472614,0.000021902926,1,0,0,0,0
01071998,01/07/1998,"January 07, 1998",1,9038886,0.086424082933,0.000021902926,1,0,0,0,0
01111998,01/11/1998,"January 11, 1998",1,140184,0.001400797979,0.000021902926,1,0,0,0,0
01151998,01/15/1998,"January 15, 1998",1,3652546,0.035866395761,0.000021902926,1,0,0,0,0
01221998,01/22/1998,"January 22, 1998",2,4123498,0.040396327025,0.000021902926,2,0,0,0,0
02041998,02/04/1998,"February 04, 1998",1,7434733,0.071650750679,0.000021902926,1,0,0,0,0
03051998,03/05/1998,"March 05, 1998",1,6717219,0.064965760589,0.000021902926,1,0,0,0,0
03231998,03/23/1998,"March 23, 1998",1,5874378,0.057051603547,0.000021902926,1,0,0,0,0
04211998,04/21/1998,"April 21, 1998",1,9724769,0.092668705021,0.000021902926,1,0,0,0,0
04221998,04/22/1998,"April 22, 1998",1,777129,0.007741112138,0.000021902926,1,0,0,0,0
05111998,05/11/1998,"May 11, 1998",2,1264675,0.012567056794,0.000021902926,2,0,0,0,0
05151998,05/15/1998,"May 15, 1998",1,8001864,0.076900805696,0.000021902926,1,0,0,0,0
06071998,06/07/1998,"June 07, 1998",1,2403966,0.023752950626,0.000021902926,1,0,0,0,0
06271998,06/27/1998,"June 27, 1998",1,517170,0.005158290145,0.000021902926,1,0,0,0,0
07071998,07/07/1998,"July 07, 1998",1,3822307,0.037501730153,0.000021902926,1,0,0,0,0
07081998,07/08/1998,"July 08, 1998",1,1828086,0.018114719922,0.000021902926,1,0,0,0,0
07191998,07/19/1998,"July 19, 1998",1,5525027,0.053751642995,0.000021902926,1,0,0,0,0
07301998,07/30/1998,"July 30, 1998",1,63423,0.000633968963,0.000021902926,1,0,0,0,0
07311998,07/31/1998,"July 31, 1998",1,3672937,0.036062972204,0.000021902926,1,0,0,0,0
08181998,08/18/1998,"August 18, 1998",1,779660,0.007766225893,0.000021902926,1,0,0,0,0
08221998,08/22/1998,"August 22, 1998",1,7817775,0.075199916509,0.000021902926,1,0,0,0,0
08281998,08/28/1998,"August 28, 1998",1,7345349,0.070820584015,0.000021902926,1,0,0,0,0
09041998,09/04/1998,"September 04, 1998",1,4452028,0.043543740074,0.000021902926,1,0,0,0,0
09091998,09/09/1998,"September 09, 1998",1,5546122,0.053951233035,0.000021902926,1,0,0,0,0
10061998,10/06/1998,"October 06, 1998",1,5663158,0.055057803012,0.000021902926,1,0,0,0,0
10181998,10/18/1998,"October 18, 1998",1,1519838,0.015083408576,0.000021902926,1,0,0,0,0
11021998,11/02/1998,"November 02, 1998",1,7083644,0.068385690270,0.000021902926,1,0,0,0,0
11071998,11/07/1998,"November 07, 1998",1,7028148,0.067868538102,0.000021902926,1,0,0,0,0
11101998,11/10/1998,"November 10, 1998",1,5796191,0.056314052179,0.000021902926,1,0,0,0,0
11151998,11/15/1998,"November 15, 1998",1,9396077,0.089681472904,0.000021902926,1,0,0,0,0
12021998,12/02/1998,"December 02, 1998",1,3209575,0.031586090193,0.000021902926,1,0,0,0,0
12121998,12/12/1998,"December 12, 1998",1,1567000,0.015547805425,0.000021902926,1,0,0,0,0
12171998,12/17/1998,"December 17, 1998",1,395140,0.003943543768,0.000021902926,1,0,0,0,0
01041999,01/04/1999,"January 04, 1999",1,7839113,0.075397229301,0.000021902926,1,0,0,0,0
02051999,02/05/1999,"February 05, 1999",1,6639481,0.064238601062,0.000021902926,1,0,0,0,0
02111999,02/11/1999,"February 11, 1999",1,5654883,0.054979605809,0.000021902926,1,0,0,0,0
02271999,02/27/1999,"February 27, 1999",1,7275876,0.070174830907,0.000021902926,1,0,0,0,0
04011999,04/01/1999,"April 01, 1999",1,889493,0.008855427764,0.000021902926,1,0,0,0,0
04041999,04/04/1999,"April 04, 1999",1,2443579,0.024139594788,0.000021902926,1,0,0,0,0
04071999,04/07/1999,"April 07, 1999",1,1177092,0.011701854561,0.000021902926,1,0,0,0,0
04281999,04/28/1999,"April 28, 1999",1,3969088,0.038913458425,0.000021902926,1,0,0,0,0
04301999,04/30/1999,"April 30, 1999",1,6688783,0.064699836443,0.000021902926,1,0,0,0,0
05021999,05/02/1999,"May 02, 1999",1,7610621,0.073282170467,0.000021902926,1,0,0,0,0
05031999,05/03/1999,"May 03, 1999",1,434554,0.004336052106,0.000021902926,1,0,0,0,0
05121999,05/12/1999,"May 12, 1999",1,1218289,0.012108919897,0.000021902926,1,0,0,0,0
05231999,05/23/1999,"May 23, 1999",1,8526075,0.081727132143,0.000021902926,1,0,0,0,0
05281999,05/28/1999,"May 28, 1999",1,3726916,0.036583155370,0.000021902926,1,0,0,0,0
06281999,06/28/1999,"June 28, 1999",1,1942700,0.019239453254,0.000021902926,1,0,0,0,0
07031999,07/03/1999,"July 03, 1999",1,3033148,0.029876038515,0.000021902926,1,0,0,0,0
07041999,07/04/1999,"July 04, 1999",1,254757,0.002544267876,0.000021902926,1,0,0,0,0
07171999,07/17/1999,"July 17, 1999",1,6706906,0.064869325535,0.000021902926,1,0,0,0,0
07211999,07/21/1999,"July 21, 1999",1,4788098,0.046752707451,0.000021902926,1,0,0,0,0
07301999,07/30/1999,"July 30, 1999",1,6415168,0.062137210609,0.000021902926,1,0,0,0,0
08241999,08/24/1999,"August 24, 1999",1,2671985,0.026365974966,0.000021902926,1,0,0,0,0
08291999,08/29/1999,"August 29, 1999",1,9153787,0.087473187976,0.000021902926,1,0,0,0,0
08301999,08/30/1999,"August 30, 1999",1,6948268,0.067123654015,0.000021902926,1,0,0,0,0
09131999,09/13/1999,"September 13, 1999",1,3127498,0.030790918819,0.000021902926,1,0,0,0,0
09281999,09/28/1999,"September 28, 1999",1,2390117,0.023617740808,0.000021902926,1,0,0,0,0
09301999,09/30/1999,"September 30, 1999",1,2468507,0.024382826954,0.000021902926,1,0,0,0,0
10061999,10/06/1999,"October 06, 1999",1,3549475,0.034872141298,0.000021902926,1,0,0,0,0
10271999,10/27/1999,"October 27, 1999",1,9476317,0.090411619524,0.000021902926,1,0,0,0,0
11031999,11/03/1999,"November 03, 1999",1,7937301,0.076304632725,0.000021902926,1,0,0,0,0
11081999,11/08/1999,"November 08, 1999",1,5185730,0.050535597787,0.000021902926,1,0,0,0,0
11161999,11/16/1999,"November 16, 1999",1,5469878,0.053229652560,0.000021902926,1,0,0,0,0
11261999,11/26/1999,"November 26, 1999",1,7754849,0.074617793668,0.000021902926,1,0,0,0,0
12031999,12/03/1999,"December 03, 1999",1,9676686,0.092232328007,0.000021902926,1,0,0,0,0
12071999,12/07/1999,"December 07, 1999",1,4412354,0.043164200330,0.000021902926,1,0,0,0,0
12091999,12/09/1999,"December 09, 1999",1,310902,0.003104132219,0.000021902926,1,0,0,0,0
01062000,01/06/2000,"January 06, 2000",1,5408114,0.052644708693,0.000021902926,1,0,0,0,0
01112000,01/11/2000,"January 11, 2000",1,3284984,0.032316086170,0.000021902926,1,0,0,0,0
01212000,01/21/2000,"January 21, 2000",1,361300,0.003606421221,0.000021902926,1,0,0,0,0
02262000,02/26/2000,"February 26, 2000",1,2781416,0.027430849669,0.000021902926,1,0,0,0,0
03102000,03/10/2000,"March 10, 2000",1,9724898,0.092669875478,0.000021902926,1,0,0,0,0
03282000,03/28/2000,"March 28, 2000",1,7878294,0.075759426955,0.000021902926,1,0,0,0,0
04022000,04/02/2000,"April 02, 2000",1,8645318,0.082821455688,0.000021902926,1,0,0,0,0
04052000,04/05/2000,"April 05, 2000",1,2689132,0.026532909682,0.000021902926,1,0,0,0,0
04132000,04/13/2000,"April 13, 2000",1,5648712,0.054921286801,0.000021902926,1,0,0,0,0
04272000,04/27/2000,"April 27, 2000",1,4622373,0.045171628600,0.000021902926,1,0,0,0,0
04282000,04/28/2000,"April 28, 2000",1,1368117,0.013587949083,0.000021902926,1,0,0,0,0
04302000,04/30/2000,"April 30, 2000",1,3286702,0.032332710837,0.000021902926,1,0,0,0,0
05052000,05/05/2000,"May 05, 2000",1,8502917,0.081514453885,0.000021902926,1,0,0,0,0
05072000,05/07/2000,"May 07, 2000",1,3625715,0.035607674364,0.000021902926,1,0,0,0,0
05132000,05/13/2000,"May 13, 2000",1,622,0.000006159981,0.000021902926,1,0,0,0,0
05172000,05/17/2000,"May 17, 2000",1,509963,0.005086589319,0.000021902926,1,0,0,0,0
05302000,05/30/2000,"May 30, 2000",1,4068927,0.039872518789,0.000021902926,1,0,0,0,0
06152000,06/15/2000,"June 15, 2000",1,9568513,0.091249837175,0.000021902926,1,0,0,0,0
06252000,06/25/2000,"June 25, 2000",1,9158323,0.087514579254,0.000021902926,1,0,0,0,0
07032000,07/03/2000,"July 03, 2000",1,6953605,0.067173440298,0.000021902926,1,0,0,0,0
07052000,07/05/2000,"July 05, 2000",1,5150047,0.050196739948,0.000021902926,1,0,0,0,0
07092000,07/09/2000,"July 09, 2000",1,9701264,0.092455411732,0.000021902926,1,0,0,0,0
07152000,07/15/2000,"July 15, 2000",2,8230293,0.079007025452,0.000021902926,2,0,0,0,0
07282000,07/28/2000,"July 28, 2000",1,4358524,0.042648996959,0.000021902926,1,0,0,0,0
07302000,07/30/2000,"July 30, 2000",1,7386542,0.071203262072,0.000021902926,1,0,0,0,0
08132000,08/13/2000,"August 13, 2000",1,2358313,0.023307162806,0.000021902926,1,0,0,0,0
08162000,08/16/2000,"August 16, 2000",1,2226270,0.022016656446,0.000021902926,1,0,0,0,0
08262000,08/26/2000,"August 26, 2000",1,6943353,0.067077802016,0.000021902926,1,0,0,0,0
08272000,08/27/2000,"August 27, 2000",1,1130188,0.011238194465,0.000021902926,1,0,0,0,0
09012000,09/01/2000,"September 01, 2000",1,3655736,0.035897151133,0.000021902926,1,0,0,0,0
09042000,09/04/2000,"September 04, 2000",1,8145933,0.078229747961,0.000021902926,1,0,0,0,0
10112000,10/11/2000,"October 11, 2000",1,9531200,0.090910691954,0.000021902926,1,0,0,0,0
10192000,10/19/2000,"October 19, 2000",1,8617840,0.082569398736,0.000021902926,1,0,0,0,0
11022000,11/02/2000,"November 02, 2000",1,2672679,0.026372731963,0.000021902926,1,0,0,0,0
11082000,11/08/2000,"November 08, 2000",2,1572603,0.015602962737,0.000021902926,2,0,0,0,0
11202000,11/20/2000,"November 20, 2000",1,864706,0.008609722306,0.000021902926,1,0,0,0,0
12142000,12/14/2000,"December 14, 2000",1,837142,0.008336417822,0.000021902926,1,0,0,0,0
12282000,12/28/2000,"December 28, 2000",1,698619,0.006961783792,0.000021902926,1,0,0,0,0
01012001,01/01/2001,"January 01, 2001",1,7473014,0.072006064046,0.000021902926,1,0,0,0,0
01022001,01/02/2001,"January 02, 2001",1,5651998,0.054952341577,0.000021902926,1,0,0,0,0
01052001,01/05/2001,"January 05, 2001",1,3087271,0.030400956648,0.000021902926,1,0,0,0,0
01092001,01/09/2001,"January 09, 2001",1,3571700,0.035086617132,0.000021902926,1,0,0,0,0
01162001,01/16/2001,"January 16, 2001",1,1595943,0.015832694197,0.000021902926,1,0,0,0,0
02012001,02/01/2001,"February 01, 2001",1,7996253,0.076849009147,0.000021902926,1,0,0,0,0
02052001,02/05/2001,"February 05, 2001",1,3186804,0.031365547551,0.000021902926,1,0,0,0,0
02072001,02/07/2001,"February 07, 2001",1,7211943,0.069580175705,0.000021902926,1,0,0,0,0
03022001,03/02/2001,"March 02, 2001",1,3713865,0.036457411631,0.000021902926,1,0,0,0,0
03142001,03/14/2001,"March 14, 2001",1,567121,0.005655099442,0.000021902926,1,0,0,0,0
04072001,04/07/2001,"April 07, 2001",1,5485996,0.053382240709,0.000021902926,1,0,0,0,0
04082001,04/08/2001,"April 08, 2001",1,1347176,0.013381362903,0.000021902926,1,0,0,0,0
04222001,04/22/2001,"April 22, 2001",1,4251033,0.041619377507,0.000021902926,1,0,0,0,0
04242001,04/24/2001,"April 24, 2001",1,2677259,0.026417323071,0.000021902926,1,0,0,0,0
05012001,05/01/2001,"May 01, 2001",1,2081610,0.020600881944,0.000021902926,1,0,0,0,0
05052001,05/05/2001,"May 05, 2001",1,1374380,0.013649726135,0.000021902926,1,0,0,0,0
05072001,05/07/2001,"May 07, 2001",1,9530558,0.090904855582,0.000021902926,1,0,0,0,0
05102001,05/10/2001,"May 10, 2001",1,6613061,0.063991340236,0.000021902926,1,0,0,0,0
05132001,05/13/2001,"May 13, 2001",1,840987,0.008374546554,0.000021902926,1,0,0,0,0
05162001,05/16/2001,"May 16, 2001",1,4534310,0.044330407735,0.000021902926,1,0,0,0,0
05172001,05/17/2001,"May 17, 2001",1,3233848,0.031821124778,0.000021902926,1,0,0,0,0
05212001,05/21/2001,"May 21, 2001",1,5670781,0.055129833211,0.000021902926,1,0,0,0,0
05272001,05/27/2001,"May 27, 2001",1,9285121,0.088670859305,0.000021902926,1,0,0,0,0
07032001,07/03/2001,"July 03, 2001",1,5158494,0.050276966441,0.000021902926,1,0,0,0,0
07232001,07/23/2001,"July 23, 2001",1,5849424,0.056816270840,0.000021902926,1,0,0,0,0
07272001,07/27/2001,"July 27, 2001",1,5801635,0.056365425044,0.000021902926,1,0,0,0,0
08022001,08/02/2001,"August 02, 2001",1,8465901,0.081174404339,0.000021902926,1,0,0,0,0
08102001,08/10/2001,"August 10, 2001",1,9530662,0.090905801041,0.000021902926,1,0,0,0,0
08152001,08/15/2001,"August 15, 2001",1,6471526,0.062665622410,0.000021902926,1,0,0,0,0
09042001,09/04/2001,"September 04, 2001",3,4681646,0.045737416330,0.000021902926,3,0,0,0,0
11012001,11/01/2001,"November 01, 2001",1,3544016,0.034819453530,0.000021902926,1,0,0,0,0
11202001,11/20/2001,"November 20, 2001",1,1041840,0.010364257180,0.000021902926,1,0,0,0,0
11262001,11/26/2001,"November 26, 2001",1,1010860,0.010057620528,0.000021902926,1,0,0,0,0
11302001,11/30/2001,"November 30, 2001",1,8955707,0.085663863486,0.000021902926,1,0,0,0,0
12012001,12/01/2001,"December 01, 2001",1,7797052,0.075008250327,0.000021902926,1,0,0,0,0
12082001,12/08/2001,"December 08, 2001",1,9905694,0.094308810056,0.000021902926,1,0,0,0,0
12192001,12/19/2001,"December 19, 2001",1,6762714,0.065391057669,0.000021902926,1,0,0,0,0
12202001,12/20/2001,"December 20, 2001",1,6818806,0.065915151521,0.000021902926,1,0,0,0,0
12232001,12/23/2001,"December 23, 2001",1,7815684,0.075180578737,0.000021902926,1,0,0,0,0
12302001,12/30/2001,"December 30, 2001",1,5324456,0.051851838592,0.000021902926,1,0,0,0,0
01042002,01/04/2002,"January 04, 2002",1,6434610,0.062319532171,0.000021902926,1,0,0,0,0
01092002,01/09/2002,"January 09, 2002",1,6348868,0.061515201400,0.000021902926,1,0,0,0,0
01152002,01/15/2002,"January 15, 2002",1,1050913,0.010454042759,0.000021902926,1,0,0,0,0
01242002,01/24/2002,"January 24, 2002",1,5757950,0.055953108223,0.000021902926,1,0,0,0,0
01282002,01/28/2002,"January 28, 2002",1,5314056,0.051753226054,0.000021902926,1,0,0,0,0
01292002,01/29/2002,"January 29, 2002",1,8846561,0.084665357340,0.000021902926,1,0,0,0,0
02012002,02/01/2002,"February 01, 2002",1,3572154,0.035090997829,0.000021902926,1,0,0,0,0
02062002,02/06/2002,"February 06, 2002",1,5797026,0.056321931924,0.000021902926,1,0,0,0,0
02142002,02/14/2002,"February 14, 2002",1,8768062,0.083946546699,0.000021902926,1,0,0,0,0
02252002,02/25/2002,"February 25, 2002",1,4876890,0.047598739135,0.000021902926,1,0,0,0,0
02282002,02/28/2002,"February 28, 2002",1,8600677,0.082411926608,0.000021902926,1,0,0,0,0
03072002,03/07/2002,"March 07, 2002",1,5175754,0.050440874493,0.000021902926,1,0,0,0,0
03092002,03/09/2002,"March 09, 2002",1,3056218,0.030099820301,0.000021902926,1,0,0,0,0
03142002,03/14/2002,"March 14, 2002",1,5499207,0.053507290122,0.000021902926,1,0,0,0,0
03172002,03/17/2002,"March 17, 2002",1,108869,0.001088037668,0.000021902926,1,0,0,0,0
04192002,04/19/2002,"April 19, 2002",1,5153135,0.050226069420,0.000021902926,1,0,0,0,0
04212002,04/21/2002,"April 21, 2002",1,7756200,0.074630295498,0.000021902926,1,0,0,0,0
04272002,04/27/2002,"April 27, 2002",1,4457133,0.043592565921,0.000021902926,1,0,0,0,0
05032002,05/03/2002,"May 03, 2002",2,2036251,0.020156535526,0.000021902926,2,0,0,0,0
05082002,05/08/2002,"May 08, 2002",1,7948508,0.076408145465,0.000021902926,1,0,0,0,0
05202002,05/20/2002,"May 20, 2002",1,205986,0.002057680088,0.000021902926,1,0,0,0,0
05282002,05/28/2002,"May 28, 2002",1,8819622,0.084418742122,0.000021902926,1,0,0,0,0
06042002,06/04/2002,"June 04, 2002",1,7156578,0.069064906138,0.000021902926,1,0,0,0,0
06232002,06/23/2002,"June 23, 2002",1,9052959,0.086552641427,0.000021902926,1,0,0,0,0
07022002,07/02/2002,"July 02, 2002",1,125507,0.001254222817,0.000021902926,1,0,0,0,0
07162002,07/16/2002,"July 16, 2002",1,2849522,0.028093002113,0.000021902926,1,0,0,0,0
07222002,07/22/2002,"July 22, 2002",1,247372,0.002470603049,0.000021902926,1,0,0,0,0
07292002,07/29/2002,"July 29, 2002",1,8113421,0.077930013291,0.000021902926,1,0,0,0,0
08022002,08/02/2002,"August 02, 2002",1,8306968,0.079712926163,0.000021902926,1,0,0,0,0
08182002,08/18/2002,"August 18, 2002",1,6794413,0.065687272410,0.000021902926,1,0,0,0,0
08282002,08/28/2002,"August 28, 2002",1,4835880,0.047208079275,0.000021902926,1,0,0,0,0
08292002,08/29/2002,"August 29, 2002",1,2948785,0.029057267507,0.000021902926,1,0,0,0,0
09162002,09/16/2002,"September 16, 2002",1,4943657,0.048234416657,0.000021902926,1,0,0,0,0
09252002,09/25/2002,"September 25, 2002",1,9014524,0.086201490453,0.000021902926,1,0,0,0,0
09302002,09/30/2002,"September 30, 2002",1,2651836,0.026169777679,0.000021902926,1,0,0,0,0
10092002,10/09/2002,"October 09, 2002",1,2993022,0.029486688460,0.000021902926,1,0,0,0,0
10122002,10/12/2002,"October 12, 2002",1,7512000,0.072367781251,0.000021902926,1,0,0,0,0
10172002,10/17/2002,"October 17, 2002",1,8432959,0.080871674949,0.000021902926,1,0,0,0,0
10192002,10/19/2002,"October 19, 2002",1,8432749,0.080869744777,0.000021902926,1,0,0,0,0
11202002,11/20/2002,"November 20, 2002",1,8261995,0.079298952372,0.000021902926,1,0,0,0,0
11262002,11/26/2002,"November 26, 2002",1,6092157,0.059102912684,0.000021902926,1,0,0,0,0
12232002,12/23/2002,"December 23, 2002",1,9234083,0.088205616418,0.000021902926,1,0,0,0,0
12262002,12/26/2002,"December 26, 2002",1,7999991,0.076883515886,0.000021902926,1,0,0,0,0
12272002,12/27/2002,"December 27, 2002",1,443869,0.004428793885,0.000021902926,1,0,0,0,0
12302002,12/30/2002,"December 30, 2002",1,5683695,0.055251845867,0.000021902926,1,0,0,0,0
01252003,01/25/2003,"January 25, 2003",1,6678532,0.064603953908,0.000021902926,1,0,0,0,0
02032003,02/03/2003,"February 03, 2003",1,5188005,0.050557197857,0.000021902926,1,0,0,0,0
02082003,02/08/2003,"February 08, 2003",1,5271111,0.051345914019,0.000021902926,1,0,0,0,0
02132003,02/13/2003,"February 13, 2003",1,5830126,0.056634237678,0.000021902926,1,0,0,0,0
02192003,02/19/2003,"February 19, 2003",1,4138453,0.040539825025,0.000021902926,1,0,0,0,0
02232003,02/23/2003,"February 23, 2003",1,9363993,0.089389359447,0.000021902926,1,0,0,0,0
02282003,02/28/2003,"February 28, 2003",1,8057586,0.077415031753,0.000021902926,1,0,0,0,0
03052003,03/05/2003,"March 05, 2003",1,9223189,0.088106280126,0.000021902926,1,0,0,0,0
04032003,04/03/2003,"April 03, 2003",1,4558922,0.044565588195,0.000021902926,1,0,0,0,0
04112003,04/11/2003,"April 11, 2003",1,8247388,0.079164455746,0.000021902926,1,0,0,0,0
04122003,04/12/2003,"April 12, 2003",1,4910501,0.047918796936,0.000021902926,1,0,0,0,0
04142003,04/14/2003,"April 14, 2003",1,7786936,0.074914673427,0.000021902926,1,0,0,0,0
04302003,04/30/2003,"April 30, 2003",1,5451822,0.053058688270,0.000021902926,1,0,0,0,0
05112003,05/11/2003,"May 11, 2003",1,1262857,0.012549105100,0.000021902926,1,0,0,0,0
05222003,05/22/2003,"May 22, 2003",1,6144153,0.059592014371,0.000021902926,1,0,0,0,0
05292003,05/29/2003,"May 29, 2003",1,8315970,0.079795766677,0.000021902926,1,0,0,0,0
06072003,06/07/2003,"June 07, 2003",1,417118,0.004162433003,0.000021902926,1,0,0,0,0
06092003,06/09/2003,"June 09, 2003",1,1259812,0.012519036762,0.000021902926,1,1,0,0,0
06112003,06/11/2003,"June 11, 2003",2,9801514,0.093364769299,0.000021902926,2,0,0,0,0
07052003,07/05/2003,"July 05, 2003",2,2293490,0.022673835953,0.000021902926,2,0,0,0,0
07072003,07/07/2003,"July 07, 2003",1,6776275,0.065517791396,0.000021902926,1,0,0,0,0
07162003,07/16/2003,"July 16, 2003",1,7609970,0.073276137514,0.000021902926,1,0,0,0,0
07292003,07/29/2003,"July 29, 2003",1,6556767,0.063464275177,0.000021902926,1,0,0,0,0
08052003,08/05/2003,"August 05, 2003",1,3022666,0.029774344790,0.000021902926,1,0,0,0,0
08062003,08/06/2003,"August 06, 2003",1,1972392,0.019530617450,0.000021902926,1,0,0,0,0
09072003,09/07/2003,"September 07, 2003",1,1865434,0.018481365968,0.000021902926,1,0,0,0,0
09112003,09/11/2003,"September 11, 2003",1,9530386,0.090903291937,0.000021902926,1,0,0,0,0
09132003,09/13/2003,"September 13, 2003",2,4947108,0.048267261520,0.000021902926,2,0,0,0,0
10012003,10/01/2003,"October 01, 2003",1,4691070,0.045827341799,0.000021902926,1,0,0,0,0
10202003,10/20/2003,"October 20, 2003",1,4288989,0.041983071434,0.000021902926,1,0,0,0,0
11212003,11/21/2003,"November 21, 2003",1,6790391,0.065649693596,0.000021902926,1,0,0,0,0
12132003,12/13/2003,"December 13, 2003",1,2478455,0.024479876524,0.000021902926,1,0,0,0,0
12142003,12/14/2003,"December 14, 2003",1,7769414,0.074752565773,0.000021902926,1,0,0,0,0
12152003,12/15/2003,"December 15, 2003",1,8324816,0.079877164344,0.000021902926,1,0,0,0,0
12182003,12/18/2003,"December 18, 2003",1,3785645,0.037148794341,0.000021902926,1,0,0,0,0
12232003,12/23/2003,"December 23, 2003",1,3197936,0.031473369938,0.000021902926,1,0,0,0,0
01042004,01/04/2004,"January 04, 2004",1,8552676,0.081971369425,0.000021902926,1,0,0,0,0
01142004,01/14/2004,"January 14, 2004",1,8695851,0.083284816441,0.000021902926,1,0,0,0,0
01172004,01/17/2004,"January 17, 2004",1,6420250,0.062184871586,0.000021902926,1,0,0,0,0
01182004,01/18/2004,"January 18, 2004",2,2494332,0.024634747561,0.000021902926,2,0,0,0,0
02022004,02/02/2004,"February 02, 2004",1,9040765,0.086441248863,0.000021902926,1,0,0,0,0
02102004,02/10/2004,"February 10, 2004",1,5264925,0.051287228462,0.000021902926,1,0,0,0,0
02182004,02/18/2004,"February 18, 2004",1,200859,0.002006514274,0.000021902926,1,0,0,0,0
02282004,02/28/2004,"February 28, 2004",1,4389628,0.042946725113,0.000021902926,1,0,0,0,0
03042004,03/04/2004,"March 04, 2004",1,9689432,0.092348024702,0.000021902926,1,0,0,0,0
03152004,03/15/2004,"March 15, 2004",1,3006800,0.029620396574,0.000021902926,1,0,0,0,0
03262004,03/26/2004,"March 26, 2004",1,5630639,0.054750467287,0.000021902926,1,0,0,0,0
03272004,03/27/2004,"March 27, 2004",1,5910339,0.057390636259,0.000021902926,1,0,0,0,0
04042004,04/04/2004,"April 04, 2004",1,6617021,0.064028405446,0.000021902926,1,0,0,0,0
04272004,04/27/2004,"April 27, 2004",1,2572877,0.025400547418,0.000021902926,1,0,0,0,0
05102004,05/10/2004,"May 10, 2004",1,5862170,0.056936481378,0.000021902926,1,0,0,0,0
05182004,05/18/2004,"May 18, 2004",1,9276371,0.088591114515,0.000021902926,1,0,0,0,0
05232004,05/23/2004,"May 23, 2004",1,2593649,0.025602970194,0.000021902926,1,0,0,0,0
05302004,05/30/2004,"May 30, 2004",1,45484,0.000454676608,0.000021902926,1,0,0,0,0
06022004,06/02/2004,"June 02, 2004",1,6355578,0.061578171618,0.000021902926,1,0,0,0,0
06072004,06/07/2004,"June 07, 2004",1,635969,0.006339450418,0.000021902926,1,0,0,0,0
06222004,06/22/2004,"June 22, 2004",1,8690484,0.083235615017,0.000021902926,1,0,0,0,0
07092004,07/09/2004,"July 09, 2004",1,7154810,0.069048447060,0.000021902926,1,0,0,0,0
07132004,07/13/2004,"July 13, 2004",1,6019595,0.058419931170,0.000021902926,1,0,0,0,0
07222004,07/22/2004,"July 22, 2004",1,3727685,0.036590564017,0.000021902926,1,0,0,0,0
08072004,08/07/2004,"August 07, 2004",1,2316287,0.022896611607,0.000021902926,1,0,0,0,0
08082004,08/08/2004,"August 08, 2004",1,173608,0.001734514006,0.000021902926,1,1,0,0,0
09042004,09/04/2004,"September 04, 2004",1,4525903,0.044250061214,0.000021902926,1,0,0,0,0
09062004,09/06/2004,"September 06, 2004",1,7845551,0.075456753311,0.000021902926,1,0,0,0,0
09072004,09/07/2004,"September 07, 2004",1,7492866,0.072190271119,0.000021902926,1,0,0,0,0
09222004,09/22/2004,"September 22, 2004",1,7996593,0.076852147855,0.000021902926,1,0,0,0,0
09232004,09/23/2004,"September 23, 2004",1,2022491,0.020021699787,0.000021902926,1,0,0,0,0
09252004,09/25/2004,"September 25, 2004",1,1134342,0.011279266778,0.000021902926,1,0,0,0,0
10102004,10/10/2004,"October 10, 2004",1,1750994,0.017357473064,0.000021902926,1,0,0,0,0
10162004,10/16/2004,"October 16, 2004",1,1650927,0.016373680012,0.000021902926,1,0,0,0,0
11102004,11/10/2004,"November 10, 2004",1,5038327,0.049135026772,0.000021902926,1,0,0,0,0
11122004,11/12/2004,"November 12, 2004",1,8818319,0.084406812021,0.000021902926,1,0,0,0,0
11132004,11/13/2004,"November 13, 2004",1,2588146,0.025549347650,0.000021902926,1,0,0,0,0
11232004,11/23/2004,"November 23, 2004",1,7094665,0.068488357827,0.000021902926,1,0,0,0,0
12052004,12/05/2004,"December 05, 2004",1,5915990,0.057443901610,0.000021902926,1,0,0,0,0
12072004,12/07/2004,"December 07, 2004",1,1343464,0.013344738939,0.000021902926,1,0,0,0,0
12232004,12/23/2004,"December 23, 2004",1,2679272,0.026436921094,0.000021902926,1,0,0,0,0
01132005,01/13/2005,"January 13, 2005",1,4296482,0.042054852953,0.000021902926,1,0,0,0,0
01272005,01/27/2005,"January 27, 2005",1,3871399,0.037974123845,0.000021902926,1,0,0,0,0
03182005,03/18/2005,"March 18, 2005",1,3569689,0.035067212529,0.000021902926,1,0,0,0,0
03242005,03/24/2005,"March 24, 2005",1,3972502,0.038946269359,0.000021902926,1,0,0,0,0
03302005,03/30/2005,"March 30, 2005",1,5766260,0.056031555260,0.000021902926,1,0,0,0,0
04042005,04/04/2005,"April 04, 2005",1,2062848,0.020417109841,0.000021902926,1,0,0,0,0
04072005,04/07/2005,"April 07, 2005",1,2732756,0.026957482355,0.000021902926,1,0,0,0,0
05072005,05/07/2005,"May 07, 2005",1,7023542,0.067825603137,0.000021902926,1,0,0,0,0
05242005,05/24/2005,"May 24, 2005",1,7518533,0.072428381485,0.000021902926,1,0,0,0,0
06022005,06/02/2005,"June 02, 2005",1,7068004,0.068239974396,0.000021902926,1,0,0,0,0
06052005,06/05/2005,"June 05, 2005",1,3552045,0.034896944766,0.000021902926,1,0,0,0,0
06172005,06/17/2005,"June 17, 2005",1,8757540,0.083850154483,0.000021902926,1,0,0,0,0
06212005,06/21/2005,"June 21, 2005",1,6065045,0.058847782080,0.000021902926,1,0,0,0,0
06232005,06/23/2005,"June 23, 2005",1,3557833,0.034952803314,0.000021902926,1,0,0,0,0
07152005,07/15/2005,"July 15, 2005",1,9517750,0.090788411218,0.000021902926,1,0,0,0,0
07182005,07/18/2005,"July 18, 2005",1,1832025,0.018153395622,0.000021902926,1,0,0,0,0
07292005,07/29/2005,"July 29, 2005",1,2278481,0.022527138059,0.000021902926,1,0,0,0,0
08062005,08/06/2005,"August 06, 2005",1,1628053,0.016148659591,0.000021902926,1,0,0,0,0
08082005,08/08/2005,"August 08, 2005",1,3104805,0.030570951242,0.000021902926,1,0,0,0,0
08102005,08/10/2005,"August 10, 2005",1,6262235,0.060701811576,0.000021902926,1,0,0,0,0
08142005,08/14/2005,"August 14, 2005",1,5390368,0.052476576103,0.000021902926,1,0,0,0,0
08232005,08/23/2005,"August 23, 2005",1,2903405,0.028616553701,0.000021902926,1,0,0,0,0
08262005,08/26/2005,"August 26, 2005",1,2288811,0.022628105792,0.000021902926,1,0,0,0,0
09232005,09/23/2005,"September 23, 2005",1,8835639,0.084565379030,0.000021902926,1,0,0,0,0
09252005,09/25/2005,"September 25, 2005",1,8074112,0.077567485548,0.000021902926,1,0,0,0,0
09282005,09/28/2005,"September 28, 2005",1,3536637,0.034748230229,0.000021902926,1,0,0,0,0
09302005,09/30/2005,"September 30, 2005",1,1743552,0.017284342085,0.000021902926,1,0,0,0,0
10052005,10/05/2005,"October 05, 2005",1,7263309,0.070057972434,0.000021902926,1,0,0,0,0
10262005,10/26/2005,"October 26, 2005",1,1781976,0.017661868218,0.000021902926,1,0,0,0,0
10292005,10/29/2005,"October 29, 2005",1,1924425,0.019060202884,0.000021902926,1,0,0,0,0
11012005,11/01/2005,"November 01, 2005",1,9991074,0.095081759183,0.000021902926,1,0,0,0,0
11022005,11/02/2005,"November 02, 2005",1,3785252,0.037145010328,0.000021902926,1,0,0,0,0
11102005,11/10/2005,"November 10, 2005",1,1591255,0.015786555352,0.000021902926,1,0,0,0,0
11112005,11/11/2005,"November 11, 2005",1,8825213,0.084469930840,0.000021902926,1,0,0,0,0
11162005,11/16/2005,"November 16, 2005",1,8156810,0.078330003460,0.000021902926,1,0,0,0,0
11242005,11/24/2005,"November 24, 2005",1,7260459,0.070031468708,0.000021902926,1,0,0,0,0
12022005,12/02/2005,"December 02, 2005",1,8193028,0.078663753460,0.000021902926,1,0,0,0,0
12122005,12/12/2005,"December 12, 2005",1,7970916,0.076615080744,0.000021902926,1,0,0,0,0
01052006,01/05/2006,"January 05, 2006",1,3295050,0.032413488331,0.000021902926,1,0,0,0,0
01242006,01/24/2006,"January 24, 2006",1,3536800,0.034749803588,0.000021902926,1,0,0,0,0
01312006,01/31/2006,"January 31, 2006",1,8703886,0.083358471548,0.000021902926,1,0,0,0,0
03052006,03/05/2006,"March 05, 2006",1,3083546,0.030364838411,0.000021902926,1,0,0,0,0
03072006,03/07/2006,"March 07, 2006",1,1468821,0.014580805477,0.000021902926,1,0,0,0,0
03082006,03/08/2006,"March 08, 2006",1,2422583,0.023934681624,0.000021902926,1,0,0,0,0
03112006,03/11/2006,"March 11, 2006",1,9257260,0.088416918517,0.000021902926,1,0,0,0,0
03142006,03/14/2006,"March 14, 2006",1,2599621,0.025661159448,0.000021902926,1,0,0,0,0
03162006,03/16/2006,"March 16, 2006",1,372947,0.003722464425,0.000021902926,1,0,0,0,0
03292006,03/29/2006,"March 29, 2006",1,1269615,0.012615834777,0.000021902926,1,0,0,0,0
04132006,04/13/2006,"April 13, 2006",1,8485328,0.081352887252,0.000021902926,1,0,0,0,0
04142006,04/14/2006,"April 14, 2006",1,1549308,0.015373620733,0.000021902926,1,0,0,0,0
05252006,05/25/2006,"May 25, 2006",1,8962451,0.085725524236,0.000021902926,1,0,0,0,0
05312006,05/31/2006,"May 31, 2006",2,3850580,0.037773818826,0.000021902926,2,0,0,0,0
06252006,06/25/2006,"June 25, 2006",1,8594084,0.082351428031,0.000021902926,1,0,0,0,0
07092006,07/09/2006,"July 09, 2006",1,745414,0.007426367320,0.000021902926,1,0,0,0,0
07142006,07/14/2006,"July 14, 2006",1,8037421,0.077228973733,0.000021902926,1,0,0,0,0
07222006,07/22/2006,"July 22, 2006",1,6131937,0.059477127113,0.000021902926,1,0,0,0,0
07242006,07/24/2006,"July 24, 2006",1,4866899,0.047503579971,0.000021902926,1,0,0,0,0
07262006,07/26/2006,"July 26, 2006",1,1743529,0.017284116060,0.000021902926,1,0,0,0,0
07312006,07/31/2006,"July 31, 2006",1,267524,0.002671604921,0.000021902926,1,0,0,0,0
09022006,09/02/2006,"September 02, 2006",1,651004,0.006488836052,0.000021902926,1,0,0,0,0
09072006,09/07/2006,"September 07, 2006",1,4866712,0.047501798801,0.000021902926,1,0,0,0,0
09092006,09/09/2006,"September 09, 2006",1,839100,0.008355834405,0.000021902926,1,0,0,0,0
09162006,09/16/2006,"September 16, 2006",1,5721834,0.055612094667,0.000021902926,1,0,0,0,0
09202006,09/20/2006,"September 20, 2006",1,4943490,0.048232827207,0.000021902926,1,0,0,0,0
10052006,10/05/2006,"October 05, 2006",1,9296464,0.088774225508,0.000021902926,1,0,0,0,0
10142006,10/14/2006,"October 14, 2006",1,3057144,0.030108801535,0.000021902926,1,0,0,0,0
10162006,10/16/2006,"October 16, 2006",1,3645486,0.035798325525,0.000021902926,1,0,0,0,0
10182006,10/18/2006,"October 18, 2006",1,3485449,0.034254010668,0.000021902926,1,0,0,0,0
10242006,10/24/2006,"October 24, 2006",1,627450,0.006254796869,0.000021902926,1,0,0,0,0
10262006,10/26/2006,"October 26, 2006",1,5681290,0.055229124400,0.000021902926,1,0,0,0,0
11032006,11/03/2006,"November 03, 2006",1,5543616,0.053927524756,0.000021902926,1,0,0,0,0
12052006,12/05/2006,"December 05, 2006",1,7009387,0.067693644511,0.000021902926,1,0,0,0,0
12132006,12/13/2006,"December 13, 2006",1,3343483,0.032882006043,0.000021902926,1,0,0,0,0
12142006,12/14/2006,"December 14, 2006",1,9556212,0.091138044940,0.000021902926,1,1,0,0,0
01242007,01/24/2007,"January 24, 2007",1,9376519,0.089503415393,0.000021902926,1,0,0,0,0
02052007,02/05/2007,"February 05, 2007",1,8819591,0.084418458292,0.000021902926,1,0,0,0,0
02082007,02/08/2007,"February 08, 2007",1,9767140,0.093053068933,0.000021902926,1,0,0,0,0
02172007,02/17/2007,"February 17, 2007",1,4802883,0.046893634646,0.000021902926,1,0,0,0,0
02212007,02/21/2007,"February 21, 2007",1,4529632,0.044285700465,0.000021902926,1,0,0,0,0
02242007,02/24/2007,"February 24, 2007",1,2485193,0.024545604857,0.000021902926,1,0,0,0,0
02282007,02/28/2007,"February 28, 2007",1,2622395,0.025883030112,0.000021902926,1,0,0,0,0
03022007,03/02/2007,"March 02, 2007",1,9136351,0.087314065928,0.000021902926,1,0,0,0,0
03072007,03/07/2007,"March 07, 2007",1,6737720,0.065157432313,0.000021902926,1,0,0,0,0
03212007,03/21/2007,"March 21, 2007",1,5243389,0.051082891675,0.000021902926,1,0,0,0,0
03252007,03/25/2007,"March 25, 2007",1,244711,0.002444058438,0.000021902926,1,0,0,0,0
03292007,03/29/2007,"March 29, 2007",1,1328552,0.013197597935,0.000021902926,1,0,0,0,0
03312007,03/31/2007,"March 31, 2007",1,6127588,0.059436222884,0.000021902926,1,0,0,0,0
04072007,04/07/2007,"April 07, 2007",1,7245944,0.069896473977,0.000021902926,1,0,0,0,0
04242007,04/24/2007,"April 24, 2007",1,3399588,0.033424455415,0.000021902926,1,0,0,0,0
04272007,04/27/2007,"April 27, 2007",1,1847145,0.018301839607,0.000021902926,1,0,0,0,0
05252007,05/25/2007,"May 25, 2007",1,3054076,0.030079044816,0.000021902926,1,0,0,0,0
05272007,05/27/2007,"May 27, 2007",1,2752230,0.027146954207,0.000021902926,1,0,0,0,0
05282007,05/28/2007,"May 28, 2007",1,5996988,0.058207044099,0.000021902926,1,0,0,0,0
06232007,06/23/2007,"June 23, 2007",1,2721261,0.026845624688,0.000021902926,1,0,0,0,0
07012007,07/01/2007,"July 01, 2007",1,7049041,0.068063267987,0.000021902926,1,0,0,0,0
07142007,07/14/2007,"July 14, 2007",1,5659207,0.055020467608,0.000021902926,1,0,0,0,0
07172007,07/17/2007,"July 17, 2007",1,6169148,0.059827039976,0.000021902926,1,0,0,0,0
08252007,08/25/2007,"August 25, 2007",1,9163132,0.087558459623,0.000021902926,1,0,0,0,0
08282007,08/28/2007,"August 28, 2007",1,1753091,0.017378078861,0.000021902926,1,0,0,0,0
08292007,08/29/2007,"August 29, 2007",1,5781480,0.056175216326,0.000021902926,1,0,0,0,0
09292007,09/29/2007,"September 29, 2007",1,4819688,0.047053790715,0.000021902926,1,0,0,0,0
10042007,10/04/2007,"October 04, 2007",1,1657143,0.016434820325,0.000021902926,1,0,0,0,0
10072007,10/07/2007,"October 07, 2007",1,2065371,0.020441824405,0.000021902926,1,0,0,0,0
11212007,11/21/2007,"November 21, 2007",1,5552948,0.054015808121,0.000021902926,1,0,0,0,0
12022007,12/02/2007,"December 02, 2007",1,77190,0.000771542216,0.000021902926,1,0,0,0,0
12042007,12/04/2007,"December 04, 2007",1,2970897,0.029271938632,0.000021902926,1,0,0,0,0
01082008,01/08/2008,"January 08, 2008",1,5532373,0.053821151846,0.000021902926,1,0,0,0,0
01122008,01/12/2008,"January 12, 2008",1,5407425,0.052638181392,0.000021902926,1,0,0,0,0
01222008,01/22/2008,"January 22, 2008",1,5671656,0.055138100789,0.000021902926,1,0,0,0,0
02092008,02/09/2008,"February 09, 2008",1,9330131,0.089080956256,0.000021902926,1,0,0,0,0
02162008,02/16/2008,"February 16, 2008",1,542083,0.005406104192,0.000021902926,1,0,0,0,0
02262008,02/26/2008,"February 26, 2008",1,757387,0.007545201048,0.000021902926,1,0,0,0,0
02282008,02/28/2008,"February 28, 2008",1,4319527,0.042275585980,0.000021902926,1,0,0,0,0
03182008,03/18/2008,"March 18, 2008",1,7236163,0.069805496101,0.000021902926,1,0,0,0,0
03212008,03/21/2008,"March 21, 2008",1,9217050,0.088050297252,0.000021902926,1,0,0,0,0
04082008,04/08/2008,"April 08, 2008",1,5871511,0.057024568828,0.000021902926,1,0,0,0,0
04142008,04/14/2008,"April 14, 2008",1,5380875,0.052386623434,0.000021902926,1,0,0,0,0
05172008,05/17/2008,"May 17, 2008",1,1022814,0.010175951169,0.000021902926,1,0,0,0,0
05272008,05/27/2008,"May 27, 2008",1,4401536,0.043060684233,0.000021902926,1,0,0,0,0
06192008,06/19/2008,"June 19, 2008",1,8319960,0.079832482094,0.000021902926,1,0,0,0,0
07052008,07/05/2008,"July 05, 2008",1,1889654,0.018719060998,0.000021902926,1,0,0,0,0
07092008,07/09/2008,"July 09, 2008",1,5709701,0.055497505130,0.000021902926,1,0,0,0,0
07102008,07/10/2008,"July 10, 2008",1,1716132,0.017014844502,0.000021902926,1,0,0,0,0
07162008,07/16/2008,"July 16, 2008",1,2706769,0.026704584935,0.000021902926,1,0,0,0,0
07192008,07/19/2008,"July 19, 2008",1,563677,0.005620853613,0.000021902926,1,0,0,0,0
08142008,08/14/2008,"August 14, 2008",1,2882284,0.028411366133,0.000021902926,1,0,0,0,0
08172008,08/17/2008,"August 17, 2008",1,6151916,0.059665015410,0.000021902926,1,0,0,0,0
09072008,09/07/2008,"September 07, 2008",1,9380552,0.089540134981,0.000021902926,1,0,0,0,0
09272008,09/27/2008,"September 27, 2008",1,6789514,0.065641499307,0.000021902926,1,0,0,0,0
10022008,10/02/2008,"October 02, 2008",1,131157,0.001310650360,0.000021902926,1,0,0,0,0
10042008,10/04/2008,"October 04, 2008",1,7809552,0.075123867070,0.000021902926,1,0,0,0,0
10122008,10/12/2008,"October 12, 2008",1,8984759,0.085929457841,0.000021902926,1,0,0,0,0
11112008,11/11/2008,"November 11, 2008",1,8249030,0.079179575741,0.000021902926,1,0,0,0,0
11202008,11/20/2008,"November 20, 2008",1,6417170,0.062155986435,0.000021902926,1,0,0,0,0
11212008,11/21/2008,"November 21, 2008",1,509637,0.005083345895,0.000021902926,1,0,0,0,0
11252008,11/25/2008,"November 25, 2008",1,4200270,0.041132751244,0.000021902926,1,0,0,0,0
12022008,12/02/2008,"December 02, 2008",1,6955773,0.067193663759,0.000021902926,1,0,0,0,0
12102008,12/10/2008,"December 10, 2008",1,2821983,0.027825311784,0.000021902926,1,0,0,0,0
12122008,12/12/2008,"December 12, 2008",1,4004286,0.039251682141,0.000021902926,1,0,0,0,0
12152008,12/15/2008,"December 15, 2008",1,2207827,0.021836270342,0.000021902926,1,0,0,0,0
12252008,12/25/2008,"December 25, 2008",1,2535080,0.025032108434,0.000021902926,1,0,0,0,0
12262008,12/26/2008,"December 26, 2008",1,7893016,0.075895483638,0.000021902926,1,0,0,0,0
02222009,02/22/2009,"February 22, 2009",1,216685,0.002164444227,0.000021902926,1,0,0,0,0
02282009,02/28/2009,"February 28, 2009",1,2990274,0.029460018387,0.000021902926,1,0,0,0,0
03182009,03/18/2009,"March 18, 2009",1,6001013,0.058244950503,0.000021902926,1,0,0,0,0
04102009,04/10/2009,"April 10, 2009",1,1887365,0.018696599220,0.000021902926,1,0,0,0,0
04122009,04/12/2009,"April 12, 2009",1,6479620,0.062741487185,0.000021902926,1,0,0,0,0
04182009,04/18/2009,"April 18, 2009",1,7414881,0.071466436490,0.000021902926,1,0,0,0,0
04272009,04/27/2009,"April 27, 2009",1,67898,0.000678689593,0.000021902926,1,0,0,0,0
05012009,05/01/2009,"May 01, 2009",1,3214682,0.031635545829,0.000021902926,1,0,0,0,0
05052009,05/05/2009,"May 05, 2009",1,5651522,0.054947843140,0.000021902926,1,0,0,0,0
05102009,05/10/2009,"May 10, 2009",1,8729731,0.083595346942,0.000021902926,1,0,0,0,0
05232009,05/23/2009,"May 23, 2009",1,3618462,0.035537724451,0.000021902926,1,0,0,0,0
05272009,05/27/2009,"May 27, 2009",1,4609518,0.045048877522,0.000021902926,1,0,0,0,0
06082009,06/08/2009,"June 08, 2009",1,971077,0.009663713399,0.000021902926,1,0,0,0,0
06282009,06/28/2009,"June 28, 2009",1,617349,0.006154413595,0.000021902926,1,0,0,0,0
07122009,07/12/2009,"July 12, 2009",1,3700226,0.036325985094,0.000021902926,1,1,0,0,0
07152009,07/15/2009,"July 15, 2009",1,3389495,0.033326894021,0.000021902926,1,0,0,0,0
08062009,08/06/2009,"August 06, 2009",1,805814,0.008025700784,0.000021902926,1,0,0,0,0
08082009,08/08/2009,"August 08, 2009",1,7871964,0.075700920674,0.000021902926,1,0,0,0,0
08132009,08/13/2009,"August 13, 2009",1,9943558,0.094651676056,0.000021902926,1,0,0,0,0
09062009,09/06/2009,"September 06, 2009",1,6363733,0.061654696799,0.000021902926,1,0,0,0,0
09112009,09/11/2009,"September 11, 2009",1,931682,0.009273493556,0.000021902926,1,0,0,0,0
10022009,10/02/2009,"October 02, 2009",1,551438,0.005499144100,0.000021902926,1,0,0,0,0
10042009,10/04/2009,"October 04, 2009",1,9844574,0.093755082393,0.000021902926,1,0,0,0,0
10122009,10/12/2009,"October 12, 2009",1,3935983,0.038595238051,0.000021902926,1,0,0,0,0
10132009,10/13/2009,"October 13, 2009",1,6414079,0.062126997228,0.000021902926,1,0,0,0,0
10242009,10/24/2009,"October 24, 2009",1,6109303,0.059264225071,0.000021902926,1,0,0,0,0
11012009,11/01/2009,"November 01, 2009",1,8287483,0.079533590753,0.000021902926,1,0,0,0,0
11042009,11/04/2009,"November 04, 2009",1,2883061,0.028418915347,0.000021902926,1,0,0,0,0
11092009,11/09/2009,"November 09, 2009",1,7127330,0.068792586417,0.000021902926,1,0,0,0,0
11242009,11/24/2009,"November 24, 2009",1,4064089,0.039826066697,0.000021902926,1,0,0,0,0
12212009,12/21/2009,"December 21, 2009",1,932427,0.009280874441,0.000021902926,1,0,0,0,0
01112010,01/11/2010,"January 11, 2010",1,7147547,0.068980829592,0.000021902926,1,0,0,0,0
02052010,02/05/2010,"February 05, 2010",1,4003202,0.039241267573,0.000021902926,1,0,0,0,0
02132010,02/13/2010,"February 13, 2010",1,2412958,0.023840730815,0.000021902926,1,0,0,0,0
02262010,02/26/2010,"February 26, 2010",1,4244884,0.041560444870,0.000021902926,1,0,0,0,0
04232010,04/23/2010,"April 23, 2010",1,8310360,0.079744141771,0.000021902926,1,0,0,0,0
05022010,05/02/2010,"May 02, 2010",1,2088550,0.020668849885,0.000021902926,1,0,0,0,0
05172010,05/17/2010,"May 17, 2010",1,1571755,0.015594615014,0.000021902926,1,0,0,0,0
05232010,05/23/2010,"May 23, 2010",1,2376699,0.023486721046,0.000021902926,1,0,0,0,0
06042010,06/04/2010,"June 04, 2010",1,5551488,0.054001996650,0.000021902926,1,0,0,0,0
06052010,06/05/2010,"June 05, 2010",1,9425766,0.089951697259,0.000021902926,1,0,0,0,0
06082010,06/08/2010,"June 08, 2010",1,7281736,0.070229317066,0.000021902926,1,0,0,0,0
06122010,06/12/2010,"June 12, 2010",1,1970114,0.019508282103,0.000021902926,1,0,0,0,0
06152010,06/15/2010,"June 15, 2010",1,7621727,0.073385086035,0.000021902926,1,0,0,0,0
07132010,07/13/2010,"July 13, 2010",1,8801816,0.084255699207,0.000021902926,1,0,0,0,0
07202010,07/20/2010,"July 20, 2010",1,4185764,0.040993647871,0.000021902926,1,0,0,0,0
07232010,07/23/2010,"July 23, 2010",1,4041487,0.039609023655,0.000021902926,1,0,0,0,0
07302010,07/30/2010,"July 30, 2010",1,3093812,0.030464376048,0.000021902926,1,0,0,0,0
08192010,08/19/2010,"August 19, 2010",1,8301412,0.079661793592,0.000021902926,1,0,0,0,0
08202010,08/20/2010,"August 20, 2010",1,8244853,0.079141112268,0.000021902926,1,0,0,0,0
08212010,08/21/2010,"August 21, 2010",1,1690969,0.016767464822,0.000021902926,1,0,0,0,0
09202010,09/20/2010,"September 20, 2010",1,9237203,0.088234063959,0.000021902926,1,0,0,0,0
09212010,09/21/2010,"September 21, 2010",1,8320708,0.079839364921,0.000021902926,1,0,0,0,0
10172010,10/17/2010,"October 17, 2010",1,5235273,0.051005874437,0.000021902926,1,0,0,0,0
10182010,10/18/2010,"October 18, 2010",1,5106031,0.049778582519,0.000021902926,1,0,0,0,0
11032010,11/03/2010,"November 03, 2010",1,6723491,0.065024404098,0.000021902926,1,0,0,0,0
11052010,11/05/2010,"November 05, 2010",1,7716061,0.074258786793,0.000021902926,1,0,0,0,0
11092010,11/09/2010,"November 09, 2010",1,4454998,0.043572146404,0.000021902926,1,0,0,0,0
11252010,11/25/2010,"November 25, 2010",1,7496536,0.072224321111,0.000021902926,1,0,0,0,0
11302010,11/30/2010,"November 30, 2010",1,3608501,0.035441649578,0.000021902926,1,0,0,0,0
12042010,12/04/2010,"December 04, 2010",1,6406402,0.062054993953,0.000021902926,1,0,0,0,0
12052010,12/05/2010,"December 05, 2010",1,952972,0.009484396780,0.000021902926,1,0,0,0,0
12102010,12/10/2010,"December 10, 2010",1,5344537,0.052042217111,0.000021902926,1,0,0,0,0
12162010,12/16/2010,"December 16, 2010",1,6666818,0.064494375196,0.000021902926,1,0,0,0,0
12242010,12/24/2010,"December 24, 2010",1,1017342,0.010121786514,0.000021902926,1,0,0,0,0
12262010,12/26/2010,"December 26, 2010",1,4182379,0.040961184956,0.000021902926,1,0,0,0,0
01022011,01/02/2011,"January 02, 2011",1,2163285,0.021400479602,0.000021902926,1,0,0,0,0
01282011,01/28/2011,"January 28, 2011",1,5155036,0.050244124451,0.000021902926,1,0,0,0,0
02242011,02/24/2011,"February 24, 2011",1,7285566,0.070264926601,0.000021902926,1,0,0,0,0
03042011,03/04/2011,"March 04, 2011",1,7557460,0.072789387024,0.000021902926,1,0,0,0,0
03292011,03/29/2011,"March 29, 2011",2,7383388,0.071173967360,0.000021902926,2,0,0,0,0
04072011,04/07/2011,"April 07, 2011",1,1071893,0.010661627726,0.000021902926,1,0,0,0,0
04082011,04/08/2011,"April 08, 2011",1,9779824,0.093168098788,0.000021902926,1,0,0,0,0
05062011,05/06/2011,"May 06, 2011",1,1065943,0.010602760341,0.000021902926,1,0,0,0,0
05082011,05/08/2011,"May 08, 2011",1,4276147,0.041860034998,0.000021902926,1,0,0,0,0
05122011,05/12/2011,"May 12, 2011",1,7321369,0.070597740071,0.000021902926,1,0,0,0,0
05132011,05/13/2011,"May 13, 2011",1,3455290,0.033962707407,0.000021902926,1,0,0,0,0
05252011,05/25/2011,"May 25, 2011",1,1375580,0.013661562268,0.000021902926,1,0,0,0,0
06042011,06/04/2011,"June 04, 2011",1,5176435,0.050447340969,0.000021902926,1,0,0,0,0
06082011,06/08/2011,"June 08, 2011",1,3830254,0.037578216852,0.000021902926,1,0,0,0,0
06122011,06/12/2011,"June 12, 2011",1,1371209,0.013618448472,0.000021902926,1,0,0,0,0
06162011,06/16/2011,"June 16, 2011",1,8838352,0.084590214435,0.000021902926,1,0,0,0,0
06272011,06/27/2011,"June 27, 2011",2,930569,0.009262466709,0.000021902926,2,0,0,0,0
07062011,07/06/2011,"July 06, 2011",1,8923659,0.085370790078,0.000021902926,1,0,0,0,0
07082011,07/08/2011,"July 08, 2011",1,8704842,0.083367234599,0.000021902926,1,0,0,0,0
07102011,07/10/2011,"July 10, 2011",1,8475361,0.081261321130,0.000021902926,1,0,0,0,0
07172011,07/17/2011,"July 17, 2011",1,6214648,0.060254721372,0.000021902926,1,0,0,0,0
08022011,08/02/2011,"August 02, 2011",1,8805272,0.084287346783,0.000021902926,1,0,0,0,0
08062011,08/06/2011,"August 06, 2011",1,5405575,0.052620655036,0.000021902926,1,0,0,0,0
08122011,08/12/2011,"August 12, 2011",1,7404053,0.071365889431,0.000021902926,1,0,0,0,0
08212011,08/21/2011,"August 21, 2011",1,8265702,0.079333082127,0.000021902926,1,0,0,0,0
08222011,08/22/2011,"August 22, 2011",1,764115,0.007611971162,0.000021902926,1,0,0,0,0
08272011,08/27/2011,"August 27, 2011",1,330435,0.003298836875,0.000021902926,1,0,0,0,0
08312011,08/31/2011,"August 31, 2011",1,2791549,0.027529395109,0.000021902926,1,0,0,0,0
09012011,09/01/2011,"September 01, 2011",1,1821373,0.018048803750,0.000021902926,1,0,0,0,0
09082011,09/08/2011,"September 08, 2011",1,6809494,0.065828165489,0.000021902926,1,0,0,0,0
09192011,09/19/2011,"September 19, 2011",1,1329695,0.013208877022,0.000021902926,1,0,0,0,0
10252011,10/25/2011,"October 25, 2011",1,7653620,0.073680564211,0.000021902926,1,0,0,0,0
11172011,11/17/2011,"November 17, 2011",1,3654034,0.035880741963,0.000021902926,1,0,0,0,0
12022011,12/02/2011,"December 02, 2011",1,1863526,0.018462638414,0.000021902926,1,0,0,0,0
12062011,12/06/2011,"December 06, 2011",2,2717485,0.026808877684,0.000021902926,2,0,0,0,0
12302011,12/30/2011,"December 30, 2011",1,4120347,0.040366089436,0.000021902926,1,0,0,0,0
01022012,01/02/2012,"January 02, 2012",1,3204854,0.031540370293,0.000021902926,1,0,0,0,0
02042012,02/04/2012,"February 04, 2012",1,2055217,0.020342355017,0.000021902926,1,0,0,0,0
02062012,02/06/2012,"February 06, 2012",1,1506473,0.014951765675,0.000021902926,1,0,0,0,0
02282012,02/28/2012,"February 28, 2012",1,2250728,0.022255822366,0.000021902926,1,0,0,0,0
03042012,03/04/2012,"March 04, 2012",1,2057263,0.020362398608,0.000021902926,1,0,0,0,0
03142012,03/14/2012,"March 14, 2012",1,9770791,0.093086180961,0.000021902926,1,1,0,0,0
03202012,03/20/2012,"March 20, 2012",1,1497132,0.014859748021,0.000021902926,1,0,0,0,0
03312012,03/31/2012,"March 31, 2012",1,4725277,0.046153679825,0.000021902926,1,0,0,0,0
04042012,04/04/2012,"April 04, 2012",1,5466379,0.053196524486,0.000021902926,1,0,0,0,0
04052012,04/05/2012,"April 05, 2012",1,2830664,0.027909702607,0.000021902926,1,0,0,0,0
04132012,04/13/2012,"April 13, 2012",1,2565420,0.025327868827,0.000021902926,1,0,0,0,0
04172012,04/17/2012,"April 17, 2012",2,5104742,0.049766334086,0.000021902926,2,0,0,0,0
05232012,05/23/2012,"May 23, 2012",1,7704717,0.074153764752,0.000021902926,1,0,0,0,0
06132012,06/13/2012,"June 13, 2012",1,8051382,0.077357792805,0.000021902926,1,0,0,0,0
07102012,07/10/2012,"July 10, 2012",1,4752742,0.046415617747,0.000021902926,1,0,0,0,0
07212012,07/21/2012,"July 21, 2012",1,573443,0.005717959940,0.000021902926,1,0,0,0,0
08072012,08/07/2012,"August 07, 2012",1,4555943,0.044537125379,0.000021902926,1,0,0,0,0
08152012,08/15/2012,"August 15, 2012",1,8979373,0.085880224675,0.000021902926,1,0,0,0,0
08252012,08/25/2012,"August 25, 2012",1,7823537,0.075253201955,0.000021902926,1,0,0,0,0
09052012,09/05/2012,"September 05, 2012",1,2829951,0.027902771578,0.000021902926,1,0,0,0,0
09272012,09/27/2012,"September 27, 2012",1,5594787,0.054411515665,0.000021902926,1,0,0,0,0
09282012,09/28/2012,"September 28, 2012",2,2239136,0.022142475690,0.000021902926,2,0,0,0,0
10092012,10/09/2012,"October 09, 2012",1,1617943,0.016049187191,0.000021902926,1,0,0,0,0
10132012,10/13/2012,"October 13, 2012",1,8372388,0.080314781084,0.000021902926,1,0,0,0,0
10182012,10/18/2012,"October 18, 2012",1,3225675,0.031741992284,0.000021902926,1,0,0,0,0
10312012,10/31/2012,"October 31, 2012",2,1896149,0.018782793126,0.000021902926,2,0,0,0,0
11012012,11/01/2012,"November 01, 2012",1,8496348,0.081454116587,0.000021902926,1,0,0,0,0
11082012,11/08/2012,"November 08, 2012",1,6111477,0.059284676445,0.000021902926,1,0,0,0,0
11102012,11/10/2012,"November 10, 2012",1,276089,0.002757022441,0.000021902926,1,0,0,0,0
11162012,11/16/2012,"November 16, 2012",1,4119235,0.040355418248,0.000021902926,1,1,0,0,0
11302012,11/30/2012,"November 30, 2012",1,1535662,0.015239249448,0.000021902926,1,0,0,0,0
12092012,12/09/2012,"December 09, 2012",1,4479099,0.043802627308,0.000021902926,1,0,0,0,0
12202012,12/20/2012,"December 20, 2012",1,2639787,0.026052433806,0.000021902926,1,0,0,0,0
01062013,01/06/2013,"January 06, 2013",1,5420674,0.052763689047,0.000021902926,1,0,0,0,0
01082013,01/08/2013,"January 08, 2013",1,5861491,0.056930077955,0.000021902926,1,0,0,0,0
01272013,01/27/2013,"January 27, 2013",1,5605337,0.054511269989,0.000021902926,1,0,0,0,0
01302013,01/30/2013,"January 30, 2013",1,6796953,0.065711003652,0.000021902926,1,0,0,0,0
02042013,02/04/2013,"February 04, 2013",1,3389944,0.033331234373,0.000021902926,1,0,0,0,0
02282013,02/28/2013,"February 28, 2013",1,6861303,0.066312025227,0.000021902926,1,0,0,0,0
03122013,03/12/2013,"March 12, 2013",1,4424010,0.043275722612,0.000021902926,1,0,0,0,0
03162013,03/16/2013,"March 16, 2013",2,3334836,0.032798375734,0.000021902926,2,0,0,0,0
04142013,04/14/2013,"April 14, 2013",1,1409151,0.013992630374,0.000021902926,1,0,0,0,0
04252013,04/25/2013,"April 25, 2013",1,351590,0.003509666707,0.000021902926,1,0,0,0,0
04292013,04/29/2013,"April 29, 2013",1,1867033,0.018497060326,0.000021902926,1,0,0,0,0
05162013,05/16/2013,"May 16, 2013",1,3761652,0.036917749733,0.000021902926,1,0,0,0,0
05262013,05/26/2013,"May 26, 2013",1,3206299,0.031554364434,0.000021902926,1,0,0,0,0
06202013,06/20/2013,"June 20, 2013",1,9518649,0.090796584993,0.000021902926,1,0,0,0,0
06252013,06/25/2013,"June 25, 2013",1,2333681,0.023066554192,0.000021902926,1,0,0,0,0
07162013,07/16/2013,"July 16, 2013",1,3711533,0.036434941556,0.000021902926,1,0,0,0,0
07282013,07/28/2013,"July 28, 2013",1,9677821,0.092242631112,0.000021902926,1,0,0,0,0
08052013,08/05/2013,"August 05, 2013",1,1704828,0.016903721579,0.000021902926,1,0,0,0,0
09062013,09/06/2013,"September 06, 2013",1,4606174,0.045016943422,0.000021902926,1,0,0,0,0
09082013,09/08/2013,"September 08, 2013",1,4289966,0.041992431213,0.000021902926,1,0,0,0,0
09152013,09/15/2013,"September 15, 2013",1,434273,0.004333254287,0.000021902926,1,0,0,0,0
09262013,09/26/2013,"September 26, 2013",1,1883227,0.018655992045,0.000021902926,1,0,0,0,0
10152013,10/15/2013,"October 15, 2013",1,2274749,0.022490658091,0.000021902926,1,0,0,0,0
10172013,10/17/2013,"October 17, 2013",1,8321665,0.079848170817,0.000021902926,1,0,0,0,0
11042013,11/04/2013,"November 04, 2013",2,2847885,0.028077091865,0.000021902926,2,0,0,0,0
11052013,11/05/2013,"November 05, 2013",1,3028776,0.029833623767,0.000021902926,1,0,0,0,0
12132013,12/13/2013,"December 13, 2013",1,7026946,0.067857333814,0.000021902926,1,0,0,0,0
12192013,12/19/2013,"December 19, 2013",1,4596418,0.044923770729,0.000021902926,1,0,0,0,0
01152014,01/15/2014,"January 15, 2014",1,9482422,0.090467148200,0.000021902926,1,0,0,0,0
01222014,01/22/2014,"January 22, 2014",1,9079586,0.086795832679,0.000021902926,1,0,0,0,0
01262014,01/26/2014,"January 26, 2014",1,8658015,0.082937902456,0.000021902926,1,0,0,0,0
02122014,02/12/2014,"February 12, 2014",1,5979035,0.058037948830,0.000021902926,1,0,0,0,0
03012014,03/01/2014,"March 01, 2014",1,5700875,0.055414139660,0.000021902926,1,0,0,0,0
03192014,03/19/2014,"March 19, 2014",1,7369466,0.071044647197,0.000021902926,1,0,0,0,0
03222014,03/22/2014,"March 22, 2014",2,9326816,0.089050758789,0.000021902926,2,0,0,0,0
03272014,03/27/2014,"March 27, 2014",1,4534870,0.044335759469,0.000021902926,1,0,0,0,0
03302014,03/30/2014,"March 30, 2014",1,8998698,0.086056861255,0.000021902926,1,0,0,0,0
04062014,04/06/2014,"April 06, 2014",1,6500536,0.062937503678,0.000021902926,1,0,0,0,0
04132014,04/13/2014,"April 13, 2014",1,1860283,0.018430806641,0.000021902926,1,0,0,0,0
04212014,04/21/2014,"April 21, 2014",1,1214475,0.012071241012,0.000021902926,1,0,0,0,0
05032014,05/03/2014,"May 03, 2014",1,323867,0.003233371392,0.000021902926,1,0,0,0,0
05102014,05/10/2014,"May 10, 2014",1,8459193,0.081112767450,0.000021902926,1,0,0,0,0
05262014,05/26/2014,"May 26, 2014",1,3615191,0.035506176374,0.000021902926,1,0,0,0,0
05282014,05/28/2014,"May 28, 2014",1,1774039,0.017583896945,0.000021902926,1,0,0,0,0
05312014,05/31/2014,"May 31, 2014",1,2977051,0.029331675399,0.000021902926,1,1,0,0,0
06182014,06/18/2014,"June 18, 2014",1,1910321,0.018921841377,0.000021902926,1,0,0,0,0
06192014,06/19/2014,"June 19, 2014",1,7201255,0.069480727119,0.000021902926,1,0,0,0,0
06212014,06/21/2014,"June 21, 2014",1,9153026,0.087466243621,0.000021902926,1,0,0,0,0
07012014,07/01/2014,"July 01, 2014",1,2522426,0.024908728190,0.000021902926,1,0,0,0,0
07092014,07/09/2014,"July 09, 2014",1,8297060,0.079621739601,0.000021902926,1,0,0,0,0
07122014,07/12/2014,"July 12, 2014",1,2673865,0.026384279114,0.000021902926,1,0,0,0,0
08012014,08/01/2014,"August 01, 2014",1,9966408,0.094858524517,0.000021902926,1,0,0,0,0
08022014,08/02/2014,"August 02, 2014",1,7075117,0.068306248130,0.000021902926,1,0,0,0,0
08042014,08/04/2014,"August 04, 2014",2,4711227,0.046019655001,0.000021902926,2,1,0,0,0
08072014,08/07/2014,"August 07, 2014",1,3386594,0.033298850427,0.000021902926,1,0,0,0,0
08252014,08/25/2014,"August 25, 2014",1,791988,0.007888540934,0.000021902926,1,0,0,0,0
09132014,09/13/2014,"September 13, 2014",1,7545828,0.072681527611,0.000021902926,1,0,0,0,0
09262014,09/26/2014,"September 26, 2014",2,8227295,0.078979413668,0.000021902926,2,0,0,0,0
09282014,09/28/2014,"September 28, 2014",1,3661664,0.035954301457,0.000021902926,1,0,0,0,0
09292014,09/29/2014,"September 29, 2014",1,6795152,0.065694176955,0.000021902926,1,0,0,0,0
10222014,10/22/2014,"October 22, 2014",1,8125553,0.078041872038,0.000021902926,1,0,0,0,0
10242014,10/24/2014,"October 24, 2014",1,1244139,0.012364256740,0.000021902926,1,0,0,0,0
11162014,11/16/2014,"November 16, 2014",1,6552443,0.063423778496,0.000021902926,1,0,0,0,0
11262014,11/26/2014,"November 26, 2014",1,9543556,0.091023012091,0.000021902926,1,0,0,0,0
12132014,12/13/2014,"December 13, 2014",1,3241941,0.031899476324,0.000021902926,1,0,0,0,0
12152014,12/15/2014,"December 15, 2014",1,5770918,0.056075524287,0.000021902926,1,0,0,0,0
12232014,12/23/2014,"December 23, 2014",1,2429993,0.024007005385,0.000021902926,1,0,0,0,0
12272014,12/27/2014,"December 27, 2014",1,1007269,0.010022071059,0.000021902926,1,0,0,0,0
01042015,01/04/2015,"January 04, 2015",1,1952193,0.019332552435,0.000021902926,1,0,0,0,0
02022015,02/02/2015,"February 02, 2015",1,8889286,0.085056350539,0.000021902926,1,0,0,0,0
03052015,03/05/2015,"March 05, 2015",1,4133549,0.040492771944,0.000021902926,1,0,0,0,0
03112015,03/11/2015,"March 11, 2015",1,102545,0.001024864478,0.000021902926,1,0,0,0,0
03122015,03/12/2015,"March 12, 2015",1,8944212,0.085558754505,0.000021902926,1,0,0,0,0
04092015,04/09/2015,"April 09, 2015",1,3204950,0.031541300014,0.000021902926,1,0,0,0,0
04282015,04/28/2015,"April 28, 2015",1,3726723,0.036581295974,0.000021902926,1,0,0,0,0
05022015,05/02/2015,"May 02, 2015",1,705613,0.007031234457,0.000021902926,1,0,0,0,0
05112015,05/11/2015,"May 11, 2015",1,1426491,0.014163589231,0.000021902926,1,0,0,0,0
05252015,05/25/2015,"May 25, 2015",1,243413,0.002431110078,0.000021902926,1,0,0,0,0
05292015,05/29/2015,"May 29, 2015",1,7465100,0.071932619699,0.000021902926,1,0,0,0,0
06212015,06/21/2015,"June 21, 2015",1,8990287,0.085979986264,0.000021902926,1,0,0,0,0
06242015,06/24/2015,"June 24, 2015",2,3183202,0.031330656709,0.000021902926,2,0,0,0,0
06292015,06/29/2015,"June 29, 2015",1,4089522,0.040070236685,0.000021902926,1,0,0,0,0
07012015,07/01/2015,"July 01, 2015",1,2417935,0.023889313053,0.000021902926,1,0,0,0,0
09182015,09/18/2015,"September 18, 2015",1,9967720,0.094870399895,0.000021902926,1,0,0,0,0
09222015,09/22/2015,"September 22, 2015",1,6915110,0.066814279585,0.000021902926,1,0,0,0,0
10082015,10/08/2015,"October 08, 2015",1,2989778,0.029455204497,0.000021902926,1,0,0,0,0
12142015,12/14/2015,"December 14, 2015",1,2602046,0.025684786878,0.000021902926,1,0,0,0,0
12182015,12/18/2015,"December 18, 2015",1,7554155,0.072758742206,0.000021902926,1,0,0,0,0
12212015,12/21/2015,"December 21, 2015",1,8359940,0.080200291541,0.000021902926,1,0,0,0,0
12222015,12/22/2015,"December 22, 2015",1,1102147,0.010960896888,0.000021902926,1,0,0,0,0
12232015,12/23/2015,"December 23, 2015",1,4000573,0.039216008894,0.000021902926,1,0,0,0,0
12272015,12/27/2015,"December 27, 2015",1,7671048,0.073841989097,0.000021902926,1,0,0,0,0
12292015,12/29/2015,"December 29, 2015",2,3905445,0.038301599429,0.000021902926,2,0,0,0,0
01052016,01/05/2016,"January 05, 2016",1,155009,0.001548829339,0.000021902926,1,0,0,0,0
02072016,02/07/2016,"February 07, 2016",1,8377508,0.080361867763,0.000021902926,1,0,0,0,0
02122016,02/12/2016,"February 12, 2016",1,8515744,0.081632260471,0.000021902926,1,0,0,0,0
02182016,02/18/2016,"February 18, 2016",1,5157180,0.050264486999,0.000021902926,1,0,0,0,0
03052016,03/05/2016,"March 05, 2016",1,2052196,0.020312759113,0.000021902926,1,0,0,0,0
03302016,03/30/2016,"March 30, 2016",1,9696693,0.092413926920,0.000021902926,1,0,0,0,0
04012016,04/01/2016,"April 01, 2016",1,352652,0.003520249378,0.000021902926,1,0,0,0,0
04162016,04/16/2016,"April 16, 2016",1,667495,0.006652662471,0.000021902926,1,0,0,0,0
04182016,04/18/2016,"April 18, 2016",1,8277660,0.079443168896,0.000021902926,1,0,0,0,0
04272016,04/27/2016,"April 27, 2016",1,783779,0.007807095160,0.000021902926,1,0,0,0,0
05012016,05/01/2016,"May 01, 2016",1,5584099,0.054310445765,0.000021902926,1,0,0,0,0
05162016,05/16/2016,"May 16, 2016",1,2443310,0.024136969720,0.000021902926,1,0,0,0,0
05182016,05/18/2016,"May 18, 2016",1,6647005,0.064309005102,0.000021902926,1,0,0,0,0
05192016,05/19/2016,"May 19, 2016",1,9755240,0.092945135825,0.000021902926,1,0,0,0,0
06142016,06/14/2016,"June 14, 2016",1,9333474,0.089111407771,0.000021902926,1,0,0,0,0
07112016,07/11/2016,"July 11, 2016",1,4830913,0.047160752925,0.000021902926,1,0,0,0,0
08112016,08/11/2016,"August 11, 2016",1,1976665,0.019572512012,0.000021902926,1,0,0,0,0
09092016,09/09/2016,"September 09, 2016",1,1974335,0.019549667786,0.000021902926,1,0,0,0,0
09272016,09/27/2016,"September 27, 2016",1,8325355,0.079882123793,0.000021902926,1,0,0,0,0
09302016,09/30/2016,"September 30, 2016",1,7382435,0.071165115606,0.000021902926,1,0,0,0,0
10112016,10/11/2016,"October 11, 2016",1,7205998,0.069524860602,0.000021902926,1,0,0,0,0
11172016,11/17/2016,"November 17, 2016",1,3985461,0.039070804244,0.000021902926,1,0,0,0,0
12032016,12/03/2016,"December 03, 2016",1,4555429,0.044532214287,0.000021902926,1,0,0,0,0
12132016,12/13/2016,"December 13, 2016",1,7884416,0.075816007231,0.000021902926,1,0,0,0,0
01072017,01/07/2017,"January 07, 2017",2,4150655,0.040656891215,0.000021902926,2,0,0,0,0
01102017,01/10/2017,"January 10, 2017",1,6628635,0.064137102876,0.000021902926,1,0,0,0,0
01192017,01/19/2017,"January 19, 2017",1,4550898,0.044488921061,0.000021902926,1,0,0,0,0
01232017,01/23/2017,"January 23, 2017",1,3371840,0.033156212816,0.000021902926,1,0,0,0,0
02032017,02/03/2017,"February 03, 2017",1,6588130,0.063757954823,0.000021902926,1,0,0,0,0
02102017,02/10/2017,"February 10, 2017",1,1079166,0.010733579690,0.000021902926,1,0,0,0,0
03072017,03/07/2017,"March 07, 2017",1,1440206,0.014298787424,0.000021902926,1,0,0,0,0
03212017,03/21/2017,"March 21, 2017",1,605556,0.006037202473,0.000021902926,1,0,0,0,0
03302017,03/30/2017,"March 30, 2017",1,2085795,0.020641868940,0.000021902926,1,0,0,0,0
04022017,04/02/2017,"April 02, 2017",1,729461,0.007268009416,0.000021902926,1,0,0,0,0
04092017,04/09/2017,"April 09, 2017",1,55129,0.000551078106,0.000021902926,1,0,0,0,0
04302017,04/30/2017,"April 30, 2017",1,3756106,0.036864335709,0.000021902926,1,0,0,0,0
05222017,05/22/2017,"May 22, 2017",1,7422217,0.071534551214,0.000021902926,1,0,0,0,0
05242017,05/24/2017,"May 24, 2017",1,2303984,0.022776391181,0.000021902926,1,0,0,0,0
05272017,05/27/2017,"May 27, 2017",1,1926967,0.019085138057,0.000021902926,1,0,0,0,0
06032017,06/03/2017,"June 03, 2017",1,1807178,0.017909405883,0.000021902926,1,0,0,0,0
06062017,06/06/2017,"June 06, 2017",1,5873355,0.057041957135,0.000021902926,1,0,0,0,0
06172017,06/17/2017,"June 17, 2017",1,4098325,0.040154735583,0.000021902926,1,0,0,0,0
06242017,06/24/2017,"June 24, 2017",1,5188762,0.050564385112,0.000021902926,1,0,0,0,0
06272017,06/27/2017,"June 27, 2017",1,1197511,0.011903634560,0.000021902926,1,0,0,0,0
07112017,07/11/2017,"July 11, 2017",1,1786768,0.017708940734,0.000021902926,1,0,0,0,0
07132017,07/13/2017,"July 13, 2017",1,8072246,0.077550272797,0.000021902926,1,0,0,0,0
07272017,07/27/2017,"July 27, 2017",1,910852,0.009067103728,0.000021902926,1,0,0,0,0
08102017,08/10/2017,"August 10, 2017",1,8260232,0.079282720269,0.000021902926,1,0,0,0,0
08172017,08/17/2017,"August 17, 2017",1,5101501,0.049735536513,0.000021902926,1,0,0,0,0
08192017,08/19/2017,"August 19, 2017",1,8787514,0.084124720089,0.000021902926,1,0,0,0,0
08252017,08/25/2017,"August 25, 2017",1,6798626,0.065726634176,0.000021902926,1,0,0,0,0
09102017,09/10/2017,"September 10, 2017",1,8069846,0.077528133738,0.000021902926,1,0,0,0,0
09182017,09/18/2017,"September 18, 2017",1,8894032,0.085099772734,0.000021902926,1,0,0,0,0
09232017,09/23/2017,"September 23, 2017",1,2494620,0.024637556609,0.000021902926,1,0,0,0,0
09252017,09/25/2017,"September 25, 2017",1,191167,0.001909784056,0.000021902926,1,0,0,0,0
10192017,10/19/2017,"October 19, 2017",1,6487401,0.062814412434,0.000021902926,1,0,0,0,0
10212017,10/21/2017,"October 21, 2017",1,6714310,0.064938560047,0.000021902926,1,0,0,0,0
10302017,10/30/2017,"October 30, 2017",1,5596908,0.054431571384,0.000021902926,1,1,0,0,0
11062017,11/06/2017,"November 06, 2017",1,8344130,0.080054859710,0.000021902926,1,0,0,0,0
11102017,11/10/2017,"November 10, 2017",1,667933,0.006657013323,0.000021902926,1,0,0,0,0
11232017,11/23/2017,"November 23, 2017",1,3014056,0.029690804764,0.000021902926,1,0,0,0,0
11252017,11/25/2017,"November 25, 2017",1,7611218,0.073287702956,0.000021902926,1,0,0,0,0
12092017,12/09/2017,"December 09, 2017",1,3262366,0.032097190666,0.000021902926,1,0,0,0,0
12102017,12/10/2017,"December 10, 2017",1,7257400,0.070003020535,0.000021902926,1,0,0,0,0
12122017,12/12/2017,"December 12, 2017",1,4832190,0.047172920604,0.000021902926,1,0,0,0,0
12262017,12/26/2017,"December 26, 2017",1,2358620,0.023310161248,0.000021902926,1,0,0,0,0
01192018,01/19/2018,"January 19, 2018",1,9837620,0.093692059930,0.000021902926,1,0,0,0,0
02022018,02/02/2018,"February 02, 2018",1,2993122,0.029487658973,0.000021902926,1,0,0,0,0
02042018,02/04/2018,"February 04, 2018",1,1727081,0.017122465656,0.000021902926,1,0,0,0,0
02152018,02/15/2018,"February 15, 2018",1,2249310,0.022241957855,0.000021902926,1,0,0,0,0
02242018,02/24/2018,"February 24, 2018",1,744258,0.007414893103,0.000021902926,1,0,0,0,0
02262018,02/26/2018,"February 26, 2018",1,2060928,0.020398301668,0.000021902926,1,0,0,0,0
03062018,03/06/2018,"March 06, 2018",1,6909764,0.066764390142,0.000021902926,1,0,0,0,0
03092018,03/09/2018,"March 09, 2018",1,31775,0.000317639545,0.000021902926,1,0,0,0,0
04132018,04/13/2018,"April 13, 2018",1,2209043,0.021848164741,0.000021902926,1,0,0,0,0
04152018,04/15/2018,"April 15, 2018",1,3125312,0.030769731676,0.000021902926,1,0,0,0,0
05162018,05/16/2018,"May 16, 2018",1,4344008,0.042510017799,0.000021902926,1,0,0,0,0
06022018,06/02/2018,"June 02, 2018",1,3760728,0.036908850811,0.000021902926,1,0,0,0,0
06072018,06/07/2018,"June 07, 2018",1,1473949,0.014631336479,0.000021902926,1,0,0,0,0
06122018,06/12/2018,"June 12, 2018",1,6613581,0.063996207469,0.000021902926,1,0,0,0,0
06242018,06/24/2018,"June 24, 2018",1,7499405,0.072250938614,0.000021902926,1,0,0,0,0
07252018,07/25/2018,"July 25, 2018",1,6633219,0.064180001848,0.000021902926,1,0,0,0,0
08062018,08/06/2018,"August 06, 2018",1,2130967,0.021084164695,0.000021902926,1,0,0,0,0
08092018,08/09/2018,"August 09, 2018",1,6406652,0.062057338812,0.000021902926,1,0,0,0,0
08132018,08/13/2018,"August 13, 2018",1,9899513,0.094252827553,0.000021902926,1,0,0,0,0
08292018,08/29/2018,"August 29, 2018",1,2171148,0.021477423858,0.000021902926,1,0,0,0,0
09132018,09/13/2018,"September 13, 2018",1,5765443,0.056023843007,0.000021902926,1,0,0,0,0
10142018,10/14/2018,"October 14, 2018",2,6555904,0.063456192839,0.000021902926,2,0,0,0,0
10312018,10/31/2018,"October 31, 2018",1,3684912,0.036178396753,0.000021902926,1,0,0,0,0
11152018,11/15/2018,"November 15, 2018",1,1951970,0.019330365544,0.000021902926,1,0,0,0,0
12202018,12/20/2018,"December 20, 2018",1,6247961,0.060567726581,0.000021902926,1,0,0,0,0
01042019,01/04/2019,"January 04, 2019",1,7108690,0.068618993175,0.000021902926,1,0,0,0,0
01192019,01/19/2019,"January 19, 2019",1,9962526,0.094823386242,0.000021902926,1,0,0,0,0
02062019,02/06/2019,"February 06, 2019",1,5952699,0.057789841032,0.000021902926,1,0,0,0,0
02212019,02/21/2019,"February 21, 2019",1,6329224,0.061330827336,0.000021902926,1,0,0,0,0
02262019,02/26/2019,"February 26, 2019",1,1152024,0.011454076924,0.000021902926,1,0,0,0,0
03242019,03/24/2019,"March 24, 2019",1,8143783,0.078209929687,0.000021902926,1,0,0,0,0
04072019,04/07/2019,"April 07, 2019",1,9722524,0.092648335205,0.000021902926,1,0,0,0,0
05082019,05/08/2019,"May 08, 2019",1,6383510,0.061840255002,0.000021902926,1,0,0,0,0
05212019,05/21/2019,"May 21, 2019",1,9298667,0.088794299591,0.000021902926,1,0,0,0,0
05252019,05/25/2019,"May 25, 2019",1,1241223,0.012335456862,0.000021902926,1,0,0,0,0
05282019,05/28/2019,"May 28, 2019",1,7522880,0.072468702147,0.000021902926,1,0,0,0,0
06082019,06/08/2019,"June 08, 2019",1,5531466,0.053812569965,0.000021902926,1,0,0,0,0
06212019,06/21/2019,"June 21, 2019",1,3191742,0.031413377540,0.000021902926,1,0,0,0,0
06222019,06/22/2019,"June 22, 2019",1,8922856,0.085363445576,0.000021902926,1,0,0,0,0
06232019,06/23/2019,"June 23, 2019",1,8340467,0.080021161502,0.000021902926,1,0,0,0,0
07032019,07/03/2019,"July 03, 2019",1,7285920,0.070268217858,0.000021902926,1,0,0,0,0
07102019,07/10/2019,"July 10, 2019",1,9467573,0.090332081638,0.000021902926,1,0,0,0,0
07242019,07/24/2019,"July 24, 2019",1,7412839,0.071447475641,0.000021902926,1,0,0,0,0
07292019,07/29/2019,"July 29, 2019",1,3016748,0.029716925136,0.000021902926,1,0,0,0,0
08012019,08/01/2019,"August 01, 2019",1,6459846,0.062556135360,0.000021902926,1,0,0,0,0
08082019,08/08/2019,"August 08, 2019",1,6010968,0.058338697553,0.000021902926,1,0,0,0,0
08132019,08/13/2019,"August 13, 2019",2,672872,0.006706073322,0.000021902926,2,0,0,0,0
08142019,08/14/2019,"August 14, 2019",1,9697273,0.092419190904,0.000021902926,1,0,0,0,0
08242019,08/24/2019,"August 24, 2019",1,1249119,0.012413439776,0.000021902926,1,0,0,0,0
08312019,08/31/2019,"August 31, 2019",1,8023667,0.077102047076,0.000021902926,1,0,0,0,0
09172019,09/17/2019,"September 17, 2019",1,938895,0.009344952083,0.000021902926,1,0,0,0,0
09212019,09/21/2019,"September 21, 2019",1,5384,0.000053778554,0.000021902926,1,0,0,0,0
10092019,10/09/2019,"October 09, 2019",1,5570212,0.054179108737,0.000021902926,1,0,0,0,0
10142019,10/14/2019,"October 14, 2019",1,620511,0.006185838496,0.000021902926,1,0,0,0,0
11062019,11/06/2019,"November 06, 2019",1,1095732,0.010897447994,0.000021902926,1,0,0,0,0
11282019,11/28/2019,"November 28, 2019",1,8412384,0.080682544838,0.000021902926,1,0,0,0,0
12022019,12/02/2019,"December 02, 2019",1,4452640,0.043549593569,0.000021902926,1,0,0,0,0
12052019,12/05/2019,"December 05, 2019",1,3176642,0.031267109915,0.000021902926,1,0,0,0,0
12072019,12/07/2019,"December 07, 2019",1,1779888,0.017641356783,0.000021902926,1,0,0,0,0
12112019,12/11/2019,"December 11, 2019",1,53217,0.000531968460,0.000021902926,1,0,0,0,0
12212019,12/21/2019,"December 21, 2019",2,7781229,0.074861877301,0.000021902926,2,0,0,0,0
12222019,12/22/2019,"December 22, 2019",2,1989185,0.019695253851,0.000021902926,2,0,0,0,0
12232019,12/23/2019,"December 23, 2019",1,4139843,0.040553161429,0.000021902926,1,0,0,0,0
01152020,01/15/2020,"January 15, 2020",1,2749290,0.027118351907,0.000021902926,1,0,0,0,0
01262020,01/26/2020,"January 26, 2020",1,5896168,0.057257049620,0.000021902926,1,0,0,0,0
01272020,01/27/2020,"January 27, 2020",2,7647796,0.073626613796,0.000021902926,2,0,0,0,0
02072020,02/07/2020,"February 07, 2020",1,8719688,0.083503307800,0.000021902926,1,0,0,0,0
02092020,02/09/2020,"February 09, 2020",1,348497,0.003478844784,0.000021902926,1,0,0,0,0
02232020,02/23/2020,"February 23, 2020",1,9932611,0.094552562149,0.000021902926,1,0,0,0,0
03192020,03/19/2020,"March 19, 2020",1,2755148,0.027175341645,0.000021902926,1,0,0,0,0
03202020,03/20/2020,"March 20, 2020",2,5153888,0.050233221191,0.000021902926,2,0,0,0,0
03292020,03/29/2020,"March 29, 2020",1,3459058,0.033999107007,0.000021902926,1,0,0,0,0
04022020,04/02/2020,"April 02, 2020",1,292796,0.002923617910,0.000021902926,1,0,0,0,0
05012020,05/01/2020,"May 01, 2020",1,632663,0.006306599456,0.000021902926,1,0,0,0,0
05052020,05/05/2020,"May 05, 2020",1,384032,0.003832895670,0.000021902926,1,0,0,0,0
05152020,05/15/2020,"May 15, 2020",1,2398845,0.023702955734,0.000021902926,1,0,0,0,0
06072020,06/07/2020,"June 07, 2020",1,1401864,0.013920777398,0.000021902926,1,0,0,0,0
06242020,06/24/2020,"June 24, 2020",2,71180,0.000711486780,0.000021902926,2,0,0,0,0
06272020,06/27/2020,"June 27, 2020",1,7188789,0.069364721355,0.000021902926,1,0,0,0,0
08022020,08/02/2020,"August 02, 2020",1,4573096,0.044701001873,0.000021902926,1,0,0,0,0
08042020,08/04/2020,"August 04, 2020",1,2862884,0.028222859651,0.000021902926,1,0,0,0,0
08102020,08/10/2020,"August 10, 2020",1,4288987,0.041983052273,0.000021902926,1,0,0,0,0
08112020,08/11/2020,"August 11, 2020",1,1280056,0.012718922177,0.000021902926,1,0,0,0,0
08212020,08/21/2020,"August 21, 2020",1,2170295,0.021469077024,0.000021902926,1,0,0,0,0
09132020,09/13/2020,"September 13, 2020",1,9388862,0.089615791053,0.000021902926,1,0,0,0,0
09152020,09/15/2020,"September 15, 2020",1,6464039,0.062595441558,0.000021902926,1,0,0,0,0
09212020,09/21/2020,"September 21, 2020",1,9835715,0.093674794599,0.000021902926,1,0,0,0,0
09282020,09/28/2020,"September 28, 2020",1,1296306,0.012879342319,0.000021902926,1,0,0,0,0
10152020,10/15/2020,"October 15, 2020",1,1637945,0.016245977353,0.000021902926,1,0,0,0,0
10172020,10/17/2020,"October 17, 2020",1,9389833,0.089624630840,0.000021902926,1,0,0,0,0
10212020,10/21/2020,"October 21, 2020",1,9119417,0.087159498604,0.000021902926,1,0,0,0,0
11132020,11/13/2020,"November 13, 2020",1,5953807,0.057800280663,0.000021902926,1,0,0,0,0
11162020,11/16/2020,"November 16, 2020",1,5613424,0.054587728571,0.000021902926,1,0,0,0,0
11202020,11/20/2020,"November 20, 2020",1,5532662,0.053823886299,0.000021902926,1,0,0,0,0
11252020,11/25/2020,"November 25, 2020",1,1478259,0.014673804953,0.000021902926,1,0,0,0,0
11262020,11/26/2020,"November 26, 2020",1,4363718,0.042698720479,0.000021902926,1,0,0,0,0
12032020,12/03/2020,"December 03, 2020",1,5280916,0.051438924994,0.000021902926,1,0,0,0,0
12222020,12/22/2020,"December 22, 2020",1,4369312,0.042752270416,0.000021902926,1,0,0,0,0
01092021,01/09/2021,"January 09, 2021",1,3316848,0.032624379855,0.000021902926,1,0,0,0,0
01102021,01/10/2021,"January 10, 2021",1,9547250,0.091056589081,0.000021902926,1,0,0,0,0
01132021,01/13/2021,"January 13, 2021",1,2478718,0.024482442139,0.000021902926,1,0,0,0,0
01202021,01/20/2021,"January 20, 2021",1,1121322,0.011150526956,0.000021902926,1,0,0,0,0
01302021,01/30/2021,"January 30, 2021",1,7228888,0.069737821989,0.000021902926,1,0,0,0,0
03032021,03/03/2021,"March 03, 2021",1,5591282,0.054378372207,0.000021902926,1,0,0,0,0
03062021,03/06/2021,"March 06, 2021",1,8301222,0.079660044948,0.000021902926,1,0,0,0,0
03142021,03/14/2021,"March 14, 2021",1,589239,0.005875004329,0.000021902926,1,0,0,0,0
03272021,03/27/2021,"March 27, 2021",1,5763189,0.056002565544,0.000021902926,1,0,0,0,0
04022021,04/02/2021,"April 02, 2021",1,2397113,0.023686046123,0.000021902926,1,0,0,0,0
04122021,04/12/2021,"April 12, 2021",2,6792140,0.065666035240,0.000021902926,2,0,0,0,0
05062021,05/06/2021,"May 06, 2021",1,8366672,0.080262210374,0.000021902926,1,0,0,0,0
05142021,05/14/2021,"May 14, 2021",1,6765886,0.065420702995,0.000021902926,1,0,0,0,0
05212021,05/21/2021,"May 21, 2021",1,4091087,0.040085259468,0.000021902926,1,0,0,0,0
06062021,06/06/2021,"June 06, 2021",1,6286427,0.060929019111,0.000021902926,1,0,0,0,0
06162021,06/16/2021,"June 16, 2021",1,3605853,0.035416107735,0.000021902926,1,0,0,0,0
07042021,07/04/2021,"July 04, 2021",1,4073524,0.039916654835,0.000021902926,1,0,0,0,0
07072021,07/07/2021,"July 07, 2021",1,3217651,0.031664296143,0.000021902926,1,0,0,0,0
07122021,07/12/2021,"July 12, 2021",1,535819,0.005343800879,0.000021902926,1,0,0,0,0
07132021,07/13/2021,"July 13, 2021",1,8207702,0.078798940423,0.000021902926,1,0,0,0,0
07302021,07/30/2021,"July 30, 2021",1,2333785,0.023067570202,0.000021902926,1,0,0,0,0
08232021,08/23/2021,"August 23, 2021",1,2345779,0.023184736452,0.000021902926,1,0,0,0,0
08312021,08/31/2021,"August 31, 2021",1,7019118,0.067784362829,0.000021902926,1,0,0,0,0
09062021,09/06/2021,"September 06, 2021",1,3718220,0.036499372997,0.000021902926,1,0,0,0,0
09182021,09/18/2021,"September 18, 2021",1,3861468,0.037878580310,0.000021902926,1,0,0,0,0
09232021,09/23/2021,"September 23, 2021",1,8553861,0.081982248000,0.000021902926,1,0,0,0,0
10182021,10/18/2021,"October 18, 2021",1,4215308,0.041276934861,0.000021902926,1,0,0,0,0
11052021,11/05/2021,"November 05, 2021",1,5183603,0.050515402465,0.000021902926,1,0,0,0,0
11142021,11/14/2021,"November 14, 2021",1,1234999,0.012273982707,0.000021902926,1,0,0,0,0
11232021,11/23/2021,"November 23, 2021",1,3582304,0.035188931124,0.000021902926,1,0,0,0,0
12012021,12/01/2021,"December 01, 2021",1,9958976,0.094791251902,0.000021902926,1,0,0,0,0
12022021,12/02/2021,"December 02, 2021",1,2811441,0.027722819725,0.000021902926,1,0,0,0,0
12032021,12/03/2021,"December 03, 2021",1,1606562,0.015937197375,0.000021902926,1,0,0,0,0
12102021,12/10/2021,"December 10, 2021",1,7098485,0.068523940892,0.000021902926,1,0,0,0,0
12292021,12/29/2021,"December 29, 2021",1,8457478,0.081097008399,0.000021902926,1,0,0,0,0
01192022,01/19/2022,"January 19, 2022",1,726393,0.007237551931,0.000021902926,1,0,0,0,0
01222022,01/22/2022,"January 22, 2022",1,7706602,0.074171216789,0.000021902926,1,0,0,0,0
02072022,02/07/2022,"February 07, 2022",1,4156693,0.040714814603,0.000021902926,1,0,0,0,0
02262022,02/26/2022,"February 26, 2022",1,9932606,0.094552516877,0.000021902926,1,0,0,0,0
03072022,03/07/2022,"March 07, 2022",1,5003868,0.048807311747,0.000021902926,1,0,0,0,0
03132022,03/13/2022,"March 13, 2022",1,391597,0.003908252862,0.000021902926,1,0,0,0,0
03182022,03/18/2022,"March 18, 2022",1,9539171,0.090983152576,0.000021902926,1,0,0,0,0
04052022,04/05/2022,"April 05, 2022",1,9336244,0.089136639036,0.000021902926,1,0,0,0,0
04122022,04/12/2022,"April 12, 2022",1,9705311,0.092492139319,0.000021902926,1,0,0,0,0
04162022,04/16/2022,"April 16, 2022",1,8994500,0.086018493116,0.000021902926,1,0,0,0,0
04232022,04/23/2022,"April 23, 2022",1,4933785,0.048140453719,0.000021902926,1,0,0,0,0
04252022,04/25/2022,"April 25, 2022",1,449717,0.004487013187,0.000021902926,1,0,0,0,0
04262022,04/26/2022,"April 26, 2022",1,5050887,0.049254447914,0.000021902926,1,0,0,0,0
05012022,05/01/2022,"May 01, 2022",1,6012596,0.058354027675,0.000021902926,1,0,0,0,0
05092022,05/09/2022,"May 09, 2022",1,510881,0.005095722582,0.000021902926,1,0,0,0,0
05112022,05/11/2022,"May 11, 2022",1,1098917,0.010928950409,0.000021902926,1,0,0,0,0
06132022,06/13/2022,"June 13, 2022",1,9769708,0.093076359031,0.000021902926,1,0,0,0,0
07062022,07/06/2022,"July 06, 2022",1,4550516,0.044485271001,0.000021902926,1,0,0,0,0
07122022,07/12/2022,"July 12, 2022",1,1445691,0.014352851654,0.000021902926,1,0,0,0,0
07182022,07/18/2022,"July 18, 2022",1,2764631,0.027267590235,0.000021902926,1,0,0,0,0
07222022,07/22/2022,"July 22, 2022",1,9777438,0.093146461520,0.000021902926,1,0,0,0,0
07312022,07/31/2022,"July 31, 2022",1,3713087,0.036449915240,0.000021902926,1,0,0,0,0
08072022,08/07/2022,"August 07, 2022",1,7929869,0.076235981133,0.000021902926,1,0,0,0,0
08312022,08/31/2022,"August 31, 2022",1,7460911,0.071893742141,0.000021902926,1,0,0,0,0
09012022,09/01/2022,"September 01, 2022",1,8216573,0.078880656546,0.000021902926,1,0,0,0,0
09212022,09/21/2022,"September 21, 2022",1,5123682,0.049946291302,0.000021902926,1,0,0,0,0
10092022,10/09/2022,"October 09, 2022",1,9926490,0.094497138015,0.000021902926,1,0,0,0,0
10162022,10/16/2022,"October 16, 2022",1,1826980,0.018103860211,0.000021902926,1,0,0,0,0
10192022,10/19/2022,"October 19, 2022",1,3036507,0.029908624432,0.000021902926,1,0,0,0,0
10262022,10/26/2022,"October 26, 2022",1,7917772,0.076124226639,0.000021902926,1,0,0,0,0
10292022,10/29/2022,"October 29, 2022",2,1490805,0.014797416225,0.000021902926,2,0,0,0,0
10302022,10/30/2022,"October 30, 2022",1,1928062,0.019095879016,0.000021902926,1,0,0,0,0
11102022,11/10/2022,"November 10, 2022",1,4611502,0.045067823564,0.000021902926,1,0,0,0,0
11302022,11/30/2022,"November 30, 2022",2,990793,0.009858948856,0.000021902926,2,0,0,0,0
01022023,01/02/2023,"January 02, 2023",1,4646505,0.045402019984,0.000021902926,1,0,0,0,0
01052023,01/05/2023,"January 05, 2023",1,6342076,0.061451457348,0.000021902926,1,0,0,0,0
01092023,01/09/2023,"January 09, 2023",1,1860610,0.018434016367,0.000021902926,1,0,0,0,0
02022023,02/02/2023,"February 02, 2023",1,1164878,0.011581136452,0.000021902926,1,0,0,0,0
02062023,02/06/2023,"February 06, 2023",1,2066919,0.020456987849,0.000021902926,1,0,0,0,0
02102023,02/10/2023,"February 10, 2023",1,994869,0.009899306183,0.000021902926,1,0,0,0,0
02122023,02/12/2023,"February 12, 2023",1,3876017,0.038018549175,0.000021902926,1,0,0,0,0
03082023,03/08/2023,"March 08, 2023",1,8191399,0.078648744770,0.000021902926,1,0,0,0,0
03162023,03/16/2023,"March 16, 2023",1,478829,0.004776784749,0.000021902926,1,0,0,0,0
03222023,03/22/2023,"March 22, 2023",1,8530685,0.081769463547,0.000021902926,1,0,0,0,0
03312023,03/31/2023,"March 31, 2023",1,6773942,0.065495989671,0.000021902926,1,0,0,0,0
04102023,04/10/2023,"April 10, 2023",2,1623769,0.016106510496,0.000021902926,2,0,0,0,0
05132023,05/13/2023,"May 13, 2023",1,1238587,0.012309421681,0.000021902926,1,0,0,0,0
06032023,06/03/2023,"June 03, 2023",1,1031786,0.010264754200,0.000021902926,1,0,0,0,0
06092023,06/09/2023,"June 09, 2023",1,3142671,0.030937965758,0.000021902926,1,0,0,0,0
06112023,06/11/2023,"June 11, 2023",1,2107159,0.020851076665,0.000021902926,1,0,0,0,0
06202023,06/20/2023,"June 20, 2023",1,8199842,0.078726531174,0.000021902926,1,0,0,0,0
07142023,07/14/2023,"July 14, 2023",1,4743358,0.046326129189,0.000021902926,1,0,0,0,0
07302023,07/30/2023,"July 30, 2023",1,5273065,0.051364450539,0.000021902926,1,0,0,0,0
08072023,08/07/2023,"August 07, 2023",1,3347847,0.032924210152,0.000021902926,1,0,0,0,0
08292023,08/29/2023,"August 29, 2023",1,4634586,0.045288234669,0.000021902926,1,0,0,0,0
10172023,10/17/2023,"October 17, 2023",2,3902376,0.038272084452,0.000021902926,2,0,0,0,0
11262023,11/26/2023,"November 26, 2023",1,9186052,0.087767567262,0.000021902926,1,0,0,0,0
11272023,11/27/2023,"November 27, 2023",2,5176147,0.050444606253,0.000021902926,2,0,0,0,0
12112023,12/11/2023,"December 11, 2023",1,3102750,0.030551029270,0.000021902926,1,0,0,0,0
12302023,12/30/2023,"December 30, 2023",1,5203661,0.050705830988,0.000021902926,1,0,0,0,0
01122024,01/12/2024,"January 12, 2024",1,1200046,0.011928682486,0.000021902926,1,0,0,0,0
01172024,01/17/2024,"January 17, 2024",1,9602420,0.091557914862,0.000021902926,1,0,0,0,0
01182024,01/18/2024,"January 18, 2024",1,1927443,0.019089807201,0.000021902926,1,0,0,0,0
01202024,01/20/2024,"January 20, 2024",1,8357431,0.080177213477,0.000021902926,1,0,0,0,0
02012024,02/01/2024,"February 01, 2024",1,3851858,0.037786115998,0.000021902926,1,0,0,0,0
02172024,02/17/2024,"February 17, 2024",1,9606054,0.091590927048,0.000021902926,1,0,0,0,0
02182024,02/18/2024,"February 18, 2024",1,2812974,0.027737724620,0.000021902926,1,0,0,0,0
02202024,02/20/2024,"February 20, 2024",1,5782259,0.056182568693,0.000021902926,1,0,0,0,0
02222024,02/22/2024,"February 22, 2024",1,1410300,0.014003959533,0.000021902926,1,0,0,0,0
02242024,02/24/2024,"February 24, 2024",1,9011470,0.086173582620,0.000021902926,1,0,0,0,0
03122024,03/12/2024,"March 12, 2024",1,7530861,0.072542725467,0.000021902926,1,0,0,0,0
03232024,03/23/2024,"March 23, 2024",1,6899238,0.066666152591,0.000021902926,1,0,0,0,0
04082024,04/08/2024,"April 08, 2024",1,8587286,0.082289044160,0.000021902926,1,0,0,0,0
04172024,04/17/2024,"April 17, 2024",1,2449357,0.024195978374,0.000021902926,1,0,0,0,0
04252024,04/25/2024,"April 25, 2024",1,2284310,0.022584113292,0.000021902926,1,0,0,0,0
04272024,04/27/2024,"April 27, 2024",1,5798868,0.056339314314,0.000021902926,1,0,0,0,0
04282024,04/28/2024,"April 28, 2024",1,5037841,0.049130405557,0.000021902926,1,0,0,0,0
04302024,04/30/2024,"April 30, 2024",1,4595128,0.044911450166,0.000021902926,1,0,0,0,0
05062024,05/06/2024,"May 06, 2024",1,4331296,0.042388293935,0.000021902926,1,0,0,0,0
05272024,05/27/2024,"May 27, 2024",1,1236576,0.012289559023,0.000021902926,1,0,0,0,0
05282024,05/28/2024,"May 28, 2024",1,2639962,0.026054138212,0.000021902926,1,0,0,0,0
06172024,06/17/2024,"June 17, 2024",1,5875294,0.057060240914,0.000021902926,1,0,0,0,0
06302024,06/30/2024,"June 30, 2024",1,2012744,0.019926176646,0.000021902926,1,0,0,0,0
07072024,07/07/2024,"July 07, 2024",1,2107358,0.020853025169,0.000021902926,1,0,0,0,0
08092024,08/09/2024,"August 09, 2024",1,5964283,0.057898980337,0.000021902926,1,0,0,0,0
08142024,08/14/2024,"August 14, 2024",1,9407036,0.089781229246,0.000021902926,1,0,0,0,0
08172024,08/17/2024,"August 17, 2024",1,8320460,0.079837082920,0.000021902926,1,0,0,0,0
08312024,08/31/2024,"August 31, 2024",1,3660521,0.035943282351,0.000021902926,1,0,0,0,0
09082024,09/08/2024,"September 08, 2024",1,7502517,0.072279809716,0.000021902926,1,0,0,0,0
09192024,09/19/2024,"September 19, 2024",1,2759589,0.027218543829,0.000021902926,1,0,0,0,0
09202024,09/20/2024,"September 20, 2024",1,503109,0.005018395616,0.000021902926,1,0,0,0,0
10042024,10/04/2024,"October 04, 2024",1,5570957,0.054186155076,0.000021902926,1,0,0,0,0
10122024,10/12/2024,"October 12, 2024",1,6786898,0.065617056169,0.000021902926,1,0,0,0,0
10152024,10/15/2024,"October 15, 2024",1,4462634,0.043645176447,0.000021902926,1,0,0,0,0
10282024,10/28/2024,"October 28, 2024",1,848001,0.008444096725,0.000021902926,1,0,0,0,0
11152024,11/15/2024,"November 15, 2024",1,839613,0.008360921526,0.000021902926,1,0,0,0,0
11242024,11/24/2024,"November 24, 2024",1,935302,0.009309357207,0.000021902926,1,0,0,0,0
12062024,12/06/2024,"December 06, 2024",1,2883784,0.028425939853,0.000021902926,1,0,0,0,0
12072024,12/07/2024,"December 07, 2024",1,2755305,0.027176868979,0.000021902926,1,0,0,0,0
12252024,12/25/2024,"December 25, 2024",1,7337801,0.070750446905,0.000021902926,1,0,0,0,0
