pi_digits_20241026_163411_Birthday (MMDDYYYY),pi_digits_20241026_163411_Birthday (MM/DD/YYYY),"pi_digits_20241026_163411_Birthday (Month Day, Year)",pi_digits_20241026_163411_FirstIdx,pi_digits_20241026_163411_Count,pi_digits_20241026_163411_Odds (by position),pi_digits_20241026_163411_Padded,pi_digits_20241026_163411_Odds (on this list out of all days from 1900 to 2024)
01061900,01/06/1900,"January 06, 1900",3077586,1,0.030307114311,False,0.000021902926
01101900,01/10/1900,"January 10, 1900",6334292,1,0.061378463588,False,0.000021902926
01201900,01/20/1900,"January 20, 1900",6459848,1,0.062556219730,False,0.000021902926
01301900,01/30/1900,"January 30, 1900",6358251,1,0.061603320987,False,0.000021902926
01311900,01/31/1900,"January 31, 1900",1798114,1,0.017820453909,False,0.000021902926
02021900,02/02/1900,"February 02, 1900",4473379,1,0.043747998191,False,0.000021902926
02081900,02/08/1900,"February 08, 1900",3933359,1,0.038570077759,False,0.000021902926
02141900,02/14/1900,"February 14, 1900",1897999,1,0.018801014160,False,0.000021902926
03011900,03/01/1900,"March 01, 1900",1082625,1,0.010767867071,False,0.000021902926
03151900,03/15/1900,"March 15, 1900",9064312,1,0.086656403154,False,0.000021902926
04011900,04/01/1900,"April 01, 1900",161924,1,0.001617939738,False,0.000021902926
04101900,04/10/1900,"April 10, 1900",6302700,1,0.061081887425,False,0.000021902926
04281900,04/28/1900,"April 28, 1900",6361901,1,0.061637571841,False,0.000021902926
05271900,05/27/1900,"May 27, 1900",6287115,1,0.060935545632,False,0.000021902926
05311900,05/31/1900,"May 31, 1900",7404001,1,0.071365471545,False,0.000021902926
06081900,06/08/1900,"June 08, 1900",3811337,1,0.037396205682,False,0.000021902926
06131900,06/13/1900,"June 13, 1900",2144292,1,0.021214665056,False,0.000021902926
06151900,06/15/1900,"June 15, 1900",4974131,1,0.048524480118,False,0.000021902926
06171900,06/17/1900,"June 17, 1900",4714610,1,0.046051994387,False,0.000021902926
07041900,07/04/1900,"July 04, 1900",4253010,1,0.041638391590,False,0.000021902926
07081900,07/08/1900,"July 08, 1900",4417446,1,0.043212988144,False,0.000021902926
07131900,07/13/1900,"July 13, 1900",743726,1,0.007409682017,False,0.000021902926
07161900,07/16/1900,"July 16, 1900",8119819,1,0.077989069983,False,0.000021902926
07221900,07/22/1900,"July 22, 1900",7838970,1,0.075395971840,False,0.000021902926
07261900,07/26/1900,"July 26, 1900",14854,1,0.000148538968,False,0.000021902926
07301900,07/30/1900,"July 30, 1900",69510,1,0.000694868474,False,0.000021902926
08101900,08/10/1900,"August 10, 1900",635027,1,0.006330159648,False,0.000021902926
08131900,08/13/1900,"August 13, 1900",4315679,2,0.042238799078,False,0.000021902926
08181900,08/18/1900,"August 18, 1900",7125659,1,0.068777090996,False,0.000021902926
08221900,08/22/1900,"August 22, 1900",8286492,1,0.079524533319,False,0.000021902926
08251900,08/25/1900,"August 25, 1900",621574,1,0.006196472251,False,0.000021902926
09071900,09/07/1900,"September 07, 1900",9552645,1,0.091105688878,False,0.000021902926
09161900,09/16/1900,"September 16, 1900",9491134,1,0.090546446913,False,0.000021902926
09261900,09/26/1900,"September 26, 1900",3466189,1,0.034068057691,False,0.000021902926
10271900,10/27/1900,"October 27, 1900",8635369,1,0.082730265263,False,0.000021902926
11091900,11/09/1900,"November 09, 1900",7859310,1,0.075584017176,False,0.000021902926
11111900,11/11/1900,"November 11, 1900",1084152,1,0.010782972530,False,0.000021902926
11161900,11/16/1900,"November 16, 1900",6269989,1,0.060774707680,False,0.000021902926
11241900,11/24/1900,"November 24, 1900",8268108,1,0.079355297552,False,0.000021902926
11301900,11/30/1900,"November 30, 1900",5191567,1,0.050591082866,False,0.000021902926
12131900,12/13/1900,"December 13, 1900",1205364,1,0.011981295883,False,0.000021902926
12151900,12/15/1900,"December 15, 1900",7858735,1,0.075578701769,False,0.000021902926
12221900,12/22/1900,"December 22, 1900",6623748,1,0.064091431651,False,0.000021902926
01101901,01/10/1901,"January 10, 1901",8859517,1,0.084784004481,False,0.000021902926
01141901,01/14/1901,"January 14, 1901",8887786,1,0.085042690328,False,0.000021902926
01191901,01/19/1901,"January 19, 1901",4066251,1,0.039846892644,False,0.000021902926
01231901,01/23/1901,"January 23, 1901",9541001,1,0.090999851062,False,0.000021902926
02041901,02/04/1901,"February 04, 1901",3272588,1,0.032196192382,False,0.000021902926
02061901,02/06/1901,"February 06, 1901",7287369,1,0.070281754654,False,0.000021902926
02201901,02/20/1901,"February 20, 1901",9603077,1,0.091563946898,False,0.000021902926
02261901,02/26/1901,"February 26, 1901",4481563,1,0.043826254653,False,0.000021902926
03141901,03/14/1901,"March 14, 1901",1260510,1,0.012525998478,False,0.000021902926
03271901,03/27/1901,"March 27, 1901",4143099,1,0.040584467669,False,0.000021902926
04061901,04/06/1901,"April 06, 1901",4780434,1,0.046679714510,False,0.000021902926
04071901,04/07/1901,"April 07, 1901",2433917,1,0.024045370916,False,0.000021902926
04151901,04/15/1901,"April 15, 1901",2980528,1,0.029365492895,False,0.000021902926
05101901,05/10/1901,"May 10, 1901",8459830,1,0.081118685065,False,0.000021902926
05271901,05/27/1901,"May 27, 1901",935121,1,0.009307633404,False,0.000021902926
06111901,06/11/1901,"June 11, 1901",41962,1,0.000419541972,False,0.000021902926
06211901,06/21/1901,"June 21, 1901",5272243,2,0.051356719128,False,0.000021902926
07141901,07/14/1901,"July 14, 1901",1687043,1,0.016728931184,False,0.000021902926
07251901,07/25/1901,"July 25, 1901",3683722,1,0.036166994676,False,0.000021902926
09061901,09/06/1901,"September 06, 1901",3681287,1,0.036143525056,False,0.000021902926
09091901,09/09/1901,"September 09, 1901",5814562,1,0.056487466849,False,0.000021902926
09121901,09/12/1901,"September 12, 1901",4266491,1,0.041767579612,False,0.000021902926
09181901,09/18/1901,"September 18, 1901",8170831,1,0.078459286260,False,0.000021902926
09261901,09/26/1901,"September 26, 1901",8605895,1,0.082459869332,False,0.000021902926
11091901,11/09/1901,"November 09, 1901",1410963,1,0.014010565685,False,0.000021902926
11151901,11/15/1901,"November 15, 1901",2505468,1,0.024743426457,False,0.000021902926
11251901,11/25/1901,"November 25, 1901",1309023,1,0.013004935563,False,0.000021902926
11271901,11/27/1901,"November 27, 1901",9411682,1,0.089823580741,False,0.000021902926
12071901,12/07/1901,"December 07, 1901",5054137,1,0.049285413193,False,0.000021902926
12111901,12/11/1901,"December 11, 1901",4696516,1,0.045879371416,False,0.000021902926
12141901,12/14/1901,"December 14, 1901",3772079,1,0.037018232493,False,0.000021902926
12151901,12/15/1901,"December 15, 1901",7153323,1,0.069034668875,False,0.000021902926
12161901,12/16/1901,"December 16, 1901",3020369,1,0.029752126368,False,0.000021902926
12181901,12/18/1901,"December 18, 1901",756805,1,0.007539494417,False,0.000021902926
01021902,01/02/1902,"January 02, 1902",3458400,1,0.033992818321,False,0.000021902926
01061902,01/06/1902,"January 06, 1902",9169035,1,0.087612383326,False,0.000021902926
01261902,01/26/1902,"January 26, 1902",4217580,1,0.041298783911,False,0.000021902926
01271902,01/27/1902,"January 27, 1902",9907154,1,0.094322096448,False,0.000021902926
01281902,01/28/1902,"January 28, 1902",3824018,1,0.037518265731,False,0.000021902926
02051902,02/05/1902,"February 05, 1902",4978453,1,0.048565602001,False,0.000021902926
02101902,02/10/1902,"February 10, 1902",6887750,1,0.066558990379,False,0.000021902926
02231902,02/23/1902,"February 23, 1902",3863837,2,0.037901440044,False,0.000021902926
02281902,02/28/1902,"February 28, 1902",4552729,1,0.044506483193,False,0.000021902926
03281902,03/28/1902,"March 28, 1902",5228042,1,0.050937316624,False,0.000021902926
04161902,04/16/1902,"April 16, 1902",2142154,1,0.021193738402,False,0.000021902926
04301902,04/30/1902,"April 30, 1902",4039017,2,0.039585368934,False,0.000021902926
05031902,05/03/1902,"May 03, 1902",2696688,1,0.026606530215,False,0.000021902926
05051902,05/05/1902,"May 05, 1902",4694400,1,0.045859182010,False,0.000021902926
05061902,05/06/1902,"May 06, 1902",154249,2,0.001541310974,False,0.000021902926
05121902,05/12/1902,"May 12, 1902",9092065,1,0.086909848234,False,0.000021902926
05301902,05/30/1902,"May 30, 1902",5097018,1,0.049693001724,False,0.000021902926
06031902,06/03/1902,"June 03, 1902",7886514,1,0.075835461100,False,0.000021902926
06171902,06/17/1902,"June 17, 1902",5301283,1,0.051632165143,False,0.000021902926
06211902,06/21/1902,"June 21, 1902",7458793,1,0.071874149611,False,0.000021902926
07081902,07/08/1902,"July 08, 1902",3376854,1,0.033204756824,False,0.000021902926
07181902,07/18/1902,"July 18, 1902",4663741,1,0.045566607125,False,0.000021902926
08101902,08/10/1902,"August 10, 1902",4979891,1,0.048579283530,False,0.000021902926
08201902,08/20/1902,"August 20, 1902",5531468,1,0.053812655122,False,0.000021902926
09101902,09/10/1902,"September 10, 1902",3592026,1,0.035282793028,False,0.000021902926
09121902,09/12/1902,"September 12, 1902",4414665,1,0.043186379527,False,0.000021902926
09241902,09/24/1902,"September 24, 1902",5434253,1,0.052892371831,False,0.000021902926
10061902,10/06/1902,"October 06, 1902",5733210,1,0.055719588225,False,0.000021902926
11051902,11/05/1902,"November 05, 1902",2172305,2,0.021488813794,False,0.000021902926
11121902,11/12/1902,"November 12, 1902",6508692,1,0.063013992968,False,0.000021902926
11141902,11/14/1902,"November 14, 1902",1030927,1,0.010256321619,False,0.000021902926
11201902,11/20/1902,"November 20, 1902",6073212,1,0.058924708719,False,0.000021902926
12231902,12/23/1902,"December 23, 1902",5525344,1,0.053754708834,False,0.000021902926
12251902,12/25/1902,"December 25, 1902",2851445,1,0.028111759737,False,0.000021902926
12291902,12/29/1902,"December 29, 1902",5782012,1,0.056180303528,False,0.000021902926
12311902,12/31/1902,"December 31, 1902",8094643,1,0.077756915287,False,0.000021902926
01071903,01/07/1903,"January 07, 1903",9945149,1,0.094666143407,False,0.000021902926
01181903,01/18/1903,"January 18, 1903",8898044,1,0.085136541836,False,0.000021902926
01291903,01/29/1903,"January 29, 1903",991331,1,0.009864345110,False,0.000021902926
02151903,02/15/1903,"February 15, 1903",9476185,1,0.090410482538,False,0.000021902926
02211903,02/21/1903,"February 21, 1903",3093746,1,0.030463804022,False,0.000021902926
02271903,02/27/1903,"February 27, 1903",1129015,1,0.011226665435,False,0.000021902926
02281903,02/28/1903,"February 28, 1903",288020,2,0.002876066203,False,0.000021902926
03031903,03/03/1903,"March 03, 1903",5797941,1,0.056330632596,False,0.000021902926
03131903,03/13/1903,"March 13, 1903",508434,1,0.005071446621,False,0.000021902926
03261903,03/26/1903,"March 26, 1903",8525327,1,0.081720327716,False,0.000021902926
04041903,04/04/1903,"April 04, 1903",5322323,1,0.051831680748,False,0.000021902926
04191903,04/19/1903,"April 19, 1903",7268262,1,0.070104096415,False,0.000021902926
04231903,04/23/1903,"April 23, 1903",8732513,1,0.083620905111,False,0.000021902926
04241903,04/24/1903,"April 24, 1903",6625872,1,0.064111310138,False,0.000021902926
04271903,04/27/1903,"April 27, 1903",2246109,1,0.022210727764,False,0.000021902926
05251903,05/25/1903,"May 25, 1903",2579880,1,0.025468864446,False,0.000021902926
05281903,05/28/1903,"May 28, 1903",1677429,1,0.016634394958,False,0.000021902926
06111903,06/11/1903,"June 11, 1903",5007012,1,0.048837283357,False,0.000021902926
06251903,06/25/1903,"June 25, 1903",6946662,1,0.067108737203,False,0.000021902926
06271903,06/27/1903,"June 27, 1903",3646153,1,0.035804824223,False,0.000021902926
07021903,07/02/1903,"July 02, 1903",5675395,1,0.055173494653,False,0.000021902926
07111903,07/11/1903,"July 11, 1903",4160727,1,0.040753578535,False,0.000021902926
07301903,07/30/1903,"July 30, 1903",3685492,1,0.036184054369,False,0.000021902926
08121903,08/12/1903,"August 12, 1903",5340485,1,0.052003871442,False,0.000021902926
08271903,08/27/1903,"August 27, 1903",7652553,1,0.073670745173,False,0.000021902926
09051903,09/05/1903,"September 05, 1903",9631248,1,0.091819826377,False,0.000021902926
09081903,09/08/1903,"September 08, 1903",8377138,1,0.080358529470,False,0.000021902926
09151903,09/15/1903,"September 15, 1903",7657199,1,0.073713781431,False,0.000021902926
10111903,10/11/1903,"October 11, 1903",5724466,1,0.055637016735,False,0.000021902926
10161903,10/16/1903,"October 16, 1903",1690975,1,0.016767592643,False,0.000021902926
10201903,10/20/1903,"October 20, 1903",6831562,1,0.066034361164,False,0.000021902926
10231903,10/23/1903,"October 23, 1903",7142409,1,0.068933057773,False,0.000021902926
12041903,12/04/1903,"December 04, 1903",4713630,1,0.046042645650,False,0.000021902926
12101903,12/10/1903,"December 10, 1903",8069457,1,0.077524609888,False,0.000021902926
12131903,12/13/1903,"December 13, 1903",897905,1,0.008938868714,False,0.000021902926
12191903,12/19/1903,"December 19, 1903",1565450,2,0.015532615210,False,0.000021902926
12311903,12/31/1903,"December 31, 1903",6726199,1,0.065049788341,False,0.000021902926
01051904,01/05/1904,"January 05, 1904",7605631,1,0.073235990966,False,0.000021902926
01081904,01/08/1904,"January 08, 1904",4840159,1,0.047248915062,False,0.000021902926
01101904,01/10/1904,"January 10, 1904",9720663,1,0.092631512749,False,0.000021902926
01181904,01/18/1904,"January 18, 1904",5816778,1,0.056508374855,False,0.000021902926
01211904,01/21/1904,"January 21, 1904",4282744,1,0.041923308473,False,0.000021902926
01311904,01/31/1904,"January 31, 1904",619314,1,0.006174012037,False,0.000021902926
02251904,02/25/1904,"February 25, 1904",7424866,1,0.071559210929,False,0.000021902926
03111904,03/11/1904,"March 11, 1904",8878431,1,0.084957092067,False,0.000021902926
03181904,03/18/1904,"March 18, 1904",2416752,1,0.023877833924,False,0.000021902926
04011904,04/01/1904,"April 01, 1904",4849578,1,0.047338650461,False,0.000021902926
04101904,04/10/1904,"April 10, 1904",2583131,1,0.025500545939,False,0.000021902926
04121904,04/12/1904,"April 12, 1904",9486687,1,0.090506002614,False,0.000021902926
04181904,04/18/1904,"April 18, 1904",4937298,2,0.048173958586,False,0.000021902926
04191904,04/19/1904,"April 19, 1904",7738415,1,0.074465768645,False,0.000021902926
04211904,04/21/1904,"April 21, 1904",2034558,1,0.020140015226,False,0.000021902926
04281904,04/28/1904,"April 28, 1904",8760646,1,0.083878673784,False,0.000021902926
04291904,04/29/1904,"April 29, 1904",1348770,1,0.013397158541,False,0.000021902926
05151904,05/15/1904,"May 15, 1904",2649785,1,0.026149872386,False,0.000021902926
05171904,05/17/1904,"May 17, 1904",2144562,1,0.021217307773,False,0.000021902926
05221904,05/22/1904,"May 22, 1904",837032,1,0.008335396408,False,0.000021902926
06061904,06/06/1904,"June 06, 1904",8734569,1,0.083639745672,False,0.000021902926
06081904,06/08/1904,"June 08, 1904",3550931,1,0.034886261016,False,0.000021902926
06201904,06/20/1904,"June 20, 1904",1301240,1,0.012928114747,False,0.000021902926
07011904,07/01/1904,"July 01, 1904",9989309,1,0.095065850580,False,0.000021902926
07021904,07/02/1904,"July 02, 1904",4698544,2,0.045898720786,False,0.000021902926
07291904,07/29/1904,"July 29, 1904",7392658,2,0.071260130556,False,0.000021902926
07301904,07/30/1904,"July 30, 1904",8275370,1,0.079422152344,False,0.000021902926
08201904,08/20/1904,"August 20, 1904",1601294,1,0.015885424469,False,0.000021902926
08291904,08/29/1904,"August 29, 1904",749202,1,0.007464034775,False,0.000021902926
09121904,09/12/1904,"September 12, 1904",1762810,1,0.017473644023,False,0.000021902926
09161904,09/16/1904,"September 16, 1904",2941812,1,0.028989629280,False,0.000021902926
09211904,09/21/1904,"September 21, 1904",2806375,1,0.027673630978,False,0.000021902926
09281904,09/28/1904,"September 28, 1904",4768493,1,0.046565871737,False,0.000021902926
10191904,10/19/1904,"October 19, 1904",1926174,1,0.019077428036,False,0.000021902926
11011904,11/01/1904,"November 01, 1904",6418367,1,0.062167278009,False,0.000021902926
11101904,11/10/1904,"November 10, 1904",3816846,1,0.037449234065,False,0.000021902926
11271904,11/27/1904,"November 27, 1904",2523746,2,0.024921667566,False,0.000021902926
12211904,12/21/1904,"December 21, 1904",420566,1,0.004196838597,False,0.000021902926
12231904,12/23/1904,"December 23, 1904",1463363,1,0.014527088813,False,0.000021902926
02081905,02/08/1905,"February 08, 1905",3086046,2,0.030389146860,False,0.000021902926
02261905,02/26/1905,"February 26, 1905",3453012,1,0.033940768451,False,0.000021902926
03051905,03/05/1905,"March 05, 1905",7887637,1,0.075845839409,False,0.000021902926
03131905,03/13/1905,"March 13, 1905",174823,1,0.001746712736,False,0.000021902926
03141905,03/14/1905,"March 14, 1905",7857052,1,0.075563143627,False,0.000021902926
03261905,03/26/1905,"March 26, 1905",2941657,2,0.028988124213,False,0.000021902926
03291905,03/29/1905,"March 29, 1905",9452234,1,0.090192600659,False,0.000021902926
04201905,04/20/1905,"April 20, 1905",7768605,1,0.074745145259,False,0.000021902926
04221905,04/22/1905,"April 22, 1905",3966327,1,0.038886989736,False,0.000021902926
05021905,05/02/1905,"May 02, 1905",6630253,1,0.064152310524,False,0.000021902926
06281905,06/28/1905,"June 28, 1905",2531652,1,0.024998754212,False,0.000021902926
06301905,06/30/1905,"June 30, 1905",6644050,1,0.064281420524,False,0.000021902926
07121905,07/12/1905,"July 12, 1905",1070900,2,0.010651872802,False,0.000021902926
07201905,07/20/1905,"July 20, 1905",3470215,1,0.034106945328,False,0.000021902926
07261905,07/26/1905,"July 26, 1905",9823832,1,0.093567153025,False,0.000021902926
08201905,08/20/1905,"August 20, 1905",6733397,1,0.065117083636,False,0.000021902926
08281905,08/28/1905,"August 28, 1905",1703040,1,0.016886212478,False,0.000021902926
08291905,08/29/1905,"August 29, 1905",84811,1,0.000847760456,False,0.000021902926
09131905,09/13/1905,"September 13, 1905",2954369,1,0.029111551399,False,0.000021902926
10161905,10/16/1905,"October 16, 1905",9459250,1,0.090256430507,False,0.000021902926
10211905,10/21/1905,"October 21, 1905",3228526,1,0.031769664703,False,0.000021902926
10311905,10/31/1905,"October 31, 1905",7423443,1,0.071545999123,False,0.000021902926
11171905,11/17/1905,"November 17, 1905",9841141,1,0.093724033910,False,0.000021902926
11201905,11/20/1905,"November 20, 1905",53219,1,0.000532058412,False,0.000021902926
11241905,11/24/1905,"November 24, 1905",2736320,2,0.026992229083,False,0.000021902926
11261905,11/26/1905,"November 26, 1905",2338035,1,0.023109157331,False,0.000021902926
12261905,12/26/1905,"December 26, 1905",8784400,1,0.084096263402,False,0.000021902926
01011906,01/01/1906,"January 01, 1906",9649409,1,0.091984746004,False,0.000021902926
01061906,01/06/1906,"January 06, 1906",2013962,1,0.019938182477,False,0.000021902926
01091906,01/09/1906,"January 09, 1906",780627,1,0.007775890203,False,0.000021902926
01241906,01/24/1906,"January 24, 1906",1063895,1,0.010582566537,False,0.000021902926
01271906,01/27/1906,"January 27, 1906",2991789,1,0.029474789894,False,0.000021902926
02041906,02/04/1906,"February 04, 1906",8123986,1,0.078027489379,False,0.000021902926
02061906,02/06/1906,"February 06, 1906",8199228,1,0.078720939027,False,0.000021902926
02141906,02/14/1906,"February 14, 1906",3016073,1,0.029710443624,False,0.000021902926
02181906,02/18/1906,"February 18, 1906",4363741,1,0.042699007670,False,0.000021902926
02261906,02/26/1906,"February 26, 1906",4793909,1,0.046808165765,False,0.000021902926
03171906,03/17/1906,"March 17, 1906",8521928,1,0.081689114859,False,0.000021902926
03181906,03/18/1906,"March 18, 1906",8009820,1,0.076974309159,False,0.000021902926
04131906,04/13/1906,"April 13, 1906",5053643,1,0.049280716651,False,0.000021902926
04301906,04/30/1906,"April 30, 1906",5131242,1,0.050018179147,False,0.000021902926
06281906,06/28/1906,"June 28, 1906",5711111,1,0.055510888636,False,0.000021902926
06301906,06/30/1906,"June 30, 1906",2023263,1,0.020029333789,False,0.000021902926
07111906,07/11/1906,"July 11, 1906",4396417,1,0.043011764244,False,0.000021902926
09061906,09/06/1906,"September 06, 1906",4155690,1,0.040705260075,False,0.000021902926
09131906,09/13/1906,"September 13, 1906",8282716,1,0.079489775509,False,0.000021902926
09181906,09/18/1906,"September 18, 1906",9210310,1,0.087988893611,False,0.000021902926
09191906,09/19/1906,"September 19, 1906",7143636,1,0.068944481894,False,0.000021902926
10141906,10/14/1906,"October 14, 1906",4623875,1,0.045186036851,False,0.000021902926
10301906,10/30/1906,"October 30, 1906",5993335,1,0.058172705702,False,0.000021902926
11051906,11/05/1906,"November 05, 1906",9121739,1,0.087180758411,False,0.000021902926
11071906,11/07/1906,"November 07, 1906",9116237,1,0.087130533715,False,0.000021902926
11081906,11/08/1906,"November 08, 1906",8132084,1,0.078102147690,False,0.000021902926
11231906,11/23/1906,"November 23, 1906",3402968,1,0.033457192774,False,0.000021902926
12031906,12/03/1906,"December 03, 1906",6241522,1,0.060507300354,False,0.000021902926
12201906,12/20/1906,"December 20, 1906",3193005,1,0.031425678512,False,0.000021902926
01101907,01/10/1907,"January 10, 1907",2605767,1,0.025721108673,False,0.000021902926
01201907,01/20/1907,"January 20, 1907",3128716,1,0.030802791557,False,0.000021902926
02081907,02/08/1907,"February 08, 1907",2071113,1,0.020498137587,False,0.000021902926
03281907,03/28/1907,"March 28, 1907",1674817,1,0.016608709113,False,0.000021902926
04291907,04/29/1907,"April 29, 1907",8989165,2,0.085969794884,False,0.000021902926
05291907,05/29/1907,"May 29, 1907",3689467,1,0.036222365292,False,0.000021902926
05301907,05/30/1907,"May 30, 1907",4401272,1,0.043058224896,False,0.000021902926
06301907,06/30/1907,"June 30, 1907",504572,1,0.005033021738,False,0.000021902926
07011907,07/01/1907,"July 01, 1907",3153833,1,0.031046194254,False,0.000021902926
07061907,07/06/1907,"July 06, 1907",4167859,1,0.040821989551,False,0.000021902926
07071907,07/07/1907,"July 07, 1907",1628491,1,0.016153037720,False,0.000021902926
07111907,07/11/1907,"July 11, 1907",7157319,1,0.069071869506,False,0.000021902926
08041907,08/04/1907,"August 04, 1907",3962959,1,0.038854618905,False,0.000021902926
08151907,08/15/1907,"August 15, 1907",6960707,1,0.067239752581,False,0.000021902926
08171907,08/17/1907,"August 17, 1907",5321275,1,0.051821743891,False,0.000021902926
08181907,08/18/1907,"August 18, 1907",936477,1,0.009321067101,False,0.000021902926
09031907,09/03/1907,"September 03, 1907",6626055,1,0.064113022813,False,0.000021902926
09091907,09/09/1907,"September 09, 1907",8903088,1,0.085182686385,False,0.000021902926
09111907,09/11/1907,"September 11, 1907",2966105,2,0.029225488182,False,0.000021902926
09211907,09/21/1907,"September 21, 1907",8018374,1,0.077053261401,False,0.000021902926
10241907,10/24/1907,"October 24, 1907",93843,1,0.000937999812,False,0.000021902926
10311907,10/31/1907,"October 31, 1907",6214572,1,0.060254072948,False,0.000021902926
11081907,11/08/1907,"November 08, 1907",3555166,1,0.034927132717,False,0.000021902926
11131907,11/13/1907,"November 13, 1907",4659412,1,0.045525288809,False,0.000021902926
11291907,11/29/1907,"November 29, 1907",6330439,1,0.061342297803,False,0.000021902926
12161907,12/16/1907,"December 16, 1907",6190933,1,0.060031900147,False,0.000021902926
12271907,12/27/1907,"December 27, 1907",7043232,1,0.068009195448,False,0.000021902926
12291907,12/29/1907,"December 29, 1907",8943282,1,0.085550314173,False,0.000021902926
01111908,01/11/1908,"January 11, 1908",7736004,1,0.074443453746,False,0.000021902926
01131908,01/13/1908,"January 13, 1908",1777894,1,0.017621837123,False,0.000021902926
01151908,01/15/1908,"January 15, 1908",6151223,1,0.059658564690,False,0.000021902926
01191908,01/19/1908,"January 19, 1908",2716845,1,0.026802717365,False,0.000021902926
03071908,03/07/1908,"March 07, 1908",2521481,1,0.024899581791,False,0.000021902926
03161908,03/16/1908,"March 16, 1908",2228157,1,0.022035179275,False,0.000021902926
03231908,03/23/1908,"March 23, 1908",5608028,1,0.054536778931,False,0.000021902926
03241908,03/24/1908,"March 24, 1908",1944405,1,0.019256243731,False,0.000021902926
04261908,04/26/1908,"April 26, 1908",7335471,2,0.070728860187,False,0.000021902926
04271908,04/27/1908,"April 27, 1908",8565935,1,0.082093147026,False,0.000021902926
04281908,04/28/1908,"April 28, 1908",810053,1,0.008067819119,False,0.000021902926
04291908,04/29/1908,"April 29, 1908",2678775,1,0.026432150623,False,0.000021902926
05091908,05/09/1908,"May 09, 1908",5242735,1,0.051076752162,False,0.000021902926
05121908,05/12/1908,"May 12, 1908",1117125,1,0.011109093295,False,0.000021902926
05251908,05/25/1908,"May 25, 1908",3134423,1,0.030858102064,False,0.000021902926
06121908,06/12/1908,"June 12, 1908",9867691,1,0.093964618242,False,0.000021902926
06251908,06/25/1908,"June 25, 1908",4959968,1,0.048389713095,False,0.000021902926
07021908,07/02/1908,"July 02, 1908",1635300,1,0.016220025579,False,0.000021902926
07041908,07/04/1908,"July 04, 1908",4459402,1,0.043614333506,False,0.000021902926
07291908,07/29/1908,"July 29, 1908",7582071,1,0.073017619640,False,0.000021902926
08191908,08/19/1908,"August 19, 1908",6527072,1,0.063186195172,False,0.000021902926
09101908,09/10/1908,"September 10, 1908",3331341,1,0.032764639153,False,0.000021902926
09211908,09/21/1908,"September 21, 1908",2896006,1,0.028544746382,False,0.000021902926
10061908,10/06/1908,"October 06, 1908",5752792,1,0.055904479114,False,0.000021902926
10121908,10/12/1908,"October 12, 1908",5182350,1,0.050503571813,False,0.000021902926
11051908,11/05/1908,"November 05, 1908",9645751,1,0.091951530199,False,0.000021902926
11171908,11/17/1908,"November 17, 1908",510445,1,0.005091454433,False,0.000021902926
11271908,11/27/1908,"November 27, 1908",6220778,1,0.060312391771,False,0.000021902926
12061908,12/06/1908,"December 06, 1908",663700,1,0.006615033761,False,0.000021902926
01111909,01/11/1909,"January 11, 1909",2289752,1,0.022637371234,False,0.000021902926
01291909,01/29/1909,"January 29, 1909",4065992,1,0.039844405844,False,0.000021902926
03121909,03/12/1909,"March 12, 1909",3369811,1,0.033136663036,False,0.000021902926
03301909,03/30/1909,"March 30, 1909",6210905,1,0.060219611832,False,0.000021902926
04261909,04/26/1909,"April 26, 1909",317237,1,0.003167353351,False,0.000021902926
05021909,05/02/1909,"May 02, 1909",1019933,1,0.010147503217,False,0.000021902926
05061909,05/06/1909,"May 06, 1909",4830384,1,0.047155779091,False,0.000021902926
05091909,05/09/1909,"May 09, 1909",9321160,1,0.088999297812,False,0.000021902926
05101909,05/10/1909,"May 10, 1909",5622797,1,0.054676404084,False,0.000021902926
05151909,05/15/1909,"May 15, 1909",9682014,1,0.092280756121,False,0.000021902926
05191909,05/19/1909,"May 19, 1909",6619339,1,0.064050166532,False,0.000021902926
05211909,05/21/1909,"May 21, 1909",5864026,1,0.056954050488,False,0.000021902926
05241909,05/24/1909,"May 24, 1909",5040856,1,0.049159140402,False,0.000021902926
05251909,05/25/1909,"May 25, 1909",343125,1,0.003425379989,False,0.000021902926
05311909,05/31/1909,"May 31, 1909",7990259,1,0.076793738442,False,0.000021902926
06021909,06/02/1909,"June 02, 1909",5852876,1,0.056848895001,False,0.000021902926
07171909,07/17/1909,"July 17, 1909",1258739,1,0.012508510159,False,0.000021902926
07291909,07/29/1909,"July 29, 1909",69297,1,0.000692739952,False,0.000021902926
08121909,08/12/1909,"August 12, 1909",8024380,1,0.077108691918,False,0.000021902926
08301909,08/30/1909,"August 30, 1909",1414509,1,0.014045528250,False,0.000021902926
09011909,09/01/1909,"September 01, 1909",6576361,1,0.063647827557,False,0.000021902926
09041909,09/04/1909,"September 04, 1909",311249,1,0.003107661225,False,0.000021902926
09071909,09/07/1909,"September 07, 1909",902797,1,0.008987350239,False,0.000021902926
10011909,10/01/1909,"October 01, 1909",3498569,1,0.034380775825,False,0.000021902926
10021909,10/02/1909,"October 02, 1909",4383687,1,0.042889931886,False,0.000021902926
10111909,10/11/1909,"October 11, 1909",7959660,1,0.076511203331,False,0.000021902926
10261909,10/26/1909,"October 26, 1909",2768551,1,0.027305788687,False,0.000021902926
11071909,11/07/1909,"November 07, 1909",8923082,1,0.085365576677,False,0.000021902926
11121909,11/12/1909,"November 12, 1909",1477041,1,0.014661872581,False,0.000021902926
11131909,11/13/1909,"November 13, 1909",9781412,1,0.093182562641,False,0.000021902926
11191909,11/19/1909,"November 19, 1909",3581477,1,0.035181019640,False,0.000021902926
12061909,12/06/1909,"December 06, 1909",6789909,1,0.065645255421,False,0.000021902926
12111909,12/11/1909,"December 11, 1909",3036818,1,0.029911709317,False,0.000021902926
12161909,12/16/1909,"December 16, 1909",2173487,1,0.021500379728,False,0.000021902926
12191909,12/19/1909,"December 19, 1909",1804047,1,0.017878724893,False,0.000021902926
12311909,12/31/1909,"December 31, 1909",1815454,1,0.017990749079,False,0.000021902926
01251910,01/25/1910,"January 25, 1910",819091,1,0.008157465899,False,0.000021902926
02051910,02/05/1910,"February 05, 1910",9394527,1,0.089667426581,False,0.000021902926
02261910,02/26/1910,"February 26, 1910",685369,1,0.006830267031,False,0.000021902926
03011910,03/01/1910,"March 01, 1910",7074153,1,0.068297331778,False,0.000021902926
03081910,03/08/1910,"March 08, 1910",51968,1,0.000519554990,False,0.000021902926
04081910,04/08/1910,"April 08, 1910",7621164,1,0.073379934041,False,0.000021902926
04151910,04/15/1910,"April 15, 1910",323062,1,0.003225417162,False,0.000021902926
04191910,04/19/1910,"April 19, 1910",6696277,1,0.064769990678,False,0.000021902926
04241910,04/24/1910,"April 24, 1910",9300959,1,0.088815247969,False,0.000021902926
04301910,04/30/1910,"April 30, 1910",7056269,1,0.068130691171,False,0.000021902926
05171910,05/17/1910,"May 17, 1910",2256470,1,0.022312031263,False,0.000021902926
06091910,06/09/1910,"June 09, 1910",4969410,1,0.048479559897,False,0.000021902926
06251910,06/25/1910,"June 25, 1910",5250804,1,0.051153317690,False,0.000021902926
06271910,06/27/1910,"June 27, 1910",2225279,1,0.022007033042,False,0.000021902926
07221910,07/22/1910,"July 22, 1910",2021398,1,0.020011057165,False,0.000021902926
07241910,07/24/1910,"July 24, 1910",3079751,1,0.030328107935,False,0.000021902926
08081910,08/08/1910,"August 08, 1910",2673247,1,0.026378330304,False,0.000021902926
08291910,08/29/1910,"August 29, 1910",3593597,1,0.035297948616,False,0.000021902926
09101910,09/10/1910,"September 10, 1910",4534259,1,0.044329987240,False,0.000021902926
09111910,09/11/1910,"September 11, 1910",2891406,1,0.028500058412,False,0.000021902926
09241910,09/24/1910,"September 24, 1910",7570120,1,0.072906829355,False,0.000021902926
09271910,09/27/1910,"September 27, 1910",6512222,1,0.063047067991,False,0.000021902926
10071910,10/07/1910,"October 07, 1910",7749000,1,0.074563731260,False,0.000021902926
10111910,10/11/1910,"October 11, 1910",1410251,1,0.014003545415,False,0.000021902926
10241910,10/24/1910,"October 24, 1910",7831695,1,0.075328704449,False,0.000021902926
11011910,11/01/1910,"November 01, 1910",2799478,1,0.027606567315,False,0.000021902926
11021910,11/02/1910,"November 02, 1910",4116700,1,0.040331158126,False,0.000021902926
11071910,11/07/1910,"November 07, 1910",1354554,1,0.013454222000,False,0.000021902926
11281910,11/28/1910,"November 28, 1910",9025647,1,0.086303190568,False,0.000021902926
12021910,12/02/1910,"December 02, 1910",8773452,1,0.083995984771,False,0.000021902926
12191910,12/19/1910,"December 19, 1910",9958734,1,0.094789124659,False,0.000021902926
01041911,01/04/1911,"January 04, 1911",4988331,1,0.048659580050,False,0.000021902926
01081911,01/08/1911,"January 08, 1911",5843923,1,0.056764450902,False,0.000021902926
01111911,01/11/1911,"January 11, 1911",7097839,1,0.068517988741,False,0.000021902926
01131911,01/13/1911,"January 13, 1911",5749356,1,0.055872039434,False,0.000021902926
02111911,02/11/1911,"February 11, 1911",1671566,1,0.016576738542,False,0.000021902926
02241911,02/24/1911,"February 24, 1911",3890234,1,0.038155371686,False,0.000021902926
02251911,02/25/1911,"February 25, 1911",8233388,1,0.079035594211,False,0.000021902926
03201911,03/20/1911,"March 20, 1911",5270162,1,0.051336977656,False,0.000021902926
03211911,03/21/1911,"March 21, 1911",698374,1,0.006959420358,False,0.000021902926
03241911,03/24/1911,"March 24, 1911",9830297,1,0.093625752015,False,0.000021902926
03291911,03/29/1911,"March 29, 1911",3021412,1,0.029762246001,False,0.000021902926
04041911,04/04/1911,"April 04, 1911",7539519,1,0.072623086159,False,0.000021902926
04091911,04/09/1911,"April 09, 1911",7387249,1,0.071209893657,False,0.000021902926
04111911,04/11/1911,"April 11, 1911",5324163,1,0.051849126884,False,0.000021902926
04131911,04/13/1911,"April 13, 1911",3211353,1,0.031603376227,False,0.000021902926
04201911,04/20/1911,"April 20, 1911",5790022,1,0.056255900459,False,0.000021902926
04221911,04/22/1911,"April 22, 1911",507291,1,0.005060074523,False,0.000021902926
05121911,05/12/1911,"May 12, 1911",675426,1,0.006731511254,False,0.000021902926
05201911,05/20/1911,"May 20, 1911",3176644,1,0.031267197101,False,0.000021902926
05221911,05/22/1911,"May 22, 1911",2453655,1,0.024237985833,False,0.000021902926
05311911,05/31/1911,"May 31, 1911",1129113,1,0.011227634433,False,0.000021902926
06171911,06/17/1911,"June 17, 1911",1922618,1,0.019042545809,False,0.000021902926
06191911,06/19/1911,"June 19, 1911",2668854,1,0.026335558164,False,0.000021902926
06291911,06/29/1911,"June 29, 1911",7097892,1,0.068518482426,False,0.000021902926
07051911,07/05/1911,"July 05, 1911",3996170,1,0.039173771901,False,0.000021902926
07201911,07/20/1911,"July 20, 1911",5670675,1,0.055128897789,False,0.000021902926
07301911,07/30/1911,"July 30, 1911",9197808,1,0.087874866853,False,0.000021902926
08131911,08/13/1911,"August 13, 1911",3213462,1,0.031623799497,False,0.000021902926
08181911,08/18/1911,"August 18, 1911",3500189,1,0.034396418730,False,0.000021902926
08271911,08/27/1911,"August 27, 1911",1990990,1,0.019713016813,False,0.000021902926
08281911,08/28/1911,"August 28, 1911",445465,1,0.004444752763,False,0.000021902926
08301911,08/30/1911,"August 30, 1911",5871517,1,0.057024691415,False,0.000021902926
09261911,09/26/1911,"September 26, 1911",1031485,1,0.010261844374,False,0.000021902926
10011911,10/01/1911,"October 01, 1911",9510226,1,0.090720063213,False,0.000021902926
10111911,10/11/1911,"October 11, 1911",2786722,1,0.027482520896,False,0.000021902926
10131911,10/13/1911,"October 13, 1911",5821608,1,0.056553944401,False,0.000021902926
10211911,10/21/1911,"October 21, 1911",7443193,1,0.071729350683,False,0.000021902926
10221911,10/22/1911,"October 22, 1911",3287817,1,0.032343568003,False,0.000021902926
11071911,11/07/1911,"November 07, 1911",5842658,1,0.056752518897,False,0.000021902926
11091911,11/09/1911,"November 09, 1911",9421395,1,0.089911981884,False,0.000021902926
11131911,11/13/1911,"November 13, 1911",9863843,1,0.093929753330,False,0.000021902926
11181911,11/18/1911,"November 18, 1911",6395097,1,0.061949018939,False,0.000021902926
12051911,12/05/1911,"December 05, 1911",2082282,1,0.020607532042,False,0.000021902926
01011912,01/01/1912,"January 01, 1912",2277454,1,0.022517167785,False,0.000021902926
01081912,01/08/1912,"January 08, 1912",2981039,1,0.029370452824,False,0.000021902926
01201912,01/20/1912,"January 20, 1912",5329230,1,0.051897168472,False,0.000021902926
01231912,01/23/1912,"January 23, 1912",3501226,1,0.034406431987,False,0.000021902926
01241912,01/24/1912,"January 24, 1912",6467319,1,0.062626253539,False,0.000021902926
02061912,02/06/1912,"February 06, 1912",4080781,1,0.039986392757,False,0.000021902926
02211912,02/21/1912,"February 21, 1912",1984590,2,0.019650276437,False,0.000021902926
03281912,03/28/1912,"March 28, 1912",6928924,1,0.066943246272,False,0.000021902926
04101912,04/10/1912,"April 10, 1912",7939273,1,0.076322912475,False,0.000021902926
04141912,04/14/1912,"April 14, 1912",5873006,1,0.057038732213,False,0.000021902926
05131912,05/13/1912,"May 13, 1912",9122937,1,0.087191693921,False,0.000021902926
05261912,05/26/1912,"May 26, 1912",2367192,1,0.023393947877,False,0.000021902926
06011912,06/01/1912,"June 01, 1912",401868,1,0.004010625911,False,0.000021902926
06031912,06/03/1912,"June 03, 1912",4082022,1,0.039998306452,False,0.000021902926
06211912,06/21/1912,"June 21, 1912",6720165,1,0.064993371743,False,0.000021902926
06301912,06/30/1912,"June 30, 1912",2696243,2,0.026602198604,False,0.000021902926
07061912,07/06/1912,"July 06, 1912",302742,1,0.003022851985,False,0.000021902926
07131912,07/13/1912,"July 13, 1912",9113726,1,0.087107611274,False,0.000021902926
07181912,07/18/1912,"July 18, 1912",4837479,1,0.047223380991,False,0.000021902926
07281912,07/28/1912,"July 28, 1912",3377337,1,0.033209426434,False,0.000021902926
08041912,08/04/1912,"August 04, 1912",5352349,1,0.052116335033,False,0.000021902926
08101912,08/10/1912,"August 10, 1912",96652,1,0.000966063070,False,0.000021902926
08271912,08/27/1912,"August 27, 1912",4395821,1,0.043006060577,False,0.000021902926
09101912,09/10/1912,"September 10, 1912",7886183,1,0.075832402110,False,0.000021902926
09171912,09/17/1912,"September 17, 1912",1834254,2,0.018175349467,False,0.000021902926
09181912,09/18/1912,"September 18, 1912",9942097,1,0.094638512196,False,0.000021902926
09191912,09/19/1912,"September 19, 1912",3835672,1,0.037630426818,False,0.000021902926
10081912,10/08/1912,"October 08, 1912",388484,1,0.003877313771,False,0.000021902926
10101912,10/10/1912,"October 10, 1912",3723337,1,0.036548741505,False,0.000021902926
10241912,10/24/1912,"October 24, 1912",5654943,1,0.054980238973,False,0.000021902926
10261912,10/26/1912,"October 26, 1912",955009,1,0.009504642712,False,0.000021902926
10311912,10/31/1912,"October 31, 1912",6317713,1,0.061222836622,False,0.000021902926
11171912,11/17/1912,"November 17, 1912",3795719,1,0.037245854479,False,0.000021902926
11201912,11/20/1912,"November 20, 1912",148147,1,0.001480383165,False,0.000021902926
12081912,12/08/1912,"December 08, 1912",7794031,1,0.074980370655,False,0.000021902926
12171912,12/17/1912,"December 17, 1912",4587054,1,0.044834400064,False,0.000021902926
01031913,01/03/1913,"January 03, 1913",4708863,1,0.045997169419,False,0.000021902926
01301913,01/30/1913,"January 30, 1913",488346,1,0.004871565296,False,0.000021902926
02141913,02/14/1913,"February 14, 1913",9931435,1,0.094541977407,False,0.000021902926
02221913,02/22/1913,"February 22, 1913",4310256,1,0.042186858279,False,0.000021902926
02251913,02/25/1913,"February 25, 1913",6116035,1,0.059327619119,False,0.000021902926
03171913,03/17/1913,"March 17, 1913",7241959,1,0.069859473723,False,0.000021902926
03201913,03/20/1913,"March 20, 1913",7285922,1,0.070268301533,False,0.000021902926
03231913,03/23/1913,"March 23, 1913",9067367,1,0.086684305375,False,0.000021902926
03261913,03/26/1913,"March 26, 1913",6012152,1,0.058349912673,False,0.000021902926
04031913,04/03/1913,"April 03, 1913",6567068,1,0.063560808305,False,0.000021902926
04151913,04/15/1913,"April 15, 1913",9863795,1,0.093929318416,False,0.000021902926
05071913,05/07/1913,"May 07, 1913",7062366,1,0.068187505511,False,0.000021902926
05181913,05/18/1913,"May 18, 1913",934494,1,0.009301421743,False,0.000021902926
06051913,06/05/1913,"June 05, 1913",1305798,2,0.012973104458,False,0.000021902926
06211913,06/21/1913,"June 21, 1913",7201009,1,0.069478503175,False,0.000021902926
07031913,07/03/1913,"July 03, 1913",8129460,1,0.078077956773,False,0.000021902926
07281913,07/28/1913,"July 28, 1913",2245108,1,0.022200940044,False,0.000021902926
07301913,07/30/1913,"July 30, 1913",305995,1,0.003055283125,False,0.000021902926
08061913,08/06/1913,"August 06, 1913",5990836,1,0.058149169144,False,0.000021902926
08101913,08/10/1913,"August 10, 1913",6139998,1,0.059553005438,False,0.000021902926
08151913,08/15/1913,"August 15, 1913",9119990,1,0.087164793063,False,0.000021902926
08201913,08/20/1913,"August 20, 1913",6010970,1,0.058338782303,False,0.000021902926
08301913,08/30/1913,"August 30, 1913",7019810,1,0.067790878994,False,0.000021902926
09081913,09/08/1913,"September 08, 1913",8563275,1,0.082068730379,False,0.000021902926
09101913,09/10/1913,"September 10, 1913",5786181,1,0.056219650552,False,0.000021902926
09181913,09/18/1913,"September 18, 1913",4486089,1,0.043869530098,False,0.000021902926
09211913,09/21/1913,"September 21, 1913",1416282,1,0.014063009068,False,0.000021902926
09261913,09/26/1913,"September 26, 1913",4152485,1,0.040674514186,False,0.000021902926
10051913,10/05/1913,"October 05, 1913",5323091,1,0.051838962652,False,0.000021902926
10121913,10/12/1913,"October 12, 1913",7077481,1,0.068328338327,False,0.000021902926
10151913,10/15/1913,"October 15, 1913",5182127,1,0.050501454433,False,0.000021902926
10171913,10/17/1913,"October 17, 1913",3678076,1,0.036112575128,False,0.000021902926
10201913,10/20/1913,"October 20, 1913",5724690,1,0.055639132106,False,0.000021902926
11061913,11/06/1913,"November 06, 1913",4187266,1,0.041008119168,False,0.000021902926
11101913,11/10/1913,"November 10, 1913",5771135,1,0.056077638676,False,0.000021902926
11201913,11/20/1913,"November 20, 1913",3848,1,0.000038489260,False,0.000021902926
11271913,11/27/1913,"November 27, 1913",6197665,1,0.060095176670,False,0.000021902926
12121913,12/12/1913,"December 12, 1913",4339793,1,0.042469725773,False,0.000021902926
12211913,12/21/1913,"December 21, 1913",5302941,1,0.051647888951,False,0.000021902926
12261913,12/26/1913,"December 26, 1913",1382778,1,0.013732625393,False,0.000021902926
01071914,01/07/1914,"January 07, 1914",9526172,1,0.090865045434,False,0.000021902926
02041914,02/04/1914,"February 04, 1914",9125008,1,0.087210597985,False,0.000021902926
02051914,02/05/1914,"February 05, 1914",1499284,1,0.014881016969,False,0.000021902926
02091914,02/09/1914,"February 09, 1914",7278696,1,0.070201116693,False,0.000021902926
02141914,02/14/1914,"February 14, 1914",4727793,1,0.046177745064,False,0.000021902926
03141914,03/14/1914,"March 14, 1914",9588068,1,0.091427589497,False,0.000021902926
04171914,04/17/1914,"April 17, 1914",709055,2,0.007065481359,False,0.000021902926
05091914,05/09/1914,"May 09, 1914",9407570,1,0.089786153517,False,0.000021902926
05111914,05/11/1914,"May 11, 1914",8172793,1,0.078477366712,False,0.000021902926
05271914,05/27/1914,"May 27, 1914",5520271,1,0.053706704593,False,0.000021902926
05311914,05/31/1914,"May 31, 1914",8012036,1,0.076994763182,False,0.000021902926
06071914,06/07/1914,"June 07, 1914",4715541,1,0.046060875601,False,0.000021902926
06261914,06/26/1914,"June 26, 1914",5884791,1,0.057149853652,False,0.000021902926
07011914,07/01/1914,"July 01, 1914",3456816,1,0.033977516646,False,0.000021902926
07031914,07/03/1914,"July 03, 1914",8892221,1,0.085083267785,False,0.000021902926
07131914,07/13/1914,"July 13, 1914",5666611,1,0.055090497447,False,0.000021902926
07221914,07/22/1914,"July 22, 1914",9000930,1,0.086077324213,False,0.000021902926
08021914,08/02/1914,"August 02, 1914",582174,1,0.005804836510,False,0.000021902926
08061914,08/06/1914,"August 06, 1914",823364,1,0.008199846425,False,0.000021902926
08271914,08/27/1914,"August 27, 1914",4569702,1,0.044668645347,False,0.000021902926
09191914,09/19/1914,"September 19, 1914",585207,1,0.005834989992,False,0.000021902926
09201914,09/20/1914,"September 20, 1914",4417907,1,0.043217398922,False,0.000021902926
09231914,09/23/1914,"September 23, 1914",2262900,1,0.022374894579,False,0.000021902926
10041914,10/04/1914,"October 04, 1914",8030741,1,0.077167395167,False,0.000021902926
10051914,10/05/1914,"October 05, 1914",6867072,1,0.066365953488,False,0.000021902926
10161914,10/16/1914,"October 16, 1914",6614649,1,0.064006269455,False,0.000021902926
11101914,11/10/1914,"November 10, 1914",8976993,1,0.085858532355,False,0.000021902926
11151914,11/15/1914,"November 15, 1914",303981,1,0.003035204456,False,0.000021902926
11191914,11/19/1914,"November 19, 1914",6321193,1,0.061255505499,False,0.000021902926
12231914,12/23/1914,"December 23, 1914",8477321,1,0.081279392542,False,0.000021902926
12311914,12/31/1914,"December 31, 1914",1235781,1,0.012281775834,False,0.000021902926
01131915,01/13/1915,"January 13, 1915",6033081,1,0.058546970000,False,0.000021902926
01151915,01/15/1915,"January 15, 1915",6573753,1,0.063623407173,False,0.000021902926
01161915,01/16/1915,"January 16, 1915",310611,1,0.003101301031,False,0.000021902926
01261915,01/26/1915,"January 26, 1915",66622,2,0.000666008125,False,0.000021902926
01311915,01/31/1915,"January 31, 1915",88462,1,0.000884238839,False,0.000021902926
02151915,02/15/1915,"February 15, 1915",1035427,1,0.010300859083,False,0.000021902926
02201915,02/20/1915,"February 20, 1915",4452642,1,0.043549679649,False,0.000021902926
02231915,02/23/1915,"February 23, 1915",1586321,1,0.015738061960,False,0.000021902926
03021915,03/02/1915,"March 02, 1915",8257874,1,0.079261073951,False,0.000021902926
03041915,03/04/1915,"March 04, 1915",393927,1,0.003931531254,False,0.000021902926
03071915,03/07/1915,"March 07, 1915",1528790,2,0.015171643301,False,0.000021902926
03161915,03/16/1915,"March 16, 1915",3357539,1,0.033018002286,False,0.000021902926
03191915,03/19/1915,"March 19, 1915",1002178,1,0.009971739301,False,0.000021902926
03201915,03/20/1915,"March 20, 1915",7816033,1,0.075183871088,False,0.000021902926
04211915,04/21/1915,"April 21, 1915",4079283,1,0.039972011645,False,0.000021902926
05051915,05/05/1915,"May 05, 1915",7732762,1,0.074413446716,False,0.000021902926
05081915,05/08/1915,"May 08, 1915",841148,1,0.008376212483,False,0.000021902926
05181915,05/18/1915,"May 18, 1915",5692750,1,0.055337455067,False,0.000021902926
06081915,06/08/1915,"June 08, 1915",3425068,1,0.033670775135,False,0.000021902926
08071915,08/07/1915,"August 07, 1915",1048327,1,0.010428522039,False,0.000021902926
08111915,08/11/1915,"August 11, 1915",3137416,1,0.030887108048,False,0.000021902926
08191915,08/19/1915,"August 19, 1915",6386073,1,0.061864365398,False,0.000021902926
09041915,09/04/1915,"September 04, 1915",4017065,1,0.039374515570,False,0.000021902926
09141915,09/14/1915,"September 14, 1915",2297799,1,0.022716016441,False,0.000021902926
09301915,09/30/1915,"September 30, 1915",1288546,1,0.012802807887,False,0.000021902926
10191915,10/19/1915,"October 19, 1915",776226,1,0.007732221458,False,0.000021902926
10211915,10/21/1915,"October 21, 1915",4959563,1,0.048385859066,False,0.000021902926
10221915,10/22/1915,"October 22, 1915",950887,1,0.009463813652,False,0.000021902926
10291915,10/29/1915,"October 29, 1915",6545843,1,0.063362027990,False,0.000021902926
11011915,11/01/1915,"November 01, 1915",2628875,1,0.025946219031,False,0.000021902926
11031915,11/03/1915,"November 03, 1915",1863205,1,0.018459556382,False,0.000021902926
11121915,11/12/1915,"November 12, 1915",9239566,1,0.088255672556,False,0.000021902926
11231915,11/23/1915,"November 23, 1915",8664187,1,0.082994565973,False,0.000021902926
12031915,12/03/1915,"December 03, 1915",9978732,1,0.094970130632,False,0.000021902926
12161915,12/16/1915,"December 16, 1915",7700823,1,0.074117776409,False,0.000021902926
12241915,12/24/1915,"December 24, 1915",5701225,1,0.055417511826,False,0.000021902926
01061916,01/06/1916,"January 06, 1916",763585,3,0.007606780959,False,0.000021902926
01131916,01/13/1916,"January 13, 1916",1167907,1,0.011611144394,False,0.000021902926
01191916,01/19/1916,"January 19, 1916",465948,1,0.004648651464,False,0.000021902926
01261916,01/26/1916,"January 26, 1916",9121307,1,0.087176815024,False,0.000021902926
01271916,01/27/1916,"January 27, 1916",5550119,1,0.053989112070,False,0.000021902926
01291916,01/29/1916,"January 29, 1916",1849830,1,0.018328266566,False,0.000021902926
02171916,02/17/1916,"February 17, 1916",9520749,1,0.090815741708,False,0.000021902926
02281916,02/28/1916,"February 28, 1916",4189840,1,0.041032803301,False,0.000021902926
03011916,03/01/1916,"March 01, 1916",7618042,1,0.073351004511,False,0.000021902926
03101916,03/10/1916,"March 10, 1916",61538,1,0.000615200693,False,0.000021902926
03141916,03/14/1916,"March 14, 1916",7500750,1,0.072263481696,False,0.000021902926
03171916,03/17/1916,"March 17, 1916",385629,1,0.003848874062,False,0.000021902926
03211916,03/21/1916,"March 21, 1916",8592414,1,0.082336167408,False,0.000021902926
03281916,03/28/1916,"March 28, 1916",7878529,1,0.075761663614,False,0.000021902926
04021916,04/02/1916,"April 02, 1916",2288637,1,0.022626473579,False,0.000021902926
04091916,04/09/1916,"April 09, 1916",8126292,1,0.078048749820,False,0.000021902926
04161916,04/16/1916,"April 16, 1916",3176803,1,0.031268737385,False,0.000021902926
05071916,05/07/1916,"May 07, 1916",890572,1,0.008866191535,False,0.000021902926
05121916,05/12/1916,"May 12, 1916",1978283,1,0.019588443830,False,0.000021902926
05141916,05/14/1916,"May 14, 1916",1146479,1,0.011399329735,False,0.000021902926
05281916,05/28/1916,"May 28, 1916",8782663,1,0.084080354016,False,0.000021902926
06081916,06/08/1916,"June 08, 1916",3217967,1,0.031667423863,False,0.000021902926
06191916,06/19/1916,"June 19, 1916",6127556,1,0.059435987743,False,0.000021902926
06251916,06/25/1916,"June 25, 1916",2286748,1,0.022608010819,False,0.000021902926
08171916,08/17/1916,"August 17, 1916",9824667,1,0.093574721707,False,0.000021902926
08211916,08/21/1916,"August 21, 1916",3908328,1,0.038329392111,False,0.000021902926
08251916,08/25/1916,"August 25, 1916",815689,1,0.008123722841,False,0.000021902926
08261916,08/26/1916,"August 26, 1916",8484580,1,0.081346080052,False,0.000021902926
08281916,08/28/1916,"August 28, 1916",9001347,1,0.086081135263,False,0.000021902926
09181916,09/18/1916,"September 18, 1916",6814400,1,0.065874060224,False,0.000021902926
11031916,11/03/1916,"November 03, 1916",4934579,1,0.048148078084,False,0.000021902926
11181916,11/18/1916,"November 18, 1916",5468616,1,0.053217770517,False,0.000021902926
11241916,11/24/1916,"November 24, 1916",6511052,1,0.063036105577,False,0.000021902926
12051916,12/05/1916,"December 05, 1916",8877373,1,0.084947410862,False,0.000021902926
12101916,12/10/1916,"December 10, 1916",6585974,1,0.063737834766,False,0.000021902926
01181917,01/18/1917,"January 18, 1917",3046614,1,0.030006734513,False,0.000021902926
02121917,02/12/1917,"February 12, 1917",2742676,1,0.027054071492,False,0.000021902926
02141917,02/14/1917,"February 14, 1917",4527900,1,0.044269214251,False,0.000021902926
02261917,02/26/1917,"February 26, 1917",1182561,1,0.011755972286,False,0.000021902926
03101917,03/10/1917,"March 10, 1917",8395434,1,0.080526771684,False,0.000021902926
03171917,03/17/1917,"March 17, 1917",4175822,1,0.040898365856,False,0.000021902926
03231917,03/23/1917,"March 23, 1917",8608653,1,0.082485174741,False,0.000021902926
03241917,03/24/1917,"March 24, 1917",6469972,1,0.062651121735,False,0.000021902926
03271917,03/27/1917,"March 27, 1917",464281,1,0.004632058818,False,0.000021902926
04091917,04/09/1917,"April 09, 1917",8272822,1,0.079398695721,False,0.000021902926
05171917,05/17/1917,"May 17, 1917",9817664,1,0.093511242522,False,0.000021902926
05261917,05/26/1917,"May 26, 1917",2509756,1,0.024785244563,False,0.000021902926
06161917,06/16/1917,"June 16, 1917",5654019,1,0.054971506950,False,0.000021902926
07251917,07/25/1917,"July 25, 1917",4570133,1,0.044672762816,False,0.000021902926
07281917,07/28/1917,"July 28, 1917",9198814,1,0.087884042786,False,0.000021902926
08011917,08/01/1917,"August 01, 1917",5688962,1,0.055301670571,False,0.000021902926
08021917,08/02/1917,"August 02, 1917",576002,1,0.005743472890,False,0.000021902926
08311917,08/31/1917,"August 31, 1917",7502820,1,0.072282685644,False,0.000021902926
09121917,09/12/1917,"September 12, 1917",9556350,1,0.091139362789,False,0.000021902926
09161917,09/16/1917,"September 16, 1917",8857152,1,0.084762359367,False,0.000021902926
09241917,09/24/1917,"September 24, 1917",5816467,1,0.056505440592,False,0.000021902926
10041917,10/04/1917,"October 04, 1917",3903484,1,0.038282807658,False,0.000021902926
10081917,10/08/1917,"October 08, 1917",4857590,1,0.047414974632,False,0.000021902926
11011917,11/01/1917,"November 01, 1917",2439518,1,0.024100032605,False,0.000021902926
11061917,11/06/1917,"November 06, 1917",735531,1,0.007328335907,False,0.000021902926
11111917,11/11/1917,"November 11, 1917",4632147,1,0.045265015796,False,0.000021902926
11241917,11/24/1917,"November 24, 1917",5480029,1,0.053325820608,False,0.000021902926
11291917,11/29/1917,"November 29, 1917",8298824,1,0.079638039356,False,0.000021902926
12041917,12/04/1917,"December 04, 1917",2421300,1,0.023922226951,False,0.000021902926
12051917,12/05/1917,"December 05, 1917",8728386,1,0.083583085365,False,0.000021902926
12141917,12/14/1917,"December 14, 1917",8546030,1,0.081910419480,False,0.000021902926
12201917,12/20/1917,"December 20, 1917",4435781,1,0.043388398963,False,0.000021902926
12211917,12/21/1917,"December 21, 1917",9532509,1,0.090922655491,False,0.000021902926
02041918,02/04/1918,"February 04, 1918",7451550,1,0.071806923021,False,0.000021902926
02111918,02/11/1918,"February 11, 1918",5954436,1,0.057806273034,False,0.000021902926
02251918,02/25/1918,"February 25, 1918",7610817,1,0.073284051702,False,0.000021902926
03121918,03/12/1918,"March 12, 1918",696181,1,0.006937642739,False,0.000021902926
03131918,03/13/1918,"March 13, 1918",860179,1,0.008564910452,False,0.000021902926
03281918,03/28/1918,"March 28, 1918",989735,1,0.009848542419,False,0.000021902926
04041918,04/04/1918,"April 04, 1918",1073599,1,0.010678574948,False,0.000021902926
04141918,04/14/1918,"April 14, 1918",493484,2,0.004922693682,False,0.000021902926
04191918,04/19/1918,"April 19, 1918",8586001,1,0.082277315739,False,0.000021902926
04301918,04/30/1918,"April 30, 1918",2891534,1,0.028501301931,False,0.000021902926
05151918,05/15/1918,"May 15, 1918",887872,1,0.008839430561,False,0.000021902926
06141918,06/14/1918,"June 14, 1918",7469611,1,0.071974548836,False,0.000021902926
07061918,07/06/1918,"July 06, 1918",29377,1,0.000293736854,False,0.000021902926
07141918,07/14/1918,"July 14, 1918",3328860,1,0.032740641745,False,0.000021902926
07151918,07/15/1918,"July 15, 1918",6289856,1,0.060961285036,False,0.000021902926
07281918,07/28/1918,"July 28, 1918",1877248,1,0.018597384430,False,0.000021902926
08081918,08/08/1918,"August 08, 1918",6355961,1,0.061581831456,False,0.000021902926
08311918,08/31/1918,"August 31, 1918",1310022,2,0.013014795594,False,0.000021902926
09021918,09/02/1918,"September 02, 1918",6724137,1,0.065030509469,False,0.000021902926
09241918,09/24/1918,"September 24, 1918",1951018,1,0.019321098172,False,0.000021902926
10181918,10/18/1918,"October 18, 1918",4148643,1,0.040637656192,False,0.000021902926
10221918,10/22/1918,"October 22, 1918",3489155,2,0.034289868151,False,0.000021902926
11171918,11/17/1918,"November 17, 1918",8868960,1,0.084870424248,False,0.000021902926
11201918,11/20/1918,"November 20, 1918",5924708,1,0.057526136043,False,0.000021902926
11281918,11/28/1918,"November 28, 1918",891836,1,0.008878719388,False,0.000021902926
11301918,11/30/1918,"November 30, 1918",7495772,1,0.072217297823,False,0.000021902926
12081918,12/08/1918,"December 08, 1918",4640842,1,0.045348026395,False,0.000021902926
12101918,12/10/1918,"December 10, 1918",7133379,1,0.068848978631,False,0.000021902926
12201918,12/20/1918,"December 20, 1918",4701806,1,0.045929843063,False,0.000021902926
01011919,01/01/1919,"January 01, 1919",9357242,1,0.089327945794,False,0.000021902926
01021919,01/02/1919,"January 02, 1919",2787392,1,0.027489036741,False,0.000021902926
01051919,01/05/1919,"January 05, 1919",4666839,1,0.045596175014,False,0.000021902926
01161919,01/16/1919,"January 16, 1919",771938,1,0.007689672103,False,0.000021902926
01311919,01/31/1919,"January 31, 1919",467911,1,0.004668190019,False,0.000021902926
02241919,02/24/1919,"February 24, 1919",3230275,1,0.031786598903,False,0.000021902926
02271919,02/27/1919,"February 27, 1919",4898671,1,0.047806225720,False,0.000021902926
03061919,03/06/1919,"March 06, 1919",2668852,1,0.026335538691,False,0.000021902926
03191919,03/19/1919,"March 19, 1919",1913502,1,0.018953117650,False,0.000021902926
03221919,03/22/1919,"March 22, 1919",9812227,1,0.093461955388,False,0.000021902926
04121919,04/12/1919,"April 12, 1919",9451213,1,0.090183311478,False,0.000021902926
04181919,04/18/1919,"April 18, 1919",4553989,1,0.044518522336,False,0.000021902926
04191919,04/19/1919,"April 19, 1919",1395112,1,0.013854264111,False,0.000021902926
04211919,04/21/1919,"April 21, 1919",3734676,1,0.036657981051,False,0.000021902926
05141919,05/14/1919,"May 14, 1919",6580438,1,0.063686001857,False,0.000021902926
05161919,05/16/1919,"May 16, 1919",305126,2,0.003046619637,False,0.000021902926
05181919,05/18/1919,"May 18, 1919",6991166,1,0.067523818764,False,0.000021902926
05271919,05/27/1919,"May 27, 1919",7565057,1,0.072859889439,False,0.000021902926
06041919,06/04/1919,"June 04, 1919",9449954,1,0.090171856813,False,0.000021902926
06051919,06/05/1919,"June 05, 1919",3252399,1,0.032000782744,False,0.000021902926
06131919,06/13/1919,"June 13, 1919",6265979,1,0.060737043990,False,0.000021902926
06211919,06/21/1919,"June 21, 1919",2031472,2,0.020109776280,False,0.000021902926
06251919,06/25/1919,"June 25, 1919",8407648,1,0.080639069287,False,0.000021902926
06281919,06/28/1919,"June 28, 1919",8993854,1,0.086012652756,False,0.000021902926
07041919,07/04/1919,"July 04, 1919",3433985,1,0.033756938871,False,0.000021902926
07221919,07/22/1919,"July 22, 1919",1055938,1,0.010503835459,False,0.000021902926
08121919,08/12/1919,"August 12, 1919",1804045,1,0.017878705251,False,0.000021902926
08191919,08/19/1919,"August 19, 1919",7021779,1,0.067809234011,False,0.000021902926
09231919,09/23/1919,"September 23, 1919",3363298,1,0.033073689176,False,0.000021902926
09261919,09/26/1919,"September 26, 1919",858794,1,0.008551178981,False,0.000021902926
09291919,09/29/1919,"September 29, 1919",9283436,1,0.088655567073,False,0.000021902926
10051919,10/05/1919,"October 05, 1919",2983613,1,0.029395436508,False,0.000021902926
10131919,10/13/1919,"October 13, 1919",6586841,1,0.063745952123,False,0.000021902926
11071919,11/07/1919,"November 07, 1919",7824311,1,0.075260424199,False,0.000021902926
11151919,11/15/1919,"November 15, 1919",4877233,1,0.047602072534,False,0.000021902926
11211919,11/21/1919,"November 21, 1919",1250099,1,0.012423187207,False,0.000021902926
11281919,11/28/1919,"November 28, 1919",9045825,1,0.086487537713,False,0.000021902926
12061919,12/06/1919,"December 06, 1919",7139270,1,0.068903831122,False,0.000021902926
12081919,12/08/1919,"December 08, 1919",1735033,1,0.017200689767,False,0.000021902926
01211920,01/21/1920,"January 21, 1920",8488441,1,0.081381548595,False,0.000021902926
01301920,01/30/1920,"January 30, 1920",9697297,1,0.092419472254,False,0.000021902926
02091920,02/09/1920,"February 09, 1920",7638405,1,0.073539678837,False,0.000021902926
02271920,02/27/1920,"February 27, 1920",8597899,1,0.082386499890,False,0.000021902926
03011920,03/01/1920,"March 01, 1920",4953596,1,0.048329074555,False,0.000021902926
03071920,03/07/1920,"March 07, 1920",6913323,1,0.066797668731,False,0.000021902926
03131920,03/13/1920,"March 13, 1920",6012318,1,0.058351475810,False,0.000021902926
03171920,03/17/1920,"March 17, 1920",5480527,1,0.053330535034,False,0.000021902926
03271920,03/27/1920,"March 27, 1920",3580659,1,0.035173127389,False,0.000021902926
04071920,04/07/1920,"April 07, 1920",2401223,1,0.023726240141,False,0.000021902926
04141920,04/14/1920,"April 14, 1920",5395515,2,0.052525410203,False,0.000021902926
04231920,04/23/1920,"April 23, 1920",2156227,1,0.021331476116,False,0.000021902926
06241920,06/24/1920,"June 24, 1920",266366,1,0.002660125605,False,0.000021902926
07051920,07/05/1920,"July 05, 1920",1425115,1,0.014150093038,False,0.000021902926
07111920,07/11/1920,"July 11, 1920",5344244,1,0.052039505947,False,0.000021902926
07181920,07/18/1920,"July 18, 1920",2767237,1,0.027293007401,False,0.000021902926
08191920,08/19/1920,"August 19, 1920",5678517,2,0.055202991676,False,0.000021902926
08231920,08/23/1920,"August 23, 1920",8859907,1,0.084787573817,False,0.000021902926
09031920,09/03/1920,"September 03, 1920",6566555,1,0.063556004360,False,0.000021902926
09131920,09/13/1920,"September 13, 1920",6349154,1,0.061517951157,False,0.000021902926
09191920,09/19/1920,"September 19, 1920",8450060,1,0.081028905974,False,0.000021902926
09221920,09/22/1920,"September 22, 1920",9281402,1,0.088637030139,False,0.000021902926
09231920,09/23/1920,"September 23, 1920",2128741,1,0.021062442311,False,0.000021902926
10191920,10/19/1920,"October 19, 1920",4931926,1,0.048122825117,False,0.000021902926
10261920,10/26/1920,"October 26, 1920",9302134,1,0.088825954327,False,0.000021902926
11181920,11/18/1920,"November 18, 1920",5807880,1,0.056424419234,False,0.000021902926
12011920,12/01/1920,"December 01, 1920",9962524,1,0.094823431501,False,0.000021902926
12261920,12/26/1920,"December 26, 1920",7727846,1,0.074367943762,False,0.000021902926
01041921,01/04/1921,"January 04, 1921",4855105,1,0.047391302600,False,0.000021902926
01101921,01/10/1921,"January 10, 1921",5050497,1,0.049250806552,False,0.000021902926
01131921,01/13/1921,"January 13, 1921",8291640,1,0.079571918177,False,0.000021902926
01141921,01/14/1921,"January 14, 1921",3440608,1,0.033820931031,False,0.000021902926
01161921,01/16/1921,"January 16, 1921",4477216,1,0.043784688877,False,0.000021902926
01171921,01/17/1921,"January 17, 1921",1704914,1,0.016904635858,False,0.000021902926
02031921,02/03/1921,"February 03, 1921",2748072,1,0.027106570239,False,0.000021902926
02051921,02/05/1921,"February 05, 1921",8625800,1,0.082642487522,False,0.000021902926
02111921,02/11/1921,"February 11, 1921",5504369,1,0.053556213066,False,0.000021902926
02121921,02/12/1921,"February 12, 1921",1917933,1,0.018996586875,False,0.000021902926
02191921,02/19/1921,"February 19, 1921",9622053,1,0.091736315370,False,0.000021902926
02261921,02/26/1921,"February 26, 1921",767570,1,0.007646327041,False,0.000021902926
03281921,03/28/1921,"March 28, 1921",5386821,1,0.052443033180,False,0.000021902926
04081921,04/08/1921,"April 08, 1921",1757209,1,0.017418611180,False,0.000021902926
04101921,04/10/1921,"April 10, 1921",3579426,1,0.035161231000,False,0.000021902926
04221921,04/22/1921,"April 22, 1921",7272113,1,0.070139906017,False,0.000021902926
04251921,04/25/1921,"April 25, 1921",356334,1,0.003557008838,False,0.000021902926
04261921,04/26/1921,"April 26, 1921",4706262,2,0.045972355482,False,0.000021902926
04271921,04/27/1921,"April 27, 1921",2822333,1,0.027828782442,False,0.000021902926
05051921,05/05/1921,"May 05, 1921",2994996,1,0.029505914138,False,0.000021902926
05141921,05/14/1921,"May 14, 1921",4133166,1,0.040489164190,False,0.000021902926
06041921,06/04/1921,"June 04, 1921",5248305,1,0.051129605715,False,0.000021902926
07101921,07/10/1921,"July 10, 1921",5005136,1,0.048819439377,False,0.000021902926
07191921,07/19/1921,"July 19, 1921",6042409,1,0.058634784643,False,0.000021902926
07251921,07/25/1921,"July 25, 1921",7835032,1,0.075359560216,False,0.000021902926
07261921,07/26/1921,"July 26, 1921",7890421,1,0.075871567503,False,0.000021902926
08141921,08/14/1921,"August 14, 1921",5878933,1,0.057094619872,False,0.000021902926
08181921,08/18/1921,"August 18, 1921",2036708,1,0.020161081989,False,0.000021902926
08231921,08/23/1921,"August 23, 1921",5338637,1,0.051986352312,False,0.000021902926
08241921,08/24/1921,"August 24, 1921",6467369,1,0.062626722226,False,0.000021902926
09011921,09/01/1921,"September 01, 1921",4915017,1,0.047961858595,False,0.000021902926
09171921,09/17/1921,"September 17, 1921",5735283,1,0.055739162956,False,0.000021902926
10041921,10/04/1921,"October 04, 1921",5908971,1,0.057377807258,False,0.000021902926
10091921,10/09/1921,"October 09, 1921",3690721,1,0.036234450988,False,0.000021902926
10221921,10/22/1921,"October 22, 1921",5194035,1,0.050614513989,False,0.000021902926
10271921,10/27/1921,"October 27, 1921",4845904,1,0.047303649040,False,0.000021902926
11041921,11/04/1921,"November 04, 1921",9097022,1,0.086955108992,False,0.000021902926
11251921,11/25/1921,"November 25, 1921",6975287,2,0.067375739113,False,0.000021902926
12121921,12/12/1921,"December 12, 1921",7627228,1,0.073436122579,False,0.000021902926
01171922,01/17/1922,"January 17, 1922",4628614,1,0.045231284413,False,0.000021902926
02181922,02/18/1922,"February 18, 1922",3594130,2,0.035303090464,False,0.000021902926
03021922,03/02/1922,"March 02, 1922",6668010,1,0.064505591841,False,0.000021902926
03041922,03/04/1922,"March 04, 1922",7674193,1,0.073871181138,False,0.000021902926
03131922,03/13/1922,"March 13, 1922",213276,1,0.002130497283,False,0.000021902926
03141922,03/14/1922,"March 14, 1922",2323508,1,0.022967234088,False,0.000021902926
03151922,03/15/1922,"March 15, 1922",8890110,1,0.085063953689,False,0.000021902926
03171922,03/17/1922,"March 17, 1922",8013940,1,0.077012337035,False,0.000021902926
03281922,03/28/1922,"March 28, 1922",7872276,1,0.075703869184,False,0.000021902926
04061922,04/06/1922,"April 06, 1922",3715195,1,0.036470294109,False,0.000021902926
04151922,04/15/1922,"April 15, 1922",1871381,1,0.018539803849,False,0.000021902926
04161922,04/16/1922,"April 16, 1922",4341000,1,0.042481283093,False,0.000021902926
04181922,04/18/1922,"April 18, 1922",4874628,1,0.047577262245,False,0.000021902926
04221922,04/22/1922,"April 22, 1922",7005043,1,0.067653209507,False,0.000021902926
05051922,05/05/1922,"May 05, 1922",469223,1,0.004681248687,False,0.000021902926
05141922,05/14/1922,"May 14, 1922",8758479,1,0.083858821220,False,0.000021902926
05151922,05/15/1922,"May 15, 1922",8084073,1,0.077659429040,False,0.000021902926
05181922,05/18/1922,"May 18, 1922",992939,1,0.009880266364,False,0.000021902926
05291922,05/29/1922,"May 29, 1922",7545524,1,0.072678773471,False,0.000021902926
06031922,06/03/1922,"June 03, 1922",8944523,1,0.085561662423,False,0.000021902926
06081922,06/08/1922,"June 08, 1922",1789799,1,0.017738782283,False,0.000021902926
06131922,06/13/1922,"June 13, 1922",5956488,1,0.057825606651,False,0.000021902926
07141922,07/14/1922,"July 14, 1922",2052350,1,0.020314336408,False,0.000021902926
08071922,08/07/1922,"August 07, 1922",9702516,1,0.092466837647,False,0.000021902926
08081922,08/08/1922,"August 08, 1922",7338222,1,0.070754424084,False,0.000021902926
08111922,08/11/1922,"August 11, 1922",1784450,1,0.017686239725,False,0.000021902926
09011922,09/01/1922,"September 01, 1922",8558151,1,0.082021694375,False,0.000021902926
09091922,09/09/1922,"September 09, 1922",8058850,1,0.077426757733,False,0.000021902926
09141922,09/14/1922,"September 14, 1922",9115908,1,0.087127530369,False,0.000021902926
10121922,10/12/1922,"October 12, 1922",7200483,1,0.069473608619,False,0.000021902926
10151922,10/15/1922,"October 15, 1922",763763,1,0.007608547417,False,0.000021902926
10241922,10/24/1922,"October 24, 1922",1428928,2,0.014187682778,False,0.000021902926
10261922,10/26/1922,"October 26, 1922",3174385,1,0.031245313180,False,0.000021902926
11041922,11/04/1922,"November 04, 1922",598274,1,0.005964889048,False,0.000021902926
11201922,11/20/1922,"November 20, 1922",4675237,1,0.045676322483,False,0.000021902926
12081922,12/08/1922,"December 08, 1922",715068,1,0.007125184717,False,0.000021902926
12101922,12/10/1922,"December 10, 1922",7411864,1,0.071438487209,False,0.000021902926
12311922,12/31/1922,"December 31, 1922",8882603,1,0.084995266861,False,0.000021902926
01061923,01/06/1923,"January 06, 1923",2277310,2,0.022515760209,False,0.000021902926
01111923,01/11/1923,"January 11, 1923",9098677,1,0.086970219760,False,0.000021902926
01271923,01/27/1923,"January 27, 1923",1510444,1,0.014990950115,False,0.000021902926
01291923,01/29/1923,"January 29, 1923",1624897,1,0.016117677624,False,0.000021902926
02151923,02/15/1923,"February 15, 1923",9543255,1,0.091020339695,False,0.000021902926
02161923,02/16/1923,"February 16, 1923",3437766,1,0.033793471831,False,0.000021902926
02171923,02/17/1923,"February 17, 1923",9518385,1,0.090794248338,False,0.000021902926
03071923,03/07/1923,"March 07, 1923",3150061,1,0.031009644626,False,0.000021902926
03241923,03/24/1923,"March 24, 1923",2364254,1,0.023365254769,False,0.000021902926
03281923,03/28/1923,"March 28, 1923",3970555,1,0.038927624736,False,0.000021902926
03291923,03/29/1923,"March 29, 1923",9357055,1,0.089326242835,False,0.000021902926
04011923,04/01/1923,"April 01, 1923",9809015,1,0.093432836918,False,0.000021902926
04151923,04/15/1923,"April 15, 1923",5000608,1,0.048776368946,False,0.000021902926
04191923,04/19/1923,"April 19, 1923",3773515,1,0.037032060812,False,0.000021902926
04211923,04/21/1923,"April 21, 1923",1678597,2,0.016645880601,False,0.000021902926
04281923,04/28/1923,"April 28, 1923",8087229,1,0.077688537649,False,0.000021902926
05031923,05/03/1923,"May 03, 1923",5437664,1,0.052924677122,False,0.000021902926
05131923,05/13/1923,"May 13, 1923",4601942,1,0.044976594535,False,0.000021902926
05151923,05/15/1923,"May 15, 1923",6480390,1,0.062748769656,False,0.000021902926
06021923,06/02/1923,"June 02, 1923",3147633,1,0.030986117255,False,0.000021902926
06111923,06/11/1923,"June 11, 1923",377179,1,0.003764695735,False,0.000021902926
06221923,06/22/1923,"June 22, 1923",2480357,1,0.024498499026,False,0.000021902926
06261923,06/26/1923,"June 26, 1923",4678003,1,0.045702718711,False,0.000021902926
07231923,07/23/1923,"July 23, 1923",9719778,1,0.092623482502,False,0.000021902926
07251923,07/25/1923,"July 25, 1923",5556524,1,0.054049702127,False,0.000021902926
07301923,07/30/1923,"July 30, 1923",5065372,1,0.049392219978,False,0.000021902926
08091923,08/09/1923,"August 09, 1923",7299969,1,0.070398891774,False,0.000021902926
08131923,08/13/1923,"August 13, 1923",689819,1,0.006874462102,False,0.000021902926
08161923,08/16/1923,"August 16, 1923",820880,1,0.008175209803,False,0.000021902926
08271923,08/27/1923,"August 27, 1923",3497928,1,0.034374586186,False,0.000021902926
09131923,09/13/1923,"September 13, 1923",6573203,1,0.063618257088,False,0.000021902926
09231923,09/23/1923,"September 23, 1923",2605213,1,0.025715711153,False,0.000021902926
09291923,09/29/1923,"September 29, 1923",9858829,1,0.093884321828,False,0.000021902926
10291923,10/29/1923,"October 29, 1923",2343171,1,0.023159329157,False,0.000021902926
11121923,11/12/1923,"November 12, 1923",9199370,1,0.087889114137,False,0.000021902926
12111923,12/11/1923,"December 11, 1923",622567,1,0.006206340671,False,0.000021902926
12121923,12/12/1923,"December 12, 1923",7813503,1,0.075160472944,False,0.000021902926
12181923,12/18/1923,"December 18, 1923",4511784,1,0.044115176264,False,0.000021902926
12251923,12/25/1923,"December 25, 1923",5890510,1,0.057203773710,False,0.000021902926
12271923,12/27/1923,"December 27, 1923",6969658,1,0.067323240215,False,0.000021902926
12281923,12/28/1923,"December 28, 1923",4731739,1,0.046215382148,False,0.000021902926
01221924,01/22/1924,"January 22, 1924",9084782,1,0.086843345456,False,0.000021902926
02121924,02/12/1924,"February 12, 1924",1182225,1,0.011752651781,False,0.000021902926
02201924,02/20/1924,"February 20, 1924",3036800,1,0.029911534701,False,0.000021902926
02241924,02/24/1924,"February 24, 1924",5664990,1,0.055075180339,False,0.000021902926
03101924,03/10/1924,"March 10, 1924",4041023,1,0.039604634658,False,0.000021902926
03111924,03/11/1924,"March 11, 1924",7002759,1,0.067631914463,False,0.000021902926
03201924,03/20/1924,"March 20, 1924",1057927,1,0.010523516342,False,0.000021902926
03211924,03/21/1924,"March 21, 1924",1220199,1,0.012127857588,False,0.000021902926
04121924,04/12/1924,"April 12, 1924",5160289,1,0.050294080296,False,0.000021902926
04171924,04/17/1924,"April 17, 1924",441387,1,0.004404153192,False,0.000021902926
04201924,04/20/1924,"April 20, 1924",2947247,1,0.029042402260,False,0.000021902926
05011924,05/01/1924,"May 01, 1924",4380948,1,0.042863716282,False,0.000021902926
05021924,05/02/1924,"May 02, 1924",9174337,1,0.087660756835,False,0.000021902926
06181924,06/18/1924,"June 18, 1924",5520286,1,0.053706846537,False,0.000021902926
06301924,06/30/1924,"June 30, 1924",7845653,1,0.075457761063,False,0.000021902926
08141924,08/14/1924,"August 14, 1924",6864779,1,0.066344545014,False,0.000021902926
09011924,09/01/1924,"September 01, 1924",3673340,1,0.036066924338,False,0.000021902926
09061924,09/06/1924,"September 06, 1924",7505722,1,0.072309607610,False,0.000021902926
09071924,09/07/1924,"September 07, 1924",9530028,1,0.090900101002,False,0.000021902926
09131924,09/13/1924,"September 13, 1924",2221764,1,0.021972655985,False,0.000021902926
09291924,09/29/1924,"September 29, 1924",9373387,1,0.089474961930,False,0.000021902926
10211924,10/21/1924,"October 21, 1924",2194608,1,0.021707026811,False,0.000021902926
10301924,10/30/1924,"October 30, 1924",1328332,1,0.013195496043,False,0.000021902926
11031924,11/03/1924,"November 03, 1924",2272286,1,0.022466650166,False,0.000021902926
11111924,11/11/1924,"November 11, 1924",4095836,1,0.040130911928,False,0.000021902926
11131924,11/13/1924,"November 13, 1924",8190890,1,0.078644119575,False,0.000021902926
11261924,11/26/1924,"November 26, 1924",9791261,1,0.093271870694,False,0.000021902926
12061924,12/06/1924,"December 06, 1924",6754591,1,0.065315201728,False,0.000021902926
01231925,01/23/1925,"January 23, 1925",3337182,1,0.032821133721,False,0.000021902926
01281925,01/28/1925,"January 28, 1925",9904423,1,0.094297362047,False,0.000021902926
02231925,02/23/1925,"February 23, 1925",9672231,1,0.092191949603,False,0.000021902926
02241925,02/24/1925,"February 24, 1925",8178419,1,0.078529210117,False,0.000021902926
03011925,03/01/1925,"March 01, 1925",9830247,1,0.093625298827,False,0.000021902926
03041925,03/04/1925,"March 04, 1925",4093637,1,0.040109804174,False,0.000021902926
03051925,03/05/1925,"March 05, 1925",5387853,1,0.052452811918,False,0.000021902926
03131925,03/13/1925,"March 13, 1925",6959678,2,0.067230154429,False,0.000021902926
03161925,03/16/1925,"March 16, 1925",9086488,1,0.086858923776,False,0.000021902926
03221925,03/22/1925,"March 22, 1925",8665654,1,0.083008018344,False,0.000021902926
03271925,03/27/1925,"March 27, 1925",3495296,1,0.034349170590,False,0.000021902926
04151925,04/15/1925,"April 15, 1925",2481183,1,0.024506556635,False,0.000021902926
04191925,04/19/1925,"April 19, 1925",2140845,1,0.021180925744,False,0.000021902926
04301925,04/30/1925,"April 30, 1925",1080171,1,0.010743591016,False,0.000021902926
05021925,05/02/1925,"May 02, 1925",2025918,1,0.020055351665,False,0.000021902926
05091925,05/09/1925,"May 09, 1925",7816747,1,0.075190474252,False,0.000021902926
05111925,05/11/1925,"May 11, 1925",1973399,1,0.019540559360,False,0.000021902926
05121925,05/12/1925,"May 12, 1925",5559776,1,0.054080463931,False,0.000021902926
05131925,05/13/1925,"May 13, 1925",1522592,1,0.015110601747,False,0.000021902926
06301925,06/30/1925,"June 30, 1925",4420661,2,0.043243748352,False,0.000021902926
07021925,07/02/1925,"July 02, 1925",3508867,1,0.034480210174,False,0.000021902926
07131925,07/13/1925,"July 13, 1925",6395285,1,0.061950782473,False,0.000021902926
07171925,07/17/1925,"July 17, 1925",725829,1,0.007232022229,False,0.000021902926
07301925,07/30/1925,"July 30, 1925",9200468,1,0.087899129059,False,0.000021902926
08141925,08/14/1925,"August 14, 1925",8238058,1,0.079078602245,False,0.000021902926
08151925,08/15/1925,"August 15, 1925",5732819,1,0.055715896082,False,0.000021902926
08191925,08/19/1925,"August 19, 1925",1940025,1,0.019213286214,False,0.000021902926
08221925,08/22/1925,"August 22, 1925",1770202,1,0.017546269688,False,0.000021902926
10141925,10/14/1925,"October 14, 1925",5110311,1,0.049819317639,False,0.000021902926
10151925,10/15/1925,"October 15, 1925",2659865,1,0.026248031533,False,0.000021902926
10161925,10/16/1925,"October 16, 1925",7070441,1,0.068262746333,False,0.000021902926
11061925,11/06/1925,"November 06, 1925",4160898,1,0.040755218845,False,0.000021902926
11101925,11/10/1925,"November 10, 1925",2971359,1,0.029276491336,False,0.000021902926
11281925,11/28/1925,"November 28, 1925",6538064,1,0.063289164087,False,0.000021902926
11301925,11/30/1925,"November 30, 1925",1946890,1,0.019280614911,False,0.000021902926
12131925,12/13/1925,"December 13, 1925",5472237,1,0.053252052882,False,0.000021902926
12201925,12/20/1925,"December 20, 1925",2918873,1,0.028766863660,False,0.000021902926
12301925,12/30/1925,"December 30, 1925",764299,1,0.007613866621,False,0.000021902926
12311925,12/31/1925,"December 31, 1925",424243,1,0.004233453606,False,0.000021902926
01181926,01/18/1926,"January 18, 1926",2992303,2,0.029479778380,False,0.000021902926
01201926,01/20/1926,"January 20, 1926",1922550,1,0.019041878757,False,0.000021902926
01211926,01/21/1926,"January 21, 1926",4237999,1,0.041494521130,False,0.000021902926
01241926,01/24/1926,"January 24, 1926",8675189,1,0.083095449362,False,0.000021902926
01261926,01/26/1926,"January 26, 1926",7960642,1,0.076520271946,False,0.000021902926
02251926,02/25/1926,"February 25, 1926",1138591,1,0.011321345837,False,0.000021902926
03071926,03/07/1926,"March 07, 1926",6831854,1,0.066037088340,False,0.000021902926
03111926,03/11/1926,"March 11, 1926",4704794,1,0.045958350254,False,0.000021902926
03191926,03/19/1926,"March 19, 1926",3667179,1,0.036007534591,False,0.000021902926
03281926,03/28/1926,"March 28, 1926",2542894,1,0.025108357692,False,0.000021902926
04011926,04/01/1926,"April 01, 1926",571404,1,0.005697755923,False,0.000021902926
04051926,04/05/1926,"April 05, 1926",5433277,1,0.052883128016,False,0.000021902926
05031926,05/03/1926,"May 03, 1926",2294235,1,0.022681185418,False,0.000021902926
05211926,05/21/1926,"May 21, 1926",4980065,1,0.048580939000,False,0.000021902926
05241926,05/24/1926,"May 24, 1926",9186971,1,0.087776014495,False,0.000021902926
05271926,05/27/1926,"May 27, 1926",3642392,1,0.035768560160,False,0.000021902926
05301926,05/30/1926,"May 30, 1926",856965,2,0.008533045216,False,0.000021902926
06241926,06/24/1926,"June 24, 1926",5515409,1,0.053660694694,False,0.000021902926
06281926,06/28/1926,"June 28, 1926",9383673,1,0.089568613720,False,0.000021902926
06301926,06/30/1926,"June 30, 1926",9004049,1,0.086105829017,False,0.000021902926
07021926,07/02/1926,"July 02, 1926",745560,1,0.007427885957,False,0.000021902926
07161926,07/16/1926,"July 16, 1926",5497291,2,0.053489221403,False,0.000021902926
07221926,07/22/1926,"July 22, 1926",7623584,1,0.073402357976,False,0.000021902926
08061926,08/06/1926,"August 06, 1926",6905443,1,0.066724129489,False,0.000021902926
08111926,08/11/1926,"August 11, 1926",9901218,1,0.094268333812,False,0.000021902926
08311926,08/31/1926,"August 31, 1926",344399,1,0.003438076269,False,0.000021902926
09051926,09/05/1926,"September 05, 1926",394758,2,0.003939808549,False,0.000021902926
10041926,10/04/1926,"October 04, 1926",7011739,1,0.067715637359,False,0.000021902926
10091926,10/09/1926,"October 09, 1926",6012240,1,0.058350741324,False,0.000021902926
10131926,10/13/1926,"October 13, 1926",112847,2,0.001127843517,False,0.000021902926
10191926,10/19/1926,"October 19, 1926",2831917,1,0.027921950867,False,0.000021902926
11181926,11/18/1926,"November 18, 1926",8506463,1,0.081547087097,False,0.000021902926
11251926,11/25/1926,"November 25, 1926",9944294,1,0.094658402769,False,0.000021902926
12011926,12/01/1926,"December 01, 1926",2604156,1,0.025705412913,False,0.000021902926
12071926,12/07/1926,"December 07, 1926",6519854,1,0.063118573510,False,0.000021902926
12131926,12/13/1926,"December 13, 1926",8638343,1,0.082757544460,False,0.000021902926
12271926,12/27/1926,"December 27, 1926",2518089,1,0.024866505823,False,0.000021902926
12311926,12/31/1926,"December 31, 1926",3596777,1,0.035328625654,False,0.000021902926
01041927,01/04/1927,"January 04, 1927",9282768,1,0.088649479272,False,0.000021902926
01311927,01/31/1927,"January 31, 1927",5740831,1,0.055791549094,False,0.000021902926
02191927,02/19/1927,"February 19, 1927",9829706,1,0.093620395327,False,0.000021902926
02211927,02/21/1927,"February 21, 1927",9816816,1,0.093503555464,False,0.000021902926
02251927,02/25/1927,"February 25, 1927",5838988,1,0.056717901079,False,0.000021902926
03051927,03/05/1927,"March 05, 1927",6403244,1,0.062025438840,False,0.000021902926
03071927,03/07/1927,"March 07, 1927",5868081,1,0.056992290226,False,0.000021902926
03131927,03/13/1927,"March 13, 1927",2620038,1,0.025860138094,False,0.000021902926
03251927,03/25/1927,"March 25, 1927",5727008,1,0.055661022138,False,0.000021902926
04051927,04/05/1927,"April 05, 1927",3207067,1,0.031561869858,False,0.000021902926
04071927,04/07/1927,"April 07, 1927",1241157,1,0.012334874139,False,0.000021902926
04111927,04/11/1927,"April 11, 1927",2815130,1,0.027758754426,False,0.000021902926
07261927,07/26/1927,"July 26, 1927",1587694,1,0.015751575784,False,0.000021902926
08181927,08/18/1927,"August 18, 1927",2331167,1,0.023042062163,False,0.000021902926
08191927,08/19/1927,"August 19, 1927",2978380,1,0.029344643441,False,0.000021902926
08271927,08/27/1927,"August 27, 1927",9086012,2,0.086854577214,False,0.000021902926
09131927,09/13/1927,"September 13, 1927",8717104,1,0.083479689376,False,0.000021902926
09161927,09/16/1927,"September 16, 1927",5540994,1,0.053902784637,False,0.000021902926
09281927,09/28/1927,"September 28, 1927",641325,1,0.006392739004,False,0.000021902926
10121927,10/12/1927,"October 12, 1927",655362,2,0.006532201869,False,0.000021902926
10211927,10/21/1927,"October 21, 1927",3237035,1,0.031852047918,False,0.000021902926
10251927,10/25/1927,"October 25, 1927",1806681,1,0.017904593627,False,0.000021902926
11141927,11/14/1927,"November 14, 1927",5913201,1,0.057417679334,False,0.000021902926
12021927,12/02/1927,"December 02, 1927",5984886,1,0.058093127351,False,0.000021902926
12061927,12/06/1927,"December 06, 1927",881194,1,0.008773238647,False,0.000021902926
12291927,12/29/1927,"December 29, 1927",2843432,1,0.028033879212,False,0.000021902926
01031928,01/03/1928,"January 03, 1928",9230736,1,0.088175161977,False,0.000021902926
01041928,01/04/1928,"January 04, 1928",6867396,1,0.066368978457,False,0.000021902926
01081928,01/08/1928,"January 08, 1928",956444,1,0.009518856219,False,0.000021902926
01111928,01/11/1928,"January 11, 1928",4304584,1,0.042132529577,False,0.000021902926
01161928,01/16/1928,"January 16, 1928",390911,1,0.003901489376,False,0.000021902926
01291928,01/29/1928,"January 29, 1928",7564336,1,0.072853204734,False,0.000021902926
01311928,01/31/1928,"January 31, 1928",4472962,1,0.043744010612,False,0.000021902926
02071928,02/07/1928,"February 07, 1928",7585979,1,0.073053845404,False,0.000021902926
02191928,02/19/1928,"February 19, 1928",9149016,1,0.087429714163,False,0.000021902926
02251928,02/25/1928,"February 25, 1928",1369393,1,0.013600604668,False,0.000021902926
03181928,03/18/1928,"March 18, 1928",239209,1,0.002389241233,False,0.000021902926
03201928,03/20/1928,"March 20, 1928",315473,1,0.003149769068,False,0.000021902926
03221928,03/22/1928,"March 22, 1928",1778238,1,0.017625216498,False,0.000021902926
05181928,05/18/1928,"May 18, 1928",3937048,1,0.038605544255,False,0.000021902926
05231928,05/23/1928,"May 23, 1928",649117,1,0.006470157867,False,0.000021902926
05281928,05/28/1928,"May 28, 1928",2922996,1,0.028806906777,False,0.000021902926
06011928,06/01/1928,"June 01, 1928",125572,1,0.001254941914,False,0.000021902926
06111928,06/11/1928,"June 11, 1928",1309348,1,0.013008143291,False,0.000021902926
06271928,06/27/1928,"June 27, 1928",6644814,1,0.064288569387,False,0.000021902926
07251928,07/25/1928,"July 25, 1928",776088,1,0.007730852128,False,0.000021902926
07271928,07/27/1928,"July 27, 1928",3450460,1,0.033916114305,False,0.000021902926
08041928,08/04/1928,"August 04, 1928",6932415,1,0.066975818715,False,0.000021902926
08191928,08/19/1928,"August 19, 1928",5576091,1,0.054234778116,False,0.000021902926
08281928,08/28/1928,"August 28, 1928",1781168,1,0.017653999658,False,0.000021902926
09081928,09/08/1928,"September 08, 1928",5251712,1,0.051161933179,False,0.000021902926
09211928,09/21/1928,"September 21, 1928",312784,2,0.003122963405,False,0.000021902926
10211928,10/21/1928,"October 21, 1928",3569603,1,0.035066450232,False,0.000021902926
10241928,10/24/1928,"October 24, 1928",3406974,1,0.033495911704,False,0.000021902926
11141928,11/14/1928,"November 14, 1928",1402619,1,0.013928291293,False,0.000021902926
11271928,11/27/1928,"November 27, 1928",7941373,1,0.076342309491,False,0.000021902926
12091928,12/09/1928,"December 09, 1928",8557132,1,0.082012340129,False,0.000021902926
12121928,12/12/1928,"December 12, 1928",6186937,1,0.059994338271,False,0.000021902926
12161928,12/16/1928,"December 16, 1928",9802343,1,0.093372348738,False,0.000021902926
01181929,01/18/1929,"January 18, 1929",1842569,1,0.018256984793,False,0.000021902926
01271929,01/27/1929,"January 27, 1929",162667,1,0.001625357689,False,0.000021902926
04041929,04/04/1929,"April 04, 1929",9516345,1,0.090775700351,False,0.000021902926
04201929,04/20/1929,"April 20, 1929",3438797,1,0.033803433369,False,0.000021902926
05281929,05/28/1929,"May 28, 1929",9155869,1,0.087492250463,False,0.000021902926
06261929,06/26/1929,"June 26, 1929",5144209,2,0.050141355304,False,0.000021902926
07101929,07/10/1929,"July 10, 1929",653712,1,0.006515809514,False,0.000021902926
07151929,07/15/1929,"July 15, 1929",6916877,1,0.066830834153,False,0.000021902926
08051929,08/05/1929,"August 05, 1929",564427,1,0.005628381035,False,0.000021902926
08191929,08/19/1929,"August 19, 1929",1735035,1,0.017200709423,False,0.000021902926
09141929,09/14/1929,"September 14, 1929",2142980,1,0.021201823308,False,0.000021902926
09241929,09/24/1929,"September 24, 1929",514248,1,0.005129290086,False,0.000021902926
10151929,10/15/1929,"October 15, 1929",7935519,1,0.076288236986,False,0.000021902926
10271929,10/27/1929,"October 27, 1929",9329865,1,0.089078596972,False,0.000021902926
10291929,10/29/1929,"October 29, 1929",368214,1,0.003675379235,False,0.000021902926
11211929,11/21/1929,"November 21, 1929",3912953,1,0.038373868349,False,0.000021902926
11271929,11/27/1929,"November 27, 1929",2001169,1,0.019812795147,False,0.000021902926
11291929,11/29/1929,"November 29, 1929",6703966,1,0.064841897749,False,0.000021902926
12071929,12/07/1929,"December 07, 1929",5120213,1,0.049913399873,False,0.000021902926
12231929,12/23/1929,"December 23, 1929",2241227,1,0.022162990926,False,0.000021902926
01091930,01/09/1930,"January 09, 1930",3083530,1,0.030364751143,False,0.000021902926
01141930,01/14/1930,"January 14, 1930",3886295,1,0.038117483880,False,0.000021902926
01171930,01/17/1930,"January 17, 1930",4477550,1,0.043787882630,False,0.000021902926
02081930,02/08/1930,"February 08, 1930",2949515,1,0.029064423329,False,0.000021902926
02181930,02/18/1930,"February 18, 1930",7152199,1,0.069024204765,False,0.000021902926
02251930,02/25/1930,"February 25, 1930",1932027,1,0.019134839754,False,0.000021902926
03091930,03/09/1930,"March 09, 1930",1684684,1,0.016705735545,False,0.000021902926
03131930,03/13/1930,"March 13, 1930",3870367,1,0.037964263029,False,0.000021902926
03191930,03/19/1930,"March 19, 1930",6981476,1,0.067433457443,False,0.000021902926
03281930,03/28/1930,"March 28, 1930",8630350,1,0.082684226339,False,0.000021902926
04281930,04/28/1930,"April 28, 1930",8517189,1,0.081645595074,False,0.000021902926
05131930,05/13/1930,"May 13, 1930",948620,1,0.009441357942,False,0.000021902926
05271930,05/27/1930,"May 27, 1930",1074043,2,0.010682967525,False,0.000021902926
06171930,06/17/1930,"June 17, 1930",5965502,1,0.057910530425,False,0.000021902926
06181930,06/18/1930,"June 18, 1930",5891416,1,0.057212315405,False,0.000021902926
07041930,07/04/1930,"July 04, 1930",9068858,1,0.086697922811,False,0.000021902926
07211930,07/21/1930,"July 21, 1930",929798,1,0.009254897445,False,0.000021902926
07281930,07/28/1930,"July 28, 1930",6004834,1,0.058281000197,False,0.000021902926
08011930,08/01/1930,"August 01, 1930",8792659,1,0.084171904769,False,0.000021902926
08131930,08/13/1930,"August 13, 1930",4493163,1,0.043937164376,False,0.000021902926
08181930,08/18/1930,"August 18, 1930",5966963,1,0.057924294251,False,0.000021902926
08211930,08/21/1930,"August 21, 1930",9204887,1,0.087939433907,False,0.000021902926
09161930,09/16/1930,"September 16, 1930",6777053,1,0.065525127052,False,0.000021902926
09221930,09/22/1930,"September 22, 1930",5321770,1,0.051826437362,False,0.000021902926
10011930,10/01/1930,"October 01, 1930",5676577,1,0.055184662436,False,0.000021902926
10211930,10/21/1930,"October 21, 1930",463471,1,0.004623996305,False,0.000021902926
11031930,11/03/1930,"November 03, 1930",7054352,1,0.068112827065,False,0.000021902926
11041930,11/04/1930,"November 04, 1930",4222145,1,0.041342547623,False,0.000021902926
11051930,11/05/1930,"November 05, 1930",7295652,1,0.070358760028,False,0.000021902926
11151930,11/15/1930,"November 15, 1930",9174422,1,0.087661532323,False,0.000021902926
11301930,11/30/1930,"November 30, 1930",6954081,1,0.067177945839,False,0.000021902926
12311930,12/31/1930,"December 31, 1930",1065208,1,0.010595557503,False,0.000021902926
01101931,01/10/1931,"January 10, 1931",2476204,1,0.024457985607,False,0.000021902926
01181931,01/18/1931,"January 18, 1931",9818972,1,0.093523099317,False,0.000021902926
01271931,01/27/1931,"January 27, 1931",7830616,1,0.075318727192,False,0.000021902926
01311931,01/31/1931,"January 31, 1931",4072117,1,0.039903213574,False,0.000021902926
02031931,02/03/1931,"February 03, 1931",2421751,1,0.023926629052,False,0.000021902926
02131931,02/13/1931,"February 13, 1931",8702913,1,0.083349616748,False,0.000021902926
02241931,02/24/1931,"February 24, 1931",3873724,1,0.037996558027,False,0.000021902926
03041931,03/04/1931,"March 04, 1931",1480706,1,0.014697984562,False,0.000021902926
03161931,03/16/1931,"March 16, 1931",7971693,1,0.076622320053,False,0.000021902926
04191931,04/19/1931,"April 19, 1931",1672063,1,0.016581626143,False,0.000021902926
04261931,04/26/1931,"April 26, 1931",235872,1,0.002355950406,False,0.000021902926
05161931,05/16/1931,"May 16, 1931",2821118,1,0.027816970490,False,0.000021902926
05231931,05/23/1931,"May 23, 1931",6105432,1,0.059227874338,False,0.000021902926
05251931,05/25/1931,"May 25, 1931",6253867,2,0.060623273570,False,0.000021902926
06011931,06/01/1931,"June 01, 1931",9233082,1,0.088196553137,False,0.000021902926
06201931,06/20/1931,"June 20, 1931",8642544,1,0.082796077006,False,0.000021902926
06301931,06/30/1931,"June 30, 1931",6904412,1,0.066714507365,False,0.000021902926
07011931,07/01/1931,"July 01, 1931",3953541,1,0.038764093969,False,0.000021902926
07091931,07/09/1931,"July 09, 1931",5146211,1,0.050160371284,False,0.000021902926
07111931,07/11/1931,"July 11, 1931",6934346,1,0.066993835238,False,0.000021902926
07131931,07/13/1931,"July 13, 1931",9885771,1,0.094128414634,False,0.000021902926
07301931,07/30/1931,"July 30, 1931",1351456,1,0.013423658338,False,0.000021902926
08021931,08/02/1931,"August 02, 1931",961188,2,0.009565843530,False,0.000021902926
08151931,08/15/1931,"August 15, 1931",9832020,1,0.093641368708,False,0.000021902926
08291931,08/29/1931,"August 29, 1931",3538199,1,0.034763374910,False,0.000021902926
09061931,09/06/1931,"September 06, 1931",6649281,1,0.064330366684,False,0.000021902926
09181931,09/18/1931,"September 18, 1931",1292860,1,0.012845394656,False,0.000021902926
09191931,09/19/1931,"September 19, 1931",862733,2,0.008590231381,False,0.000021902926
10121931,10/12/1931,"October 12, 1931",4305831,1,0.042144474110,False,0.000021902926
10151931,10/15/1931,"October 15, 1931",6091281,1,0.059094736253,False,0.000021902926
10201931,10/20/1931,"October 20, 1931",5853752,1,0.056857156969,False,0.000021902926
10251931,10/25/1931,"October 25, 1931",6274146,1,0.060813750464,False,0.000021902926
10271931,10/27/1931,"October 27, 1931",925456,1,0.009211878358,False,0.000021902926
11201931,11/20/1931,"November 20, 1931",7327267,1,0.070652619654,False,0.000021902926
01071932,01/07/1932,"January 07, 1932",8152475,1,0.078290112719,False,0.000021902926
01241932,01/24/1932,"January 24, 1932",3652928,1,0.035870146234,False,0.000021902926
02061932,02/06/1932,"February 06, 1932",9205530,1,0.087945298437,False,0.000021902926
02101932,02/10/1932,"February 10, 1932",162172,1,0.001620415723,False,0.000021902926
02151932,02/15/1932,"February 15, 1932",296918,1,0.002964786345,False,0.000021902926
03091932,03/09/1932,"March 09, 1932",1935285,1,0.019166795821,False,0.000021902926
03101932,03/10/1932,"March 10, 1932",7997174,1,0.076857575948,False,0.000021902926
04091932,04/09/1932,"April 09, 1932",5653662,1,0.054968133192,False,0.000021902926
04121932,04/12/1932,"April 12, 1932",5462718,1,0.053161927654,False,0.000021902926
04241932,04/24/1932,"April 24, 1932",1518381,1,0.015069127181,False,0.000021902926
05111932,05/11/1932,"May 11, 1932",4953415,1,0.048327352029,False,0.000021902926
05121932,05/12/1932,"May 12, 1932",3039354,1,0.029936310445,False,0.000021902926
05151932,05/15/1932,"May 15, 1932",6094201,1,0.059122210286,False,0.000021902926
05301932,05/30/1932,"May 30, 1932",9788959,1,0.093250997572,False,0.000021902926
06021932,06/02/1932,"June 02, 1932",1026935,1,0.010216810263,False,0.000021902926
06301932,06/30/1932,"June 30, 1932",6557990,1,0.063475794496,False,0.000021902926
07031932,07/03/1932,"July 03, 1932",1924963,1,0.019065548991,False,0.000021902926
07261932,07/26/1932,"July 26, 1932",2519861,1,0.024883785036,False,0.000021902926
08081932,08/08/1932,"August 08, 1932",3832739,1,0.037602200104,False,0.000021902926
08141932,08/14/1932,"August 14, 1932",1462042,1,0.014514070629,False,0.000021902926
08211932,08/21/1932,"August 21, 1932",9828008,1,0.093605004870,False,0.000021902926
09051932,09/05/1932,"September 05, 1932",601810,1,0.006000037508,False,0.000021902926
09121932,09/12/1932,"September 12, 1932",6284547,1,0.060911430147,False,0.000021902926
09291932,09/29/1932,"September 29, 1932",375490,1,0.003747869178,False,0.000021902926
10141932,10/14/1932,"October 14, 1932",9124037,1,0.087201734757,False,0.000021902926
10151932,10/15/1932,"October 15, 1932",2223717,1,0.021991756673,False,0.000021902926
10251932,10/25/1932,"October 25, 1932",9741680,1,0.092822194347,False,0.000021902926
10261932,10/26/1932,"October 26, 1932",1154945,2,0.011483021125,False,0.000021902926
11021932,11/02/1932,"November 02, 1932",4360411,1,0.042667129015,False,0.000021902926
11261932,11/26/1932,"November 26, 1932",1705736,2,0.016912716868,False,0.000021902926
12221932,12/22/1932,"December 22, 1932",9749816,1,0.092895999332,False,0.000021902926
12231932,12/23/1932,"December 23, 1932",757989,1,0.007551245080,False,0.000021902926
12311932,12/31/1932,"December 31, 1932",2787119,1,0.027486381783,False,0.000021902926
01091933,01/09/1933,"January 09, 1933",3662054,2,0.035958128710,False,0.000021902926
02251933,02/25/1933,"February 25, 1933",3841708,1,0.037688513693,False,0.000021902926
03051933,03/05/1933,"March 05, 1933",9517212,1,0.090783583291,False,0.000021902926
03071933,03/07/1933,"March 07, 1933",4529074,1,0.044280434465,False,0.000021902926
03081933,03/08/1933,"March 08, 1933",9951374,1,0.094722498686,False,0.000021902926
03121933,03/12/1933,"March 12, 1933",1039814,1,0.010344276233,False,0.000021902926
04091933,04/09/1933,"April 09, 1933",8058455,1,0.077423113562,False,0.000021902926
04181933,04/18/1933,"April 18, 1933",987117,1,0.009822619914,False,0.000021902926
05041933,05/04/1933,"May 04, 1933",9709506,1,0.092530271998,False,0.000021902926
05221933,05/22/1933,"May 22, 1933",6248433,1,0.060572226451,False,0.000021902926
05251933,05/25/1933,"May 25, 1933",6248794,1,0.060575617779,False,0.000021902926
06081933,06/08/1933,"June 08, 1933",5478944,1,0.053315549138,False,0.000021902926
06121933,06/12/1933,"June 12, 1933",4404630,1,0.043090358461,False,0.000021902926
06211933,06/21/1933,"June 21, 1933",6954088,1,0.067178011137,False,0.000021902926
06221933,06/22/1933,"June 22, 1933",9318979,1,0.088979428670,False,0.000021902926
07021933,07/02/1933,"July 02, 1933",8324944,1,0.079878406509,False,0.000021902926
07061933,07/06/1933,"July 06, 1933",935880,2,0.009315152730,False,0.000021902926
07121933,07/12/1933,"July 12, 1933",914765,1,0.009105947537,False,0.000021902926
07131933,07/13/1933,"July 13, 1933",9488968,1,0.090526747936,False,0.000021902926
07161933,07/16/1933,"July 16, 1933",5721022,1,0.055604492314,False,0.000021902926
07211933,07/21/1933,"July 21, 1933",2897588,1,0.028560114682,False,0.000021902926
07291933,07/29/1933,"July 29, 1933",238645,1,0.002383614692,False,0.000021902926
08011933,08/01/1933,"August 01, 1933",2131329,1,0.021087776888,False,0.000021902926
08031933,08/03/1933,"August 03, 1933",914366,1,0.009101993862,False,0.000021902926
08231933,08/23/1933,"August 23, 1933",6658153,1,0.064413375612,False,0.000021902926
09061933,09/06/1933,"September 06, 1933",582885,1,0.005811905212,False,0.000021902926
09131933,09/13/1933,"September 13, 1933",6109573,1,0.059266830905,False,0.000021902926
09141933,09/14/1933,"September 14, 1933",3652427,1,0.035865315931,False,0.000021902926
09151933,09/15/1933,"September 15, 1933",7845402,1,0.075455440459,False,0.000021902926
09211933,09/21/1933,"September 21, 1933",9163599,1,0.087562784586,False,0.000021902926
09261933,09/26/1933,"September 26, 1933",6454737,1,0.062508305753,False,0.000021902926
10011933,10/01/1933,"October 01, 1933",3137829,1,0.030891110476,False,0.000021902926
10071933,10/07/1933,"October 07, 1933",3074253,1,0.030274793908,False,0.000021902926
10091933,10/09/1933,"October 09, 1933",4367234,1,0.042732445610,False,0.000021902926
12031933,12/03/1933,"December 03, 1933",1178535,1,0.011716184780,False,0.000021902926
12041933,12/04/1933,"December 04, 1933",809226,1,0.008059615805,False,0.000021902926
12141933,12/14/1933,"December 14, 1933",2025626,1,0.020052490222,False,0.000021902926
12161933,12/16/1933,"December 16, 1933",5062124,1,0.049361343735,False,0.000021902926
12201933,12/20/1933,"December 20, 1933",2627419,1,0.025932036705,False,0.000021902926
01031934,01/03/1934,"January 03, 1934",2446506,1,0.024168226112,False,0.000021902926
01171934,01/17/1934,"January 17, 1934",1070302,1,0.010645956482,False,0.000021902926
02071934,02/07/1934,"February 07, 1934",9708749,1,0.092523402426,False,0.000021902926
02131934,02/13/1934,"February 13, 1934",2698460,1,0.026623778594,False,0.000021902926
02161934,02/16/1934,"February 16, 1934",2029820,2,0.020093588359,False,0.000021902926
02281934,02/28/1934,"February 28, 1934",961090,1,0.009564872904,False,0.000021902926
03071934,03/07/1934,"March 07, 1934",1660784,1,0.016470700128,False,0.000021902926
03281934,03/28/1934,"March 28, 1934",415845,1,0.004149825620,False,0.000021902926
04031934,04/03/1934,"April 03, 1934",1411548,1,0.014016333706,False,0.000021902926
04271934,04/27/1934,"April 27, 1934",991018,1,0.009861245981,False,0.000021902926
05011934,05/01/1934,"May 01, 1934",6486750,1,0.062808376939,False,0.000021902926
05121934,05/12/1934,"May 12, 1934",8092164,1,0.077734052597,False,0.000021902926
06071934,06/07/1934,"June 07, 1934",1267482,1,0.012594842766,False,0.000021902926
06081934,06/08/1934,"June 08, 1934",5629918,1,0.054743718182,False,0.000021902926
06141934,06/14/1934,"June 14, 1934",9333842,1,0.089114823597,False,0.000021902926
06151934,06/15/1934,"June 15, 1934",8450389,1,0.081031929384,False,0.000021902926
06161934,06/16/1934,"June 16, 1934",4193202,1,0.041065043237,False,0.000021902926
06201934,06/20/1934,"June 20, 1934",2934899,1,0.028922501012,False,0.000021902926
06261934,06/26/1934,"June 26, 1934",2914974,1,0.028728994541,False,0.000021902926
07091934,07/09/1934,"July 09, 1934",1812553,1,0.017962260577,False,0.000021902926
08051934,08/05/1934,"August 05, 1934",6180693,1,0.059935642484,False,0.000021902926
08121934,08/12/1934,"August 12, 1934",9451096,1,0.090182246991,False,0.000021902926
08131934,08/13/1934,"August 13, 1934",6760369,1,0.065369206256,False,0.000021902926
08201934,08/20/1934,"August 20, 1934",6383512,1,0.061840339436,False,0.000021902926
08271934,08/27/1934,"August 27, 1934",7388886,1,0.071225097827,False,0.000021902926
09061934,09/06/1934,"September 06, 1934",670779,1,0.006685352995,False,0.000021902926
09131934,09/13/1934,"September 13, 1934",1044681,1,0.010392441605,False,0.000021902926
09201934,09/20/1934,"September 20, 1934",1073830,1,0.010680860278,False,0.000021902926
10011934,10/01/1934,"October 01, 1934",2042181,1,0.020214707106,False,0.000021902926
10021934,10/02/1934,"October 02, 1934",3004293,1,0.029596136780,False,0.000021902926
10091934,10/09/1934,"October 09, 1934",6634050,1,0.064187843987,False,0.000021902926
11211934,11/21/1934,"November 21, 1934",780185,1,0.007771504562,False,0.000021902926
11301934,11/30/1934,"November 30, 1934",7318500,1,0.070571140197,False,0.000021902926
12081934,12/08/1934,"December 08, 1934",7746632,1,0.074541816670,False,0.000021902926
01021935,01/02/1935,"January 02, 1935",6912151,1,0.066786731536,False,0.000021902926
01091935,01/09/1935,"January 09, 1935",4101035,1,0.040180814225,False,0.000021902926
01141935,01/14/1935,"January 14, 1935",1564463,1,0.015522898469,False,0.000021902926
02051935,02/05/1935,"February 05, 1935",4670551,1,0.045631601827,False,0.000021902926
02231935,02/23/1935,"February 23, 1935",159907,1,0.001597802169,False,0.000021902926
02251935,02/25/1935,"February 25, 1935",7430903,1,0.071615259208,False,0.000021902926
03031935,03/03/1935,"March 03, 1935",905421,2,0.009013354070,False,0.000021902926
03091935,03/09/1935,"March 09, 1935",6402875,1,0.062021977707,False,0.000021902926
03281935,03/28/1935,"March 28, 1935",1144904,1,0.011383759151,False,0.000021902926
04121935,04/12/1935,"April 12, 1935",3002372,1,0.029577495143,False,0.000021902926
04201935,04/20/1935,"April 20, 1935",3418296,1,0.033605333103,False,0.000021902926
04291935,04/29/1935,"April 29, 1935",9641306,1,0.091911166547,False,0.000021902926
05071935,05/07/1935,"May 07, 1935",9527350,1,0.090875754980,False,0.000021902926
06041935,06/04/1935,"June 04, 1935",7729486,1,0.074383124004,False,0.000021902926
06051935,06/05/1935,"June 05, 1935",1837867,1,0.018210822151,False,0.000021902926
07011935,07/01/1935,"July 01, 1935",6106546,1,0.059238354481,False,0.000021902926
07231935,07/23/1935,"July 23, 1935",7142452,1,0.068933458131,False,0.000021902926
07241935,07/24/1935,"July 24, 1935",2261123,1,0.022357522027,False,0.000021902926
08211935,08/21/1935,"August 21, 1935",6157451,1,0.059717127332,False,0.000021902926
08271935,08/27/1935,"August 27, 1935",314894,1,0.003143997288,False,0.000021902926
09211935,09/21/1935,"September 21, 1935",3328001,1,0.032732332952,False,0.000021902926
09221935,09/22/1935,"September 22, 1935",255136,1,0.002548118047,False,0.000021902926
09261935,09/26/1935,"September 26, 1935",2571053,1,0.025382838785,False,0.000021902926
09281935,09/28/1935,"September 28, 1935",2835960,1,0.027961251189,False,0.000021902926
09301935,09/30/1935,"September 30, 1935",8863190,1,0.084817619748,False,0.000021902926
10011935,10/01/1935,"October 01, 1935",1484192,2,0.014732331592,False,0.000021902926
10061935,10/06/1935,"October 06, 1935",1784071,1,0.017682516749,False,0.000021902926
10191935,10/19/1935,"October 19, 1935",181015,1,0.001808522667,False,0.000021902926
10211935,10/21/1935,"October 21, 1935",2394150,1,0.023657185855,False,0.000021902926
10241935,10/24/1935,"October 24, 1935",5441733,1,0.052963212833,False,0.000021902926
11121935,11/12/1935,"November 12, 1935",4432461,1,0.043356638930,False,0.000021902926
12191935,12/19/1935,"December 19, 1935",7918828,1,0.076134047387,False,0.000021902926
01021936,01/02/1936,"January 02, 1936",3711400,3,0.036433727463,False,0.000021902926
01101936,01/10/1936,"January 10, 1936",6966040,1,0.067289495360,False,0.000021902926
01131936,01/13/1936,"January 13, 1936",4346578,1,0.042534691998,False,0.000021902926
01181936,01/18/1936,"January 18, 1936",2388024,2,0.023597373262,False,0.000021902926
02091936,02/09/1936,"February 09, 1936",8337185,1,0.079991031701,False,0.000021902926
02161936,02/16/1936,"February 16, 1936",8798222,1,0.084222850869,False,0.000021902926
02171936,02/17/1936,"February 17, 1936",2821751,1,0.027823124389,False,0.000021902926
02201936,02/20/1936,"February 20, 1936",1520097,1,0.015086028450,False,0.000021902926
02271936,02/27/1936,"February 27, 1936",8422353,1,0.080774251374,False,0.000021902926
02281936,02/28/1936,"February 28, 1936",6655947,1,0.064392736343,False,0.000021902926
03041936,03/04/1936,"March 04, 1936",4788023,1,0.046752059242,False,0.000021902926
03061936,03/06/1936,"March 06, 1936",7497334,1,0.072231789675,False,0.000021902926
03181936,03/18/1936,"March 18, 1936",7013957,1,0.067736315197,False,0.000021902926
03221936,03/22/1936,"March 22, 1936",271464,1,0.002710968697,False,0.000021902926
03241936,03/24/1936,"March 24, 1936",7013913,1,0.067735905001,False,0.000021902926
03271936,03/27/1936,"March 27, 1936",1493887,1,0.014827848663,False,0.000021902926
03291936,03/29/1936,"March 29, 1936",3258960,1,0.032064291090,False,0.000021902926
04181936,04/18/1936,"April 18, 1936",9756211,1,0.092954006779,False,0.000021902926
04191936,04/19/1936,"April 19, 1936",5248519,1,0.051131636296,False,0.000021902926
05011936,05/01/1936,"May 01, 1936",7766173,1,0.074722642787,False,0.000021902926
05271936,05/27/1936,"May 27, 1936",7977230,1,0.076673446061,False,0.000021902926
05311936,05/31/1936,"May 31, 1936",4749514,1,0.046384902299,False,0.000021902926
06111936,06/11/1936,"June 11, 1936",291949,1,0.002915242433,False,0.000021902926
06141936,06/14/1936,"June 14, 1936",7722697,1,0.074320281740,False,0.000021902926
07091936,07/09/1936,"July 09, 1936",589956,1,0.005882201768,False,0.000021902926
07141936,07/14/1936,"July 14, 1936",8973910,1,0.085830348939,False,0.000021902926
07231936,07/23/1936,"July 23, 1936",1410180,1,0.014002845357,False,0.000021902926
07251936,07/25/1936,"July 25, 1936",9522299,1,0.090829833955,False,0.000021902926
08041936,08/04/1936,"August 04, 1936",1298234,1,0.012898442919,False,0.000021902926
08171936,08/17/1936,"August 17, 1936",45954,1,0.000459444428,False,0.000021902926
08201936,08/20/1936,"August 20, 1936",8301070,1,0.079658710454,False,0.000021902926
09041936,09/04/1936,"September 04, 1936",2833262,1,0.027935025229,False,0.000021902926
09221936,09/22/1936,"September 22, 1936",5822563,1,0.056562954268,False,0.000021902926
09261936,09/26/1936,"September 26, 1936",9652132,1,0.092009470923,False,0.000021902926
09271936,09/27/1936,"September 27, 1936",1605808,1,0.015929846399,False,0.000021902926
09291936,09/29/1936,"September 29, 1936",1788407,1,0.017725109112,False,0.000021902926
10021936,10/02/1936,"October 02, 1936",4049784,1,0.039688771212,False,0.000021902926
10031936,10/03/1936,"October 03, 1936",130319,1,0.001302351217,False,0.000021902926
10061936,10/06/1936,"October 06, 1936",3965775,1,0.038881684378,False,0.000021902926
10071936,10/07/1936,"October 07, 1936",4514992,1,0.044145840558,False,0.000021902926
10101936,10/10/1936,"October 10, 1936",1490724,2,0.014796687174,False,0.000021902926
10151936,10/15/1936,"October 15, 1936",7725748,1,0.074348523798,False,0.000021902926
10171936,10/17/1936,"October 17, 1936",2746023,1,0.027086635448,False,0.000021902926
10201936,10/20/1936,"October 20, 1936",2837299,1,0.027974266701,False,0.000021902926
10231936,10/23/1936,"October 23, 1936",2236531,1,0.022117070621,False,0.000021902926
11071936,11/07/1936,"November 07, 1936",6901943,1,0.066691464262,False,0.000021902926
11271936,11/27/1936,"November 27, 1936",8160091,1,0.078360307471,False,0.000021902926
12241936,12/24/1936,"December 24, 1936",2802145,1,0.027632500702,False,0.000021902926
02091937,02/09/1937,"February 09, 1937",7662061,1,0.073758816373,False,0.000021902926
03051937,03/05/1937,"March 05, 1937",933952,1,0.009296052142,False,0.000021902926
03311937,03/31/1937,"March 31, 1937",2566838,1,0.025341757806,False,0.000021902926
04031937,04/03/1937,"April 03, 1937",9084285,1,0.086838807056,False,0.000021902926
04231937,04/23/1937,"April 23, 1937",606261,1,0.006044279463,False,0.000021902926
04261937,04/26/1937,"April 26, 1937",5866658,1,0.056978871131,False,0.000021902926
05191937,05/19/1937,"May 19, 1937",7965469,1,0.076564847237,False,0.000021902926
05281937,05/28/1937,"May 28, 1937",2364884,1,0.023371407548,False,0.000021902926
06031937,06/03/1937,"June 03, 1937",1744378,1,0.017292528072,False,0.000021902926
06271937,06/27/1937,"June 27, 1937",2561416,1,0.025288910402,False,0.000021902926
07041937,07/04/1937,"July 04, 1937",16953,1,0.000169525631,False,0.000021902926
08081937,08/08/1937,"August 08, 1937",3768752,1,0.036986193557,False,0.000021902926
08161937,08/16/1937,"August 16, 1937",9480270,1,0.090447638511,False,0.000021902926
08191937,08/19/1937,"August 19, 1937",3797436,1,0.037262384826,False,0.000021902926
08251937,08/25/1937,"August 25, 1937",4541764,1,0.044401707584,False,0.000021902926
08271937,08/27/1937,"August 27, 1937",17826,1,0.000178254113,False,0.000021902926
09191937,09/19/1937,"September 19, 1937",9279377,1,0.088618574852,False,0.000021902926
10111937,10/11/1937,"October 11, 1937",6323518,1,0.061277331055,False,0.000021902926
10141937,10/14/1937,"October 14, 1937",3713042,1,0.036449549091,False,0.000021902926
10171937,10/17/1937,"October 17, 1937",7322275,1,0.070606225475,False,0.000021902926
10191937,10/19/1937,"October 19, 1937",5630777,1,0.054751837898,False,0.000021902926
10261937,10/26/1937,"October 26, 1937",4717325,1,0.046077893724,False,0.000021902926
11111937,11/11/1937,"November 11, 1937",6490495,1,0.062843474108,False,0.000021902926
11241937,11/24/1937,"November 24, 1937",7807628,1,0.075106137025,False,0.000021902926
12191937,12/19/1937,"December 19, 1937",9199471,1,0.087890035368,False,0.000021902926
12231937,12/23/1937,"December 23, 1937",6714547,1,0.064940841595,False,0.000021902926
01031938,01/03/1938,"January 03, 1938",2674181,1,0.026387423888,False,0.000021902926
01151938,01/15/1938,"January 15, 1938",8535313,1,0.081812022546,False,0.000021902926
01211938,01/21/1938,"January 21, 1938",5706448,1,0.055466846081,False,0.000021902926
01291938,01/29/1938,"January 29, 1938",5057797,1,0.049320208710,False,0.000021902926
02151938,02/15/1938,"February 15, 1938",3413146,1,0.033555562496,False,0.000021902926
03101938,03/10/1938,"March 10, 1938",269745,1,0.002693825151,False,0.000021902926
04041938,04/04/1938,"April 04, 1938",9081910,1,0.086817119220,False,0.000021902926
04181938,04/18/1938,"April 18, 1938",3553299,1,0.034909114639,False,0.000021902926
04191938,04/19/1938,"April 19, 1938",1604602,1,0.015917978441,False,0.000021902926
04251938,04/25/1938,"April 25, 1938",1183817,1,0.011768384553,False,0.000021902926
05021938,05/02/1938,"May 02, 1938",9590973,1,0.091453983142,False,0.000021902926
05061938,05/06/1938,"May 06, 1938",2606127,1,0.025724616071,False,0.000021902926
05081938,05/08/1938,"May 08, 1938",4628415,1,0.045229384422,False,0.000021902926
05121938,05/12/1938,"May 12, 1938",5620705,1,0.054656627708,False,0.000021902926
05181938,05/18/1938,"May 18, 1938",3670935,1,0.036043741468,False,0.000021902926
05251938,05/25/1938,"May 25, 1938",1299684,1,0.012912755788,False,0.000021902926
05261938,05/26/1938,"May 26, 1938",8433042,1,0.080872502164,False,0.000021902926
06041938,06/04/1938,"June 04, 1938",7251729,1,0.069950344014,False,0.000021902926
06281938,06/28/1938,"June 28, 1938",3362819,1,0.033069057588,False,0.000021902926
07071938,07/07/1938,"July 07, 1938",1895017,1,0.018771754370,False,0.000021902926
07311938,07/31/1938,"July 31, 1938",1858816,1,0.018416475626,False,0.000021902926
08091938,08/09/1938,"August 09, 1938",9342155,1,0.089190542335,False,0.000021902926
08231938,08/23/1938,"August 23, 1938",2370889,1,0.023430052335,False,0.000021902926
09121938,09/12/1938,"September 12, 1938",629239,1,0.006272644372,False,0.000021902926
09151938,09/15/1938,"September 15, 1938",4514333,1,0.044139541458,False,0.000021902926
09181938,09/18/1938,"September 18, 1938",5360357,1,0.052192238518,False,0.000021902926
10031938,10/03/1938,"October 03, 1938",8648089,1,0.082846934554,False,0.000021902926
10141938,10/14/1938,"October 14, 1938",3002411,1,0.029577873608,False,0.000021902926
11061938,11/06/1938,"November 06, 1938",1783385,1,0.017675778028,False,0.000021902926
11191938,11/19/1938,"November 19, 1938",5619639,1,0.054646550294,False,0.000021902926
11211938,11/21/1938,"November 21, 1938",482985,1,0.004818215030,False,0.000021902926
11241938,11/24/1938,"November 24, 1938",2339188,1,0.023120420817,False,0.000021902926
11261938,11/26/1938,"November 26, 1938",1358047,1,0.013488681442,False,0.000021902926
12101938,12/10/1938,"December 10, 1938",6614437,1,0.064004285147,False,0.000021902926
12151938,12/15/1938,"December 15, 1938",3391794,1,0.033349185246,False,0.000021902926
12161938,12/16/1938,"December 16, 1938",1746683,1,0.017315179219,False,0.000021902926
12191938,12/19/1938,"December 19, 1938",4033042,1,0.039527982445,False,0.000021902926
12221938,12/22/1938,"December 22, 1938",7947568,1,0.076399528313,False,0.000021902926
01091939,01/09/1939,"January 09, 1939",482711,1,0.004815488228,False,0.000021902926
01121939,01/12/1939,"January 12, 1939",936063,1,0.009316965682,False,0.000021902926
01141939,01/14/1939,"January 14, 1939",4798485,1,0.046851782826,False,0.000021902926
02071939,02/07/1939,"February 07, 1939",9952092,1,0.094728998555,False,0.000021902926
02091939,02/09/1939,"February 09, 1939",4095907,1,0.040131593435,False,0.000021902926
02251939,02/25/1939,"February 25, 1939",3562644,1,0.034999298169,False,0.000021902926
03031939,03/03/1939,"March 03, 1939",6796589,1,0.065707668234,False,0.000021902926
03091939,03/09/1939,"March 09, 1939",7337431,1,0.070747073723,False,0.000021902926
03131939,03/13/1939,"March 13, 1939",221140,1,0.002208966656,False,0.000021902926
03281939,03/28/1939,"March 28, 1939",3218429,1,0.031671897549,False,0.000021902926
04081939,04/08/1939,"April 08, 1939",4608756,1,0.045041667613,False,0.000021902926
04101939,04/10/1939,"April 10, 1939",3089452,1,0.030422171243,False,0.000021902926
05051939,05/05/1939,"May 05, 1939",253322,1,0.002530024106,False,0.000021902926
05221939,05/22/1939,"May 22, 1939",9513455,1,0.090749423389,False,0.000021902926
05271939,05/27/1939,"May 27, 1939",9887271,1,0.094142002606,False,0.000021902926
05311939,05/31/1939,"May 31, 1939",9535222,1,0.090947318425,False,0.000021902926
06061939,06/06/1939,"June 06, 1939",7851115,2,0.075508258181,False,0.000021902926
06151939,06/15/1939,"June 15, 1939",43998,1,0.000439893223,False,0.000021902926
06181939,06/18/1939,"June 18, 1939",4862368,1,0.047460488058,False,0.000021902926
07091939,07/09/1939,"July 09, 1939",4016072,1,0.039364976511,False,0.000021902926
07141939,07/14/1939,"July 14, 1939",2125632,1,0.021032006669,False,0.000021902926
08091939,08/09/1939,"August 09, 1939",7375383,1,0.071099676883,False,0.000021902926
08131939,08/13/1939,"August 13, 1939",6400821,1,0.062002711441,False,0.000021902926
08171939,08/17/1939,"August 17, 1939",3933907,1,0.038575346381,False,0.000021902926
08301939,08/30/1939,"August 30, 1939",3285274,1,0.032318960187,False,0.000021902926
09061939,09/06/1939,"September 06, 1939",2774230,1,0.027361026423,False,0.000021902926
09171939,09/17/1939,"September 17, 1939",9645165,1,0.091946209019,False,0.000021902926
10021939,10/02/1939,"October 02, 1939",4804098,1,0.046905281535,False,0.000021902926
10111939,10/11/1939,"October 11, 1939",2624937,1,0.025907860038,False,0.000021902926
10211939,10/21/1939,"October 21, 1939",4081733,1,0.039995532043,False,0.000021902926
11051939,11/05/1939,"November 05, 1939",2536742,1,0.025048380513,False,0.000021902926
11061939,11/06/1939,"November 06, 1939",6837089,1,0.066085980019,False,0.000021902926
12021939,12/02/1939,"December 02, 1939",6658613,1,0.064417679300,False,0.000021902926
12181939,12/18/1939,"December 18, 1939",5330750,1,0.051911579526,False,0.000021902926
01101940,01/10/1940,"January 10, 1940",1832965,1,0.018162693665,False,0.000021902926
01131940,01/13/1940,"January 13, 1940",1825272,1,0.018087158015,False,0.000021902926
02121940,02/12/1940,"February 12, 1940",1664932,1,0.016511496078,False,0.000021902926
03141940,03/14/1940,"March 14, 1940",432054,2,0.004311229895,False,0.000021902926
03181940,03/18/1940,"March 18, 1940",8162674,1,0.078384113117,False,0.000021902926
03191940,03/19/1940,"March 19, 1940",8770054,1,0.083964858425,False,0.000021902926
03221940,03/22/1940,"March 22, 1940",3526663,1,0.034652018789,False,0.000021902926
03251940,03/25/1940,"March 25, 1940",4332925,1,0.042403960334,False,0.000021902926
03301940,03/30/1940,"March 30, 1940",2093703,1,0.020719382069,False,0.000021902926
04171940,04/17/1940,"April 17, 1940",8938064,1,0.085502596943,False,0.000021902926
04301940,04/30/1940,"April 30, 1940",3246102,1,0.031939825914,False,0.000021902926
05021940,05/02/1940,"May 02, 1940",5177512,1,0.050457634064,False,0.000021902926
05101940,05/10/1940,"May 10, 1940",568769,1,0.005671555714,False,0.000021902926
05151940,05/15/1940,"May 15, 1940",5377858,1,0.052358099842,False,0.000021902926
06031940,06/03/1940,"June 03, 1940",8185967,1,0.078598760108,False,0.000021902926
06111940,06/11/1940,"June 11, 1940",1525374,1,0.015138000990,False,0.000021902926
06141940,06/14/1940,"June 14, 1940",6776087,1,0.065516099981,False,0.000021902926
06161940,06/16/1940,"June 16, 1940",4133330,3,0.040490737787,False,0.000021902926
06171940,06/17/1940,"June 17, 1940",4276432,1,0.041862832763,False,0.000021902926
06191940,06/19/1940,"June 19, 1940",1189425,1,0.011823803029,False,0.000021902926
06231940,06/23/1940,"June 23, 1940",2525916,1,0.024942826536,False,0.000021902926
06271940,06/27/1940,"June 27, 1940",2489676,1,0.024589401776,False,0.000021902926
07111940,07/11/1940,"July 11, 1940",2377183,1,0.023491515714,False,0.000021902926
07181940,07/18/1940,"July 18, 1940",9290051,1,0.088715850514,False,0.000021902926
07231940,07/23/1940,"July 23, 1940",7186284,1,0.069341473795,False,0.000021902926
08021940,08/02/1940,"August 02, 1940",228079,2,0.002278200975,False,0.000021902926
08051940,08/05/1940,"August 05, 1940",836345,2,0.008328583649,False,0.000021902926
08211940,08/21/1940,"August 21, 1940",4032492,1,0.039522699834,False,0.000021902926
09111940,09/11/1940,"September 11, 1940",2198808,1,0.021748114254,False,0.000021902926
09171940,09/17/1940,"September 17, 1940",5798299,1,0.056334010926,False,0.000021902926
10091940,10/09/1940,"October 09, 1940",4982428,1,0.048603420767,False,0.000021902926
10271940,10/27/1940,"October 27, 1940",8371762,1,0.080309088215,False,0.000021902926
10291940,10/29/1940,"October 29, 1940",108611,1,0.001085530396,False,0.000021902926
10301940,10/30/1940,"October 30, 1940",1518414,1,0.015069452208,False,0.000021902926
11051940,11/05/1940,"November 05, 1940",1269710,1,0.012616841908,False,0.000021902926
11061940,11/06/1940,"November 06, 1940",7045266,1,0.068028151949,False,0.000021902926
11221940,11/22/1940,"November 22, 1940",4554550,1,0.044523882572,False,0.000021902926
12021940,12/02/1940,"December 02, 1940",7368034,1,0.071031409489,False,0.000021902926
12121940,12/12/1940,"December 12, 1940",6623936,1,0.064093191158,False,0.000021902926
12191940,12/19/1940,"December 19, 1940",9451215,1,0.090183329674,False,0.000021902926
01021941,01/02/1941,"January 02, 1941",2988737,1,0.029445169012,False,0.000021902926
01031941,01/03/1941,"January 03, 1941",3401549,1,0.033443477434,False,0.000021902926
01201941,01/20/1941,"January 20, 1941",5479026,1,0.053316325419,False,0.000021902926
02041941,02/04/1941,"February 04, 1941",4441001,1,0.043438332786,False,0.000021902926
02091941,02/09/1941,"February 09, 1941",1289646,1,0.012813666997,False,0.000021902926
02131941,02/13/1941,"February 13, 1941",6656526,1,0.064398153494,False,0.000021902926
03121941,03/12/1941,"March 12, 1941",1856637,2,0.018395086688,False,0.000021902926
03161941,03/16/1941,"March 16, 1941",6165061,1,0.059788680136,False,0.000021902926
03261941,03/26/1941,"March 26, 1941",3005661,1,0.029609411814,False,0.000021902926
04121941,04/12/1941,"April 12, 1941",5938918,1,0.057660052065,False,0.000021902926
04191941,04/19/1941,"April 19, 1941",34149,1,0.000341441699,False,0.000021902926
05301941,05/30/1941,"May 30, 1941",7732133,1,0.074407624758,False,0.000021902926
06131941,06/13/1941,"June 13, 1941",6606619,1,0.063931106140,False,0.000021902926
06181941,06/18/1941,"June 18, 1941",7439429,1,0.071694409918,False,0.000021902926
06201941,06/20/1941,"June 20, 1941",6645892,1,0.064298656302,False,0.000021902926
06291941,06/29/1941,"June 29, 1941",7445501,1,0.071750774923,False,0.000021902926
07101941,07/10/1941,"July 10, 1941",9718760,1,0.092614245362,False,0.000021902926
07251941,07/25/1941,"July 25, 1941",102294,1,0.001022426975,False,0.000021902926
08241941,08/24/1941,"August 24, 1941",5543742,1,0.053928783031,False,0.000021902926
08301941,08/30/1941,"August 30, 1941",4717022,1,0.046075003335,False,0.000021902926
09041941,09/04/1941,"September 04, 1941",2610928,1,0.025771389910,False,0.000021902926
09081941,09/08/1941,"September 08, 1941",5246487,1,0.051112355094,False,0.000021902926
09091941,09/09/1941,"September 09, 1941",449966,1,0.004489561697,False,0.000021902926
10201941,10/20/1941,"October 20, 1941",1649448,1,0.016359200926,False,0.000021902926
10251941,10/25/1941,"October 25, 1941",4242618,2,0.041538793476,False,0.000021902926
11031941,11/03/1941,"November 03, 1941",9518744,1,0.090797512380,False,0.000021902926
11051941,11/05/1941,"November 05, 1941",7462170,1,0.071905491892,False,0.000021902926
11091941,11/09/1941,"November 09, 1941",4344036,1,0.042510352921,False,0.000021902926
11141941,11/14/1941,"November 14, 1941",7864033,1,0.075627676313,False,0.000021902926
12141941,12/14/1941,"December 14, 1941",2614595,1,0.025807114218,False,0.000021902926
01061942,01/06/1942,"January 06, 1942",794602,1,0.007914543835,False,0.000021902926
01071942,01/07/1942,"January 07, 1942",7614270,1,0.073316050651,False,0.000021902926
01271942,01/27/1942,"January 27, 1942",9435469,1,0.090040058660,False,0.000021902926
01281942,01/28/1942,"January 28, 1942",3842544,1,0.037696558583,False,0.000021902926
02251942,02/25/1942,"February 25, 1942",7433891,1,0.071642998930,False,0.000021902926
02271942,02/27/1942,"February 27, 1942",2866932,1,0.028262264416,False,0.000021902926
03041942,03/04/1942,"March 04, 1942",5902991,1,0.057321436765,False,0.000021902926
03211942,03/21/1942,"March 21, 1942",3432829,1,0.033745769037,False,0.000021902926
03221942,03/22/1942,"March 22, 1942",3671179,1,0.036046093519,False,0.000021902926
04111942,04/11/1942,"April 11, 1942",2390533,1,0.023621870897,False,0.000021902926
04161942,04/16/1942,"April 16, 1942",7237364,1,0.069816732783,False,0.000021902926
04211942,04/21/1942,"April 21, 1942",8129023,1,0.078073927965,False,0.000021902926
04241942,04/24/1942,"April 24, 1942",8197287,1,0.078703056826,False,0.000021902926
04251942,04/25/1942,"April 25, 1942",2171618,1,0.021482091399,False,0.000021902926
05021942,05/02/1942,"May 02, 1942",597441,1,0.005956608701,False,0.000021902926
05071942,05/07/1942,"May 07, 1942",5678249,1,0.055200459617,False,0.000021902926
05301942,05/30/1942,"May 30, 1942",9067184,1,0.086682634006,False,0.000021902926
06021942,06/02/1942,"June 02, 1942",450629,1,0.004496161909,False,0.000021902926
06031942,06/03/1942,"June 03, 1942",7025167,1,0.067840816099,False,0.000021902926
06081942,06/08/1942,"June 08, 1942",4419155,1,0.043229339494,False,0.000021902926
06101942,06/10/1942,"June 10, 1942",5675549,1,0.055174949685,False,0.000021902926
06161942,06/16/1942,"June 16, 1942",4126848,1,0.040428540380,False,0.000021902926
07081942,07/08/1942,"July 08, 1942",599333,1,0.005975415824,False,0.000021902926
07201942,07/20/1942,"July 20, 1942",450470,2,0.004494579057,False,0.000021902926
08181942,08/18/1942,"August 18, 1942",5586820,1,0.054336243825,False,0.000021902926
08281942,08/28/1942,"August 28, 1942",4533472,1,0.044322466087,False,0.000021902926
09051942,09/05/1942,"September 05, 1942",507247,1,0.005059636749,False,0.000021902926
09181942,09/18/1942,"September 18, 1942",1008119,1,0.010030555134,False,0.000021902926
09211942,09/21/1942,"September 21, 1942",2533312,1,0.025014939098,False,0.000021902926
09251942,09/25/1942,"September 25, 1942",9963085,1,0.094828509527,False,0.000021902926
09301942,09/30/1942,"September 30, 1942",6556970,1,0.063466241900,False,0.000021902926
10111942,10/11/1942,"October 11, 1942",6610232,1,0.063964925699,False,0.000021902926
10151942,10/15/1942,"October 15, 1942",64020,1,0.000640005116,False,0.000021902926
10181942,10/18/1942,"October 18, 1942",1249,1,0.000012499922,False,0.000021902926
10241942,10/24/1942,"October 24, 1942",982339,1,0.009775308108,False,0.000021902926
11111942,11/11/1942,"November 11, 1942",2030754,1,0.020102740642,False,0.000021902926
11121942,11/12/1942,"November 12, 1942",3769856,1,0.036996825170,False,0.000021902926
11131942,11/13/1942,"November 13, 1942",7414269,1,0.071460818845,False,0.000021902926
11171942,11/17/1942,"November 17, 1942",1943898,1,0.019251271348,False,0.000021902926
11211942,11/21/1942,"November 21, 1942",5844826,1,0.056772968281,False,0.000021902926
11221942,11/22/1942,"November 22, 1942",151463,1,0.001513493527,False,0.000021902926
12061942,12/06/1942,"December 06, 1942",9928488,1,0.094515293165,False,0.000021902926
12081942,12/08/1942,"December 08, 1942",4395805,1,0.043005907458,False,0.000021902926
12091942,12/09/1942,"December 09, 1942",8986734,1,0.085947574539,False,0.000021902926
12111942,12/11/1942,"December 11, 1942",8476447,1,0.081271362889,False,0.000021902926
12151942,12/15/1942,"December 15, 1942",7218802,1,0.069644056138,False,0.000021902926
12221942,12/22/1942,"December 22, 1942",7953737,1,0.076456503469,False,0.000021902926
01081943,01/08/1943,"January 08, 1943",835420,1,0.008319410645,False,0.000021902926
01121943,01/12/1943,"January 12, 1943",5230357,1,0.050959287171,False,0.000021902926
01191943,01/19/1943,"January 19, 1943",6662063,1,0.064449956334,False,0.000021902926
02011943,02/01/1943,"February 01, 1943",1222548,1,0.012151062432,False,0.000021902926
02131943,02/13/1943,"February 13, 1943",1643552,1,0.016301203754,False,0.000021902926
02161943,02/16/1943,"February 16, 1943",4748368,1,0.046373973808,False,0.000021902926
02211943,02/21/1943,"February 21, 1943",8107236,1,0.077873046047,False,0.000021902926
02271943,02/27/1943,"February 27, 1943",3168107,1,0.031184492851,False,0.000021902926
03101943,03/10/1943,"March 10, 1943",470340,1,0.004692366335,False,0.000021902926
03261943,03/26/1943,"March 26, 1943",1071738,1,0.010660163504,False,0.000021902926
03311943,03/31/1943,"March 31, 1943",5949954,1,0.057764042965,False,0.000021902926
04021943,04/02/1943,"April 02, 1943",8874198,1,0.084918357480,False,0.000021902926
04291943,04/29/1943,"April 29, 1943",1671516,1,0.016576246830,False,0.000021902926
05151943,05/15/1943,"May 15, 1943",7174629,1,0.069232999221,False,0.000021902926
05181943,05/18/1943,"May 18, 1943",5218437,1,0.050846154774,False,0.000021902926
05261943,05/26/1943,"May 26, 1943",1499415,1,0.014882307474,False,0.000021902926
06211943,06/21/1943,"June 21, 1943",7001449,2,0.067619700361,False,0.000021902926
06221943,06/22/1943,"June 22, 1943",1347009,1,0.013379784312,False,0.000021902926
07021943,07/02/1943,"July 02, 1943",2943259,1,0.029003679699,False,0.000021902926
07031943,07/03/1943,"July 03, 1943",3616456,1,0.035518444658,False,0.000021902926
07071943,07/07/1943,"July 07, 1943",4183889,1,0.040975733465,False,0.000021902926
07081943,07/08/1943,"July 08, 1943",724782,1,0.007221627893,False,0.000021902926
07151943,07/15/1943,"July 15, 1943",4729480,1,0.046193835910,False,0.000021902926
07271943,07/27/1943,"July 27, 1943",3701332,2,0.036336710726,False,0.000021902926
08131943,08/13/1943,"August 13, 1943",2257252,1,0.022319676753,False,0.000021902926
08151943,08/15/1943,"August 15, 1943",9310374,1,0.088901031976,False,0.000021902926
09041943,09/04/1943,"September 04, 1943",7169179,1,0.069182271037,False,0.000021902926
09111943,09/11/1943,"September 11, 1943",8485790,1,0.081357195697,False,0.000021902926
10071943,10/07/1943,"October 07, 1943",4070572,1,0.039888379964,False,0.000021902926
10081943,10/08/1943,"October 08, 1943",9809374,1,0.093436091488,False,0.000021902926
10101943,10/10/1943,"October 10, 1943",6100704,1,0.059183393580,False,0.000021902926
10151943,10/15/1943,"October 15, 1943",6915028,1,0.066813579695,False,0.000021902926
10231943,10/23/1943,"October 23, 1943",6500557,1,0.062937766055,False,0.000021902926
10261943,10/26/1943,"October 26, 1943",389000,1,0.003882453751,False,0.000021902926
11091943,11/09/1943,"November 09, 1943",92438,1,0.000923962892,False,0.000021902926
11221943,11/22/1943,"November 22, 1943",9136224,1,0.087312970704,False,0.000021902926
11251943,11/25/1943,"November 25, 1943",9012560,1,0.086183607241,False,0.000021902926
12041943,12/04/1943,"December 04, 1943",5697297,1,0.055380407896,False,0.000021902926
12141943,12/14/1943,"December 14, 1943",4037473,1,0.039570540017,False,0.000021902926
12221943,12/22/1943,"December 22, 1943",7037166,1,0.067952659171,False,0.000021902926
01021944,01/02/1944,"January 02, 1944",5521577,1,0.053719063102,False,0.000021902926
01091944,01/09/1944,"January 09, 1944",6473811,1,0.062687105868,False,0.000021902926
03171944,03/17/1944,"March 17, 1944",8823320,1,0.084452663780,False,0.000021902926
04031944,04/03/1944,"April 03, 1944",3438162,1,0.033797298001,False,0.000021902926
04091944,04/09/1944,"April 09, 1944",2884959,1,0.028437423791,False,0.000021902926
04291944,04/29/1944,"April 29, 1944",2427112,1,0.023978954943,False,0.000021902926
05171944,05/17/1944,"May 17, 1944",7987401,1,0.076767352830,False,0.000021902926
05271944,05/27/1944,"May 27, 1944",5022705,1,0.048986537612,False,0.000021902926
05311944,05/31/1944,"May 31, 1944",5339681,1,0.051996249523,False,0.000021902926
06131944,06/13/1944,"June 13, 1944",1263712,1,0.012557616890,False,0.000021902926
06141944,06/14/1944,"June 14, 1944",5898701,1,0.057280994987,False,0.000021902926
06161944,06/16/1944,"June 16, 1944",157862,1,0.001577384635,False,0.000021902926
06291944,06/29/1944,"June 29, 1944",5611255,1,0.054567288537,False,0.000021902926
06301944,06/30/1944,"June 30, 1944",7121515,1,0.068738500319,False,0.000021902926
07111944,07/11/1944,"July 11, 1944",6390788,1,0.061908597451,False,0.000021902926
07191944,07/19/1944,"July 19, 1944",7652648,1,0.073671625186,False,0.000021902926
07271944,07/27/1944,"July 27, 1944",2872953,2,0.028320770984,False,0.000021902926
08121944,08/12/1944,"August 12, 1944",5638496,1,0.054824798789,False,0.000021902926
08201944,08/20/1944,"August 20, 1944",2551767,1,0.025194855991,False,0.000021902926
09031944,09/03/1944,"September 03, 1944",8934530,1,0.085470278033,False,0.000021902926
09141944,09/14/1944,"September 14, 1944",5818175,1,0.056521555341,False,0.000021902926
09161944,09/16/1944,"September 16, 1944",7215186,1,0.069610413858,False,0.000021902926
09171944,09/17/1944,"September 17, 1944",4250301,1,0.041612429222,False,0.000021902926
09221944,09/22/1944,"September 22, 1944",206568,1,0.002063557951,False,0.000021902926
09291944,09/29/1944,"September 29, 1944",774060,1,0.007710728705,False,0.000021902926
10051944,10/05/1944,"October 05, 1944",7493474,1,0.072195977131,False,0.000021902926
10101944,10/10/1944,"October 10, 1944",323626,1,0.003231038955,False,0.000021902926
10171944,10/17/1944,"October 17, 1944",9285718,1,0.088676363716,False,0.000021902926
10281944,10/28/1944,"October 28, 1944",7389630,1,0.071232007886,False,0.000021902926
11041944,11/04/1944,"November 04, 1944",5978545,1,0.058033399142,False,0.000021902926
11131944,11/13/1944,"November 13, 1944",9976833,1,0.094952943951,False,0.000021902926
11181944,11/18/1944,"November 18, 1944",3095264,1,0.030478521470,False,0.000021902926
11291944,11/29/1944,"November 29, 1944",6193788,1,0.060058735854,False,0.000021902926
12281944,12/28/1944,"December 28, 1944",892094,1,0.008881276477,False,0.000021902926
12291944,12/29/1944,"December 29, 1944",8896492,1,0.085122343045,False,0.000021902926
01051945,01/05/1945,"January 05, 1945",6064167,1,0.058839584608,False,0.000021902926
01061945,01/06/1945,"January 06, 1945",8485511,1,0.081354632680,False,0.000021902926
01121945,01/12/1945,"January 12, 1945",3229396,1,0.031778088270,False,0.000021902926
01151945,01/15/1945,"January 15, 1945",9853573,1,0.093836695136,False,0.000021902926
01161945,01/16/1945,"January 16, 1945",7542002,1,0.072646112642,False,0.000021902926
02171945,02/17/1945,"February 17, 1945",6631219,1,0.064161350769,False,0.000021902926
04021945,04/02/1945,"April 02, 1945",931426,2,0.009271026644,False,0.000021902926
04031945,04/03/1945,"April 03, 1945",925479,2,0.009212106240,False,0.000021902926
04121945,04/12/1945,"April 12, 1945",6287973,1,0.060943602771,False,0.000021902926
04171945,04/17/1945,"April 17, 1945",8052380,1,0.077367065313,False,0.000021902926
04241945,04/24/1945,"April 24, 1945",8339872,1,0.080015752010,False,0.000021902926
05041945,05/04/1945,"May 04, 1945",3102001,1,0.030543835932,False,0.000021902926
05131945,05/13/1945,"May 13, 1945",4862923,1,0.047465774637,False,0.000021902926
05151945,05/15/1945,"May 15, 1945",1789976,1,0.017740520884,False,0.000021902926
05191945,05/19/1945,"May 19, 1945",2983615,2,0.029395455920,False,0.000021902926
05261945,05/26/1945,"May 26, 1945",9177155,1,0.087686466193,False,0.000021902926
06031945,06/03/1945,"June 03, 1945",5473909,1,0.053267882375,False,0.000021902926
06131945,06/13/1945,"June 13, 1945",5073193,2,0.049466564106,False,0.000021902926
06201945,06/20/1945,"June 20, 1945",1795483,1,0.017794612425,False,0.000021902926
07091945,07/09/1945,"July 09, 1945",5570904,1,0.054185720002,False,0.000021902926
08031945,08/03/1945,"August 03, 1945",2192406,1,0.021685484563,False,0.000021902926
08201945,08/20/1945,"August 20, 1945",4585208,1,0.044816767544,False,0.000021902926
08241945,08/24/1945,"August 24, 1945",2934267,1,0.028916363783,False,0.000021902926
08251945,08/25/1945,"August 25, 1945",4905774,1,0.047873857642,False,0.000021902926
09021945,09/02/1945,"September 02, 1945",3376299,2,0.033199391095,False,0.000021902926
09041945,09/04/1945,"September 04, 1945",3860323,1,0.037867631306,False,0.000021902926
09101945,09/10/1945,"September 10, 1945",2084950,1,0.020633661884,False,0.000021902926
09301945,09/30/1945,"September 30, 1945",1296647,1,0.012882777493,False,0.000021902926
10051945,10/05/1945,"October 05, 1945",4524848,1,0.044240044902,False,0.000021902926
11011945,11/01/1945,"November 01, 1945",3315334,2,0.032609801395,False,0.000021902926
11041945,11/04/1945,"November 04, 1945",1548432,2,0.015365064293,False,0.000021902926
11051945,11/05/1945,"November 05, 1945",2119088,1,0.020967940907,False,0.000021902926
11151945,11/15/1945,"November 15, 1945",1103878,1,0.010978086238,False,0.000021902926
11171945,11/17/1945,"November 17, 1945",5000863,1,0.048778794563,False,0.000021902926
11221945,11/22/1945,"November 22, 1945",5415703,1,0.052716667069,False,0.000021902926
11301945,11/30/1945,"November 30, 1945",7321215,1,0.070596373848,False,0.000021902926
12101945,12/10/1945,"December 10, 1945",1652551,2,0.016389722827,False,0.000021902926
12281945,12/28/1945,"December 28, 1945",3310490,1,0.032562939878,False,0.000021902926
12301945,12/30/1945,"December 30, 1945",2551058,1,0.025187944598,False,0.000021902926
01291946,01/29/1946,"January 29, 1946",5548217,1,0.053971118771,False,0.000021902926
03231946,03/23/1946,"March 23, 1946",8903101,1,0.085182805312,False,0.000021902926
04081946,04/08/1946,"April 08, 1946",9589632,1,0.091441799458,False,0.000021902926
04131946,04/13/1946,"April 13, 1946",2471596,1,0.024413031595,False,0.000021902926
05031946,05/03/1946,"May 03, 1946",8084663,1,0.077664870833,False,0.000021902926
05061946,05/06/1946,"May 06, 1946",8692616,1,0.083255224397,False,0.000021902926
05101946,05/10/1946,"May 10, 1946",7211977,1,0.069580557177,False,0.000021902926
05171946,05/17/1946,"May 17, 1946",6517033,1,0.063092143712,False,0.000021902926
05191946,05/19/1946,"May 19, 1946",3634443,1,0.035691910356,False,0.000021902926
05221946,05/22/1946,"May 22, 1946",9580161,1,0.091355745835,False,0.000021902926
06101946,06/10/1946,"June 10, 1946",984550,2,0.009797201734,False,0.000021902926
06181946,06/18/1946,"June 18, 1946",8928444,1,0.085414618060,False,0.000021902926
06301946,06/30/1946,"June 30, 1946",4928700,1,0.048092117064,False,0.000021902926
07111946,07/11/1946,"July 11, 1946",1991161,1,0.019714693102,False,0.000021902926
07151946,07/15/1946,"July 15, 1946",3921994,2,0.038460805038,False,0.000021902926
07231946,07/23/1946,"July 23, 1946",9083321,1,0.086830004140,False,0.000021902926
07311946,07/31/1946,"July 31, 1946",5225963,1,0.050917585406,False,0.000021902926
08101946,08/10/1946,"August 10, 1946",4930134,1,0.048105767325,False,0.000021902926
08181946,08/18/1946,"August 18, 1946",419949,1,0.004190694472,False,0.000021902926
08281946,08/28/1946,"August 28, 1946",623035,1,0.006210991614,False,0.000021902926
09121946,09/12/1946,"September 12, 1946",8788832,1,0.084136855356,False,0.000021902926
09151946,09/15/1946,"September 15, 1946",5159532,1,0.050286890995,False,0.000021902926
09201946,09/20/1946,"September 20, 1946",5570214,1,0.054179193860,False,0.000021902926
09301946,09/30/1946,"September 30, 1946",5061089,1,0.049351504574,False,0.000021902926
10041946,10/04/1946,"October 04, 1946",3637526,1,0.035721639516,False,0.000021902926
10111946,10/11/1946,"October 11, 1946",1284797,1,0.012765797170,False,0.000021902926
11051946,11/05/1946,"November 05, 1946",844577,1,0.008410214680,False,0.000021902926
11201946,11/20/1946,"November 20, 1946",5293923,1,0.051562362701,False,0.000021902926
11261946,11/26/1946,"November 26, 1946",7550439,1,0.072724350190,False,0.000021902926
12061946,12/06/1946,"December 06, 1946",6984239,1,0.067459223901,False,0.000021902926
12121946,12/12/1946,"December 12, 1946",3801724,1,0.037303666131,False,0.000021902926
12181946,12/18/1946,"December 18, 1946",8446963,1,0.081000444998,False,0.000021902926
01051947,01/05/1947,"January 05, 1947",6945386,1,0.067096833434,False,0.000021902926
03061947,03/06/1947,"March 06, 1947",2031354,1,0.020108620008,False,0.000021902926
03211947,03/21/1947,"March 21, 1947",1841305,1,0.018244575483,False,0.000021902926
04211947,04/21/1947,"April 21, 1947",3761432,1,0.036915698365,False,0.000021902926
05111947,05/11/1947,"May 11, 1947",5303850,1,0.051656509433,False,0.000021902926
05261947,05/26/1947,"May 26, 1947",6098656,1,0.059164125458,False,0.000021902926
05271947,05/27/1947,"May 27, 1947",7740382,1,0.074483973725,False,0.000021902926
06141947,06/14/1947,"June 14, 1947",5690491,1,0.055316114898,False,0.000021902926
06181947,06/18/1947,"June 18, 1947",9313535,1,0.088929831359,False,0.000021902926
07151947,07/15/1947,"July 15, 1947",3796135,1,0.037249859528,False,0.000021902926
07241947,07/24/1947,"July 24, 1947",4907013,1,0.047885654412,False,0.000021902926
07281947,07/28/1947,"July 28, 1947",4031170,1,0.039510002240,False,0.000021902926
08051947,08/05/1947,"August 05, 1947",850356,1,0.008467516999,False,0.000021902926
09071947,09/07/1947,"September 07, 1947",156294,1,0.001561729245,False,0.000021902926
09101947,09/10/1947,"September 10, 1947",135444,1,0.001353533160,False,0.000021902926
09231947,09/23/1947,"September 23, 1947",3918608,1,0.038428246769,False,0.000021902926
10261947,10/26/1947,"October 26, 1947",2296135,1,0.022699754300,False,0.000021902926
11071947,11/07/1947,"November 07, 1947",2307072,1,0.022806635784,False,0.000021902926
11181947,11/18/1947,"November 18, 1947",5961484,1,0.057872676509,False,0.000021902926
11301947,11/30/1947,"November 30, 1947",2769943,1,0.027319328496,False,0.000021902926
12081947,12/08/1947,"December 08, 1947",5415628,2,0.052715956606,False,0.000021902926
12131947,12/13/1947,"December 13, 1947",1254566,1,0.012467301279,False,0.000021902926
12171947,12/17/1947,"December 17, 1947",8319971,1,0.079832647724,False,0.000021902926
12261947,12/26/1947,"December 26, 1947",8220735,1,0.078919057211,False,0.000021902926
01061948,01/06/1948,"January 06, 1948",6022581,1,0.058448112241,False,0.000021902926
01071948,01/07/1948,"January 07, 1948",663796,1,0.006615987410,False,0.000021902926
01091948,01/09/1948,"January 09, 1948",5385230,1,0.052427957429,False,0.000021902926
02031948,02/03/1948,"February 03, 1948",4439284,1,0.043421908481,False,0.000021902926
02051948,02/05/1948,"February 05, 1948",767640,1,0.007647021688,False,0.000021902926
03051948,03/05/1948,"March 05, 1948",8498504,1,0.081473984520,False,0.000021902926
03181948,03/18/1948,"March 18, 1948",8063604,1,0.077470615823,False,0.000021902926
04201948,04/20/1948,"April 20, 1948",7783568,1,0.074883580787,False,0.000021902926
04211948,04/21/1948,"April 21, 1948",2208048,1,0.021838500553,False,0.000021902926
04301948,04/30/1948,"April 30, 1948",3196342,1,0.031457999298,False,0.000021902926
05091948,05/09/1948,"May 09, 1948",2047387,1,0.020265713401,False,0.000021902926
05171948,05/17/1948,"May 17, 1948",383024,1,0.003822923987,False,0.000021902926
05221948,05/22/1948,"May 22, 1948",6514837,2,0.063071568990,False,0.000021902926
06051948,06/05/1948,"June 05, 1948",2940078,1,0.028972791814,False,0.000021902926
06121948,06/12/1948,"June 12, 1948",2948649,1,0.029056014990,False,0.000021902926
06141948,06/14/1948,"June 14, 1948",2532875,1,0.025010678404,False,0.000021902926
06231948,06/23/1948,"June 23, 1948",1246757,1,0.012390181838,False,0.000021902926
07031948,07/03/1948,"July 03, 1948",1843409,1,0.018265231400,False,0.000021902926
07081948,07/08/1948,"July 08, 1948",9045908,1,0.086488295928,False,0.000021902926
07131948,07/13/1948,"July 13, 1948",1373242,1,0.013638570451,False,0.000021902926
07151948,07/15/1948,"July 15, 1948",1190731,1,0.011836708526,False,0.000021902926
07201948,07/20/1948,"July 20, 1948",6038368,1,0.058596743306,False,0.000021902926
07231948,07/23/1948,"July 23, 1948",4611154,1,0.045064567240,False,0.000021902926
07291948,07/29/1948,"July 29, 1948",459620,1,0.004585663637,False,0.000021902926
07311948,07/31/1948,"July 31, 1948",7309379,1,0.070486363124,False,0.000021902926
08061948,08/06/1948,"August 06, 1948",2364907,1,0.023371632173,False,0.000021902926
08111948,08/11/1948,"August 11, 1948",6708130,1,0.064880836923,False,0.000021902926
08141948,08/14/1948,"August 14, 1948",9487958,1,0.090517562209,False,0.000021902926
08181948,08/18/1948,"August 18, 1948",5913829,1,0.057423598733,False,0.000021902926
08201948,08/20/1948,"August 20, 1948",2281102,1,0.022552825709,False,0.000021902926
09051948,09/05/1948,"September 05, 1948",3358916,1,0.033031317536,False,0.000021902926
09081948,09/08/1948,"September 08, 1948",7661738,1,0.073755824609,False,0.000021902926
09171948,09/17/1948,"September 17, 1948",6511175,1,0.063037258042,False,0.000021902926
09281948,09/28/1948,"September 28, 1948",2020474,1,0.020002002025,False,0.000021902926
10291948,10/29/1948,"October 29, 1948",9144113,1,0.087384969745,False,0.000021902926
11111948,11/11/1948,"November 11, 1948",4722887,2,0.046130949396,False,0.000021902926
12101948,12/10/1948,"December 10, 1948",6187678,1,0.060001303687,False,0.000021902926
01021949,01/02/1949,"January 02, 1949",3853908,1,0.037805908534,False,0.000021902926
01061949,01/06/1949,"January 06, 1949",4147712,1,0.040628724487,False,0.000021902926
01161949,01/16/1949,"January 16, 1949",594525,1,0.005927621973,False,0.000021902926
02051949,02/05/1949,"February 05, 1949",9873255,1,0.094015028649,False,0.000021902926
02171949,02/17/1949,"February 17, 1949",1495005,1,0.014838862826,False,0.000021902926
02191949,02/19/1949,"February 19, 1949",5767077,1,0.056039333528,False,0.000021902926
02211949,02/21/1949,"February 21, 1949",4018939,2,0.039392517523,False,0.000021902926
02231949,02/23/1949,"February 23, 1949",3293501,1,0.032398568032,False,0.000021902926
03011949,03/01/1949,"March 01, 1949",8496893,1,0.081459186946,False,0.000021902926
03171949,03/17/1949,"March 17, 1949",496259,1,0.004950306694,False,0.000021902926
03181949,03/18/1949,"March 18, 1949",4668596,1,0.045612943742,False,0.000021902926
03211949,03/21/1949,"March 21, 1949",6674124,1,0.064562786222,False,0.000021902926
04061949,04/06/1949,"April 06, 1949",6918189,1,0.066843077252,False,0.000021902926
05311949,05/31/1949,"May 31, 1949",2735131,1,0.026980659952,False,0.000021902926
06151949,06/15/1949,"June 15, 1949",901389,1,0.008973396682,False,0.000021902926
06181949,06/18/1949,"June 18, 1949",3352414,1,0.032968443188,False,0.000021902926
07111949,07/11/1949,"July 11, 1949",1869547,1,0.018521803704,False,0.000021902926
07191949,07/19/1949,"July 19, 1949",7824313,1,0.075260442694,False,0.000021902926
08101949,08/10/1949,"August 10, 1949",535070,1,0.005336420502,False,0.000021902926
08191949,08/19/1949,"August 19, 1949",8851546,1,0.084711049706,False,0.000021902926
08211949,08/21/1949,"August 21, 1949",5107092,1,0.049788730830,False,0.000021902926
09041949,09/04/1949,"September 04, 1949",6547318,1,0.063375843298,False,0.000021902926
09081949,09/08/1949,"September 08, 1949",4143782,1,0.040591020455,False,0.000021902926
09201949,09/20/1949,"September 20, 1949",7533949,1,0.072571429826,False,0.000021902926
10051949,10/05/1949,"October 05, 1949",6479583,1,0.062741206008,False,0.000021902926
10301949,10/30/1949,"October 30, 1949",508281,1,0.005069924379,False,0.000021902926
11131949,11/13/1949,"November 13, 1949",5476188,1,0.053289458154,False,0.000021902926
11241949,11/24/1949,"November 24, 1949",7427403,1,0.071582765174,False,0.000021902926
11261949,11/26/1949,"November 26, 1949",1043668,1,0.010382416830,False,0.000021902926
12171949,12/17/1949,"December 17, 1949",9591550,1,0.091459225438,False,0.000021902926
01011950,01/01/1950,"January 01, 1950",3458934,1,0.033997976785,False,0.000021902926
01131950,01/13/1950,"January 13, 1950",2377174,1,0.023491427828,False,0.000021902926
01151950,01/15/1950,"January 15, 1950",895631,1,0.008916331727,False,0.000021902926
01201950,01/20/1950,"January 20, 1950",6258280,1,0.060664727351,False,0.000021902926
01311950,01/31/1950,"January 31, 1950",6537700,1,0.063285754453,False,0.000021902926
02161950,02/16/1950,"February 16, 1950",2866114,1,0.028254315569,False,0.000021902926
02241950,02/24/1950,"February 24, 1950",9030184,1,0.086344644053,False,0.000021902926
03051950,03/05/1950,"March 05, 1950",4070308,1,0.039885845266,False,0.000021902926
03201950,03/20/1950,"March 20, 1950",7101081,1,0.068548186899,False,0.000021902926
03311950,03/31/1950,"March 31, 1950",4192658,2,0.041059826616,False,0.000021902926
04031950,04/03/1950,"April 03, 1950",2407954,2,0.023791950917,False,0.000021902926
04291950,04/29/1950,"April 29, 1950",4269015,1,0.041791765093,False,0.000021902926
05131950,05/13/1950,"May 13, 1950",8006426,1,0.076942981135,False,0.000021902926
06051950,06/05/1950,"June 05, 1950",7098985,1,0.068528663464,False,0.000021902926
06131950,06/13/1950,"June 13, 1950",4628929,1,0.045234291930,False,0.000021902926
07191950,07/19/1950,"July 19, 1950",8586744,1,0.082284134393,False,0.000021902926
08031950,08/03/1950,"August 03, 1950",2230453,1,0.022057633090,False,0.000021902926
08041950,08/04/1950,"August 04, 1950",1682126,1,0.016680582556,False,0.000021902926
08061950,08/06/1950,"August 06, 1950",4351278,1,0.042579691811,False,0.000021902926
08071950,08/07/1950,"August 07, 1950",4853268,2,0.047373803017,False,0.000021902926
09011950,09/01/1950,"September 01, 1950",8717823,1,0.083486279133,False,0.000021902926
09021950,09/02/1950,"September 02, 1950",5976608,1,0.058015153072,False,0.000021902926
09151950,09/15/1950,"September 15, 1950",2442079,1,0.024125025083,False,0.000021902926
09191950,09/19/1950,"September 19, 1950",7129937,1,0.068816927861,False,0.000021902926
09241950,09/24/1950,"September 24, 1950",8118564,1,0.077977498673,False,0.000021902926
09251950,09/25/1950,"September 25, 1950",3399833,1,0.033426891182,False,0.000021902926
09271950,09/27/1950,"September 27, 1950",847638,1,0.008440566779,False,0.000021902926
10111950,10/11/1950,"October 11, 1950",9728444,1,0.092702112345,False,0.000021902926
10141950,10/14/1950,"October 14, 1950",2551512,1,0.025192370235,False,0.000021902926
10211950,10/21/1950,"October 21, 1950",3655884,1,0.035898645491,False,0.000021902926
11011950,11/01/1950,"November 01, 1950",5599966,1,0.054460552612,False,0.000021902926
11071950,11/07/1950,"November 07, 1950",9796792,1,0.093322020440,False,0.000021902926
11301950,11/30/1950,"November 30, 1950",9603197,2,0.091565037021,False,0.000021902926
12021950,12/02/1950,"December 02, 1950",902537,1,0.008984773602,False,0.000021902926
12041950,12/04/1950,"December 04, 1950",4022442,1,0.039426167014,False,0.000021902926
12101950,12/10/1950,"December 10, 1950",6861551,1,0.066314406129,False,0.000021902926
12151950,12/15/1950,"December 15, 1950",5637853,1,0.054818721293,False,0.000021902926
12241950,12/24/1950,"December 24, 1950",5995139,1,0.058189696113,False,0.000021902926
12261950,12/26/1950,"December 26, 1950",7910639,1,0.076058388905,False,0.000021902926
01111951,01/11/1951,"January 11, 1951",6775959,1,0.065514903841,False,0.000021902926
01311951,01/31/1951,"January 31, 1951",8171697,1,0.078467266768,False,0.000021902926
02031951,02/03/1951,"February 03, 1951",7139745,1,0.068908253819,False,0.000021902926
02041951,02/04/1951,"February 04, 1951",9448126,1,0.090155225003,False,0.000021902926
02261951,02/26/1951,"February 26, 1951",9770972,1,0.093087885958,False,0.000021902926
03091951,03/09/1951,"March 09, 1951",2903883,2,0.028621264899,False,0.000021902926
03231951,03/23/1951,"March 23, 1951",3435507,2,0.033771644979,False,0.000021902926
03261951,03/26/1951,"March 26, 1951",4431829,1,0.043350592925,False,0.000021902926
05061951,05/06/1951,"May 06, 1951",3790097,1,0.037191726919,False,0.000021902926
05111951,05/11/1951,"May 11, 1951",3140145,1,0.030913554778,False,0.000021902926
05131951,05/13/1951,"May 13, 1951",6608454,1,0.063948282847,False,0.000021902926
05151951,05/15/1951,"May 15, 1951",8901396,1,0.085167207545,False,0.000021902926
05171951,05/17/1951,"May 17, 1951",257020,1,0.002566909864,False,0.000021902926
05271951,05/27/1951,"May 27, 1951",1102584,1,0.010965288212,False,0.000021902926
06121951,06/12/1951,"June 12, 1951",2660263,1,0.026251907058,False,0.000021902926
06181951,06/18/1951,"June 18, 1951",4969856,1,0.048483803669,False,0.000021902926
07061951,07/06/1951,"July 06, 1951",9140827,1,0.087354980722,False,0.000021902926
07121951,07/12/1951,"July 12, 1951",3530198,1,0.034686143238,False,0.000021902926
07141951,07/14/1951,"July 14, 1951",1934979,1,0.019163794467,False,0.000021902926
09021951,09/02/1951,"September 02, 1951",3790827,1,0.037198755394,False,0.000021902926
09071951,09/07/1951,"September 07, 1951",88875,1,0.000888365179,False,0.000021902926
09131951,09/13/1951,"September 13, 1951",1365412,1,0.013561335326,False,0.000021902926
10221951,10/22/1951,"October 22, 1951",6934534,1,0.066995589288,False,0.000021902926
10251951,10/25/1951,"October 25, 1951",2928831,1,0.028863574241,False,0.000021902926
10311951,10/31/1951,"October 31, 1951",9026799,1,0.086313716295,False,0.000021902926
11041951,11/04/1951,"November 04, 1951",1306324,1,0.012978296206,False,0.000021902926
11061951,11/06/1951,"November 06, 1951",4939615,1,0.048196012140,False,0.000021902926
11121951,11/12/1951,"November 12, 1951",3478031,1,0.034182436580,False,0.000021902926
11161951,11/16/1951,"November 16, 1951",2238015,1,0.022131582296,False,0.000021902926
11251951,11/25/1951,"November 25, 1951",1061365,1,0.010557533959,False,0.000021902926
12031951,12/03/1951,"December 03, 1951",9458275,1,0.090247560464,False,0.000021902926
12041951,12/04/1951,"December 04, 1951",52431,1,0.000524182574,False,0.000021902926
12271951,12/27/1951,"December 27, 1951",573220,1,0.005715812288,False,0.000021902926
12311951,12/31/1951,"December 31, 1951",5121126,1,0.049922074124,False,0.000021902926
01101952,01/10/1952,"January 10, 1952",8681217,1,0.083150718703,False,0.000021902926
01111952,01/11/1952,"January 11, 1952",4736732,1,0.046263003426,False,0.000021902926
01141952,01/14/1952,"January 14, 1952",8790,2,0.000087906137,False,0.000021902926
01181952,01/18/1952,"January 18, 1952",3071759,1,0.030250608659,False,0.000021902926
01241952,01/24/1952,"January 24, 1952",4741399,1,0.046307513293,False,0.000021902926
02021952,02/02/1952,"February 02, 1952",3280764,1,0.032275316787,False,0.000021902926
02091952,02/09/1952,"February 09, 1952",7200475,1,0.069473534177,False,0.000021902926
02121952,02/12/1952,"February 12, 1952",2415239,1,0.023863065084,False,0.000021902926
02201952,02/20/1952,"February 20, 1952",9102749,1,0.087007397576,False,0.000021902926
02271952,02/27/1952,"February 27, 1952",1270050,1,0.012620199006,False,0.000021902926
03061952,03/06/1952,"March 06, 1952",516276,1,0.005149465860,False,0.000021902926
04061952,04/06/1952,"April 06, 1952",2337172,1,0.023100726726,False,0.000021902926
04101952,04/10/1952,"April 10, 1952",1474906,1,0.014640835387,False,0.000021902926
04171952,04/17/1952,"April 17, 1952",3912874,1,0.038373108664,False,0.000021902926
05221952,05/22/1952,"May 22, 1952",5744422,1,0.055825455011,False,0.000021902926
05231952,05/23/1952,"May 23, 1952",6413905,1,0.062125430979,False,0.000021902926
06111952,06/11/1952,"June 11, 1952",6708082,1,0.064880388065,False,0.000021902926
06251952,06/25/1952,"June 25, 1952",9054996,1,0.086571312100,False,0.000021902926
07211952,07/21/1952,"July 21, 1952",7770483,1,0.074762521382,False,0.000021902926
08051952,08/05/1952,"August 05, 1952",4938109,1,0.048181677864,False,0.000021902926
08171952,08/17/1952,"August 17, 1952",6248668,1,0.060574434104,False,0.000021902926
08211952,08/21/1952,"August 21, 1952",7313946,1,0.070528813043,False,0.000021902926
08241952,08/24/1952,"August 24, 1952",2559411,1,0.025269367249,False,0.000021902926
08281952,08/28/1952,"August 28, 1952",4240873,1,0.041522068182,False,0.000021902926
09191952,09/19/1952,"September 19, 1952",7657399,1,0.073715634002,False,0.000021902926
09261952,09/26/1952,"September 26, 1952",2121123,2,0.020987864007,False,0.000021902926
10011952,10/01/1952,"October 01, 1952",3205671,1,0.031548350367,False,0.000021902926
10041952,10/04/1952,"October 04, 1952",1292890,1,0.012845690802,False,0.000021902926
10051952,10/05/1952,"October 05, 1952",3249446,1,0.031972197305,False,0.000021902926
10071952,10/07/1952,"October 07, 1952",4269025,1,0.041791860914,False,0.000021902926
10131952,10/13/1952,"October 13, 1952",9328845,1,0.089069305527,False,0.000021902926
10251952,10/25/1952,"October 25, 1952",1040400,1,0.010350075598,False,0.000021902926
11251952,11/25/1952,"November 25, 1952",9294860,1,0.088759673116,False,0.000021902926
12041952,12/04/1952,"December 04, 1952",5501420,1,0.053528302027,False,0.000021902926
02101953,02/10/1953,"February 10, 1953",5204774,1,0.050716463024,False,0.000021902926
02221953,02/22/1953,"February 22, 1953",7117663,1,0.068702627435,False,0.000021902926
03261953,03/26/1953,"March 26, 1953",991909,1,0.009870068078,False,0.000021902926
04041953,04/04/1953,"April 04, 1953",4372723,1,0.042784988584,False,0.000021902926
04131953,04/13/1953,"April 13, 1953",8137941,1,0.078156141667,False,0.000021902926
04151953,04/15/1953,"April 15, 1953",193938,1,0.001937510618,False,0.000021902926
04191953,04/19/1953,"April 19, 1953",8661071,1,0.082965991638,False,0.000021902926
04251953,04/25/1953,"April 25, 1953",4412013,1,0.043161004493,False,0.000021902926
04261953,04/26/1953,"April 26, 1953",2713228,1,0.026767516182,False,0.000021902926
05041953,05/04/1953,"May 04, 1953",6370978,1,0.061722743134,False,0.000021902926
05071953,05/07/1953,"May 07, 1953",6831283,1,0.066031755396,False,0.000021902926
05081953,05/08/1953,"May 08, 1953",8057114,1,0.077410741722,False,0.000021902926
05131953,05/13/1953,"May 13, 1953",3045840,1,0.029999226736,False,0.000021902926
05151953,05/15/1953,"May 15, 1953",4476778,1,0.043780500644,False,0.000021902926
05231953,05/23/1953,"May 23, 1953",8416933,1,0.080724427987,False,0.000021902926
05291953,05/29/1953,"May 29, 1953",410944,1,0.004101017806,False,0.000021902926
06011953,06/01/1953,"June 01, 1953",3920687,1,0.038448237639,False,0.000021902926
06061953,06/06/1953,"June 06, 1953",7774137,1,0.074796328942,False,0.000021902926
06091953,06/09/1953,"June 09, 1953",8895723,1,0.085115307608,False,0.000021902926
06231953,06/23/1953,"June 23, 1953",6743359,1,0.065210212035,False,0.000021902926
07121953,07/12/1953,"July 12, 1953",8095968,1,0.077769134927,False,0.000021902926
07151953,07/15/1953,"July 15, 1953",7227438,1,0.069724398209,False,0.000021902926
07171953,07/17/1953,"July 17, 1953",6991653,1,0.067528359912,False,0.000021902926
07241953,07/24/1953,"July 24, 1953",1247024,1,0.012392818753,False,0.000021902926
07251953,07/25/1953,"July 25, 1953",5556415,1,0.054048671041,False,0.000021902926
08051953,08/05/1953,"August 05, 1953",6509742,1,0.063023831270,False,0.000021902926
08131953,08/13/1953,"August 13, 1953",6495302,1,0.062888522140,False,0.000021902926
08191953,08/19/1953,"August 19, 1953",104882,1,0.001048280181,False,0.000021902926
08221953,08/22/1953,"August 22, 1953",4519061,1,0.044184733472,False,0.000021902926
08241953,08/24/1953,"August 24, 1953",8225084,1,0.078959114151,False,0.000021902926
09041953,09/04/1953,"September 04, 1953",2103637,1,0.020816658975,False,0.000021902926
09181953,09/18/1953,"September 18, 1953",7075467,1,0.068309574271,False,0.000021902926
10101953,10/10/1953,"October 10, 1953",5561716,1,0.054098814592,False,0.000021902926
10271953,10/27/1953,"October 27, 1953",6991741,1,0.067529180487,False,0.000021902926
11181953,11/18/1953,"November 18, 1953",6154905,1,0.059693187425,False,0.000021902926
11191953,11/19/1953,"November 19, 1953",6296431,1,0.061023024803,False,0.000021902926
11221953,11/22/1953,"November 22, 1953",2852711,1,0.028124063765,False,0.000021902926
12021953,12/02/1953,"December 02, 1953",6692980,1,0.064739155636,False,0.000021902926
12141953,12/14/1953,"December 14, 1953",5656644,1,0.054996313622,False,0.000021902926
01081954,01/08/1954,"January 08, 1954",5667144,1,0.055095533801,False,0.000021902926
01111954,01/11/1954,"January 11, 1954",3331896,1,0.032770007294,False,0.000021902926
01261954,01/26/1954,"January 26, 1954",2732520,1,0.026955254085,False,0.000021902926
01291954,01/29/1954,"January 29, 1954",5626014,1,0.054706814656,False,0.000021902926
01301954,01/30/1954,"January 30, 1954",487630,1,0.004864440151,False,0.000021902926
02131954,02/13/1954,"February 13, 1954",6246839,1,0.060557251853,False,0.000021902926
02151954,02/15/1954,"February 15, 1954",532108,1,0.005306958131,False,0.000021902926
02181954,02/18/1954,"February 18, 1954",1001700,1,0.009967006955,False,0.000021902926
02191954,02/19/1954,"February 19, 1954",2787394,1,0.027489056192,False,0.000021902926
02201954,02/20/1954,"February 20, 1954",2322855,1,0.022960854044,False,0.000021902926
03091954,03/09/1954,"March 09, 1954",8543188,1,0.081884327003,False,0.000021902926
03131954,03/13/1954,"March 13, 1954",627710,1,0.006257450165,False,0.000021902926
03151954,03/15/1954,"March 15, 1954",153648,1,0.001535310219,False,0.000021902926
03181954,03/18/1954,"March 18, 1954",139179,1,0.001390831910,False,0.000021902926
04071954,04/07/1954,"April 07, 1954",2039560,1,0.020189026597,False,0.000021902926
04221954,04/22/1954,"April 22, 1954",8982302,1,0.085907062838,False,0.000021902926
04291954,04/29/1954,"April 29, 1954",592293,1,0.005905434029,False,0.000021902926
05071954,05/07/1954,"May 07, 1954",5785511,1,0.056213327202,False,0.000021902926
05111954,05/11/1954,"May 11, 1954",5140342,1,0.050104623560,False,0.000021902926
05131954,05/13/1954,"May 13, 1954",1982442,1,0.019629218299,False,0.000021902926
05221954,05/22/1954,"May 22, 1954",1696137,1,0.016818345790,False,0.000021902926
05241954,05/24/1954,"May 24, 1954",5906781,1,0.057357163606,False,0.000021902926
05251954,05/25/1954,"May 25, 1954",5531885,1,0.053816600715,False,0.000021902926
05291954,05/29/1954,"May 29, 1954",2308350,1,0.022819124235,False,0.000021902926
06101954,06/10/1954,"June 10, 1954",8420888,1,0.080760784618,False,0.000021902926
06111954,06/11/1954,"June 11, 1954",1784128,1,0.017683076670,False,0.000021902926
06241954,06/24/1954,"June 24, 1954",1747824,1,0.017326391589,False,0.000021902926
07241954,07/24/1954,"July 24, 1954",6667020,1,0.064496330401,False,0.000021902926
07311954,07/31/1954,"July 31, 1954",3516444,1,0.034553364837,False,0.000021902926
08021954,08/02/1954,"August 02, 1954",8076599,1,0.077590490729,False,0.000021902926
08101954,08/10/1954,"August 10, 1954",1738507,1,0.017234831622,False,0.000021902926
08151954,08/15/1954,"August 15, 1954",4192182,1,0.041055262050,False,0.000021902926
08171954,08/17/1954,"August 17, 1954",830097,1,0.008266622082,False,0.000021902926
09031954,09/03/1954,"September 03, 1954",1898229,1,0.018803270915,False,0.000021902926
09181954,09/18/1954,"September 18, 1954",8622599,1,0.082613122437,False,0.000021902926
10041954,10/04/1954,"October 04, 1954",599962,1,0.005981668219,False,0.000021902926
11041954,11/04/1954,"November 04, 1954",4323116,1,0.042310025131,False,0.000021902926
11221954,11/22/1954,"November 22, 1954",7623879,1,0.073405091435,False,0.000021902926
12051954,12/05/1954,"December 05, 1954",2260468,1,0.022351118447,False,0.000021902926
12091954,12/09/1954,"December 09, 1954",9921791,1,0.094454650823,False,0.000021902926
12181954,12/18/1954,"December 18, 1954",9180365,1,0.087715750988,False,0.000021902926
12201954,12/20/1954,"December 20, 1954",6003116,2,0.058264821326,False,0.000021902926
01011955,01/01/1955,"January 01, 1955",9244035,1,0.088296417500,False,0.000021902926
01101955,01/10/1955,"January 10, 1955",4535346,1,0.044340375317,False,0.000021902926
01201955,01/20/1955,"January 20, 1955",9215463,1,0.088035888332,False,0.000021902926
01251955,01/25/1955,"January 25, 1955",491308,1,0.004901040564,False,0.000021902926
01311955,01/31/1955,"January 31, 1955",8719328,1,0.083500072561,False,0.000021902926
02031955,02/03/1955,"February 03, 1955",8468683,1,0.081200030028,False,0.000021902926
02101955,02/10/1955,"February 10, 1955",4802358,1,0.046888697542,False,0.000021902926
02151955,02/15/1955,"February 15, 1955",2131070,1,0.021085241502,False,0.000021902926
02231955,02/23/1955,"February 23, 1955",8221605,1,0.078927070580,False,0.000021902926
02251955,02/25/1955,"February 25, 1955",1200029,1,0.011928583678,False,0.000021902926
02261955,02/26/1955,"February 26, 1955",6575939,1,0.063643876142,False,0.000021902926
03031955,03/03/1955,"March 03, 1955",335800,1,0.003352378224,False,0.000021902926
03061955,03/06/1955,"March 06, 1955",1159130,1,0.011524389696,False,0.000021902926
03071955,03/07/1955,"March 07, 1955",5453319,1,0.053072930160,False,0.000021902926
03131955,03/13/1955,"March 13, 1955",5117135,1,0.049884155757,False,0.000021902926
04151955,04/15/1955,"April 15, 1955",665093,1,0.006628871517,False,0.000021902926
04191955,04/19/1955,"April 19, 1955",1566578,1,0.015543719940,False,0.000021902926
05051955,05/05/1955,"May 05, 1955",4978919,1,0.048570035675,False,0.000021902926
05081955,05/08/1955,"May 08, 1955",4190771,1,0.041041731244,False,0.000021902926
05291955,05/29/1955,"May 29, 1955",3478697,1,0.034188868904,False,0.000021902926
05311955,05/31/1955,"May 31, 1955",7325692,1,0.070637982318,False,0.000021902926
06021955,06/02/1955,"June 02, 1955",8427563,1,0.080822141788,False,0.000021902926
06081955,06/08/1955,"June 08, 1955",4616831,1,0.045118777386,False,0.000021902926
06091955,06/09/1955,"June 09, 1955",5211868,1,0.050783802810,False,0.000021902926
06191955,06/19/1955,"June 19, 1955",622771,1,0.006208368008,False,0.000021902926
06211955,06/21/1955,"June 21, 1955",8841951,1,0.084623223517,False,0.000021902926
07241955,07/24/1955,"July 24, 1955",4788347,1,0.046755147761,False,0.000021902926
08241955,08/24/1955,"August 24, 1955",1012929,1,0.010078171519,False,0.000021902926
08291955,08/29/1955,"August 29, 1955",4591381,1,0.044875729186,False,0.000021902926
09071955,09/07/1955,"September 07, 1955",5689723,1,0.055308859698,False,0.000021902926
09221955,09/22/1955,"September 22, 1955",34986,1,0.000349808806,False,0.000021902926
09241955,09/24/1955,"September 24, 1955",7189284,1,0.069369393132,False,0.000021902926
10021955,10/02/1955,"October 02, 1955",7354084,1,0.070901809330,False,0.000021902926
10141955,10/14/1955,"October 14, 1955",1664050,1,0.016502821671,False,0.000021902926
10261955,10/26/1955,"October 26, 1955",8956363,1,0.085669925514,False,0.000021902926
10301955,10/30/1955,"October 30, 1955",2515447,1,0.024840742456,False,0.000021902926
11081955,11/08/1955,"November 08, 1955",1581920,1,0.015694743639,False,0.000021902926
11171955,11/17/1955,"November 17, 1955",8141861,1,0.078192277238,False,0.000021902926
12011955,12/01/1955,"December 01, 1955",3229764,1,0.031781651320,False,0.000021902926
12041955,12/04/1955,"December 04, 1955",5569673,1,0.054174076956,False,0.000021902926
12101955,12/10/1955,"December 10, 1955",3133183,1,0.030846084630,False,0.000021902926
12221955,12/22/1955,"December 22, 1955",4463728,1,0.043655705856,False,0.000021902926
01241956,01/24/1956,"January 24, 1956",8257224,1,0.079255089128,False,0.000021902926
02061956,02/06/1956,"February 06, 1956",2811222,1,0.027720758496,False,0.000021902926
03011956,03/01/1956,"March 01, 1956",7418297,1,0.071498219650,False,0.000021902926
03101956,03/10/1956,"March 10, 1956",7180249,1,0.069285306857,False,0.000021902926
03231956,03/23/1956,"March 23, 1956",6899808,1,0.066671537912,False,0.000021902926
04151956,04/15/1956,"April 15, 1956",1492401,1,0.014813208896,False,0.000021902926
05041956,05/04/1956,"May 04, 1956",9128298,1,0.087240628263,False,0.000021902926
05111956,05/11/1956,"May 11, 1956",7788292,1,0.074927282255,False,0.000021902926
05131956,05/13/1956,"May 13, 1956",3860271,1,0.037867130997,False,0.000021902926
05141956,05/14/1956,"May 14, 1956",4225847,1,0.041378036465,False,0.000021902926
05191956,05/19/1956,"May 19, 1956",4331804,1,0.042393225622,False,0.000021902926
06131956,06/13/1956,"June 13, 1956",570451,1,0.005688280178,False,0.000021902926
06221956,06/22/1956,"June 22, 1956",2099227,1,0.020773476037,False,0.000021902926
06301956,06/30/1956,"June 30, 1956",2626628,1,0.025924331797,False,0.000021902926
07041956,07/04/1956,"July 04, 1956",5452298,1,0.053063261986,False,0.000021902926
08021956,08/02/1956,"August 02, 1956",6546159,1,0.063364987761,False,0.000021902926
08061956,08/06/1956,"August 06, 1956",1673418,1,0.016594951372,False,0.000021902926
08101956,08/10/1956,"August 10, 1956",9295099,1,0.088761850978,False,0.000021902926
09101956,09/10/1956,"September 10, 1956",1542210,1,0.015303798400,False,0.000021902926
09161956,09/16/1956,"September 16, 1956",4099930,1,0.040170208164,False,0.000021902926
09231956,09/23/1956,"September 23, 1956",9742911,1,0.092833361638,False,0.000021902926
10201956,10/20/1956,"October 20, 1956",1423101,1,0.014130237820,False,0.000021902926
10271956,10/27/1956,"October 27, 1956",96387,2,0.000963415627,False,0.000021902926
11081956,11/08/1956,"November 08, 1956",4678728,1,0.045709637341,False,0.000021902926
11121956,11/12/1956,"November 12, 1956",1142922,1,0.011364164583,False,0.000021902926
11221956,11/22/1956,"November 22, 1956",3212673,1,0.031616158979,False,0.000021902926
12071956,12/07/1956,"December 07, 1956",5450952,1,0.053050516131,False,0.000021902926
12121956,12/12/1956,"December 12, 1956",9658289,1,0.092065374180,False,0.000021902926
01071957,01/07/1957,"January 07, 1957",1940937,1,0.019222230948,False,0.000021902926
02131957,02/13/1957,"February 13, 1957",2378840,1,0.023507696326,False,0.000021902926
02201957,02/20/1957,"February 20, 1957",354169,1,0.003535435614,False,0.000021902926
03021957,03/02/1957,"March 02, 1957",7248103,1,0.069916619802,False,0.000021902926
03031957,03/03/1957,"March 03, 1957",3135358,1,0.030867163499,False,0.000021902926
03091957,03/09/1957,"March 09, 1957",7573914,1,0.072942002603,False,0.000021902926
03141957,03/14/1957,"March 14, 1957",6175632,1,0.059888064623,False,0.000021902926
03201957,03/20/1957,"March 20, 1957",9430366,1,0.089993622219,False,0.000021902926
03251957,03/25/1957,"March 25, 1957",5043795,1,0.049187085205,False,0.000021902926
03311957,03/31/1957,"March 31, 1957",8944239,1,0.085559065415,False,0.000021902926
04241957,04/24/1957,"April 24, 1957",3524545,1,0.034631572502,False,0.000021902926
04271957,04/27/1957,"April 27, 1957",9474938,1,0.090399139885,False,0.000021902926
05031957,05/03/1957,"May 03, 1957",5729020,1,0.055680022047,False,0.000021902926
05061957,05/06/1957,"May 06, 1957",3744805,1,0.036755553023,False,0.000021902926
05231957,05/23/1957,"May 23, 1957",2137442,1,0.021147615964,False,0.000021902926
05261957,05/26/1957,"May 26, 1957",1702652,1,0.016882397989,False,0.000021902926
06021957,06/02/1957,"June 02, 1957",8868604,1,0.084867166381,False,0.000021902926
06121957,06/12/1957,"June 12, 1957",4303703,2,0.042124090727,False,0.000021902926
06241957,06/24/1957,"June 24, 1957",5899017,1,0.057283973974,False,0.000021902926
06281957,06/28/1957,"June 28, 1957",3611591,1,0.035471521488,False,0.000021902926
08031957,08/03/1957,"August 03, 1957",8391279,1,0.080488566777,False,0.000021902926
08091957,08/09/1957,"August 09, 1957",6144245,1,0.059592945375,False,0.000021902926
08161957,08/16/1957,"August 16, 1957",8000695,1,0.076890079221,False,0.000021902926
08171957,08/17/1957,"August 17, 1957",7854152,1,0.075536334570,False,0.000021902926
08271957,08/27/1957,"August 27, 1957",6547914,1,0.063381425561,False,0.000021902926
09011957,09/01/1957,"September 01, 1957",3515162,2,0.034540987732,False,0.000021902926
10041957,10/04/1957,"October 04, 1957",312429,1,0.003119424485,False,0.000021902926
10241957,10/24/1957,"October 24, 1957",6837528,1,0.066090079892,False,0.000021902926
10261957,10/26/1957,"October 26, 1957",883825,1,0.008799317481,False,0.000021902926
11011957,11/01/1957,"November 01, 1957",5178297,1,0.050465087942,False,0.000021902926
11051957,11/05/1957,"November 05, 1957",5971102,1,0.057963285958,False,0.000021902926
11091957,11/09/1957,"November 09, 1957",483266,1,0.004821011487,False,0.000021902926
11251957,11/25/1957,"November 25, 1957",693490,1,0.006910919071,False,0.000021902926
12021957,12/02/1957,"December 02, 1957",3849463,1,0.037763138056,False,0.000021902926
12121957,12/12/1957,"December 12, 1957",4213483,1,0.041259505117,False,0.000021902926
12171957,12/17/1957,"December 17, 1957",5689322,1,0.055305071479,False,0.000021902926
12191957,12/19/1957,"December 19, 1957",3229627,1,0.031780324860,False,0.000021902926
12271957,12/27/1957,"December 27, 1957",6043327,1,0.058643426336,False,0.000021902926
01101958,01/10/1958,"January 10, 1958",6754971,1,0.065318753524,False,0.000021902926
01211958,01/21/1958,"January 21, 1958",6820186,1,0.065928107188,False,0.000021902926
02141958,02/14/1958,"February 14, 1958",754231,1,0.007513948154,False,0.000021902926
02171958,02/17/1958,"February 17, 1958",2392981,1,0.023645772341,False,0.000021902926
03181958,03/18/1958,"March 18, 1958",4816985,1,0.047028098938,False,0.000021902926
03251958,03/25/1958,"March 25, 1958",6117208,1,0.059338653142,False,0.000021902926
04071958,04/07/1958,"April 07, 1958",6426109,1,0.062239882208,False,0.000021902926
04231958,04/23/1958,"April 23, 1958",5517203,1,0.053677671869,False,0.000021902926
05011958,05/01/1958,"May 01, 1958",9204261,1,0.087933724390,False,0.000021902926
05031958,05/03/1958,"May 03, 1958",3562926,1,0.035002019467,False,0.000021902926
05041958,05/04/1958,"May 04, 1958",2669020,1,0.026337174446,False,0.000021902926
05171958,05/17/1958,"May 17, 1958",4172700,1,0.040868422235,False,0.000021902926
05231958,05/23/1958,"May 23, 1958",365251,1,0.003645857699,False,0.000021902926
05241958,05/24/1958,"May 24, 1958",5223304,1,0.050892348968,False,0.000021902926
06011958,06/01/1958,"June 01, 1958",2542719,1,0.025106651630,False,0.000021902926
06071958,06/07/1958,"June 07, 1958",3285520,1,0.032321340679,False,0.000021902926
06231958,06/23/1958,"June 23, 1958",260986,1,0.002606467276,False,0.000021902926
06251958,06/25/1958,"June 25, 1958",9747939,1,0.092878972830,False,0.000021902926
07091958,07/09/1958,"July 09, 1958",5745928,1,0.055839674173,False,0.000021902926
08121958,08/12/1958,"August 12, 1958",2705757,1,0.026694803266,False,0.000021902926
08301958,08/30/1958,"August 30, 1958",4068396,1,0.039867487707,False,0.000021902926
09031958,09/03/1958,"September 03, 1958",7106698,1,0.068600505078,False,0.000021902926
09051958,09/05/1958,"September 05, 1958",5764141,1,0.056011618436,False,0.000021902926
09071958,09/07/1958,"September 07, 1958",1742233,1,0.017271448771,False,0.000021902926
09151958,09/15/1958,"September 15, 1958",5698819,1,0.055394784897,False,0.000021902926
09271958,09/27/1958,"September 27, 1958",1809053,1,0.017927888654,False,0.000021902926
10091958,10/09/1958,"October 09, 1958",9711141,1,0.092545109007,False,0.000021902926
10131958,10/13/1958,"October 13, 1958",5555065,1,0.054035900612,False,0.000021902926
10271958,10/27/1958,"October 27, 1958",1554935,1,0.015429093021,False,0.000021902926
11131958,11/13/1958,"November 13, 1958",5749667,1,0.055874975668,False,0.000021902926
11151958,11/15/1958,"November 15, 1958",5501321,1,0.053527365019,False,0.000021902926
11201958,11/20/1958,"November 20, 1958",1804204,1,0.017880266822,False,0.000021902926
12011958,12/01/1958,"December 01, 1958",4004302,1,0.039251903113,False,0.000021902926
12071958,12/07/1958,"December 07, 1958",8084121,1,0.077659871763,False,0.000021902926
01071959,01/07/1959,"January 07, 1959",824464,1,0.008210756167,False,0.000021902926
01281959,01/28/1959,"January 28, 1959",9024246,1,0.086290389586,False,0.000021902926
02041959,02/04/1959,"February 04, 1959",9288654,1,0.088703119786,False,0.000021902926
02101959,02/10/1959,"February 10, 1959",7556913,1,0.072784380073,False,0.000021902926
02141959,02/14/1959,"February 14, 1959",4340579,1,0.042477251931,False,0.000021902926
02191959,02/19/1959,"February 19, 1959",4591065,1,0.044872710988,False,0.000021902926
02201959,02/20/1959,"February 20, 1959",4717775,1,0.046082186364,False,0.000021902926
02261959,02/26/1959,"February 26, 1959",8648208,1,0.082848025966,False,0.000021902926
03031959,03/03/1959,"March 03, 1959",1114725,1,0.011085359628,False,0.000021902926
03091959,03/09/1959,"March 09, 1959",877799,1,0.008739585927,False,0.000021902926
03111959,03/11/1959,"March 11, 1959",6308985,1,0.061140896574,False,0.000021902926
03131959,03/13/1959,"March 13, 1959",358913,1,0.003582706772,False,0.000021902926
03201959,03/20/1959,"March 20, 1959",9549204,1,0.091074413287,False,0.000021902926
03231959,03/23/1959,"March 23, 1959",3892217,1,0.038174444877,False,0.000021902926
04041959,04/04/1959,"April 04, 1959",4528732,1,0.044277165898,False,0.000021902926
04051959,04/05/1959,"April 05, 1959",6853823,1,0.066242248117,False,0.000021902926
04181959,04/18/1959,"April 18, 1959",7209394,1,0.069556524132,False,0.000021902926
04301959,04/30/1959,"April 30, 1959",2627035,1,0.025928296277,False,0.000021902926
05161959,05/16/1959,"May 16, 1959",3261482,1,0.032088702121,False,0.000021902926
06041959,06/04/1959,"June 04, 1959",3574815,1,0.035116741258,False,0.000021902926
06071959,06/07/1959,"June 07, 1959",1275208,2,0.012671126743,False,0.000021902926
06131959,06/13/1959,"June 13, 1959",9693485,1,0.092384874625,False,0.000021902926
06201959,06/20/1959,"June 20, 1959",7259918,1,0.070026502663,False,0.000021902926
06261959,06/26/1959,"June 26, 1959",6451492,1,0.062477883654,False,0.000021902926
07131959,07/13/1959,"July 13, 1959",500585,1,0.004993351613,False,0.000021902926
07161959,07/16/1959,"July 16, 1959",6205471,1,0.060168542778,False,0.000021902926
07181959,07/18/1959,"July 18, 1959",6667702,1,0.064502710514,False,0.000021902926
08071959,08/07/1959,"August 07, 1959",5854293,1,0.056862259358,False,0.000021902926
08111959,08/11/1959,"August 11, 1959",9745181,1,0.092853954087,False,0.000021902926
08121959,08/12/1959,"August 12, 1959",7649201,1,0.073639694096,False,0.000021902926
08191959,08/19/1959,"August 19, 1959",6352094,1,0.061545542124,False,0.000021902926
08271959,08/27/1959,"August 27, 1959",210282,1,0.002100620623,False,0.000021902926
09121959,09/12/1959,"September 12, 1959",7004759,1,0.067650561638,False,0.000021902926
09151959,09/15/1959,"September 15, 1959",8188005,1,0.078617538074,False,0.000021902926
09221959,09/22/1959,"September 22, 1959",1977479,1,0.019580561289,False,0.000021902926
10181959,10/18/1959,"October 18, 1959",9111347,1,0.087085893306,False,0.000021902926
10271959,10/27/1959,"October 27, 1959",5991042,1,0.058151109354,False,0.000021902926
11271959,11/27/1959,"November 27, 1959",5613021,1,0.054583984731,False,0.000021902926
12121959,12/12/1959,"December 12, 1959",5186131,1,0.050539471594,False,0.000021902926
12141959,12/14/1959,"December 14, 1959",9140719,1,0.087353995065,False,0.000021902926
12281959,12/28/1959,"December 28, 1959",8478557,1,0.081290747859,False,0.000021902926
01011960,01/01/1960,"January 01, 1960",4793560,1,0.046804839120,False,0.000021902926
01031960,01/03/1960,"January 03, 1960",3974576,1,0.038966268680,False,0.000021902926
01251960,01/25/1960,"January 25, 1960",2293499,1,0.022673992325,False,0.000021902926
02091960,02/09/1960,"February 09, 1960",7837105,1,0.075378727814,False,0.000021902926
02191960,02/19/1960,"February 19, 1960",1103400,1,0.010973358702,False,0.000021902926
04061960,04/06/1960,"April 06, 1960",3716235,1,0.036480314766,False,0.000021902926
04081960,04/08/1960,"April 08, 1960",6006166,1,0.058293543811,False,0.000021902926
04091960,04/09/1960,"April 09, 1960",5230742,1,0.050962940971,False,0.000021902926
04171960,04/17/1960,"April 17, 1960",2517800,1,0.024863687684,False,0.000021902926
04251960,04/25/1960,"April 25, 1960",9137240,1,0.087322243557,False,0.000021902926
05041960,05/04/1960,"May 04, 1960",2847257,2,0.028071056205,False,0.000021902926
05131960,05/13/1960,"May 13, 1960",7689815,1,0.074015849683,False,0.000021902926
06101960,06/10/1960,"June 10, 1960",3739160,1,0.036701176339,False,0.000021902926
06131960,06/13/1960,"June 13, 1960",8888439,1,0.085048664980,False,0.000021902926
07011960,07/01/1960,"July 01, 1960",7923530,1,0.076177486543,False,0.000021902926
07151960,07/15/1960,"July 15, 1960",5185101,1,0.050529692100,False,0.000021902926
07291960,07/29/1960,"July 29, 1960",3622816,1,0.035579783734,False,0.000021902926
08011960,08/01/1960,"August 01, 1960",264620,1,0.002642711899,False,0.000021902926
08031960,08/03/1960,"August 03, 1960",8553457,1,0.081978603462,False,0.000021902926
08071960,08/07/1960,"August 07, 1960",7471050,1,0.071987903026,False,0.000021902926
08181960,08/18/1960,"August 18, 1960",4321063,1,0.042290363554,False,0.000021902926
08251960,08/25/1960,"August 25, 1960",1810655,1,0.017943621324,False,0.000021902926
08261960,08/26/1960,"August 26, 1960",4625350,2,0.045200120253,False,0.000021902926
09051960,09/05/1960,"September 05, 1960",2107848,1,0.020857891518,False,0.000021902926
09081960,09/08/1960,"September 08, 1960",5326139,1,0.051867862161,False,0.000021902926
09131960,09/13/1960,"September 13, 1960",6120403,1,0.059368706792,False,0.000021902926
09281960,09/28/1960,"September 28, 1960",5420073,1,0.052758062446,False,0.000021902926
09301960,09/30/1960,"September 30, 1960",6711661,1,0.064913855398,False,0.000021902926
10251960,10/25/1960,"October 25, 1960",6032511,1,0.058541603702,False,0.000021902926
10291960,10/29/1960,"October 29, 1960",8502068,1,0.081506720204,False,0.000021902926
11011960,11/01/1960,"November 01, 1960",687850,1,0.006854907267,False,0.000021902926
11091960,11/09/1960,"November 09, 1960",8769017,1,0.083955359091,False,0.000021902926
11181960,11/18/1960,"November 18, 1960",9549159,1,0.091074004270,False,0.000021902926
11191960,11/19/1960,"November 19, 1960",5839722,1,0.056724824744,False,0.000021902926
12121960,12/12/1960,"December 12, 1960",4020547,1,0.039407963967,False,0.000021902926
01131961,01/13/1961,"January 13, 1961",4275174,1,0.041850779321,False,0.000021902926
01181961,01/18/1961,"January 18, 1961",1813902,1,0.017975508177,False,0.000021902926
02061961,02/06/1961,"February 06, 1961",2194650,1,0.021707437694,False,0.000021902926
02091961,02/09/1961,"February 09, 1961",9396739,1,0.089687562915,False,0.000021902926
02261961,02/26/1961,"February 26, 1961",2675239,1,0.026397724655,False,0.000021902926
03041961,03/04/1961,"March 04, 1961",7164745,1,0.069140997663,False,0.000021902926
03281961,03/28/1961,"March 28, 1961",1853568,2,0.018364960770,False,0.000021902926
04051961,04/05/1961,"April 05, 1961",4694109,1,0.045856405456,False,0.000021902926
04261961,04/26/1961,"April 26, 1961",2747481,1,0.027100820422,False,0.000021902926
05121961,05/12/1961,"May 12, 1961",7478817,1,0.072059978928,False,0.000021902926
05301961,05/30/1961,"May 30, 1961",2584757,1,0.025516391171,False,0.000021902926
06011961,06/01/1961,"June 01, 1961",5844886,1,0.056773534217,False,0.000021902926
07041961,07/04/1961,"July 04, 1961",8157357,1,0.078335109498,False,0.000021902926
07291961,07/29/1961,"July 29, 1961",3889958,1,0.038152716992,False,0.000021902926
07311961,07/31/1961,"July 31, 1961",2412321,2,0.023834580992,False,0.000021902926
08261961,08/26/1961,"August 26, 1961",3159657,2,0.031102624481,False,0.000021902926
08271961,08/27/1961,"August 27, 1961",8539007,1,0.081845939784,False,0.000021902926
09091961,09/09/1961,"September 09, 1961",9405203,1,0.089764608500,False,0.000021902926
09211961,09/21/1961,"September 21, 1961",842156,1,0.008386208001,False,0.000021902926
09241961,09/24/1961,"September 24, 1961",4915046,1,0.047962134686,False,0.000021902926
10011961,10/01/1961,"October 01, 1961",6608679,1,0.063950388961,False,0.000021902926
10021961,10/02/1961,"October 02, 1961",1859956,1,0.018427665614,False,0.000021902926
10081961,10/08/1961,"October 08, 1961",1593642,1,0.015810117140,False,0.000021902926
10161961,10/16/1961,"October 16, 1961",8216663,1,0.078881550031,False,0.000021902926
10201961,10/20/1961,"October 20, 1961",6459735,1,0.062555160418,False,0.000021902926
10261961,10/26/1961,"October 26, 1961",6935049,2,0.067000394249,False,0.000021902926
11031961,11/03/1961,"November 03, 1961",9495093,1,0.090582451467,False,0.000021902926
01021962,01/02/1962,"January 02, 1962",7437982,1,0.071680977239,False,0.000021902926
02061962,02/06/1962,"February 06, 1962",2038019,1,0.020173927593,False,0.000021902926
02131962,02/13/1962,"February 13, 1962",8529431,1,0.081758013140,False,0.000021902926
02201962,02/20/1962,"February 20, 1962",8125024,1,0.078037059404,False,0.000021902926
02241962,02/24/1962,"February 24, 1962",437302,1,0.004363482271,False,0.000021902926
03011962,03/01/1962,"March 01, 1962",2451483,1,0.024216792052,False,0.000021902926
03071962,03/07/1962,"March 07, 1962",4268629,1,0.041788066402,False,0.000021902926
03141962,03/14/1962,"March 14, 1962",255802,1,0.002554761055,False,0.000021902926
03291962,03/29/1962,"March 29, 1962",1828921,1,0.018122987361,False,0.000021902926
04031962,04/03/1962,"April 03, 1962",7249341,1,0.069928134163,False,0.000021902926
04161962,04/16/1962,"April 16, 1962",2578012,1,0.025450660034,False,0.000021902926
04191962,04/19/1962,"April 19, 1962",9449956,1,0.090171875010,False,0.000021902926
04301962,04/30/1962,"April 30, 1962",7394797,1,0.071279996089,False,0.000021902926
05091962,05/09/1962,"May 09, 1962",8754394,1,0.083821396088,False,0.000021902926
05171962,05/17/1962,"May 17, 1962",2583018,1,0.025499444754,False,0.000021902926
05301962,05/30/1962,"May 30, 1962",5069852,1,0.049434806253,False,0.000021902926
06271962,06/27/1962,"June 27, 1962",9954670,1,0.094752336141,False,0.000021902926
06291962,06/29/1962,"June 29, 1962",2640951,1,0.026063838665,False,0.000021902926
07031962,07/03/1962,"July 03, 1962",1160233,1,0.011535292522,False,0.000021902926
07101962,07/10/1962,"July 10, 1962",3438047,1,0.033796186868,False,0.000021902926
07211962,07/21/1962,"July 21, 1962",4491252,1,0.043918893840,False,0.000021902926
08151962,08/15/1962,"August 15, 1962",1359250,1,0.013500549102,False,0.000021902926
09071962,09/07/1962,"September 07, 1962",7860333,1,0.075593473903,False,0.000021902926
10271962,10/27/1962,"October 27, 1962",5338320,1,0.051983347104,False,0.000021902926
11051962,11/05/1962,"November 05, 1962",149659,2,0.001495480668,False,0.000021902926
11061962,11/06/1962,"November 06, 1962",5315756,1,0.051769412489,False,0.000021902926
12061962,12/06/1962,"December 06, 1962",3040130,1,0.029943838110,False,0.000021902926
12081962,12/08/1962,"December 08, 1962",5395845,1,0.052528536864,False,0.000021902926
12111962,12/11/1962,"December 11, 1962",7883855,1,0.075810887238,False,0.000021902926
12171962,12/17/1962,"December 17, 1962",3983459,1,0.039051633515,False,0.000021902926
12181962,12/18/1962,"December 18, 1962",4508157,2,0.044080505692,False,0.000021902926
12271962,12/27/1962,"December 27, 1962",8391098,1,0.080486902460,False,0.000021902926
01071963,01/07/1963,"January 07, 1963",2612073,1,0.025782544763,False,0.000021902926
02081963,02/08/1963,"February 08, 1963",5508011,1,0.053590681921,False,0.000021902926
02121963,02/12/1963,"February 12, 1963",9597943,1,0.091517306593,False,0.000021902926
02131963,02/13/1963,"February 13, 1963",261564,1,0.002612232194,False,0.000021902926
02281963,02/28/1963,"February 28, 1963",6803458,1,0.065771842571,False,0.000021902926
03091963,03/09/1963,"March 09, 1963",2698032,1,0.026619612535,False,0.000021902926
04091963,04/09/1963,"April 09, 1963",3414634,1,0.033569943082,False,0.000021902926
04131963,04/13/1963,"April 13, 1963",7437840,1,0.071679659025,False,0.000021902926
04231963,04/23/1963,"April 23, 1963",2455577,1,0.024256739799,False,0.000021902926
04291963,04/29/1963,"April 29, 1963",5165804,1,0.050346455134,False,0.000021902926
05031963,05/03/1963,"May 03, 1963",6704969,1,0.064851277338,False,0.000021902926
05151963,05/15/1963,"May 15, 1963",742599,2,0.007398495461,False,0.000021902926
06051963,06/05/1963,"June 05, 1963",1554672,1,0.015426503596,False,0.000021902926
06191963,06/19/1963,"June 19, 1963",4392287,2,0.042972239813,False,0.000021902926
06271963,06/27/1963,"June 27, 1963",6720795,1,0.064999262266,False,0.000021902926
07031963,07/03/1963,"July 03, 1963",5768697,1,0.056054625568,False,0.000021902926
08011963,08/01/1963,"August 01, 1963",6633729,1,0.064184840025,False,0.000021902926
08101963,08/10/1963,"August 10, 1963",7273257,1,0.070150543556,False,0.000021902926
08271963,08/27/1963,"August 27, 1963",9749408,1,0.092892298340,False,0.000021902926
09071963,09/07/1963,"September 07, 1963",6856988,1,0.066271801083,False,0.000021902926
10061963,10/06/1963,"October 06, 1963",6827378,1,0.065995283224,False,0.000021902926
10131963,10/13/1963,"October 13, 1963",8824368,1,0.084462258666,False,0.000021902926
10161963,10/16/1963,"October 16, 1963",7149266,1,0.068996898845,False,0.000021902926
10221963,10/22/1963,"October 22, 1963",8880271,1,0.084973928702,False,0.000021902926
10261963,10/26/1963,"October 26, 1963",8088083,1,0.077696414156,False,0.000021902926
10311963,10/31/1963,"October 31, 1963",675873,1,0.006735951154,False,0.000021902926
11041963,11/04/1963,"November 04, 1963",8770261,1,0.083966754616,False,0.000021902926
11081963,11/08/1963,"November 08, 1963",6121677,1,0.059380690358,False,0.000021902926
11131963,11/13/1963,"November 13, 1963",7679271,1,0.073918208766,False,0.000021902926
11231963,11/23/1963,"November 23, 1963",1683066,1,0.016689825715,False,0.000021902926
12251963,12/25/1963,"December 25, 1963",1887882,1,0.018701741236,False,0.000021902926
12291963,12/29/1963,"December 29, 1963",2691224,1,0.026553342542,False,0.000021902926
01181964,01/18/1964,"January 18, 1964",5468019,1,0.053212118211,False,0.000021902926
01261964,01/26/1964,"January 26, 1964",4709747,1,0.046005602767,False,0.000021902926
03061964,03/06/1964,"March 06, 1964",6195700,1,0.060076707359,False,0.000021902926
03101964,03/10/1964,"March 10, 1964",5318057,1,0.051791231024,False,0.000021902926
03111964,03/11/1964,"March 11, 1964",1717451,1,0.017027878799,False,0.000021902926
03151964,03/15/1964,"March 15, 1964",1566400,1,0.015541967606,False,0.000021902926
03161964,03/16/1964,"March 16, 1964",1432147,1,0.014219415566,False,0.000021902926
03191964,03/19/1964,"March 19, 1964",1099778,1,0.010937535508,False,0.000021902926
04161964,04/16/1964,"April 16, 1964",4105862,1,0.040227143579,False,0.000021902926
04231964,04/23/1964,"April 23, 1964",3786377,1,0.037155909785,False,0.000021902926
05011964,05/01/1964,"May 01, 1964",983457,1,0.009786378758,False,0.000021902926
05031964,05/03/1964,"May 03, 1964",5447478,2,0.053017618534,False,0.000021902926
05101964,05/10/1964,"May 10, 1964",4731180,1,0.046210050477,False,0.000021902926
06041964,06/04/1964,"June 04, 1964",4524748,1,0.044239089142,False,0.000021902926
06211964,06/21/1964,"June 21, 1964",7302744,1,0.070424687847,False,0.000021902926
06251964,06/25/1964,"June 25, 1964",9075577,1,0.086759285516,False,0.000021902926
06261964,06/26/1964,"June 26, 1964",2130705,1,0.021081668456,False,0.000021902926
07061964,07/06/1964,"July 06, 1964",2503206,1,0.024721365904,False,0.000021902926
07121964,07/12/1964,"July 12, 1964",4786583,1,0.046738332373,False,0.000021902926
07281964,07/28/1964,"July 28, 1964",6678944,1,0.064607873209,False,0.000021902926
08191964,08/19/1964,"August 19, 1964",5797702,1,0.056328377223,False,0.000021902926
08241964,08/24/1964,"August 24, 1964",3102040,1,0.030544214020,False,0.000021902926
09071964,09/07/1964,"September 07, 1964",219094,2,0.002188551643,False,0.000021902926
09261964,09/26/1964,"September 26, 1964",3159008,1,0.031096336316,False,0.000021902926
10041964,10/04/1964,"October 04, 1964",9903474,1,0.094288766888,False,0.000021902926
10171964,10/17/1964,"October 17, 1964",7674681,1,0.073875700636,False,0.000021902926
10271964,10/27/1964,"October 27, 1964",3826986,1,0.037546831765,False,0.000021902926
11171964,11/17/1964,"November 17, 1964",9570019,2,0.091263586461,False,0.000021902926
12061964,12/06/1964,"December 06, 1964",4100557,1,0.040176226278,False,0.000021902926
12071964,12/07/1964,"December 07, 1964",5615907,1,0.054611269044,False,0.000021902926
12111964,12/11/1964,"December 11, 1964",5994598,1,0.058184600906,False,0.000021902926
12151964,12/15/1964,"December 15, 1964",684036,2,0.006817027990,False,0.000021902926
12181964,12/18/1964,"December 18, 1964",6394154,1,0.061940173076,False,0.000021902926
01051965,01/05/1965,"January 05, 1965",2153043,1,0.021300314814,False,0.000021902926
01141965,01/14/1965,"January 14, 1965",551693,1,0.005501749689,False,0.000021902926
01171965,01/17/1965,"January 17, 1965",2176395,1,0.021528834084,False,0.000021902926
02011965,02/01/1965,"February 01, 1965",1845929,1,0.018289970805,False,0.000021902926
02211965,02/21/1965,"February 21, 1965",6859446,1,0.066294751840,False,0.000021902926
02221965,02/22/1965,"February 22, 1965",9650518,1,0.091994815838,False,0.000021902926
03071965,03/07/1965,"March 07, 1965",5573878,1,0.054213848100,False,0.000021902926
03161965,03/16/1965,"March 16, 1965",225473,1,0.002252200006,False,0.000021902926
04141965,04/14/1965,"April 14, 1965",5179026,1,0.050472010026,False,0.000021902926
04221965,04/22/1965,"April 22, 1965",7066395,1,0.068225047481,False,0.000021902926
04241965,04/24/1965,"April 24, 1965",1903,1,0.000019039819,False,0.000021902926
05011965,05/01/1965,"May 01, 1965",5395164,1,0.052522084561,False,0.000021902926
05031965,05/03/1965,"May 03, 1965",3915918,1,0.038402380141,False,0.000021902926
05121965,05/12/1965,"May 12, 1965",9846392,1,0.093771621212,False,0.000021902926
05131965,05/13/1965,"May 13, 1965",154402,1,0.001542838614,False,0.000021902926
05181965,05/18/1965,"May 18, 1965",568160,1,0.005665500235,False,0.000021902926
06041965,06/04/1965,"June 04, 1965",1911310,1,0.018931612867,False,0.000021902926
06061965,06/06/1965,"June 06, 1965",8539752,1,0.081852780006,False,0.000021902926
06141965,06/14/1965,"June 14, 1965",2901215,1,0.028595348168,False,0.000021902926
07011965,07/01/1965,"July 01, 1965",3045828,1,0.029999110336,False,0.000021902926
07051965,07/05/1965,"July 05, 1965",7706454,1,0.074169911370,False,0.000021902926
07071965,07/07/1965,"July 07, 1965",3150037,1,0.031009412069,False,0.000021902926
07221965,07/22/1965,"July 22, 1965",597697,1,0.005959153449,False,0.000021902926
07231965,07/23/1965,"July 23, 1965",9675223,1,0.092219110814,False,0.000021902926
07271965,07/27/1965,"July 27, 1965",5118650,1,0.049898549903,False,0.000021902926
08051965,08/05/1965,"August 05, 1965",6584901,1,0.063727788618,False,0.000021902926
09041965,09/04/1965,"September 04, 1965",6290151,1,0.060964055196,False,0.000021902926
09141965,09/14/1965,"September 14, 1965",861103,1,0.008574071270,False,0.000021902926
09151965,09/15/1965,"September 15, 1965",1723052,1,0.017082933526,False,0.000021902926
12131965,12/13/1965,"December 13, 1965",3339325,1,0.032841860142,False,0.000021902926
12191965,12/19/1965,"December 19, 1965",6346827,1,0.061496112425,False,0.000021902926
01061966,01/06/1966,"January 06, 1966",8627422,1,0.082657366940,False,0.000021902926
01211966,01/21/1966,"January 21, 1966",5582562,1,0.054295976604,False,0.000021902926
01221966,01/22/1966,"January 22, 1966",398685,1,0.003978923065,False,0.000021902926
01231966,01/23/1966,"January 23, 1966",1371829,1,0.013624633065,False,0.000021902926
02021966,02/02/1966,"February 02, 1966",716040,1,0.007134835414,False,0.000021902926
02091966,02/09/1966,"February 09, 1966",3169393,1,0.031196951738,False,0.000021902926
02111966,02/11/1966,"February 11, 1966",387999,1,0.003872482564,False,0.000021902926
02121966,02/12/1966,"February 12, 1966",6765891,1,0.065420815144,False,0.000021902926
02261966,02/26/1966,"February 26, 1966",3387229,1,0.033305056628,False,0.000021902926
03141966,03/14/1966,"March 14, 1966",2185068,1,0.021613693209,False,0.000021902926
03151966,03/15/1966,"March 15, 1966",7469201,1,0.071970743924,False,0.000021902926
03201966,03/20/1966,"March 20, 1966",4151866,1,0.040668575943,False,0.000021902926
04021966,04/02/1966,"April 02, 1966",5685180,1,0.055265941404,False,0.000021902926
04111966,04/11/1966,"April 11, 1966",2777715,1,0.027394922301,False,0.000021902926
05151966,05/15/1966,"May 15, 1966",8952413,1,0.085633808763,False,0.000021902926
06101966,06/10/1966,"June 10, 1966",1343391,1,0.013344087747,False,0.000021902926
06141966,06/14/1966,"June 14, 1966",2940,1,0.000029409568,False,0.000021902926
06161966,06/16/1966,"June 16, 1966",9662019,1,0.092099239510,False,0.000021902926
06171966,06/17/1966,"June 17, 1966",2874411,1,0.028334937964,False,0.000021902926
06261966,06/26/1966,"June 26, 1966",7880995,1,0.075784455051,False,0.000021902926
07111966,07/11/1966,"July 11, 1966",7732537,1,0.074411364144,False,0.000021902926
08031966,08/03/1966,"August 03, 1966",3900974,1,0.038258668253,False,0.000021902926
08051966,08/05/1966,"August 05, 1966",5706111,1,0.055463662999,False,0.000021902926
08141966,08/14/1966,"August 14, 1966",2869845,1,0.028290570724,False,0.000021902926
08251966,08/25/1966,"August 25, 1966",9399895,1,0.089716291922,False,0.000021902926
09181966,09/18/1966,"September 18, 1966",341806,1,0.003412235083,False,0.000021902926
09191966,09/19/1966,"September 19, 1966",3441965,1,0.033834041992,False,0.000021902926
09221966,09/22/1966,"September 22, 1966",4807937,1,0.046941870139,False,0.000021902926
09291966,09/29/1966,"September 29, 1966",3848529,1,0.037754150721,False,0.000021902926
10101966,10/10/1966,"October 10, 1966",625497,1,0.006235458399,False,0.000021902926
10301966,10/30/1966,"October 30, 1966",6128328,1,0.059443248869,False,0.000021902926
11011966,11/01/1966,"November 01, 1966",9294494,1,0.088756337970,False,0.000021902926
11061966,11/06/1966,"November 06, 1966",4114997,1,0.040314814826,False,0.000021902926
11281966,11/28/1966,"November 28, 1966",3773222,1,0.037029239312,False,0.000021902926
12271966,12/27/1966,"December 27, 1966",2896082,1,0.028545484687,False,0.000021902926
01091967,01/09/1967,"January 09, 1967",5032291,1,0.049077697394,False,0.000021902926
01101967,01/10/1967,"January 10, 1967",1677784,1,0.016637885900,False,0.000021902926
01111967,01/11/1967,"January 11, 1967",7165828,1,0.069151078812,False,0.000021902926
01301967,01/30/1967,"January 30, 1967",7012843,1,0.067725929721,False,0.000021902926
02091967,02/09/1967,"February 09, 1967",5989566,1,0.058137207562,False,0.000021902926
02161967,02/16/1967,"February 16, 1967",2903031,1,0.028612988717,False,0.000021902926
02201967,02/20/1967,"February 20, 1967",3729968,1,0.036612625841,False,0.000021902926
02231967,02/23/1967,"February 23, 1967",8460117,1,0.081121322251,False,0.000021902926
02261967,02/26/1967,"February 26, 1967",8811956,1,0.084348615068,False,0.000021902926
03011967,03/01/1967,"March 01, 1967",1152333,1,0.011457200724,False,0.000021902926
03061967,03/06/1967,"March 06, 1967",960486,1,0.009558890658,False,0.000021902926
04031967,04/03/1967,"April 03, 1967",7364519,1,0.070998755669,False,0.000021902926
04071967,04/07/1967,"April 07, 1967",1053009,1,0.010474852692,False,0.000021902926
04091967,04/09/1967,"April 09, 1967",5283746,1,0.051465835290,False,0.000021902926
04121967,04/12/1967,"April 12, 1967",6981945,1,0.067437831170,False,0.000021902926
05201967,05/20/1967,"May 20, 1967",6968275,1,0.067310341207,False,0.000021902926
06181967,06/18/1967,"June 18, 1967",3062169,1,0.030157605232,False,0.000021902926
06191967,06/19/1967,"June 19, 1967",9227538,1,0.088146001352,False,0.000021902926
07021967,07/02/1967,"July 02, 1967",9581003,1,0.091363396588,False,0.000021902926
07031967,07/03/1967,"July 03, 1967",7500995,1,0.072265754648,False,0.000021902926
07071967,07/07/1967,"July 07, 1967",2665413,1,0.026302053794,False,0.000021902926
07201967,07/20/1967,"July 20, 1967",5370679,1,0.052290066187,False,0.000021902926
07301967,07/30/1967,"July 30, 1967",3498504,1,0.034380148172,False,0.000021902926
08051967,08/05/1967,"August 05, 1967",479414,1,0.004782676453,False,0.000021902926
08071967,08/07/1967,"August 07, 1967",4971834,1,0.048502624474,False,0.000021902926
08211967,08/21/1967,"August 21, 1967",7455780,1,0.071846184758,False,0.000021902926
09271967,09/27/1967,"September 27, 1967",5757560,1,0.055949492516,False,0.000021902926
09291967,09/29/1967,"September 29, 1967",5948219,1,0.057747695029,False,0.000021902926
10121967,10/12/1967,"October 12, 1967",4276000,1,0.041858693601,False,0.000021902926
10131967,10/13/1967,"October 13, 1967",6514662,1,0.063069929363,False,0.000021902926
10161967,10/16/1967,"October 16, 1967",9876366,1,0.094043213404,False,0.000021902926
10221967,10/22/1967,"October 22, 1967",5188421,1,0.050561213992,False,0.000021902926
10291967,10/29/1967,"October 29, 1967",5338183,1,0.051982048320,False,0.000021902926
11181967,11/18/1967,"November 18, 1967",7992908,1,0.076818193852,False,0.000021902926
12041967,12/04/1967,"December 04, 1967",4980347,1,0.048583621998,False,0.000021902926
12091967,12/09/1967,"December 09, 1967",3321256,1,0.032667088547,False,0.000021902926
12101967,12/10/1967,"December 10, 1967",8566232,1,0.082095873206,False,0.000021902926
12221967,12/22/1967,"December 22, 1967",2310218,1,0.022837377804,False,0.000021902926
01051968,01/05/1968,"January 05, 1968",8317129,1,0.079806496196,False,0.000021902926
01061968,01/06/1968,"January 06, 1968",9926880,1,0.094500732854,False,0.000021902926
01121968,01/12/1968,"January 12, 1968",1976987,1,0.019575737614,False,0.000021902926
01301968,01/30/1968,"January 30, 1968",7840970,1,0.075414463736,False,0.000021902926
01311968,01/31/1968,"January 31, 1968",4189891,1,0.041033292374,False,0.000021902926
02071968,02/07/1968,"February 07, 1968",9895649,1,0.094217892210,False,0.000021902926
03031968,03/03/1968,"March 03, 1968",5793848,1,0.056292007418,False,0.000021902926
03061968,03/06/1968,"March 06, 1968",2387717,1,0.023594375701,False,0.000021902926
03071968,03/07/1968,"March 07, 1968",8190794,1,0.078643235073,False,0.000021902926
03101968,03/10/1968,"March 10, 1968",6870509,1,0.066398041939,False,0.000021902926
03151968,03/15/1968,"March 15, 1968",5847292,1,0.056796227973,False,0.000021902926
03191968,03/19/1968,"March 19, 1968",2588771,1,0.025555506158,False,0.000021902926
04141968,04/14/1968,"April 14, 1968",4195239,2,0.041084576543,False,0.000021902926
04181968,04/18/1968,"April 18, 1968",74358,1,0.000743313613,False,0.000021902926
04211968,04/21/1968,"April 21, 1968",5973582,1,0.057986648179,False,0.000021902926
05191968,05/19/1968,"May 19, 1968",5154799,1,0.050241940010,False,0.000021902926
05281968,05/28/1968,"May 28, 1968",5199648,1,0.050667801502,False,0.000021902926
06051968,06/05/1968,"June 05, 1968",3745525,1,0.036762488359,False,0.000021902926
06141968,06/14/1968,"June 14, 1968",6166960,1,0.059806534580,False,0.000021902926
06231968,06/23/1968,"June 23, 1968",5800613,1,0.056355847105,False,0.000021902926
06271968,06/27/1968,"June 27, 1968",9323384,1,0.089019558243,False,0.000021902926
06281968,06/28/1968,"June 28, 1968",5909945,1,0.057386988354,False,0.000021902926
07091968,07/09/1968,"July 09, 1968",1826455,1,0.018098773976,False,0.000021902926
08041968,08/04/1968,"August 04, 1968",1163274,1,0.011565351277,False,0.000021902926
08071968,08/07/1968,"August 07, 1968",9006728,1,0.086130311914,False,0.000021902926
08111968,08/11/1968,"August 11, 1968",9848092,1,0.093787026964,False,0.000021902926
08221968,08/22/1968,"August 22, 1968",2041760,1,0.020210582201,False,0.000021902926
09081968,09/08/1968,"September 08, 1968",2280616,1,0.022548075304,False,0.000021902926
09141968,09/14/1968,"September 14, 1968",1417682,1,0.014076812090,False,0.000021902926
09161968,09/16/1968,"September 16, 1968",6799392,1,0.065733856081,False,0.000021902926
09191968,09/19/1968,"September 19, 1968",4882085,1,0.047648281761,False,0.000021902926
09281968,09/28/1968,"September 28, 1968",9136833,1,0.087318528951,False,0.000021902926
10201968,10/20/1968,"October 20, 1968",1037852,1,0.010324858997,False,0.000021902926
10211968,10/21/1968,"October 21, 1968",840644,1,0.008371214687,False,0.000021902926
10251968,10/25/1968,"October 25, 1968",4044976,1,0.039642598337,False,0.000021902926
11091968,11/09/1968,"November 09, 1968",1548414,1,0.015364887058,False,0.000021902926
11201968,11/20/1968,"November 20, 1968",2353546,1,0.023260671120,False,0.000021902926
11211968,11/21/1968,"November 21, 1968",6821727,1,0.065942501125,False,0.000021902926
11271968,11/27/1968,"November 27, 1968",930022,1,0.009257116712,False,0.000021902926
12141968,12/14/1968,"December 14, 1968",1550717,1,0.015387562944,False,0.000021902926
12161968,12/16/1968,"December 16, 1968",7064523,2,0.068207604490,False,0.000021902926
01061969,01/06/1969,"January 06, 1969",7205293,1,0.069518365863,False,0.000021902926
01111969,01/11/1969,"January 11, 1969",5714147,1,0.055539562890,False,0.000021902926
01181969,01/18/1969,"January 18, 1969",7271673,1,0.070135814624,False,0.000021902926
01291969,01/29/1969,"January 29, 1969",7349012,1,0.070854684274,False,0.000021902926
01301969,01/30/1969,"January 30, 1969",813038,1,0.008097427852,False,0.000021902926
02021969,02/02/1969,"February 02, 1969",852854,2,0.008492285171,False,0.000021902926
02111969,02/11/1969,"February 11, 1969",85875,1,0.000858391380,False,0.000021902926
02131969,02/13/1969,"February 13, 1969",8310482,1,0.079745328900,False,0.000021902926
02211969,02/21/1969,"February 21, 1969",2823829,1,0.027843326014,False,0.000021902926
03061969,03/06/1969,"March 06, 1969",5411456,1,0.052676435091,False,0.000021902926
03171969,03/17/1969,"March 17, 1969",1392400,1,0.013827519475,False,0.000021902926
03181969,03/18/1969,"March 18, 1969",2837527,1,0.027976482917,False,0.000021902926
03281969,03/28/1969,"March 28, 1969",5225744,1,0.050915506913,False,0.000021902926
03291969,03/29/1969,"March 29, 1969",4441076,1,0.043439050207,False,0.000021902926
03311969,03/31/1969,"March 31, 1969",973235,1,0.009685153948,False,0.000021902926
04031969,04/03/1969,"April 03, 1969",5334940,1,0.051951303599,False,0.000021902926
04131969,04/13/1969,"April 13, 1969",7640326,1,0.073557475969,False,0.000021902926
04201969,04/20/1969,"April 20, 1969",2131115,1,0.021085682013,False,0.000021902926
04291969,04/29/1969,"April 29, 1969",6224928,2,0.060351387998,False,0.000021902926
05031969,05/03/1969,"May 03, 1969",4997230,1,0.048744236068,False,0.000021902926
05251969,05/25/1969,"May 25, 1969",7265163,1,0.070075278494,False,0.000021902926
06031969,06/03/1969,"June 03, 1969",2570449,1,0.025376952080,False,0.000021902926
06081969,06/08/1969,"June 08, 1969",8189003,1,0.078626733426,False,0.000021902926
06161969,06/16/1969,"June 16, 1969",8378367,1,0.080369831794,False,0.000021902926
07011969,07/01/1969,"July 01, 1969",3703789,1,0.036360387642,False,0.000021902926
07141969,07/14/1969,"July 14, 1969",8187669,1,0.078614442224,False,0.000021902926
07181969,07/18/1969,"July 18, 1969",9053738,1,0.086559821095,False,0.000021902926
07291969,07/29/1969,"July 29, 1969",3733766,1,0.036649214599,False,0.000021902926
07301969,07/30/1969,"July 30, 1969",1442602,1,0.014322473540,False,0.000021902926
08131969,08/13/1969,"August 13, 1969",5333539,1,0.051938021344,False,0.000021902926
08181969,08/18/1969,"August 18, 1969",5794255,1,0.056295848302,False,0.000021902926
08231969,08/23/1969,"August 23, 1969",7808301,1,0.075112361540,False,0.000021902926
08251969,08/25/1969,"August 25, 1969",9036233,1,0.086399909394,False,0.000021902926
08291969,08/29/1969,"August 29, 1969",7899970,1,0.075959808315,False,0.000021902926
09091969,09/09/1969,"September 09, 1969",524535,1,0.005231627173,False,0.000021902926
10071969,10/07/1969,"October 07, 1969",1681744,1,0.016676826269,False,0.000021902926
10191969,10/19/1969,"October 19, 1969",7826855,1,0.075283949275,False,0.000021902926
10201969,10/20/1969,"October 20, 1969",9467575,1,0.090332163508,False,0.000021902926
10211969,10/21/1969,"October 21, 1969",2380254,1,0.023521503829,False,0.000021902926
10241969,10/24/1969,"October 24, 1969",5569929,1,0.054176498267,False,0.000021902926
11041969,11/04/1969,"November 04, 1969",7896499,1,0.075927734323,False,0.000021902926
11301969,11/30/1969,"November 30, 1969",4769612,1,0.046576540605,False,0.000021902926
12061969,12/06/1969,"December 06, 1969",77855,1,0.000778257009,False,0.000021902926
12171969,12/17/1969,"December 17, 1969",1427222,1,0.014170864677,False,0.000021902926
12261969,12/26/1969,"December 26, 1969",1557100,1,0.015450408751,False,0.000021902926
01011970,01/01/1970,"January 01, 1970",6297562,1,0.061033644572,False,0.000021902926
01051970,01/05/1970,"January 05, 1970",8554405,1,0.081987306263,False,0.000021902926
01061970,01/06/1970,"January 06, 1970",5820161,1,0.056540292637,False,0.000021902926
01071970,01/07/1970,"January 07, 1970",4150484,1,0.040655317891,False,0.000021902926
01091970,01/09/1970,"January 09, 1970",1599989,1,0.015872581690,False,0.000021902926
01151970,01/15/1970,"January 15, 1970",975876,1,0.009711307818,False,0.000021902926
02101970,02/10/1970,"February 10, 1970",5800482,1,0.056354610930,False,0.000021902926
02211970,02/21/1970,"February 21, 1970",9508016,1,0.090699967904,False,0.000021902926
02241970,02/24/1970,"February 24, 1970",1299553,1,0.012911462703,False,0.000021902926
03111970,03/11/1970,"March 11, 1970",680719,1,0.006784083564,False,0.000021902926
03121970,03/12/1970,"March 12, 1970",8338616,1,0.080004196936,False,0.000021902926
03291970,03/29/1970,"March 29, 1970",5961228,1,0.057870264660,False,0.000021902926
04041970,04/04/1970,"April 04, 1970",6404180,1,0.062034218241,False,0.000021902926
04101970,04/10/1970,"April 10, 1970",9691560,1,0.092367402865,False,0.000021902926
04171970,04/17/1970,"April 17, 1970",4611040,1,0.045063478613,False,0.000021902926
04301970,04/30/1970,"April 30, 1970",6805718,1,0.065792955889,False,0.000021902926
05081970,05/08/1970,"May 08, 1970",6502872,1,0.062959458795,False,0.000021902926
06161970,06/16/1970,"June 16, 1970",8278960,1,0.079455200495,False,0.000021902926
07211970,07/21/1970,"July 21, 1970",910140,1,0.009060117627,False,0.000021902926
08031970,08/03/1970,"August 03, 1970",793999,1,0.007908561541,False,0.000021902926
08271970,08/27/1970,"August 27, 1970",374845,1,0.003741443331,False,0.000021902926
09161970,09/16/1970,"September 16, 1970",3187710,1,0.031374391143,False,0.000021902926
10141970,10/14/1970,"October 14, 1970",9646121,1,0.091954889972,False,0.000021902926
10311970,10/31/1970,"October 31, 1970",9781043,1,0.093179216479,False,0.000021902926
11211970,11/21/1970,"November 21, 1970",2668479,1,0.026331906915,False,0.000021902926
12061970,12/06/1970,"December 06, 1970",3767575,1,0.036974858817,False,0.000021902926
12071970,12/07/1970,"December 07, 1970",5337810,1,0.051978512206,False,0.000021902926
12111970,12/11/1970,"December 11, 1970",190305,1,0.001901250349,False,0.000021902926
12131970,12/13/1970,"December 13, 1970",7482658,1,0.072095620420,False,0.000021902926
12171970,12/17/1970,"December 17, 1970",2613746,1,0.025798843285,False,0.000021902926
12261970,12/26/1970,"December 26, 1970",8958776,1,0.085691988033,False,0.000021902926
01091971,01/09/1971,"January 09, 1971",9254497,1,0.088391794941,False,0.000021902926
01291971,01/29/1971,"January 29, 1971",2571449,1,0.025386698261,False,0.000021902926
01301971,01/30/1971,"January 30, 1971",3310953,1,0.032567419101,False,0.000021902926
02021971,02/02/1971,"February 02, 1971",1756416,1,0.017410819279,False,0.000021902926
02051971,02/05/1971,"February 05, 1971",3542942,1,0.034809154998,False,0.000021902926
02111971,02/11/1971,"February 11, 1971",5690632,1,0.055317446902,False,0.000021902926
02211971,02/21/1971,"February 21, 1971",7880521,1,0.075780074259,False,0.000021902926
02221971,02/22/1971,"February 22, 1971",9414559,1,0.089849766140,False,0.000021902926
02231971,02/23/1971,"February 23, 1971",2521533,1,0.024900088843,False,0.000021902926
02251971,02/25/1971,"February 25, 1971",6947328,1,0.067114950238,False,0.000021902926
04011971,04/01/1971,"April 01, 1971",3095048,1,0.030476427301,False,0.000021902926
04051971,04/05/1971,"April 05, 1971",2339181,1,0.023120352436,False,0.000021902926
04061971,04/06/1971,"April 06, 1971",1349664,1,0.013405978731,False,0.000021902926
04111971,04/11/1971,"April 11, 1971",5635645,1,0.054797851459,False,0.000021902926
04131971,04/13/1971,"April 13, 1971",1473836,1,0.014630291987,False,0.000021902926
04181971,04/18/1971,"April 18, 1971",9037698,1,0.086413293538,False,0.000021902926
04241971,04/24/1971,"April 24, 1971",2651337,1,0.026164986423,False,0.000021902926
04251971,04/25/1971,"April 25, 1971",4671518,1,0.045640830525,False,0.000021902926
05171971,05/17/1971,"May 17, 1971",5812981,1,0.056472549798,False,0.000021902926
06041971,06/04/1971,"June 04, 1971",5958644,1,0.057845919713,False,0.000021902926
06101971,06/10/1971,"June 10, 1971",6587631,1,0.063753348501,False,0.000021902926
06271971,06/27/1971,"June 27, 1971",5636964,1,0.054810318593,False,0.000021902926
07121971,07/12/1971,"July 12, 1971",299226,1,0.002987797652,False,0.000021902926
07271971,07/27/1971,"July 27, 1971",4419776,1,0.043235281022,False,0.000021902926
08071971,08/07/1971,"August 07, 1971",332294,1,0.003317435145,False,0.000021902926
09111971,09/11/1971,"September 11, 1971",8965933,1,0.085757422716,False,0.000021902926
09121971,09/12/1971,"September 12, 1971",6428610,1,0.062263335296,False,0.000021902926
10201971,10/20/1971,"October 20, 1971",472935,1,0.004718194234,False,0.000021902926
11041971,11/04/1971,"November 04, 1971",2138086,1,0.021153919753,False,0.000021902926
11191971,11/19/1971,"November 19, 1971",6748386,1,0.065257202737,False,0.000021902926
11291971,11/29/1971,"November 29, 1971",148160,1,0.001480512973,False,0.000021902926
12031971,12/03/1971,"December 03, 1971",8404904,1,0.080613841677,False,0.000021902926
12211971,12/21/1971,"December 21, 1971",927151,1,0.009228672075,False,0.000021902926
12241971,12/24/1971,"December 24, 1971",3352247,1,0.032966828244,False,0.000021902926
12281971,12/28/1971,"December 28, 1971",4593198,1,0.044893083636,False,0.000021902926
01111972,01/11/1972,"January 11, 1972",1258793,1,0.012509043404,False,0.000021902926
02101972,02/10/1972,"February 10, 1972",112076,1,0.001120142183,False,0.000021902926
02151972,02/15/1972,"February 15, 1972",3384366,1,0.033277379755,False,0.000021902926
02211972,02/21/1972,"February 21, 1972",4887453,1,0.047699402629,False,0.000021902926
03121972,03/12/1972,"March 12, 1972",334423,1,0.003338654291,False,0.000021902926
03261972,03/26/1972,"March 26, 1972",3490544,1,0.034303281772,False,0.000021902926
03301972,03/30/1972,"March 30, 1972",8298550,1,0.079635517561,False,0.000021902926
05031972,05/03/1972,"May 03, 1972",5901458,2,0.057306985392,False,0.000021902926
05081972,05/08/1972,"May 08, 1972",2717256,1,0.026806717197,False,0.000021902926
05181972,05/18/1972,"May 18, 1972",2993198,1,0.029488464498,False,0.000021902926
05191972,05/19/1972,"May 19, 1972",3252401,1,0.032000802104,False,0.000021902926
05221972,05/22/1972,"May 22, 1972",2652156,1,0.026172962099,False,0.000021902926
05241972,05/24/1972,"May 24, 1972",7405931,1,0.071383394019,False,0.000021902926
06201972,06/20/1972,"June 20, 1972",2045318,1,0.020245442489,False,0.000021902926
06251972,06/25/1972,"June 25, 1972",4267816,1,0.041780276107,False,0.000021902926
07071972,07/07/1972,"July 07, 1972",5728291,1,0.055673137929,False,0.000021902926
07111972,07/11/1972,"July 11, 1972",2842535,1,0.028025160636,False,0.000021902926
07141972,07/14/1972,"July 14, 1972",2925877,1,0.028834886447,False,0.000021902926
07171972,07/17/1972,"July 17, 1972",799182,1,0.007959980309,False,0.000021902926
07251972,07/25/1972,"July 25, 1972",272009,1,0.002716403907,False,0.000021902926
07261972,07/26/1972,"July 26, 1972",8723409,1,0.083537474160,False,0.000021902926
07281972,07/28/1972,"July 28, 1972",9114578,1,0.087115389084,False,0.000021902926
08251972,08/25/1972,"August 25, 1972",4265395,1,0.041757077327,False,0.000021902926
09081972,09/08/1972,"September 08, 1972",5395902,1,0.052529076922,False,0.000021902926
09121972,09/12/1972,"September 12, 1972",849779,1,0.008461795840,False,0.000021902926
10141972,10/14/1972,"October 14, 1972",4732948,1,0.046226913335,False,0.000021902926
10221972,10/22/1972,"October 22, 1972",9233386,1,0.088199325015,False,0.000021902926
10281972,10/28/1972,"October 28, 1972",920517,1,0.009162942124,False,0.000021902926
11111972,11/11/1972,"November 11, 1972",2519947,1,0.024884623636,False,0.000021902926
12291972,12/29/1972,"December 29, 1972",783817,1,0.007807541647,False,0.000021902926
01091973,01/09/1973,"January 09, 1973",3012234,2,0.029673193492,False,0.000021902926
01181973,01/18/1973,"January 18, 1973",27637,1,0.000276341813,False,0.000021902926
02201973,02/20/1973,"February 20, 1973",7242599,1,0.069865426603,False,0.000021902926
03121973,03/12/1973,"March 12, 1973",9455346,1,0.090220913425,False,0.000021902926
03201973,03/20/1973,"March 20, 1973",1969571,1,0.019503026653,False,0.000021902926
03301973,03/30/1973,"March 30, 1973",6029273,1,0.058511118785,False,0.000021902926
04151973,04/15/1973,"April 15, 1973",1176319,1,0.011694284168,False,0.000021902926
04231973,04/23/1973,"April 23, 1973",8494657,1,0.081438648144,False,0.000021902926
05101973,05/10/1973,"May 10, 1973",5793490,1,0.056288628937,False,0.000021902926
06121973,06/12/1973,"June 12, 1973",9608346,1,0.091611811133,False,0.000021902926
06131973,06/13/1973,"June 13, 1973",1519631,1,0.015081438740,False,0.000021902926
06141973,06/14/1973,"June 14, 1973",9492292,1,0.090556978324,False,0.000021902926
06171973,06/17/1973,"June 17, 1973",6131134,1,0.059469640521,False,0.000021902926
06201973,06/20/1973,"June 20, 1973",6211057,1,0.060221040297,False,0.000021902926
07121973,07/12/1973,"July 12, 1973",3352286,1,0.032967205386,False,0.000021902926
08111973,08/11/1973,"August 11, 1973",1446091,1,0.014356863229,False,0.000021902926
08241973,08/24/1973,"August 24, 1973",2793047,1,0.027544030682,False,0.000021902926
09061973,09/06/1973,"September 06, 1973",9020654,1,0.086257568547,False,0.000021902926
09101973,09/10/1973,"September 10, 1973",7760646,1,0.074671501293,False,0.000021902926
10061973,10/06/1973,"October 06, 1973",3501440,1,0.034408498355,False,0.000021902926
10071973,10/07/1973,"October 07, 1973",2954532,2,0.029113133946,False,0.000021902926
10091973,10/09/1973,"October 09, 1973",9153387,1,0.087469601739,False,0.000021902926
11051973,11/05/1973,"November 05, 1973",1941426,1,0.019227026939,False,0.000021902926
11191973,11/19/1973,"November 19, 1973",9972878,1,0.094917148632,False,0.000021902926
11201973,11/20/1973,"November 20, 1973",8194910,1,0.078681157338,False,0.000021902926
11231973,11/23/1973,"November 23, 1973",3002773,1,0.029581386529,False,0.000021902926
12021973,12/02/1973,"December 02, 1973",6842277,1,0.066134430222,False,0.000021902926
12061973,12/06/1973,"December 06, 1973",5422225,1,0.052778446873,False,0.000021902926
12121973,12/12/1973,"December 12, 1973",7705261,1,0.074158866151,False,0.000021902926
12211973,12/21/1973,"December 21, 1973",841641,1,0.008381101177,False,0.000021902926
01011974,01/01/1974,"January 01, 1974",109249,1,0.001091903450,False,0.000021902926
01081974,01/08/1974,"January 08, 1974",4546044,1,0.044442606316,False,0.000021902926
01131974,01/13/1974,"January 13, 1974",6042315,1,0.058633899760,False,0.000021902926
01211974,01/21/1974,"January 21, 1974",1974106,1,0.019547491183,False,0.000021902926
02121974,02/12/1974,"February 12, 1974",7467036,1,0.071950651873,False,0.000021902926
02131974,02/13/1974,"February 13, 1974",7758772,1,0.074654160475,False,0.000021902926
02151974,02/15/1974,"February 15, 1974",4513176,1,0.044128482088,False,0.000021902926
03271974,03/27/1974,"March 27, 1974",4196825,1,0.041099784821,False,0.000021902926
03311974,03/31/1974,"March 31, 1974",744480,1,0.007417166120,False,0.000021902926
04011974,04/01/1974,"April 01, 1974",126299,1,0.001262202764,False,0.000021902926
04091974,04/09/1974,"April 09, 1974",6815821,1,0.065887334060,False,0.000021902926
04191974,04/19/1974,"April 19, 1974",3433987,1,0.033756958196,False,0.000021902926
04251974,04/25/1974,"April 25, 1974",6339186,1,0.061424398603,False,0.000021902926
04281974,04/28/1974,"April 28, 1974",4007589,1,0.039283482385,False,0.000021902926
05031974,05/03/1974,"May 03, 1974",9629111,1,0.091800418360,False,0.000021902926
05101974,05/10/1974,"May 10, 1974",3524630,1,0.034632393065,False,0.000021902926
05241974,05/24/1974,"May 24, 1974",9040346,1,0.086437484994,False,0.000021902926
06031974,06/03/1974,"June 03, 1974",7419463,1,0.071509045918,False,0.000021902926
06081974,06/08/1974,"June 08, 1974",9480552,1,0.090450203445,False,0.000021902926
06191974,06/19/1974,"June 19, 1974",600095,1,0.005982990263,False,0.000021902926
06211974,06/21/1974,"June 21, 1974",2151757,1,0.021287728655,False,0.000021902926
06261974,06/26/1974,"June 26, 1974",4506207,1,0.044061865080,False,0.000021902926
07151974,07/15/1974,"July 15, 1974",7358427,1,0.070942159188,False,0.000021902926
07191974,07/19/1974,"July 19, 1974",6666038,1,0.064487143710,False,0.000021902926
07221974,07/22/1974,"July 22, 1974",5810517,1,0.056449300995,False,0.000021902926
07271974,07/27/1974,"July 27, 1974",2326920,1,0.023000569878,False,0.000021902926
07311974,07/31/1974,"July 31, 1974",1698132,1,0.016837960069,False,0.000021902926
08051974,08/05/1974,"August 05, 1974",6896046,1,0.066636425434,False,0.000021902926
08081974,08/08/1974,"August 08, 1974",3079664,1,0.030327264320,False,0.000021902926
08161974,08/16/1974,"August 16, 1974",8614782,1,0.082541407501,False,0.000021902926
08241974,08/24/1974,"August 24, 1974",5568582,1,0.054163757939,False,0.000021902926
08261974,08/26/1974,"August 26, 1974",7995368,1,0.076840903845,False,0.000021902926
08291974,08/29/1974,"August 29, 1974",2769149,1,0.027311605381,False,0.000021902926
09011974,09/01/1974,"September 01, 1974",6138350,1,0.059537506744,False,0.000021902926
09301974,09/30/1974,"September 30, 1974",5579316,1,0.054265278553,False,0.000021902926
10021974,10/02/1974,"October 02, 1974",6842498,1,0.066136494063,False,0.000021902926
10111974,10/11/1974,"October 11, 1974",9781540,1,0.093183723367,False,0.000021902926
10161974,10/16/1974,"October 16, 1974",280165,1,0.002797739041,False,0.000021902926
11031974,11/03/1974,"November 03, 1974",8375843,1,0.080346620036,False,0.000021902926
12051974,12/05/1974,"December 05, 1974",891522,1,0.008875607262,False,0.000021902926
12181974,12/18/1974,"December 18, 1974",9536473,1,0.090958690603,False,0.000021902926
12311974,12/31/1974,"December 31, 1974",8824264,1,0.084461306506,False,0.000021902926
02041975,02/04/1975,"February 04, 1975",5027092,1,0.049028257658,False,0.000021902926
02171975,02/17/1975,"February 17, 1975",8273517,1,0.079405093878,False,0.000021902926
02281975,02/28/1975,"February 28, 1975",9041948,1,0.086452120148,False,0.000021902926
03061975,03/06/1975,"March 06, 1975",8427286,1,0.080819595662,False,0.000021902926
03111975,03/11/1975,"March 11, 1975",4840962,1,0.047256565623,False,0.000021902926
03231975,03/23/1975,"March 23, 1975",9398803,1,0.089706351570,False,0.000021902926
03251975,03/25/1975,"March 25, 1975",9716370,1,0.092592558583,False,0.000021902926
04041975,04/04/1975,"April 04, 1975",7703770,1,0.074145061757,False,0.000021902926
05021975,05/02/1975,"May 02, 1975",774994,1,0.007719996644,False,0.000021902926
05101975,05/10/1975,"May 10, 1975",6972220,1,0.067347135088,False,0.000021902926
05271975,05/27/1975,"May 27, 1975",6131115,1,0.059469461821,False,0.000021902926
06021975,06/02/1975,"June 02, 1975",1710471,1,0.016959264950,False,0.000021902926
06091975,06/09/1975,"June 09, 1975",9850337,1,0.093807371217,False,0.000021902926
06221975,06/22/1975,"June 22, 1975",8283469,1,0.079496706925,False,0.000021902926
07061975,07/06/1975,"July 06, 1975",623055,1,0.006211190372,False,0.000021902926
07111975,07/11/1975,"July 11, 1975",3449378,1,0.033905661220,False,0.000021902926
07121975,07/12/1975,"July 12, 1975",7321666,1,0.070600565449,False,0.000021902926
07131975,07/13/1975,"July 13, 1975",9631137,1,0.091818818297,False,0.000021902926
07311975,07/31/1975,"July 31, 1975",7371412,1,0.071062789518,False,0.000021902926
08061975,08/06/1975,"August 06, 1975",2322886,1,0.022961156926,False,0.000021902926
08151975,08/15/1975,"August 15, 1975",1104915,1,0.010988342342,False,0.000021902926
08231975,08/23/1975,"August 23, 1975",7531866,1,0.072552111287,False,0.000021902926
08311975,08/31/1975,"August 31, 1975",9615808,1,0.091679592531,False,0.000021902926
09151975,09/15/1975,"September 15, 1975",9247008,1,0.088323522045,False,0.000021902926
10011975,10/01/1975,"October 01, 1975",6977230,1,0.067393859827,False,0.000021902926
10211975,10/21/1975,"October 21, 1975",8329342,1,0.079918872567,False,0.000021902926
10311975,10/31/1975,"October 31, 1975",2750667,1,0.027131816496,False,0.000021902926
11031975,11/03/1975,"November 03, 1975",6298061,1,0.061038330003,False,0.000021902926
11171975,11/17/1975,"November 17, 1975",7678152,1,0.073907845852,False,0.000021902926
11241975,11/24/1975,"November 24, 1975",5495810,1,0.053475203475,False,0.000021902926
01031976,01/03/1976,"January 03, 1976",4876321,1,0.047593386625,False,0.000021902926
01051976,01/05/1976,"January 05, 1976",5500520,1,0.053519783743,False,0.000021902926
01301976,01/30/1976,"January 30, 1976",2073510,1,0.020521615965,False,0.000021902926
02251976,02/25/1976,"February 25, 1976",5315242,1,0.051764538571,False,0.000021902926
03051976,03/05/1976,"March 05, 1976",3882816,1,0.038084019405,False,0.000021902926
03111976,03/11/1976,"March 11, 1976",8031196,1,0.077171594046,False,0.000021902926
04141976,04/14/1976,"April 14, 1976",8482893,1,0.081330582229,False,0.000021902926
05131976,05/13/1976,"May 13, 1976",2656185,1,0.026212196800,False,0.000021902926
05251976,05/25/1976,"May 25, 1976",2899506,1,0.028578746721,False,0.000021902926
06041976,06/04/1976,"June 04, 1976",2317189,1,0.022905493437,False,0.000021902926
06071976,06/07/1976,"June 07, 1976",9280460,1,0.088628445059,False,0.000021902926
06081976,06/08/1976,"June 08, 1976",8580880,1,0.082230317956,False,0.000021902926
06201976,06/20/1976,"June 20, 1976",5952701,1,0.057789925831,False,0.000021902926
06231976,06/23/1976,"June 23, 1976",3402974,1,0.033457250767,False,0.000021902926
06301976,06/30/1976,"June 30, 1976",7766900,1,0.074729369529,False,0.000021902926
07041976,07/04/1976,"July 04, 1976",2862479,1,0.028218991971,False,0.000021902926
07151976,07/15/1976,"July 15, 1976",3148972,1,0.030999092264,False,0.000021902926
07171976,07/17/1976,"July 17, 1976",7394429,1,0.071276578393,False,0.000021902926
07181976,07/18/1976,"July 18, 1976",6201370,1,0.060129999499,False,0.000021902926
07211976,07/21/1976,"July 21, 1976",4169832,1,0.040840913946,False,0.000021902926
08041976,08/04/1976,"August 04, 1976",2439628,1,0.024101106094,False,0.000021902926
08091976,08/09/1976,"August 09, 1976",680105,1,0.006777985200,False,0.000021902926
08301976,08/30/1976,"August 30, 1976",1468440,1,0.014577120003,False,0.000021902926
09281976,09/28/1976,"September 28, 1976",9243044,1,0.088287382473,False,0.000021902926
10071976,10/07/1976,"October 07, 1976",8496857,1,0.081458856272,False,0.000021902926
10311976,10/31/1976,"October 31, 1976",1252203,1,0.012443965605,False,0.000021902926
11071976,11/07/1976,"November 07, 1976",2971106,1,0.029274035402,False,0.000021902926
11081976,11/08/1976,"November 08, 1976",3039328,1,0.029936058228,False,0.000021902926
11191976,11/19/1976,"November 19, 1976",6719901,1,0.064990903322,False,0.000021902926
01271977,01/27/1977,"January 27, 1977",2844015,1,0.028039545758,False,0.000021902926
02201977,02/20/1977,"February 20, 1977",8752035,1,0.083799783179,False,0.000021902926
02271977,02/27/1977,"February 27, 1977",3548179,1,0.034859700720,False,0.000021902926
03101977,03/10/1977,"March 10, 1977",5335888,1,0.051960291058,False,0.000021902926
03141977,03/14/1977,"March 14, 1977",7077816,1,0.068331459422,False,0.000021902926
03281977,03/28/1977,"March 28, 1977",9164806,1,0.087573797637,False,0.000021902926
04051977,04/05/1977,"April 05, 1977",4302611,1,0.042113630665,False,0.000021902926
04061977,04/06/1977,"April 06, 1977",8074695,2,0.077572927884,False,0.000021902926
04091977,04/09/1977,"April 09, 1977",9484384,1,0.090485056726,False,0.000021902926
04161977,04/16/1977,"April 16, 1977",4251907,1,0.041627820803,False,0.000021902926
04241977,04/24/1977,"April 24, 1977",111517,1,0.001114558429,False,0.000021902926
06271977,06/27/1977,"June 27, 1977",8263983,1,0.079317320174,False,0.000021902926
07281977,07/28/1977,"July 28, 1977",391046,1,0.003902834108,False,0.000021902926
08051977,08/05/1977,"August 05, 1977",8732717,1,0.083622774523,False,0.000021902926
09061977,09/06/1977,"September 06, 1977",6341066,1,0.061442043658,False,0.000021902926
09091977,09/09/1977,"September 09, 1977",1866571,1,0.018492594478,False,0.000021902926
09301977,09/30/1977,"September 30, 1977",1816017,1,0.017996277775,False,0.000021902926
10031977,10/03/1977,"October 03, 1977",5013305,1,0.048897138144,False,0.000021902926
10131977,10/13/1977,"October 13, 1977",208382,1,0.002081660354,False,0.000021902926
10281977,10/28/1977,"October 28, 1977",7965831,1,0.076568190067,False,0.000021902926
11161977,11/16/1977,"November 16, 1977",4515305,1,0.044148832376,False,0.000021902926
12051977,12/05/1977,"December 05, 1977",2098340,1,0.020764790259,False,0.000021902926
12241977,12/24/1977,"December 24, 1977",2436611,1,0.024071662780,False,0.000021902926
12291977,12/29/1977,"December 29, 1977",2531988,1,0.025002030211,False,0.000021902926
01071978,01/07/1978,"January 07, 1978",6671345,1,0.064536790060,False,0.000021902926
01131978,01/13/1978,"January 13, 1978",7409073,1,0.071412570695,False,0.000021902926
01181978,01/18/1978,"January 18, 1978",2445350,1,0.024156945432,False,0.000021902926
01231978,01/23/1978,"January 23, 1978",5193302,1,0.050607554968,False,0.000021902926
02091978,02/09/1978,"February 09, 1978",203469,3,0.002032631422,False,0.000021902926
02221978,02/22/1978,"February 22, 1978",3566033,1,0.035032001489,False,0.000021902926
04021978,04/02/1978,"April 02, 1978",6309057,1,0.061141572553,False,0.000021902926
04041978,04/04/1978,"April 04, 1978",4074607,1,0.039927119686,False,0.000021902926
04221978,04/22/1978,"April 22, 1978",2062958,1,0.020418255952,False,0.000021902926
04231978,04/23/1978,"April 23, 1978",1330058,1,0.013212528142,False,0.000021902926
05111978,05/11/1978,"May 11, 1978",1405396,1,0.013955674124,False,0.000021902926
05131978,05/13/1978,"May 13, 1978",842422,1,0.008388845690,False,0.000021902926
05291978,05/29/1978,"May 29, 1978",1620414,1,0.016073569190,False,0.000021902926
06141978,06/14/1978,"June 14, 1978",6201804,1,0.060134078526,False,0.000021902926
06171978,06/17/1978,"June 17, 1978",1212917,1,0.012055918118,False,0.000021902926
06201978,06/20/1978,"June 20, 1978",1095734,1,0.010897537013,False,0.000021902926
06211978,06/21/1978,"June 21, 1978",5412849,1,0.052689631216,False,0.000021902926
07051978,07/05/1978,"July 05, 1978",4461487,1,0.043634273940,False,0.000021902926
07091978,07/09/1978,"July 09, 1978",8433654,1,0.080878127207,False,0.000021902926
08021978,08/02/1978,"August 02, 1978",2071697,1,0.020503857861,False,0.000021902926
08071978,08/07/1978,"August 07, 1978",7811483,1,0.075141790996,False,0.000021902926
08231978,08/23/1978,"August 23, 1978",8217424,1,0.078888559716,False,0.000021902926
08291978,08/29/1978,"August 29, 1978",783900,1,0.007808365167,False,0.000021902926
09191978,09/19/1978,"September 19, 1978",4387618,1,0.042927555144,False,0.000021902926
10051978,10/05/1978,"October 05, 1978",6053227,1,0.058736616025,False,0.000021902926
10141978,10/14/1978,"October 14, 1978",3611961,1,0.035475090237,False,0.000021902926
11301978,11/30/1978,"November 30, 1978",5904916,1,0.057339583153,False,0.000021902926
12051978,12/05/1978,"December 05, 1978",8359874,1,0.080199748859,False,0.000021902926
12221978,12/22/1978,"December 22, 1978",8605470,1,0.082455969779,False,0.000021902926
01031979,01/03/1979,"January 03, 1979",6259306,1,0.060674364881,False,0.000021902926
01061979,01/06/1979,"January 06, 1979",8219247,1,0.078905351424,False,0.000021902926
02161979,02/16/1979,"February 16, 1979",1220784,1,0.012133636623,False,0.000021902926
02221979,02/22/1979,"February 22, 1979",583958,1,0.005822572793,False,0.000021902926
03161979,03/16/1979,"March 16, 1979",8546317,1,0.081913054393,False,0.000021902926
03241979,03/24/1979,"March 24, 1979",2906595,1,0.028647608333,False,0.000021902926
03311979,03/31/1979,"March 31, 1979",4919806,1,0.048007450611,False,0.000021902926
04021979,04/02/1979,"April 02, 1979",3035547,1,0.029899379417,False,0.000021902926
04041979,04/04/1979,"April 04, 1979",5674070,1,0.055160975619,False,0.000021902926
04101979,04/10/1979,"April 10, 1979",2716113,1,0.026795593535,False,0.000021902926
04111979,04/11/1979,"April 11, 1979",3570989,1,0.035079824118,False,0.000021902926
04251979,04/25/1979,"April 25, 1979",9869371,1,0.093979839509,False,0.000021902926
04271979,04/27/1979,"April 27, 1979",1718639,1,0.017039556439,False,0.000021902926
05061979,05/06/1979,"May 06, 1979",4813776,1,0.046997517579,False,0.000021902926
05191979,05/19/1979,"May 19, 1979",3366066,1,0.033100453326,False,0.000021902926
06081979,06/08/1979,"June 08, 1979",6258911,1,0.060670654538,False,0.000021902926
06161979,06/16/1979,"June 16, 1979",152029,1,0.001519144945,False,0.000021902926
07051979,07/05/1979,"July 05, 1979",5667873,1,0.055102422130,False,0.000021902926
07151979,07/15/1979,"July 15, 1979",830918,1,0.008274764180,False,0.000021902926
07271979,07/27/1979,"July 27, 1979",7337605,1,0.070748690622,False,0.000021902926
07281979,07/28/1979,"July 28, 1979",5122200,1,0.049932277906,False,0.000021902926
07291979,07/29/1979,"July 29, 1979",4548102,1,0.044462271485,False,0.000021902926
08021979,08/02/1979,"August 02, 1979",3602432,1,0.035383176278,False,0.000021902926
08101979,08/10/1979,"August 10, 1979",5331814,1,0.051921667133,False,0.000021902926
08151979,08/15/1979,"August 15, 1979",6258266,1,0.060664595844,False,0.000021902926
08161979,08/16/1979,"August 16, 1979",4375909,1,0.042815484969,False,0.000021902926
08191979,08/19/1979,"August 19, 1979",3945286,1,0.038684740669,False,0.000021902926
08231979,08/23/1979,"August 23, 1979",269903,1,0.002695400893,False,0.000021902926
08251979,08/25/1979,"August 25, 1979",2846607,1,0.028064738646,False,0.000021902926
08301979,08/30/1979,"August 30, 1979",3845579,1,0.037725764050,False,0.000021902926
09081979,09/08/1979,"September 08, 1979",9439099,1,0.090073089607,False,0.000021902926
09201979,09/20/1979,"September 20, 1979",8539170,1,0.081847436374,False,0.000021902926
09261979,09/26/1979,"September 26, 1979",9751516,1,0.092911419969,False,0.000021902926
10011979,10/01/1979,"October 01, 1979",2905419,1,0.028636185162,False,0.000021902926
10051979,10/05/1979,"October 05, 1979",218905,1,0.002186665777,False,0.000021902926
10101979,10/10/1979,"October 10, 1979",9662570,1,0.092104242030,False,0.000021902926
10161979,10/16/1979,"October 16, 1979",5996559,1,0.058203069725,False,0.000021902926
10271979,10/27/1979,"October 27, 1979",945622,2,0.009411660548,False,0.000021902926
11021979,11/02/1979,"November 02, 1979",2261923,1,0.022365343135,False,0.000021902926
11171979,11/17/1979,"November 17, 1979",2614993,1,0.025810991498,False,0.000021902926
11211979,11/21/1979,"November 21, 1979",9701981,1,0.092461982331,False,0.000021902926
12011979,12/01/1979,"December 01, 1979",2657387,1,0.026223901660,False,0.000021902926
12021979,12/02/1979,"December 02, 1979",7731811,1,0.074404644346,False,0.000021902926
12151979,12/15/1979,"December 15, 1979",3628210,1,0.035631803158,False,0.000021902926
12221979,12/22/1979,"December 22, 1979",6444163,1,0.062409170139,False,0.000021902926
12301979,12/30/1979,"December 30, 1979",5866643,1,0.056978729678,False,0.000021902926
01031980,01/03/1980,"January 03, 1980",9556949,1,0.091144806848,False,0.000021902926
01251980,01/25/1980,"January 25, 1980",2947160,1,0.029041557527,False,0.000021902926
01261980,01/26/1980,"January 26, 1980",7895308,1,0.075916728557,False,0.000021902926
02121980,02/12/1980,"February 12, 1980",1564867,2,0.015526875749,False,0.000021902926
02281980,02/28/1980,"February 28, 1980",4881620,1,0.047643853315,False,0.000021902926
03111980,03/11/1980,"March 11, 1980",4542514,1,0.044408874544,False,0.000021902926
03311980,03/31/1980,"March 31, 1980",2676166,1,0.026406749906,False,0.000021902926
04131980,04/13/1980,"April 13, 1980",7269501,1,0.070115617754,False,0.000021902926
04231980,04/23/1980,"April 23, 1980",3178502,1,0.031285195990,False,0.000021902926
06071980,06/07/1980,"June 07, 1980",6093445,1,0.059115097223,False,0.000021902926
06251980,06/25/1980,"June 25, 1980",1925664,1,0.019072425318,False,0.000021902926
06301980,06/30/1980,"June 30, 1980",963563,1,0.009589366062,False,0.000021902926
07091980,07/09/1980,"July 09, 1980",6426989,1,0.062248134461,False,0.000021902926
07141980,07/14/1980,"July 14, 1980",4091473,2,0.040089031926,False,0.000021902926
07231980,07/23/1980,"July 23, 1980",1372451,1,0.013630768301,False,0.000021902926
07311980,07/31/1980,"July 31, 1980",9611882,1,0.091643931172,False,0.000021902926
08011980,08/01/1980,"August 01, 1980",2574907,1,0.025420399807,False,0.000021902926
08311980,08/31/1980,"August 31, 1980",81265,1,0.000812329889,False,0.000021902926
09061980,09/06/1980,"September 06, 1980",45709,1,0.000456995550,False,0.000021902926
09201980,09/20/1980,"September 20, 1980",6559233,1,0.063487435419,False,0.000021902926
09291980,09/29/1980,"September 29, 1980",7214744,1,0.069606301527,False,0.000021902926
10031980,10/03/1980,"October 03, 1980",8701502,1,0.083336682720,False,0.000021902926
11061980,11/06/1980,"November 06, 1980",8361719,2,0.080216719018,False,0.000021902926
11091980,11/09/1980,"November 09, 1980",976295,1,0.009715457119,False,0.000021902926
11111980,11/11/1980,"November 11, 1980",969136,1,0.009644560110,False,0.000021902926
11171980,11/17/1980,"November 17, 1980",5059537,1,0.049336750395,False,0.000021902926
12111980,12/11/1980,"December 11, 1980",2902955,1,0.028612250462,False,0.000021902926
12171980,12/17/1980,"December 17, 1980",2374491,1,0.023465227752,False,0.000021902926
01301981,01/30/1981,"January 30, 1981",4817600,1,0.047033959698,False,0.000021902926
02031981,02/03/1981,"February 03, 1981",9470025,1,0.090354450097,False,0.000021902926
02071981,02/07/1981,"February 07, 1981",4776491,1,0.046642124350,False,0.000021902926
02081981,02/08/1981,"February 08, 1981",3327669,1,0.032729121618,False,0.000021902926
02111981,02/11/1981,"February 11, 1981",1039726,1,0.010343405335,False,0.000021902926
03051981,03/05/1981,"March 05, 1981",6089710,1,0.059079954515,False,0.000021902926
03161981,03/16/1981,"March 16, 1981",7218342,1,0.069639776491,False,0.000021902926
03261981,03/26/1981,"March 26, 1981",2702692,1,0.026664971005,False,0.000021902926
03281981,03/28/1981,"March 28, 1981",3090217,1,0.030429588485,False,0.000021902926
03291981,03/29/1981,"March 29, 1981",9832213,1,0.093643117979,False,0.000021902926
04041981,04/04/1981,"April 04, 1981",1718892,1,0.017042043325,False,0.000021902926
04091981,04/09/1981,"April 09, 1981",6607787,1,0.063942039361,False,0.000021902926
04171981,04/17/1981,"April 17, 1981",5369818,1,0.052281906370,False,0.000021902926
06021981,06/02/1981,"June 02, 1981",9609118,1,0.091618823863,False,0.000021902926
06111981,06/11/1981,"June 11, 1981",4454036,1,0.043563012474,False,0.000021902926
06221981,06/22/1981,"June 22, 1981",1394425,1,0.013847489266,False,0.000021902926
07211981,07/21/1981,"July 21, 1981",978340,1,0.009735708231,False,0.000021902926
07281981,07/28/1981,"July 28, 1981",3736189,1,0.036672556306,False,0.000021902926
07291981,07/29/1981,"July 29, 1981",9943494,1,0.094651160007,False,0.000021902926
08131981,08/13/1981,"August 13, 1981",9381671,1,0.089550386701,False,0.000021902926
08231981,08/23/1981,"August 23, 1981",5410451,1,0.052666914441,False,0.000021902926
08311981,08/31/1981,"August 31, 1981",4718081,1,0.046085105348,False,0.000021902926
09221981,09/22/1981,"September 22, 1981",1537295,1,0.015255399392,False,0.000021902926
10051981,10/05/1981,"October 05, 1981",4118508,1,0.040348508782,False,0.000021902926
10301981,10/30/1981,"October 30, 1981",8849773,1,0.084694821489,False,0.000021902926
11061981,11/06/1981,"November 06, 1981",2617960,1,0.025839895257,False,0.000021902926
11191981,11/19/1981,"November 19, 1981",9341861,1,0.089187864551,False,0.000021902926
12071981,12/07/1981,"December 07, 1981",5843768,1,0.056762988886,False,0.000021902926
12121981,12/12/1981,"December 12, 1981",2546160,1,0.025140197134,False,0.000021902926
12171981,12/17/1981,"December 17, 1981",6970987,1,0.067335635407,False,0.000021902926
12181981,12/18/1981,"December 18, 1981",5168215,1,0.050369351005,False,0.000021902926
01041982,01/04/1982,"January 04, 1982",9470925,1,0.090362636870,False,0.000021902926
01201982,01/20/1982,"January 20, 1982",4912139,1,0.047934458543,False,0.000021902926
01311982,01/31/1982,"January 31, 1982",4247863,1,0.041589063448,False,0.000021902926
02111982,02/11/1982,"February 11, 1982",226973,1,0.002267166111,False,0.000021902926
02161982,02/16/1982,"February 16, 1982",5446379,2,0.053007211141,False,0.000021902926
03071982,03/07/1982,"March 07, 1982",9352348,1,0.089283376412,False,0.000021902926
03141982,03/14/1982,"March 14, 1982",582212,1,0.005805214304,False,0.000021902926
03221982,03/22/1982,"March 22, 1982",23909,2,0.000239071420,False,0.000021902926
03251982,03/25/1982,"March 25, 1982",9326532,1,0.089048235456,False,0.000021902926
04111982,04/11/1982,"April 11, 1982",9983539,1,0.095013634373,False,0.000021902926
04191982,04/19/1982,"April 19, 1982",2464449,1,0.024343303902,False,0.000021902926
05121982,05/12/1982,"May 12, 1982",761131,1,0.007582427330,False,0.000021902926
05181982,05/18/1982,"May 18, 1982",7174489,1,0.069231696147,False,0.000021902926
06221982,06/22/1982,"June 22, 1982",6654236,1,0.064376727966,False,0.000021902926
06231982,06/23/1982,"June 23, 1982",7975413,1,0.076656669065,False,0.000021902926
07161982,07/16/1982,"July 16, 1982",997069,1,0.009921157465,False,0.000021902926
07301982,07/30/1982,"July 30, 1982",410348,1,0.004095082230,False,0.000021902926
08031982,08/03/1982,"August 03, 1982",164758,1,0.001646233485,False,0.000021902926
08191982,08/19/1982,"August 19, 1982",3861547,1,0.037879407734,False,0.000021902926
08231982,08/23/1982,"August 23, 1982",4608047,1,0.045034896935,False,0.000021902926
09021982,09/02/1982,"September 02, 1982",5283328,1,0.051461870409,False,0.000021902926
09041982,09/04/1982,"September 04, 1982",175370,1,0.001752173167,False,0.000021902926
09121982,09/12/1982,"September 12, 1982",7873328,1,0.075713592728,False,0.000021902926
09161982,09/16/1982,"September 16, 1982",8295937,1,0.079611468122,False,0.000021902926
09191982,09/19/1982,"September 19, 1982",5648137,1,0.054915918738,False,0.000021902926
10031982,10/03/1982,"October 03, 1982",3584134,1,0.035206654540,False,0.000021902926
10241982,10/24/1982,"October 24, 1982",7304340,1,0.070439523751,False,0.000021902926
10281982,10/28/1982,"October 28, 1982",3970114,1,0.038923386397,False,0.000021902926
11071982,11/07/1982,"November 07, 1982",5836468,1,0.056694130070,False,0.000021902926
11101982,11/10/1982,"November 10, 1982",9139395,1,0.087341911551,False,0.000021902926
11231982,11/23/1982,"November 23, 1982",2291319,1,0.022652686386,False,0.000021902926
11291982,11/29/1982,"November 29, 1982",5092213,1,0.049647338375,False,0.000021902926
12021982,12/02/1982,"December 02, 1982",3522684,1,0.034613606828,False,0.000021902926
12131982,12/13/1982,"December 13, 1982",47527,1,0.000475167077,False,0.000021902926
12241982,12/24/1982,"December 24, 1982",1688444,1,0.016742706715,False,0.000021902926
12291982,12/29/1982,"December 29, 1982",5365770,1,0.052243541964,False,0.000021902926
01021983,01/02/1983,"January 02, 1983",8570627,1,0.082136214206,False,0.000021902926
01141983,01/14/1983,"January 14, 1983",6642797,1,0.064269695897,False,0.000021902926
01181983,01/18/1983,"January 18, 1983",2312429,1,0.022858982631,False,0.000021902926
01241983,01/24/1983,"January 24, 1983",3434151,1,0.033758542833,False,0.000021902926
02281983,02/28/1983,"February 28, 1983",9748320,1,0.092882428955,False,0.000021902926
03241983,03/24/1983,"March 24, 1983",6005342,1,0.058285784117,False,0.000021902926
03261983,03/26/1983,"March 26, 1983",4034090,1,0.039538048139,False,0.000021902926
04011983,04/01/1983,"April 01, 1983",4377314,1,0.042828933317,False,0.000021902926
05081983,05/08/1983,"May 08, 1983",2819374,1,0.027800015470,False,0.000021902926
06151983,06/15/1983,"June 15, 1983",6241407,1,0.060506219936,False,0.000021902926
06161983,06/16/1983,"June 16, 1983",3538688,1,0.034768094906,False,0.000021902926
07091983,07/09/1983,"July 09, 1983",2916905,1,0.028747749604,False,0.000021902926
07241983,07/24/1983,"July 24, 1983",3880793,1,0.038064559647,False,0.000021902926
07271983,07/27/1983,"July 27, 1983",446980,1,0.004459835311,False,0.000021902926
08011983,08/01/1983,"August 01, 1983",9968854,1,0.094880727365,False,0.000021902926
08041983,08/04/1983,"August 04, 1983",4573267,1,0.044702702303,False,0.000021902926
08101983,08/10/1983,"August 10, 1983",95048,1,0.000950038437,False,0.000021902926
08121983,08/12/1983,"August 12, 1983",4100620,1,0.040176830967,False,0.000021902926
08151983,08/15/1983,"August 15, 1983",8633514,1,0.082713249751,False,0.000021902926
08181983,08/18/1983,"August 18, 1983",6492408,1,0.062861401741,False,0.000021902926
09011983,09/01/1983,"September 01, 1983",3109337,1,0.030614952628,False,0.000021902926
09041983,09/04/1983,"September 04, 1983",3286014,1,0.032326121000,False,0.000021902926
09061983,09/06/1983,"September 06, 1983",1010836,1,0.010057452238,False,0.000021902926
09141983,09/14/1983,"September 14, 1983",2363049,1,0.023353486249,False,0.000021902926
09151983,09/15/1983,"September 15, 1983",9444748,1,0.090124489927,False,0.000021902926
09301983,09/30/1983,"September 30, 1983",675438,1,0.006731630446,False,0.000021902926
10281983,10/28/1983,"October 28, 1983",5535753,1,0.053853198382,False,0.000021902926
11111983,11/11/1983,"November 11, 1983",4823490,1,0.047090087745,False,0.000021902926
11241983,11/24/1983,"November 24, 1983",7777889,1,0.074831041933,False,0.000021902926
11271983,11/27/1983,"November 27, 1983",4032102,1,0.039518953965,False,0.000021902926
12041983,12/04/1983,"December 04, 1983",329573,1,0.003290315043,False,0.000021902926
12201983,12/20/1983,"December 20, 1983",9620699,1,0.091724017397,False,0.000021902926
12211983,12/21/1983,"December 21, 1983",9603147,1,0.091564582803,False,0.000021902926
12281983,12/28/1983,"December 28, 1983",4571390,1,0.044684771204,False,0.000021902926
01061984,01/06/1984,"January 06, 1984",451436,1,0.004504195593,False,0.000021902926
01071984,01/07/1984,"January 07, 1984",8530824,1,0.081770804162,False,0.000021902926
01091984,01/09/1984,"January 09, 1984",8187678,1,0.078614525149,False,0.000021902926
01121984,01/12/1984,"January 12, 1984",1504514,3,0.014932537346,False,0.000021902926
01131984,01/13/1984,"January 13, 1984",7730609,1,0.074393518623,False,0.000021902926
01271984,01/27/1984,"January 27, 1984",2994971,1,0.029505671515,False,0.000021902926
02191984,02/19/1984,"February 19, 1984",9590467,1,0.091449385888,False,0.000021902926
02291984,02/29/1984,"February 29, 1984",9978535,1,0.094968347721,False,0.000021902926
03101984,03/10/1984,"March 10, 1984",5712870,1,0.055527502053,False,0.000021902926
03121984,03/12/1984,"March 12, 1984",5967831,1,0.057932471433,False,0.000021902926
03191984,03/19/1984,"March 19, 1984",7929112,1,0.076229052877,False,0.000021902926
04051984,04/05/1984,"April 05, 1984",9489240,1,0.090529221699,False,0.000021902926
04251984,04/25/1984,"April 25, 1984",2275804,1,0.022501039185,False,0.000021902926
05081984,05/08/1984,"May 08, 1984",3353049,1,0.032974583819,False,0.000021902926
05131984,05/13/1984,"May 13, 1984",2339932,1,0.023127688775,False,0.000021902926
05171984,05/17/1984,"May 17, 1984",1773770,1,0.017581323012,False,0.000021902926
05191984,05/19/1984,"May 19, 1984",4666841,1,0.045596194102,False,0.000021902926
06021984,06/02/1984,"June 02, 1984",1410283,2,0.014003860934,False,0.000021902926
06121984,06/12/1984,"June 12, 1984",8602492,1,0.082428644910,False,0.000021902926
06141984,06/14/1984,"June 14, 1984",9962043,1,0.094819077591,False,0.000021902926
07091984,07/09/1984,"July 09, 1984",554205,1,0.005526731172,False,0.000021902926
07101984,07/10/1984,"July 10, 1984",417063,1,0.004161955001,False,0.000021902926
07171984,07/17/1984,"July 17, 1984",4073304,1,0.039914609855,False,0.000021902926
07181984,07/18/1984,"July 18, 1984",776674,1,0.007736666808,False,0.000021902926
07301984,07/30/1984,"July 30, 1984",544575,2,0.005430958784,False,0.000021902926
08041984,08/04/1984,"August 04, 1984",3100827,1,0.030532454450,False,0.000021902926
08091984,08/09/1984,"August 09, 1984",3171479,1,0.031217160759,False,0.000021902926
08121984,08/12/1984,"August 12, 1984",27614,1,0.000276111877,False,0.000021902926
08161984,08/16/1984,"August 16, 1984",8375280,1,0.080341442373,False,0.000021902926
08191984,08/19/1984,"August 19, 1984",8654053,1,0.082901631932,False,0.000021902926
08251984,08/25/1984,"August 25, 1984",220269,1,0.002200275859,False,0.000021902926
08261984,08/26/1984,"August 26, 1984",7938379,1,0.076314654765,False,0.000021902926
09021984,09/02/1984,"September 02, 1984",7268117,1,0.070102748065,False,0.000021902926
09261984,09/26/1984,"September 26, 1984",7700891,1,0.074118406009,False,0.000021902926
09291984,09/29/1984,"September 29, 1984",6226154,1,0.060362908019,False,0.000021902926
10161984,10/16/1984,"October 16, 1984",9779438,1,0.093164661888,False,0.000021902926
10281984,10/28/1984,"October 28, 1984",4415183,1,0.043191335808,False,0.000021902926
11041984,11/04/1984,"November 04, 1984",683425,1,0.006810959624,False,0.000021902926
12041984,12/04/1984,"December 04, 1984",5085581,1,0.049584308896,False,0.000021902926
12161984,12/16/1984,"December 16, 1984",4821293,1,0.047069152084,False,0.000021902926
01181985,01/18/1985,"January 18, 1985",5226150,1,0.050919360188,False,0.000021902926
01261985,01/26/1985,"January 26, 1985",8734823,1,0.083642073224,False,0.000021902926
02181985,02/18/1985,"February 18, 1985",3468710,1,0.034092408528,False,0.000021902926
02281985,02/28/1985,"February 28, 1985",1554062,1,0.015420497680,False,0.000021902926
03271985,03/27/1985,"March 27, 1985",9133385,1,0.087287059151,False,0.000021902926
04201985,04/20/1985,"April 20, 1985",9697169,1,0.092418310551,False,0.000021902926
04231985,04/23/1985,"April 23, 1985",4677653,1,0.045699378665,False,0.000021902926
04241985,04/24/1985,"April 24, 1985",3297353,1,0.032435839322,False,0.000021902926
04261985,04/26/1985,"April 26, 1985",648579,1,0.006464812662,False,0.000021902926
05151985,05/15/1985,"May 15, 1985",4549480,1,0.044475438704,False,0.000021902926
05201985,05/20/1985,"May 20, 1985",3013598,2,0.029686428660,False,0.000021902926
06101985,06/10/1985,"June 10, 1985",8596127,1,0.082370239634,False,0.000021902926
06141985,06/14/1985,"June 14, 1985",7241223,1,0.069852627863,False,0.000021902926
06281985,06/28/1985,"June 28, 1985",5878073,1,0.057086510850,False,0.000021902926
07031985,07/03/1985,"July 03, 1985",3916755,2,0.038410428680,False,0.000021902926
07121985,07/12/1985,"July 12, 1985",9744292,1,0.092845889522,False,0.000021902926
07151985,07/15/1985,"July 15, 1985",382746,1,0.003820154611,False,0.000021902926
07311985,07/31/1985,"July 31, 1985",7288858,1,0.070295598056,False,0.000021902926
08051985,08/05/1985,"August 05, 1985",2465715,1,0.024355655637,False,0.000021902926
08091985,08/09/1985,"August 09, 1985",8439864,1,0.080935202904,False,0.000021902926
09081985,09/08/1985,"September 08, 1985",4504684,1,0.044047306031,False,0.000021902926
09221985,09/22/1985,"September 22, 1985",9032447,1,0.086365319840,False,0.000021902926
09261985,09/26/1985,"September 26, 1985",6641612,1,0.064258607427,False,0.000021902926
09301985,09/30/1985,"September 30, 1985",4222104,1,0.041342154573,False,0.000021902926
11051985,11/05/1985,"November 05, 1985",8331409,1,0.079937890448,False,0.000021902926
11251985,11/25/1985,"November 25, 1985",9808519,1,0.093428340333,False,0.000021902926
11271985,11/27/1985,"November 27, 1985",9392145,1,0.089645742201,False,0.000021902926
12051985,12/05/1985,"December 05, 1985",4627942,1,0.045224868346,False,0.000021902926
12111985,12/11/1985,"December 11, 1985",8254814,1,0.079232898908,False,0.000021902926
12221985,12/22/1985,"December 22, 1985",6494198,1,0.062878176372,False,0.000021902926
01011986,01/01/1986,"January 01, 1986",4861853,1,0.047455582466,False,0.000021902926
01021986,01/02/1986,"January 02, 1986",9201855,1,0.087911779811,False,0.000021902926
01071986,01/07/1986,"January 07, 1986",3115815,1,0.030677747359,False,0.000021902926
01191986,01/19/1986,"January 19, 1986",9357244,1,0.089327964007,False,0.000021902926
01311986,01/31/1986,"January 31, 1986",7198371,1,0.069453955694,False,0.000021902926
02011986,02/01/1986,"February 01, 1986",4341398,1,0.042485094010,False,0.000021902926
02091986,02/09/1986,"February 09, 1986",8409426,1,0.080655415379,False,0.000021902926
02131986,02/13/1986,"February 13, 1986",7555398,1,0.072770332649,False,0.000021902926
02171986,02/17/1986,"February 17, 1986",2038524,1,0.020178875702,False,0.000021902926
02251986,02/25/1986,"February 25, 1986",1342490,1,0.013335197937,False,0.000021902926
02281986,02/28/1986,"February 28, 1986",8795018,1,0.084193508899,False,0.000021902926
03131986,03/13/1986,"March 13, 1986",6161309,1,0.059753402745,False,0.000021902926
03221986,03/22/1986,"March 22, 1986",4404371,1,0.043087880062,False,0.000021902926
04011986,04/01/1986,"April 01, 1986",7767613,1,0.074735966685,False,0.000021902926
04051986,04/05/1986,"April 05, 1986",5540565,1,0.053898725871,False,0.000021902926
05161986,05/16/1986,"May 16, 1986",6755462,1,0.065323342798,False,0.000021902926
05221986,05/22/1986,"May 22, 1986",6267469,1,0.060751038904,False,0.000021902926
06131986,06/13/1986,"June 13, 1986",247401,1,0.002470962160,False,0.000021902926
06161986,06/16/1986,"June 16, 1986",2231211,1,0.022065045865,False,0.000021902926
06251986,06/25/1986,"June 25, 1986",7098873,1,0.068527620215,False,0.000021902926
07081986,07/08/1986,"July 08, 1986",5768750,1,0.056055125859,False,0.000021902926
07091986,07/09/1986,"July 09, 1986",8517145,1,0.081645190998,False,0.000021902926
07221986,07/22/1986,"July 22, 1986",2428752,1,0.023994961557,False,0.000021902926
08191986,08/19/1986,"August 19, 1986",5336306,1,0.051964253856,False,0.000021902926
08221986,08/22/1986,"August 22, 1986",3341982,1,0.032867557193,False,0.000021902926
08271986,08/27/1986,"August 27, 1986",8085093,1,0.077668836866,False,0.000021902926
09031986,09/03/1986,"September 03, 1986",7224869,1,0.069700499121,False,0.000021902926
09101986,09/10/1986,"September 10, 1986",1045198,1,0.010397557863,False,0.000021902926
09131986,09/13/1986,"September 13, 1986",2352756,1,0.023252954849,False,0.000021902926
09301986,09/30/1986,"September 30, 1986",2126431,1,0.021039828592,False,0.000021902926
10171986,10/17/1986,"October 17, 1986",3680643,1,0.036137317800,False,0.000021902926
10201986,10/20/1986,"October 20, 1986",9154589,1,0.087480570289,False,0.000021902926
10251986,10/25/1986,"October 25, 1986",1753286,1,0.017380063756,False,0.000021902926
11021986,11/02/1986,"November 02, 1986",8737076,1,0.083662718536,False,0.000021902926
11081986,11/08/1986,"November 08, 1986",9833400,1,0.093653876371,False,0.000021902926
11091986,11/09/1986,"November 09, 1986",8477937,1,0.081285051844,False,0.000021902926
11111986,11/11/1986,"November 11, 1986",9155732,1,0.087491000326,False,0.000021902926
11131986,11/13/1986,"November 13, 1986",7113331,1,0.068662282758,False,0.000021902926
11241986,11/24/1986,"November 24, 1986",979740,1,0.009749571834,False,0.000021902926
01221987,01/22/1987,"January 22, 1987",5322079,1,0.051829367214,False,0.000021902926
01311987,01/31/1987,"January 31, 1987",4971902,1,0.048503271492,False,0.000021902926
02161987,02/16/1987,"February 16, 1987",8133715,1,0.078117183722,False,0.000021902926
02181987,02/18/1987,"February 18, 1987",7567150,1,0.072879294278,False,0.000021902926
02201987,02/20/1987,"February 20, 1987",2449028,1,0.024192836280,False,0.000021902926
02271987,02/27/1987,"February 27, 1987",9537444,1,0.090967517351,False,0.000021902926
03101987,03/10/1987,"March 10, 1987",608630,1,0.006067825995,False,0.000021902926
03221987,03/22/1987,"March 22, 1987",6200090,1,0.060117969086,False,0.000021902926
03291987,03/29/1987,"March 29, 1987",3845859,2,0.037728458414,False,0.000021902926
04171987,04/17/1987,"April 17, 1987",5961471,2,0.057872554032,False,0.000021902926
05151987,05/15/1987,"May 15, 1987",2232270,1,0.022075402142,False,0.000021902926
05261987,05/26/1987,"May 26, 1987",3367367,1,0.033113032607,False,0.000021902926
06021987,06/02/1987,"June 02, 1987",9701046,1,0.092453496811,False,0.000021902926
06151987,06/15/1987,"June 15, 1987",7799021,1,0.075026527983,False,0.000021902926
06231987,06/23/1987,"June 23, 1987",4641901,1,0.045358136106,False,0.000021902926
06271987,06/27/1987,"June 27, 1987",2895781,1,0.028542560605,False,0.000021902926
06281987,06/28/1987,"June 28, 1987",8505350,1,0.081536864659,False,0.000021902926
07191987,07/19/1987,"July 19, 1987",8141323,1,0.078187317899,False,0.000021902926
08241987,08/24/1987,"August 24, 1987",3941507,1,0.038648411879,False,0.000021902926
09051987,09/05/1987,"September 05, 1987",4441825,1,0.043446214821,False,0.000021902926
09061987,09/06/1987,"September 06, 1987",8050602,1,0.077350660753,False,0.000021902926
09071987,09/07/1987,"September 07, 1987",3403597,1,0.033463272309,False,0.000021902926
09081987,09/08/1987,"September 08, 1987",7173998,1,0.069227126063,False,0.000021902926
09101987,09/10/1987,"September 10, 1987",7132100,1,0.068837069133,False,0.000021902926
09201987,09/20/1987,"September 20, 1987",7385285,1,0.071191652040,False,0.000021902926
09211987,09/21/1987,"September 21, 1987",7288931,1,0.070296276740,False,0.000021902926
09221987,09/22/1987,"September 22, 1987",6549168,1,0.063393170685,False,0.000021902926
10161987,10/16/1987,"October 16, 1987",1850424,1,0.018334097679,False,0.000021902926
10171987,10/17/1987,"October 17, 1987",6633848,1,0.064185953644,False,0.000021902926
10281987,10/28/1987,"October 28, 1987",4904768,1,0.047864279205,False,0.000021902926
10301987,10/30/1987,"October 30, 1987",2871529,1,0.028306934173,False,0.000021902926
11031987,11/03/1987,"November 03, 1987",1383059,1,0.013735396800,False,0.000021902926
11241987,11/24/1987,"November 24, 1987",6628173,1,0.064132844690,False,0.000021902926
12071987,12/07/1987,"December 07, 1987",6397655,1,0.061973013976,False,0.000021902926
01061988,01/06/1988,"January 06, 1988",7460336,1,0.071888470483,False,0.000021902926
01081988,01/08/1988,"January 08, 1988",767125,1,0.007641911057,False,0.000021902926
01121988,01/12/1988,"January 12, 1988",2203239,1,0.021791459635,False,0.000021902926
03021988,03/02/1988,"March 02, 1988",340808,1,0.003402289087,False,0.000021902926
03121988,03/12/1988,"March 12, 1988",3910447,1,0.038349769696,False,0.000021902926
03191988,03/19/1988,"March 19, 1988",6575395,1,0.063638782351,False,0.000021902926
03231988,03/23/1988,"March 23, 1988",288939,1,0.002885229730,False,0.000021902926
04041988,04/04/1988,"April 04, 1988",4826253,1,0.047116416282,False,0.000021902926
04071988,04/07/1988,"April 07, 1988",9353125,1,0.089290452653,False,0.000021902926
04211988,04/21/1988,"April 21, 1988",3110576,1,0.030626963235,False,0.000021902926
04241988,04/24/1988,"April 24, 1988",510412,1,0.005091126113,False,0.000021902926
04251988,04/25/1988,"April 25, 1988",8260161,1,0.079282131010,False,0.000021902926
05141988,05/14/1988,"May 14, 1988",3387929,1,0.033311823469,False,0.000021902926
06181988,06/18/1988,"June 18, 1988",993038,1,0.009881246582,False,0.000021902926
06281988,06/28/1988,"June 28, 1988",5827480,1,0.056609341927,False,0.000021902926
07031988,07/03/1988,"July 03, 1988",1178294,1,0.011713803013,False,0.000021902926
07121988,07/12/1988,"July 12, 1988",2218459,1,0.021940331647,False,0.000021902926
07201988,07/20/1988,"July 20, 1988",1779890,1,0.017641445196,False,0.000021902926
07251988,07/25/1988,"July 25, 1988",9466151,1,0.090319209745,False,0.000021902926
07301988,07/30/1988,"July 30, 1988",4141663,1,0.040570690363,False,0.000021902926
08201988,08/20/1988,"August 20, 1988",9936275,1,0.094585800515,False,0.000021902926
09011988,09/01/1988,"September 01, 1988",3230986,1,0.031793482876,False,0.000021902926
09031988,09/03/1988,"September 03, 1988",314930,1,0.003144356157,False,0.000021902926
09071988,09/07/1988,"September 07, 1988",4748928,1,0.046379314099,False,0.000021902926
09211988,09/21/1988,"September 21, 1988",2238217,1,0.022133557589,False,0.000021902926
09291988,09/29/1988,"September 29, 1988",3778033,1,0.037075566722,False,0.000021902926
10051988,10/05/1988,"October 05, 1988",6481913,1,0.062763043883,False,0.000021902926
10131988,10/13/1988,"October 13, 1988",9045154,1,0.086481408024,False,0.000021902926
10221988,10/22/1988,"October 22, 1988",3388289,1,0.033315303540,False,0.000021902926
10261988,10/26/1988,"October 26, 1988",6756900,1,0.065336783351,False,0.000021902926
10301988,10/30/1988,"October 30, 1988",4582393,1,0.044789878758,False,0.000021902926
10311988,10/31/1988,"October 31, 1988",9458800,1,0.090252336652,False,0.000021902926
11031988,11/03/1988,"November 03, 1988",7677927,1,0.073905762143,False,0.000021902926
11081988,11/08/1988,"November 08, 1988",4188957,1,0.041024335583,False,0.000021902926
11211988,11/21/1988,"November 21, 1988",4193642,1,0.041069262541,False,0.000021902926
11231988,11/23/1988,"November 23, 1988",3560603,1,0.034979602303,False,0.000021902926
11281988,11/28/1988,"November 28, 1988",5419217,1,0.052749954020,False,0.000021902926
12171988,12/17/1988,"December 17, 1988",2526352,1,0.024947077776,False,0.000021902926
12241988,12/24/1988,"December 24, 1988",3056000,1,0.030097773809,False,0.000021902926
12261988,12/26/1988,"December 26, 1988",3873594,1,0.037995307422,False,0.000021902926
01051989,01/05/1989,"January 05, 1989",2531217,1,0.024994512947,False,0.000021902926
01111989,01/11/1989,"January 11, 1989",2559426,1,0.025269513459,False,0.000021902926
01141989,01/14/1989,"January 14, 1989",7903040,1,0.075988175914,False,0.000021902926
01241989,01/24/1989,"January 24, 1989",8430561,1,0.080849698327,False,0.000021902926
01261989,01/26/1989,"January 26, 1989",5153834,1,0.050232774800,False,0.000021902926
02261989,02/26/1989,"February 26, 1989",2146564,1,0.021236902807,False,0.000021902926
03011989,03/01/1989,"March 01, 1989",5322524,1,0.051833586564,False,0.000021902926
03031989,03/03/1989,"March 03, 1989",8193576,1,0.078668866862,False,0.000021902926
03081989,03/08/1989,"March 08, 1989",1317812,1,0.013091678748,False,0.000021902926
03161989,03/16/1989,"March 16, 1989",9961600,1,0.094815067631,False,0.000021902926
03251989,03/25/1989,"March 25, 1989",8971837,1,0.085811398005,False,0.000021902926
03281989,03/28/1989,"March 28, 1989",130247,1,0.001301632154,False,0.000021902926
04031989,04/03/1989,"April 03, 1989",7777863,1,0.074830801389,False,0.000021902926
04191989,04/19/1989,"April 19, 1989",2965671,1,0.029221275012,False,0.000021902926
04251989,04/25/1989,"April 25, 1989",4535554,1,0.044342363087,False,0.000021902926
05011989,05/01/1989,"May 01, 1989",1961173,1,0.019420681059,False,0.000021902926
05101989,05/10/1989,"May 10, 1989",5597866,1,0.054440696075,False,0.000021902926
05131989,05/13/1989,"May 13, 1989",8303273,1,0.079678985349,False,0.000021902926
05281989,05/28/1989,"May 28, 1989",683948,1,0.006816153989,False,0.000021902926
05291989,05/29/1989,"May 29, 1989",6387823,1,0.061880782628,False,0.000021902926
06061989,06/06/1989,"June 06, 1989",611814,1,0.006099472292,False,0.000021902926
06121989,06/12/1989,"June 12, 1989",7575259,1,0.072954471449,False,0.000021902926
06201989,06/20/1989,"June 20, 1989",5253798,1,0.051181725735,False,0.000021902926
06281989,06/28/1989,"June 28, 1989",1427296,1,0.014171594190,False,0.000021902926
07011989,07/01/1989,"July 01, 1989",7025062,1,0.067839837332,False,0.000021902926
07131989,07/13/1989,"July 13, 1989",9683567,1,0.092294852892,False,0.000021902926
07241989,07/24/1989,"July 24, 1989",6873116,1,0.066422380625,False,0.000021902926
07281989,07/28/1989,"July 28, 1989",9354014,1,0.089298548825,False,0.000021902926
08071989,08/07/1989,"August 07, 1989",5733171,1,0.055719219956,False,0.000021902926
08111989,08/11/1989,"August 11, 1989",641009,2,0.006389599200,False,0.000021902926
08301989,08/30/1989,"August 30, 1989",6186650,1,0.059991640451,False,0.000021902926
09041989,09/04/1989,"September 04, 1989",1676031,1,0.016620647411,False,0.000021902926
09141989,09/14/1989,"September 14, 1989",5307400,1,0.051690175030,False,0.000021902926
09181989,09/18/1989,"September 18, 1989",5368103,1,0.052265652865,False,0.000021902926
10091989,10/09/1989,"October 09, 1989",231258,1,0.002309918047,False,0.000021902926
11041989,11/04/1989,"November 04, 1989",8875853,1,0.084933501956,False,0.000021902926
11201989,11/20/1989,"November 20, 1989",4694899,1,0.045863943161,False,0.000021902926
12011989,12/01/1989,"December 01, 1989",8395512,1,0.080527488873,False,0.000021902926
12061989,12/06/1989,"December 06, 1989",1172746,1,0.011658971374,False,0.000021902926
12071989,12/07/1989,"December 07, 1989",2663603,2,0.026284429701,False,0.000021902926
12161989,12/16/1989,"December 16, 1989",7410178,1,0.071422831529,False,0.000021902926
12191989,12/19/1989,"December 19, 1989",7548959,1,0.072710626408,False,0.000021902926
12211989,12/21/1989,"December 21, 1989",3392396,1,0.033355004466,False,0.000021902926
01171990,01/17/1990,"January 17, 1990",3663850,1,0.035975442747,False,0.000021902926
01211990,01/21/1990,"January 21, 1990",6186310,1,0.059988444417,False,0.000021902926
03051990,03/05/1990,"March 05, 1990",2030775,1,0.020102946421,False,0.000021902926
03111990,03/11/1990,"March 11, 1990",2264414,1,0.022389695711,False,0.000021902926
03191990,03/19/1990,"March 19, 1990",7581989,1,0.073016859514,False,0.000021902926
04171990,04/17/1990,"April 17, 1990",2382623,1,0.023544636331,False,0.000021902926
04231990,04/23/1990,"April 23, 1990",499315,1,0.004980714948,False,0.000021902926
05041990,05/04/1990,"May 04, 1990",2548468,1,0.025162696638,False,0.000021902926
05151990,05/15/1990,"May 15, 1990",1372473,1,0.013630985302,False,0.000021902926
05241990,05/24/1990,"May 24, 1990",2672729,2,0.026373286931,False,0.000021902926
05281990,05/28/1990,"May 28, 1990",2265871,1,0.022403939390,False,0.000021902926
05291990,05/29/1990,"May 29, 1990",9189073,1,0.087795189242,False,0.000021902926
06181990,06/18/1990,"June 18, 1990",1102813,1,0.010967553099,False,0.000021902926
06191990,06/19/1990,"June 19, 1990",4630494,1,0.045249233897,False,0.000021902926
06261990,06/26/1990,"June 26, 1990",3615370,1,0.035507970331,False,0.000021902926
07061990,07/06/1990,"July 06, 1990",7289116,2,0.070297996690,False,0.000021902926
07231990,07/23/1990,"July 23, 1990",1456864,3,0.014463040846,False,0.000021902926
08011990,08/01/1990,"August 01, 1990",7394417,1,0.071276466946,False,0.000021902926
08091990,08/09/1990,"August 09, 1990",4738480,1,0.046279674603,False,0.000021902926
09031990,09/03/1990,"September 03, 1990",4463794,1,0.043656337043,False,0.000021902926
09271990,09/27/1990,"September 27, 1990",5986582,1,0.058109101957,False,0.000021902926
10031990,10/03/1990,"October 03, 1990",7938757,1,0.076318146289,False,0.000021902926
10171990,10/17/1990,"October 17, 1990",3953302,1,0.038761796613,False,0.000021902926
11011990,11/01/1990,"November 01, 1990",4646593,1,0.045402926852,False,0.000021902926
11141990,11/14/1990,"November 14, 1990",5414394,1,0.052704267048,False,0.000021902926
11171990,11/17/1990,"November 17, 1990",3742958,1,0.036737761734,False,0.000021902926
11211990,11/21/1990,"November 21, 1990",1389388,1,0.013797815512,False,0.000021902926
01071991,01/07/1991,"January 07, 1991",706493,1,0.007040042051,False,0.000021902926
01201991,01/20/1991,"January 20, 1991",8205786,1,0.078781354527,False,0.000021902926
01251991,01/25/1991,"January 25, 1991",4159767,1,0.040744369725,False,0.000021902926
01261991,01/26/1991,"January 26, 1991",916130,1,0.009119473148,False,0.000021902926
01281991,01/28/1991,"January 28, 1991",2956144,1,0.029128784516,False,0.000021902926
02041991,02/04/1991,"February 04, 1991",348502,1,0.003478964366,False,0.000021902926
02261991,02/26/1991,"February 26, 1991",8707440,1,0.083391112572,False,0.000021902926
03051991,03/05/1991,"March 05, 1991",7655473,1,0.073697793593,False,0.000021902926
03171991,03/17/1991,"March 17, 1991",426390,1,0.004254832485,False,0.000021902926
03181991,03/18/1991,"March 18, 1991",7540858,1,0.072635503653,False,0.000021902926
03241991,03/24/1991,"March 24, 1991",741998,1,0.007392529908,False,0.000021902926
04141991,04/14/1991,"April 14, 1991",2570064,1,0.025373199774,False,0.000021902926
04181991,04/18/1991,"April 18, 1991",766889,1,0.007639569089,False,0.000021902926
04261991,04/26/1991,"April 26, 1991",9125732,1,0.087217206556,False,0.000021902926
05121991,05/12/1991,"May 12, 1991",3973003,1,0.038951151500,False,0.000021902926
05141991,05/14/1991,"May 14, 1991",1272502,1,0.012644409262,False,0.000021902926
05151991,05/15/1991,"May 15, 1991",5168793,1,0.050374839855,False,0.000021902926
05231991,05/23/1991,"May 23, 1991",7729101,1,0.074379560372,False,0.000021902926
05291991,05/29/1991,"May 29, 1991",3829302,1,0.037569121923,False,0.000021902926
06011991,06/01/1991,"June 01, 1991",2114378,1,0.020921827411,False,0.000021902926
06151991,06/15/1991,"June 15, 1991",2370044,1,0.023421800284,False,0.000021902926
07041991,07/04/1991,"July 04, 1991",9391020,1,0.089635500657,False,0.000021902926
07071991,07/07/1991,"July 07, 1991",7450343,1,0.071795719662,False,0.000021902926
07241991,07/24/1991,"July 24, 1991",4978880,1,0.048569664618,False,0.000021902926
07281991,07/28/1991,"July 28, 1991",4814637,1,0.047005722895,False,0.000021902926
07311991,07/31/1991,"July 31, 1991",3256740,1,0.032042802679,False,0.000021902926
08041991,08/04/1991,"August 04, 1991",376173,2,0.003754673557,False,0.000021902926
08071991,08/07/1991,"August 07, 1991",8441408,1,0.080949393155,False,0.000021902926
08211991,08/21/1991,"August 21, 1991",2395605,1,0.023671391540,False,0.000021902926
08231991,08/23/1991,"August 23, 1991",6731763,1,0.065101807525,False,0.000021902926
08291991,08/29/1991,"August 29, 1991",821778,1,0.008184116350,False,0.000021902926
09061991,09/06/1991,"September 06, 1991",2203265,1,0.021791713969,False,0.000021902926
09191991,09/19/1991,"September 19, 1991",6067263,1,0.058868722484,False,0.000021902926
09231991,09/23/1991,"September 23, 1991",144960,1,0.001448559837,False,0.000021902926
09271991,09/27/1991,"September 27, 1991",2757640,1,0.027199652230,False,0.000021902926
10071991,10/07/1991,"October 07, 1991",1567732,1,0.015555080500,False,0.000021902926
10121991,10/12/1991,"October 12, 1991",3070900,1,0.030242278476,False,0.000021902926
10211991,10/21/1991,"October 21, 1991",8667817,1,0.083027852666,False,0.000021902926
11111991,11/11/1991,"November 11, 1991",3930927,1,0.038546695499,False,0.000021902926
11171991,11/17/1991,"November 17, 1991",5164096,1,0.050330234913,False,0.000021902926
11191991,11/19/1991,"November 19, 1991",8850189,1,0.084698629150,False,0.000021902926
11231991,11/23/1991,"November 23, 1991",7177507,1,0.069259786310,False,0.000021902926
11271991,11/27/1991,"November 27, 1991",7111476,1,0.068645006283,False,0.000021902926
01071992,01/07/1992,"January 07, 1992",3799237,1,0.037279723575,False,0.000021902926
01091992,01/09/1992,"January 09, 1992",1217173,1,0.012097964124,False,0.000021902926
01241992,01/24/1992,"January 24, 1992",7239390,1,0.069835578106,False,0.000021902926
01251992,01/25/1992,"January 25, 1992",4363210,1,0.042693924388,False,0.000021902926
02081992,02/08/1992,"February 08, 1992",3567622,2,0.035047334709,False,0.000021902926
02121992,02/12/1992,"February 12, 1992",1320036,1,0.013113627345,False,0.000021902926
02161992,02/16/1992,"February 16, 1992",4530971,1,0.044298564293,False,0.000021902926
02211992,02/21/1992,"February 21, 1992",910261,1,0.009061316663,False,0.000021902926
03151992,03/15/1992,"March 15, 1992",7371802,1,0.071066412366,False,0.000021902926
03251992,03/25/1992,"March 25, 1992",9314624,1,0.088939752860,False,0.000021902926
03261992,03/26/1992,"March 26, 1992",3417647,1,0.033599061182,False,0.000021902926
04051992,04/05/1992,"April 05, 1992",2260623,1,0.022352633802,False,0.000021902926
04151992,04/15/1992,"April 15, 1992",2921968,1,0.028796922861,False,0.000021902926
04201992,04/20/1992,"April 20, 1992",7108692,1,0.068619076999,False,0.000021902926
04281992,04/28/1992,"April 28, 1992",7724305,1,0.074335166550,False,0.000021902926
06011992,06/01/1992,"June 01, 1992",6179789,1,0.059927144264,False,0.000021902926
06031992,06/03/1992,"June 03, 1992",5055434,1,0.049297743881,False,0.000021902926
06061992,06/06/1992,"June 06, 1992",8474059,1,0.081249423387,False,0.000021902926
06141992,06/14/1992,"June 14, 1992",5469616,1,0.053227238292,False,0.000021902926
07131992,07/13/1992,"July 13, 1992",5431192,1,0.052863380423,False,0.000021902926
07171992,07/17/1992,"July 17, 1992",4033632,1,0.039533649213,False,0.000021902926
07311992,07/31/1992,"July 31, 1992",4101882,1,0.040188943859,False,0.000021902926
08021992,08/02/1992,"August 02, 1992",5705986,1,0.055462482328,False,0.000021902926
08141992,08/14/1992,"August 14, 1992",8352539,1,0.080132279036,False,0.000021902926
08151992,08/15/1992,"August 15, 1992",7125771,1,0.068778133965,False,0.000021902926
08161992,08/16/1992,"August 16, 1992",7291578,1,0.070320885672,False,0.000021902926
09051992,09/05/1992,"September 05, 1992",2623717,1,0.025895976041,False,0.000021902926
09091992,09/09/1992,"September 09, 1992",5848419,1,0.056806857819,False,0.000021902926
10171992,10/17/1992,"October 17, 1992",7570680,1,0.072912021062,False,0.000021902926
10251992,10/25/1992,"October 25, 1992",712114,1,0.007095854762,False,0.000021902926
11111992,11/11/1992,"November 11, 1992",6931414,1,0.066966479096,False,0.000021902926
11121992,11/12/1992,"November 12, 1992",7383656,1,0.071176521629,False,0.000021902926
11171992,11/17/1992,"November 17, 1992",5159592,1,0.050287460823,False,0.000021902926
12011992,12/01/1992,"December 01, 1992",1643694,1,0.016302600606,False,0.000021902926
01281993,01/28/1993,"January 28, 1993",3075535,1,0.030287225705,False,0.000021902926
01301993,01/30/1993,"January 30, 1993",1392124,1,0.013824797635,False,0.000021902926
02051993,02/05/1993,"February 05, 1993",5484170,1,0.053365021575,False,0.000021902926
02271993,02/27/1993,"February 27, 1993",7658084,1,0.073721979028,False,0.000021902926
03161993,03/16/1993,"March 16, 1993",9499857,1,0.090625775087,False,0.000021902926
04031993,04/03/1993,"April 03, 1993",514602,1,0.005132811922,False,0.000021902926
06121993,06/12/1993,"June 12, 1993",8686908,1,0.083202895112,False,0.000021902926
06131993,06/13/1993,"June 13, 1993",5168171,1,0.050368933168,False,0.000021902926
06171993,06/17/1993,"June 17, 1993",9059085,1,0.086608661436,False,0.000021902926
07061993,07/06/1993,"July 06, 1993",9948119,1,0.094693031423,False,0.000021902926
07241993,07/24/1993,"July 24, 1993",3724356,2,0.036558559024,False,0.000021902926
08111993,08/11/1993,"August 11, 1993",3415968,1,0.033582835173,False,0.000021902926
08221993,08/22/1993,"August 22, 1993",7116275,1,0.068689700937,False,0.000021902926
08261993,08/26/1993,"August 26, 1993",3639567,1,0.035741320237,False,0.000021902926
08311993,08/31/1993,"August 31, 1993",7704333,1,0.074150274305,False,0.000021902926
09021993,09/02/1993,"September 02, 1993",8928882,1,0.085418623935,False,0.000021902926
09131993,09/13/1993,"September 13, 1993",8889586,1,0.085059159411,False,0.000021902926
10131993,10/13/1993,"October 13, 1993",2824922,1,0.027853951629,False,0.000021902926
10191993,10/19/1993,"October 19, 1993",3862617,1,0.037889702370,False,0.000021902926
10211993,10/21/1993,"October 21, 1993",2055621,1,0.020346381402,False,0.000021902926
10241993,10/24/1993,"October 24, 1993",185400,1,0.001852292404,False,0.000021902926
10311993,10/31/1993,"October 31, 1993",1645893,2,0.016324231874,False,0.000021902926
11071993,11/07/1993,"November 07, 1993",8425025,1,0.080798812758,False,0.000021902926
11111993,11/11/1993,"November 11, 1993",5723214,1,0.055625193237,False,0.000021902926
11131993,11/13/1993,"November 13, 1993",9267449,1,0.088509858790,False,0.000021902926
12181993,12/18/1993,"December 18, 1993",645826,1,0.006437460261,False,0.000021902926
01051994,01/05/1994,"January 05, 1994",6529647,1,0.063210317817,False,0.000021902926
01091994,01/09/1994,"January 09, 1994",1211150,1,0.012038460992,False,0.000021902926
01221994,01/22/1994,"January 22, 1994",1285545,1,0.012773181655,False,0.000021902926
01251994,01/25/1994,"January 25, 1994",4962047,1,0.048409496867,False,0.000021902926
01301994,01/30/1994,"January 30, 1994",7651042,1,0.073656748232,False,0.000021902926
02161994,02/16/1994,"February 16, 1994",3779776,1,0.037092350348,False,0.000021902926
02191994,02/19/1994,"February 19, 1994",2117028,1,0.020947772639,False,0.000021902926
03071994,03/07/1994,"March 07, 1994",2240396,1,0.022154865067,False,0.000021902926
03131994,03/13/1994,"March 13, 1994",3367221,1,0.033111620951,False,0.000021902926
04011994,04/01/1994,"April 01, 1994",4286260,1,0.041956993858,False,0.000021902926
04021994,04/02/1994,"April 02, 1994",7399194,1,0.071320831010,False,0.000021902926
04241994,04/24/1994,"April 24, 1994",9158587,1,0.087517052086,False,0.000021902926
05071994,05/07/1994,"May 07, 1994",7649182,1,0.073639518087,False,0.000021902926
06081994,06/08/1994,"June 08, 1994",9796212,1,0.093316761692,False,0.000021902926
08041994,08/04/1994,"August 04, 1994",1718565,1,0.017038829048,False,0.000021902926
08111994,08/11/1994,"August 11, 1994",4817021,1,0.047028442008,False,0.000021902926
09101994,09/10/1994,"September 10, 1994",3645830,1,0.035801709867,False,0.000021902926
09141994,09/14/1994,"September 14, 1994",9792421,1,0.093282388679,False,0.000021902926
09231994,09/23/1994,"September 23, 1994",5884051,1,0.057142876535,False,0.000021902926
09291994,09/29/1994,"September 29, 1994",1936180,1,0.019175574239,False,0.000021902926
10101994,10/10/1994,"October 10, 1994",9368121,1,0.089427012419,False,0.000021902926
10181994,10/18/1994,"October 18, 1994",1842381,1,0.018255139115,False,0.000021902926
10261994,10/26/1994,"October 26, 1994",5455201,1,0.053090751160,False,0.000021902926
11091994,11/09/1994,"November 09, 1994",499360,2,0.004981162707,False,0.000021902926
11211994,11/21/1994,"November 21, 1994",3741987,1,0.036728408412,False,0.000021902926
11251994,11/25/1994,"November 25, 1994",5416704,1,0.052726149327,False,0.000021902926
12131994,12/13/1994,"December 13, 1994",6647642,1,0.064315030932,False,0.000021902926
12141994,12/14/1994,"December 14, 1994",73826,1,0.000737997553,False,0.000021902926
01121995,01/12/1995,"January 12, 1995",174449,1,0.001742979262,False,0.000021902926
01261995,01/26/1995,"January 26, 1995",7067402,1,0.068234430407,False,0.000021902926
02101995,02/10/1995,"February 10, 1995",7137619,1,0.068888458597,False,0.000021902926
02171995,02/17/1995,"February 17, 1995",6365501,1,0.061671352280,False,0.000021902926
03041995,03/04/1995,"March 04, 1995",8373149,1,0.080321844240,False,0.000021902926
03171995,03/17/1995,"March 17, 1995",5302496,1,0.051643668775,False,0.000021902926
04191995,04/19/1995,"April 19, 1995",333041,1,0.003324880336,False,0.000021902926
04281995,04/28/1995,"April 28, 1995",5355526,1,0.052146448819,False,0.000021902926
05111995,05/11/1995,"May 11, 1995",875209,1,0.008713911950,False,0.000021902926
05161995,05/16/1995,"May 16, 1995",6865922,1,0.066355216635,False,0.000021902926
06011995,06/01/1995,"June 01, 1995",3564254,1,0.035014834555,False,0.000021902926
06091995,06/09/1995,"June 09, 1995",5657561,1,0.055004979266,False,0.000021902926
06161995,06/16/1995,"June 16, 1995",4048274,1,0.039674270402,False,0.000021902926
06301995,06/30/1995,"June 30, 1995",7221791,1,0.069671864062,False,0.000021902926
07261995,07/26/1995,"July 26, 1995",7931515,1,0.076251250826,False,0.000021902926
08091995,08/09/1995,"August 09, 1995",7598479,1,0.073169706433,False,0.000021902926
08131995,08/13/1995,"August 13, 1995",3488246,1,0.034281089806,False,0.000021902926
08141995,08/14/1995,"August 14, 1995",354506,1,0.003538793694,False,0.000021902926
09061995,09/06/1995,"September 06, 1995",6180722,1,0.059935915103,False,0.000021902926
09081995,09/08/1995,"September 08, 1995",7599028,1,0.073174794718,False,0.000021902926
10061995,10/06/1995,"October 06, 1995",7160320,1,0.069099806241,False,0.000021902926
10171995,10/17/1995,"October 17, 1995",260065,1,0.002597281239,False,0.000021902926
10251995,10/25/1995,"October 25, 1995",9829087,1,0.093614784820,False,0.000021902926
11131995,11/13/1995,"November 13, 1995",6172660,1,0.059860124081,False,0.000021902926
11171995,11/17/1995,"November 17, 1995",6916017,1,0.066822808864,False,0.000021902926
11221995,11/22/1995,"November 22, 1995",7636319,1,0.073520352673,False,0.000021902926
12151995,12/15/1995,"December 15, 1995",4330243,1,0.042378277264,False,0.000021902926
12171995,12/17/1995,"December 17, 1995",6341487,1,0.061445994979,False,0.000021902926
12291995,12/29/1995,"December 29, 1995",8595390,1,0.082363476678,False,0.000021902926
01101996,01/10/1996,"January 10, 1996",1246647,1,0.012389095467,False,0.000021902926
01231996,01/23/1996,"January 23, 1996",481678,1,0.004805207919,False,0.000021902926
01241996,01/24/1996,"January 24, 1996",3846102,1,0.037730796731,False,0.000021902926
02101996,02/10/1996,"February 10, 1996",5948065,1,0.057746243959,False,0.000021902926
03121996,03/12/1996,"March 12, 1996",3187755,1,0.031374827024,False,0.000021902926
03151996,03/15/1996,"March 15, 1996",8848234,1,0.084680734833,False,0.000021902926
04041996,04/04/1996,"April 04, 1996",4407714,1,0.043119869100,False,0.000021902926
04081996,04/08/1996,"April 08, 1996",2839909,1,0.027999636242,False,0.000021902926
04211996,04/21/1996,"April 21, 1996",3376785,1,0.033204089735,False,0.000021902926
05261996,05/26/1996,"May 26, 1996",7614316,1,0.073316476926,False,0.000021902926
05291996,05/29/1996,"May 29, 1996",9181498,1,0.087726087110,False,0.000021902926
06011996,06/01/1996,"June 01, 1996",1914609,1,0.018963977779,False,0.000021902926
06201996,06/20/1996,"June 20, 1996",2836213,1,0.027963710444,False,0.000021902926
06221996,06/22/1996,"June 22, 1996",9642758,1,0.091924351901,False,0.000021902926
07071996,07/07/1996,"July 07, 1996",696655,1,0.006942349844,False,0.000021902926
07121996,07/12/1996,"July 12, 1996",2841819,1,0.028018201271,False,0.000021902926
07131996,07/13/1996,"July 13, 1996",1548985,1,0.015370509309,False,0.000021902926
08061996,08/06/1996,"August 06, 1996",5538433,1,0.053878554776,False,0.000021902926
08241996,08/24/1996,"August 24, 1996",5415645,1,0.052716117644,False,0.000021902926
09041996,09/04/1996,"September 04, 1996",6223654,1,0.060339416798,False,0.000021902926
09201996,09/20/1996,"September 20, 1996",4000129,1,0.039211810258,False,0.000021902926
09291996,09/29/1996,"September 29, 1996",4060792,2,0.039794476455,False,0.000021902926
11031996,11/03/1996,"November 03, 1996",3251457,1,0.031991664149,False,0.000021902926
11051996,11/05/1996,"November 05, 1996",5891173,1,0.057210024428,False,0.000021902926
11191996,11/19/1996,"November 19, 1996",1245079,1,0.012373609606,False,0.000021902926
11201996,11/20/1996,"November 20, 1996",4988993,1,0.048665877903,False,0.000021902926
12061996,12/06/1996,"December 06, 1996",7842505,1,0.075428656015,False,0.000021902926
12081996,12/08/1996,"December 08, 1996",1826768,1,0.018101847322,False,0.000021902926
12141996,12/14/1996,"December 14, 1996",4093054,1,0.040104207998,False,0.000021902926
12251996,12/25/1996,"December 25, 1996",325609,1,0.003250804688,False,0.000021902926
01011997,01/01/1997,"January 01, 1997",3593899,1,0.035300862012,False,0.000021902926
01051997,01/05/1997,"January 05, 1997",7787056,1,0.074915848285,False,0.000021902926
01171997,01/17/1997,"January 17, 1997",7132839,1,0.068843950402,False,0.000021902926
01181997,01/18/1997,"January 18, 1997",9489137,1,0.090528284944,False,0.000021902926
02171997,02/17/1997,"February 17, 1997",1477400,1,0.014665409938,False,0.000021902926
03031997,03/03/1997,"March 03, 1997",3737444,1,0.036684645989,False,0.000021902926
03141997,03/14/1997,"March 14, 1997",3268582,1,0.032157421384,False,0.000021902926
03151997,03/15/1997,"March 15, 1997",3301338,1,0.032474395986,False,0.000021902926
03181997,03/18/1997,"March 18, 1997",6224564,1,0.060347967671,False,0.000021902926
03211997,03/21/1997,"March 21, 1997",8194544,1,0.078677785304,False,0.000021902926
06011997,06/01/1997,"June 01, 1997",4313704,1,0.042219883107,False,0.000021902926
06101997,06/10/1997,"June 10, 1997",4195546,1,0.041087520409,False,0.000021902926
06121997,06/12/1997,"June 12, 1997",1728584,2,0.017137306995,False,0.000021902926
06141997,06/14/1997,"June 14, 1997",6737841,1,0.065158628910,False,0.000021902926
07031997,07/03/1997,"July 03, 1997",3356533,1,0.033008274398,False,0.000021902926
07061997,07/06/1997,"July 06, 1997",7252879,1,0.069961039524,False,0.000021902926
07271997,07/27/1997,"July 27, 1997",2378025,1,0.023499737881,False,0.000021902926
08011997,08/01/1997,"August 01, 1997",5343539,1,0.052032822802,False,0.000021902926
08111997,08/11/1997,"August 11, 1997",9944776,1,0.094662766505,False,0.000021902926
09141997,09/14/1997,"September 14, 1997",328120,1,0.003275832746,False,0.000021902926
09151997,09/15/1997,"September 15, 1997",521714,1,0.005203564361,False,0.000021902926
09191997,09/19/1997,"September 19, 1997",6001965,1,0.058253981891,False,0.000021902926
09291997,09/29/1997,"September 29, 1997",733092,1,0.007304124349,False,0.000021902926
10051997,10/05/1997,"October 05, 1997",1666720,1,0.016529080695,False,0.000021902926
11011997,11/01/1997,"November 01, 1997",1825973,1,0.018094041200,False,0.000021902926
11131997,11/13/1997,"November 13, 1997",6399179,1,0.061987309398,False,0.000021902926
11281997,11/28/1997,"November 28, 1997",8808411,1,0.084316154650,False,0.000021902926
12021997,12/02/1997,"December 02, 1997",755714,1,0.007528666614,False,0.000021902926
12061997,12/06/1997,"December 06, 1997",1750479,1,0.017352481227,False,0.000021902926
12191997,12/19/1997,"December 19, 1997",9250982,1,0.088359751349,False,0.000021902926
12271997,12/27/1997,"December 27, 1997",8729069,1,0.083589344472,False,0.000021902926
12291997,12/29/1997,"December 29, 1997",8586596,1,0.082282776173,False,0.000021902926
12301997,12/30/1997,"December 30, 1997",5775780,1,0.056121482851,False,0.000021902926
12311997,12/31/1997,"December 31, 1997",3369877,1,0.033137301166,False,0.000021902926
01041998,01/04/1998,"January 04, 1998",3046594,1,0.030006540514,False,0.000021902926
01071998,01/07/1998,"January 07, 1998",9038886,1,0.086424146883,False,0.000021902926
01111998,01/11/1998,"January 11, 1998",140184,1,0.001400867881,False,0.000021902926
01151998,01/15/1998,"January 15, 1998",3652546,1,0.035866463251,False,0.000021902926
01221998,01/22/1998,"January 22, 1998",4123498,2,0.040396394197,False,0.000021902926
02041998,02/04/1998,"February 04, 1998",7434733,1,0.071650815663,False,0.000021902926
03051998,03/05/1998,"March 05, 1998",6717219,1,0.064965826042,False,0.000021902926
03231998,03/23/1998,"March 23, 1998",5874378,1,0.057051669553,False,0.000021902926
04211998,04/21/1998,"April 21, 1998",9724769,1,0.092668768535,False,0.000021902926
04221998,04/22/1998,"April 22, 1998",777129,1,0.007741181596,False,0.000021902926
05111998,05/11/1998,"May 11, 1998",1264675,2,0.012567125914,False,0.000021902926
05151998,05/15/1998,"May 15, 1998",8001864,1,0.076900870313,False,0.000021902926
06071998,06/07/1998,"June 07, 1998",2403966,1,0.023753018963,False,0.000021902926
06271998,06/27/1998,"June 27, 1998",517170,1,0.005158359784,False,0.000021902926
07071998,07/07/1998,"July 07, 1998",3822307,1,0.037501797528,False,0.000021902926
07081998,07/08/1998,"July 08, 1998",1828086,1,0.018114788654,False,0.000021902926
07191998,07/19/1998,"July 19, 1998",5525027,1,0.053751709232,False,0.000021902926
07301998,07/30/1998,"July 30, 1998",63423,1,0.000634038919,False,0.000021902926
07311998,07/31/1998,"July 31, 1998",3672937,1,0.036063039679,False,0.000021902926
08181998,08/18/1998,"August 18, 1998",779660,1,0.007766295349,False,0.000021902926
08221998,08/22/1998,"August 22, 1998",7817775,1,0.075199981245,False,0.000021902926
08281998,08/28/1998,"August 28, 1998",7345349,1,0.070820649057,False,0.000021902926
09041998,09/04/1998,"September 04, 1998",4452028,1,0.043543807026,False,0.000021902926
09091998,09/09/1998,"September 09, 1998",5546122,1,0.053951299258,False,0.000021902926
10061998,10/06/1998,"October 06, 1998",5663158,1,0.055057869158,False,0.000021902926
10181998,10/18/1998,"October 18, 1998",1519838,1,0.015083477520,False,0.000021902926
11021998,11/02/1998,"November 02, 1998",7083644,1,0.068385755483,False,0.000021902926
11071998,11/07/1998,"November 07, 1998",7028148,1,0.067868603351,False,0.000021902926
11101998,11/10/1998,"November 10, 1998",5796191,1,0.056314118237,False,0.000021902926
11151998,11/15/1998,"November 15, 1998",9396077,1,0.089681536627,False,0.000021902926
12021998,12/02/1998,"December 02, 1998",3209575,1,0.031586157982,False,0.000021902926
12121998,12/12/1998,"December 12, 1998",1567000,1,0.015547874337,False,0.000021902926
12171998,12/17/1998,"December 17, 1998",395140,1,0.003943613491,False,0.000021902926
01041999,01/04/1999,"January 04, 1999",7839113,1,0.075397294023,False,0.000021902926
02051999,02/05/1999,"February 05, 1999",6639481,1,0.064238666565,False,0.000021902926
02111999,02/11/1999,"February 11, 1999",5654883,1,0.054979671961,False,0.000021902926
02271999,02/27/1999,"February 27, 1999",7275876,1,0.070174895994,False,0.000021902926
04011999,04/01/1999,"April 01, 1999",889493,1,0.008855497144,False,0.000021902926
04041999,04/04/1999,"April 04, 1999",2443579,1,0.024139663098,False,0.000021902926
04071999,04/07/1999,"April 07, 1999",1177092,1,0.011701923742,False,0.000021902926
04281999,04/28/1999,"April 28, 1999",3969088,1,0.038913525701,False,0.000021902926
04301999,04/30/1999,"April 30, 1999",6688783,1,0.064699901914,False,0.000021902926
05021999,05/02/1999,"May 02, 1999",7610621,1,0.073282235337,False,0.000021902926
05031999,05/03/1999,"May 03, 1999",434554,1,0.004336121803,False,0.000021902926
05121999,05/12/1999,"May 12, 1999",1218289,1,0.012108989049,False,0.000021902926
05231999,05/23/1999,"May 23, 1999",8526075,1,0.081727196422,False,0.000021902926
05281999,05/28/1999,"May 28, 1999",3726916,1,0.036583222809,False,0.000021902926
06281999,06/28/1999,"June 28, 1999",1942700,1,0.019239521907,False,0.000021902926
07031999,07/03/1999,"July 03, 1999",3033148,1,0.029876106423,False,0.000021902926
07041999,07/04/1999,"July 04, 1999",254757,1,0.002544337697,False,0.000021902926
07171999,07/17/1999,"July 17, 1999",6706906,1,0.064869390994,False,0.000021902926
07211999,07/21/1999,"July 21, 1999",4788098,1,0.046752774178,False,0.000021902926
07301999,07/30/1999,"July 30, 1999",6415168,1,0.062137276260,False,0.000021902926
08241999,08/24/1999,"August 24, 1999",2671985,1,0.026366043121,False,0.000021902926
08291999,08/29/1999,"August 29, 1999",9153787,1,0.087473251853,False,0.000021902926
08301999,08/30/1999,"August 30, 1999",6948268,1,0.067123719317,False,0.000021902926
09131999,09/13/1999,"September 13, 1999",3127498,1,0.030790986663,False,0.000021902926
09281999,09/28/1999,"September 28, 1999",2390117,1,0.023617809155,False,0.000021902926
09301999,09/30/1999,"September 30, 1999",2468507,1,0.024382895248,False,0.000021902926
10061999,10/06/1999,"October 06, 1999",3549475,1,0.034872208857,False,0.000021902926
10271999,10/27/1999,"October 27, 1999",9476317,1,0.090411683195,False,0.000021902926
11031999,11/03/1999,"November 03, 1999",7937301,1,0.076304697383,False,0.000021902926
11081999,11/08/1999,"November 08, 1999",5185730,1,0.050535664250,False,0.000021902926
11161999,11/16/1999,"November 16, 1999",5469878,1,0.053229718834,False,0.000021902926
11261999,11/26/1999,"November 26, 1999",7754849,1,0.074617858445,False,0.000021902926
12031999,12/03/1999,"December 03, 1999",9676686,1,0.092232391551,False,0.000021902926
12071999,12/07/1999,"December 07, 1999",4412354,1,0.043164267308,False,0.000021902926
12091999,12/09/1999,"December 09, 1999",310902,1,0.003104202002,False,0.000021902926
01062000,01/06/2000,"January 06, 2000",5408114,1,0.052644775008,False,0.000021902926
01112000,01/11/2000,"January 11, 2000",3284984,1,0.032316153908,False,0.000021902926
01212000,01/21/2000,"January 21, 2000",361300,1,0.003606490969,False,0.000021902926
02262000,02/26/2000,"February 26, 2000",2781416,1,0.027430917749,False,0.000021902926
03102000,03/10/2000,"March 10, 2000",9724898,1,0.092669938991,False,0.000021902926
03282000,03/28/2000,"March 28, 2000",7878294,1,0.075759491652,False,0.000021902926
04022000,04/02/2000,"April 02, 2000",8645318,1,0.082821519890,False,0.000021902926
04052000,04/05/2000,"April 05, 2000",2689132,1,0.026532977824,False,0.000021902926
04132000,04/13/2000,"April 13, 2000",5648712,1,0.054921352956,False,0.000021902926
04272000,04/27/2000,"April 27, 2000",4622373,1,0.045171695438,False,0.000021902926
04282000,04/28/2000,"April 28, 2000",1368117,1,0.013588018132,False,0.000021902926
04302000,04/30/2000,"April 30, 2000",3286702,1,0.032332778574,False,0.000021902926
05052000,05/05/2000,"May 05, 2000",8502917,1,0.081514518179,False,0.000021902926
05072000,05/07/2000,"May 07, 2000",3625715,1,0.035607741872,False,0.000021902926
05132000,05/13/2000,"May 13, 2000",622,1,0.000006229981,False,0.000021902926
05172000,05/17/2000,"May 17, 2000",509963,1,0.005086658962,False,0.000021902926
05302000,05/30/2000,"May 30, 2000",4068927,1,0.039872585998,False,0.000021902926
06152000,06/15/2000,"June 15, 2000",9568513,1,0.091249900787,False,0.000021902926
06252000,06/25/2000,"June 25, 2000",9158323,1,0.087514643128,False,0.000021902926
07032000,07/03/2000,"July 03, 2000",6953605,1,0.067173505596,False,0.000021902926
07052000,07/05/2000,"July 05, 2000",5150047,1,0.050196806434,False,0.000021902926
07092000,07/09/2000,"July 09, 2000",9701264,1,0.092455475260,False,0.000021902926
07152000,07/15/2000,"July 15, 2000",8230293,2,0.079007089921,False,0.000021902926
07282000,07/28/2000,"July 28, 2000",4358524,1,0.042649063974,False,0.000021902926
07302000,07/30/2000,"July 30, 2000",7386542,1,0.071203327088,False,0.000021902926
08132000,08/13/2000,"August 13, 2000",2358313,1,0.023307231175,False,0.000021902926
08162000,08/16/2000,"August 16, 2000",2226270,1,0.022016724905,False,0.000021902926
08262000,08/26/2000,"August 26, 2000",6943353,1,0.067077867320,False,0.000021902926
08272000,08/27/2000,"August 27, 2000",1130188,1,0.011238263678,False,0.000021902926
09012000,09/01/2000,"September 01, 2000",3655736,1,0.035897218620,False,0.000021902926
09042000,09/04/2000,"September 04, 2000",8145933,1,0.078229812485,False,0.000021902926
10112000,10/11/2000,"October 11, 2000",9531200,1,0.090910755590,False,0.000021902926
10192000,10/19/2000,"October 19, 2000",8617840,1,0.082569462957,False,0.000021902926
11022000,11/02/2000,"November 02, 2000",2672679,1,0.026372800117,False,0.000021902926
11082000,11/08/2000,"November 08, 2000",1572603,2,0.015603031645,False,0.000021902926
11202000,11/20/2000,"November 20, 2000",864706,1,0.008609791703,False,0.000021902926
12142000,12/14/2000,"December 14, 2000",837142,1,0.008336487238,False,0.000021902926
12282000,12/28/2000,"December 28, 2000",698619,1,0.006961853304,False,0.000021902926
01012001,01/01/2001,"January 01, 2001",7473014,1,0.072006129005,False,0.000021902926
01022001,01/02/2001,"January 02, 2001",5651998,1,0.054952407731,False,0.000021902926
01052001,01/05/2001,"January 05, 2001",3087271,1,0.030401024520,False,0.000021902926
01092001,01/09/2001,"January 09, 2001",3571700,1,0.035086684676,False,0.000021902926
01162001,01/16/2001,"January 16, 2001",1595943,1,0.015832763089,False,0.000021902926
02012001,02/01/2001,"February 01, 2001",7996253,1,0.076849073767,False,0.000021902926
02052001,02/05/2001,"February 05, 2001",3186804,1,0.031365615355,False,0.000021902926
02072001,02/07/2001,"February 07, 2001",7211943,1,0.069580240834,False,0.000021902926
03022001,03/02/2001,"March 02, 2001",3713865,1,0.036457479079,False,0.000021902926
03142001,03/14/2001,"March 14, 2001",567121,1,0.005655169046,False,0.000021902926
04072001,04/07/2001,"April 07, 2001",5485996,1,0.053382306972,False,0.000021902926
04082001,04/08/2001,"April 08, 2001",1347176,1,0.013381431966,False,0.000021902926
04222001,04/22/2001,"April 22, 2001",4251033,1,0.041619444594,False,0.000021902926
04242001,04/24/2001,"April 24, 2001",2677259,1,0.026417391222,False,0.000021902926
05012001,05/01/2001,"May 01, 2001",2081610,1,0.020600950502,False,0.000021902926
05052001,05/05/2001,"May 05, 2001",1374380,1,0.013649795180,False,0.000021902926
05072001,05/07/2001,"May 07, 2001",9530558,1,0.090904919219,False,0.000021902926
05102001,05/10/2001,"May 10, 2001",6613061,1,0.063991405757,False,0.000021902926
05132001,05/13/2001,"May 13, 2001",840987,1,0.008374615968,False,0.000021902926
05162001,05/16/2001,"May 16, 2001",4534310,1,0.044330474632,False,0.000021902926
05172001,05/17/2001,"May 17, 2001",3233848,1,0.031821192550,False,0.000021902926
05212001,05/21/2001,"May 21, 2001",5670781,1,0.055129899352,False,0.000021902926
05272001,05/27/2001,"May 27, 2001",9285121,1,0.088670923098,False,0.000021902926
07032001,07/03/2001,"July 03, 2001",5158494,1,0.050277032922,False,0.000021902926
07232001,07/23/2001,"July 23, 2001",5849424,1,0.056816336863,False,0.000021902926
07272001,07/27/2001,"July 27, 2001",5801635,1,0.056365491099,False,0.000021902926
08022001,08/02/2001,"August 02, 2001",8465901,1,0.081174468657,False,0.000021902926
08102001,08/10/2001,"August 10, 2001",9530662,1,0.090905864677,False,0.000021902926
08152001,08/15/2001,"August 15, 2001",6471526,1,0.062665688024,False,0.000021902926
09042001,09/04/2001,"September 04, 2001",4681646,3,0.045737483128,False,0.000021902926
11012001,11/01/2001,"November 01, 2001",3544016,1,0.034819521092,False,0.000021902926
11202001,11/20/2001,"November 20, 2001",1041840,1,0.010364326455,False,0.000021902926
11262001,11/26/2001,"November 26, 2001",1010860,1,0.010057689824,False,0.000021902926
11302001,11/30/2001,"November 30, 2001",8955707,1,0.085663927489,False,0.000021902926
12012001,12/01/2001,"December 01, 2001",7797052,1,0.075008315076,False,0.000021902926
12082001,12/08/2001,"December 08, 2001",9905694,1,0.094308873454,False,0.000021902926
12192001,12/19/2001,"December 19, 2001",6762714,1,0.065391123092,False,0.000021902926
12202001,12/20/2001,"December 20, 2001",6818806,1,0.065915216907,False,0.000021902926
12232001,12/23/2001,"December 23, 2001",7815684,1,0.075180643474,False,0.000021902926
12302001,12/30/2001,"December 30, 2001",5324456,1,0.051851904962,False,0.000021902926
01042002,01/04/2002,"January 04, 2002",6434610,1,0.062319597808,False,0.000021902926
01092002,01/09/2002,"January 09, 2002",6348868,1,0.061515267094,False,0.000021902926
01152002,01/15/2002,"January 15, 2002",1050913,1,0.010454112027,False,0.000021902926
01242002,01/24/2002,"January 24, 2002",5757950,1,0.055953174306,False,0.000021902926
01282002,01/28/2002,"January 28, 2002",5314056,1,0.051753292432,False,0.000021902926
01292002,01/29/2002,"January 29, 2002",8846561,1,0.084665421414,False,0.000021902926
02012002,02/01/2002,"February 01, 2002",3572154,1,0.035091065373,False,0.000021902926
02062002,02/06/2002,"February 06, 2002",5797026,1,0.056321997982,False,0.000021902926
02142002,02/14/2002,"February 14, 2002",8768062,1,0.083946610823,False,0.000021902926
02252002,02/25/2002,"February 25, 2002",4876890,1,0.047598805803,False,0.000021902926
02282002,02/28/2002,"February 28, 2002",8600677,1,0.082411990839,False,0.000021902926
03072002,03/07/2002,"March 07, 2002",5175754,1,0.050440940962,False,0.000021902926
03092002,03/09/2002,"March 09, 2002",3056218,1,0.030099888194,False,0.000021902926
03142002,03/14/2002,"March 14, 2002",5499207,1,0.053507356376,False,0.000021902926
03172002,03/17/2002,"March 17, 2002",108869,1,0.001088107592,False,0.000021902926
04192002,04/19/2002,"April 19, 2002",5153135,1,0.050226135904,False,0.000021902926
04212002,04/21/2002,"April 21, 2002",7756200,1,0.074630360273,False,0.000021902926
04272002,04/27/2002,"April 27, 2002",4457133,1,0.043592632869,False,0.000021902926
05032002,05/03/2002,"May 03, 2002",2036251,2,0.020156604115,False,0.000021902926
05082002,05/08/2002,"May 08, 2002",7948508,1,0.076408210116,False,0.000021902926
05202002,05/20/2002,"May 20, 2002",205986,1,0.002057749944,False,0.000021902926
05282002,05/28/2002,"May 28, 2002",8819622,1,0.084418806213,False,0.000021902926
06042002,06/04/2002,"June 04, 2002",7156578,1,0.069064971303,False,0.000021902926
06232002,06/23/2002,"June 23, 2002",9052959,1,0.086552705368,False,0.000021902926
07022002,07/02/2002,"July 02, 2002",125507,1,0.001254292729,False,0.000021902926
07162002,07/16/2002,"July 16, 2002",2849522,1,0.028093070146,False,0.000021902926
07222002,07/22/2002,"July 22, 2002",247372,1,0.002470672876,False,0.000021902926
07292002,07/29/2002,"July 29, 2002",8113421,1,0.077930077836,False,0.000021902926
08022002,08/02/2002,"August 02, 2002",8306968,1,0.079712990583,False,0.000021902926
08182002,08/18/2002,"August 18, 2002",6794413,1,0.065687337811,False,0.000021902926
08282002,08/28/2002,"August 28, 2002",4835880,1,0.047208145970,False,0.000021902926
08292002,08/29/2002,"August 29, 2002",2948785,1,0.029057335473,False,0.000021902926
09162002,09/16/2002,"September 16, 2002",4943657,1,0.048234483280,False,0.000021902926
09252002,09/25/2002,"September 25, 2002",9014524,1,0.086201554419,False,0.000021902926
09302002,09/30/2002,"September 30, 2002",2651836,1,0.026169845848,False,0.000021902926
10092002,10/09/2002,"October 09, 2002",2993022,1,0.029486756396,False,0.000021902926
10122002,10/12/2002,"October 12, 2002",7512000,1,0.072367846185,False,0.000021902926
10172002,10/17/2002,"October 17, 2002",8432959,1,0.080871739288,False,0.000021902926
10192002,10/19/2002,"October 19, 2002",8432749,1,0.080869809116,False,0.000021902926
11202002,11/20/2002,"November 20, 2002",8261995,1,0.079299016821,False,0.000021902926
11262002,11/26/2002,"November 26, 2002",6092157,1,0.059102978547,False,0.000021902926
12232002,12/23/2002,"December 23, 2002",9234083,1,0.088205680244,False,0.000021902926
12262002,12/26/2002,"December 26, 2002",7999991,1,0.076883580504,False,0.000021902926
12272002,12/27/2002,"December 27, 2002",443869,1,0.004428863575,False,0.000021902926
12302002,12/30/2002,"December 30, 2002",5683695,1,0.055251911999,False,0.000021902926
01252003,01/25/2003,"January 25, 2003",6678532,1,0.064604019386,False,0.000021902926
02032003,02/03/2003,"February 03, 2003",5188005,1,0.050557264318,False,0.000021902926
02082003,02/08/2003,"February 08, 2003",5271111,1,0.051345980425,False,0.000021902926
02132003,02/13/2003,"February 13, 2003",5830126,1,0.056634303714,False,0.000021902926
02192003,02/19/2003,"February 19, 2003",4138453,1,0.040539892188,False,0.000021902926
02232003,02/23/2003,"February 23, 2003",9363993,1,0.089389423190,False,0.000021902926
02282003,02/28/2003,"February 28, 2003",8057586,1,0.077415096334,False,0.000021902926
03052003,03/05/2003,"March 05, 2003",9223189,1,0.088106343959,False,0.000021902926
04032003,04/03/2003,"April 03, 2003",4558922,1,0.044565655075,False,0.000021902926
04112003,04/11/2003,"April 11, 2003",8247388,1,0.079164520204,False,0.000021902926
04122003,04/12/2003,"April 12, 2003",4910501,1,0.047918863582,False,0.000021902926
04142003,04/14/2003,"April 14, 2003",7786936,1,0.074914738183,False,0.000021902926
04302003,04/30/2003,"April 30, 2003",5451822,1,0.053058754556,False,0.000021902926
05112003,05/11/2003,"May 11, 2003",1262857,1,0.012549174221,False,0.000021902926
05222003,05/22/2003,"May 22, 2003",6144153,1,0.059592080200,False,0.000021902926
05292003,05/29/2003,"May 29, 2003",8315970,1,0.079795831092,False,0.000021902926
06072003,06/07/2003,"June 07, 2003",417118,1,0.004162502712,False,0.000021902926
06092003,06/09/2003,"June 09, 2003",1259812,1,0.012519105886,False,0.000021902926
06112003,06/11/2003,"June 11, 2003",9801514,2,0.093364832764,False,0.000021902926
07052003,07/05/2003,"July 05, 2003",2293490,2,0.022673904366,False,0.000021902926
07072003,07/07/2003,"July 07, 2003",6776275,1,0.065517856809,False,0.000021902926
07162003,07/16/2003,"July 16, 2003",7609970,1,0.073276202384,False,0.000021902926
07292003,07/29/2003,"July 29, 2003",6556767,1,0.063464340734,False,0.000021902926
08052003,08/05/2003,"August 05, 2003",3022666,1,0.029774412706,False,0.000021902926
08062003,08/06/2003,"August 06, 2003",1972392,1,0.019530686083,False,0.000021902926
09072003,09/07/2003,"September 07, 2003",1865434,1,0.018481434675,False,0.000021902926
09112003,09/11/2003,"September 11, 2003",9530386,1,0.090903355574,False,0.000021902926
09132003,09/13/2003,"September 13, 2003",4947108,2,0.048267328142,False,0.000021902926
10012003,10/01/2003,"October 01, 2003",4691070,1,0.045827408591,False,0.000021902926
10202003,10/20/2003,"October 20, 2003",4288989,1,0.041983138495,False,0.000021902926
11212003,11/21/2003,"November 21, 2003",6790391,1,0.065649759000,False,0.000021902926
12132003,12/13/2003,"December 13, 2003",2478455,1,0.024479944811,False,0.000021902926
12142003,12/14/2003,"December 14, 2003",7769414,1,0.074752630540,False,0.000021902926
12152003,12/15/2003,"December 15, 2003",8324816,1,0.079877228753,False,0.000021902926
12182003,12/18/2003,"December 18, 2003",3785645,1,0.037148861740,False,0.000021902926
12232003,12/23/2003,"December 23, 2003",3197936,1,0.031473437734,False,0.000021902926
01042004,01/04/2004,"January 04, 2004",8552676,1,0.081971433687,False,0.000021902926
01142004,01/14/2004,"January 14, 2004",8695851,1,0.083284880611,False,0.000021902926
01172004,01/17/2004,"January 17, 2004",6420250,1,0.062184937233,False,0.000021902926
01182004,01/18/2004,"January 18, 2004",2494332,2,0.024634815837,False,0.000021902926
02022004,02/02/2004,"February 02, 2004",9040765,1,0.086441312812,False,0.000021902926
02102004,02/10/2004,"February 10, 2004",5264925,1,0.051287294872,False,0.000021902926
02182004,02/18/2004,"February 18, 2004",200859,1,0.002006584133,False,0.000021902926
02282004,02/28/2004,"February 28, 2004",4389628,1,0.042946792107,False,0.000021902926
03042004,03/04/2004,"March 04, 2004",9689432,1,0.092348088238,False,0.000021902926
03152004,03/15/2004,"March 15, 2004",3006800,1,0.029620464500,False,0.000021902926
03262004,03/26/2004,"March 26, 2004",5630639,1,0.054750533455,False,0.000021902926
03272004,03/27/2004,"March 27, 2004",5910339,1,0.057390702242,False,0.000021902926
04042004,04/04/2004,"April 04, 2004",6617021,1,0.064028470964,False,0.000021902926
04272004,04/27/2004,"April 27, 2004",2572877,1,0.025400615640,False,0.000021902926
05102004,05/10/2004,"May 10, 2004",5862170,1,0.056936547393,False,0.000021902926
05182004,05/18/2004,"May 18, 2004",9276371,1,0.088591178314,False,0.000021902926
05232004,05/23/2004,"May 23, 2004",2593649,1,0.025603038402,False,0.000021902926
05302004,05/30/2004,"May 30, 2004",45484,1,0.000454746576,False,0.000021902926
06022004,06/02/2004,"June 02, 2004",6355578,1,0.061578237308,False,0.000021902926
06072004,06/07/2004,"June 07, 2004",635969,1,0.006339519974,False,0.000021902926
06222004,06/22/2004,"June 22, 2004",8690484,1,0.083235679190,False,0.000021902926
07092004,07/09/2004,"July 09, 2004",7154810,1,0.069048512226,False,0.000021902926
07132004,07/13/2004,"July 13, 2004",6019595,1,0.058419997081,False,0.000021902926
07222004,07/22/2004,"July 22, 2004",3727685,1,0.036590631456,False,0.000021902926
08072004,08/07/2004,"August 07, 2004",2316287,1,0.022896680004,False,0.000021902926
08082004,08/08/2004,"August 08, 2004",173608,1,0.001734583885,False,0.000021902926
09042004,09/04/2004,"September 04, 2004",4525903,1,0.044250128116,False,0.000021902926
09062004,09/06/2004,"September 06, 2004",7845551,1,0.075456818029,False,0.000021902926
09072004,09/07/2004,"September 07, 2004",7492866,1,0.072190336065,False,0.000021902926
09222004,09/22/2004,"September 22, 2004",7996593,1,0.076852212475,False,0.000021902926
09232004,09/23/2004,"September 23, 2004",2022491,1,0.020021768386,False,0.000021902926
09252004,09/25/2004,"September 25, 2004",1134342,1,0.011279335988,False,0.000021902926
10102004,10/10/2004,"October 10, 2004",1750994,1,0.017357541849,False,0.000021902926
10162004,10/16/2004,"October 16, 2004",1650927,1,0.016373748866,False,0.000021902926
11102004,11/10/2004,"November 10, 2004",5038327,1,0.049135093333,False,0.000021902926
11122004,11/12/2004,"November 12, 2004",8818319,1,0.084406876112,False,0.000021902926
11132004,11/13/2004,"November 13, 2004",2588146,1,0.025549415861,False,0.000021902926
11232004,11/23/2004,"November 23, 2004",7094665,1,0.068488423032,False,0.000021902926
12052004,12/05/2004,"December 05, 2004",5915990,1,0.057443967589,False,0.000021902926
12072004,12/07/2004,"December 07, 2004",1343464,1,0.013344808005,False,0.000021902926
12232004,12/23/2004,"December 23, 2004",2679272,1,0.026436989243,False,0.000021902926
01132005,01/13/2005,"January 13, 2005",4296482,1,0.042054920010,False,0.000021902926
01272005,01/27/2005,"January 27, 2005",3871399,1,0.037974191187,False,0.000021902926
03182005,03/18/2005,"March 18, 2005",3569689,1,0.035067280074,False,0.000021902926
03242005,03/24/2005,"March 24, 2005",3972502,1,0.038946336633,False,0.000021902926
03302005,03/30/2005,"March 30, 2005",5766260,1,0.056031621338,False,0.000021902926
04042005,04/04/2005,"April 04, 2005",2062848,1,0.020417178411,False,0.000021902926
04072005,04/07/2005,"April 07, 2005",2732756,1,0.026957550468,False,0.000021902926
05072005,05/07/2005,"May 07, 2005",7023542,1,0.067825668389,False,0.000021902926
05242005,05/24/2005,"May 24, 2005",7518533,1,0.072428446415,False,0.000021902926
06022005,06/02/2005,"June 02, 2005",7068004,1,0.068240039619,False,0.000021902926
06052005,06/05/2005,"June 05, 2005",3552045,1,0.034897012323,False,0.000021902926
06172005,06/17/2005,"June 17, 2005",8757540,1,0.083850218613,False,0.000021902926
06212005,06/21/2005,"June 21, 2005",6065045,1,0.058847847960,False,0.000021902926
06232005,06/23/2005,"June 23, 2005",3557833,1,0.034952870868,False,0.000021902926
07152005,07/15/2005,"July 15, 2005",9517750,1,0.090788474863,False,0.000021902926
07182005,07/18/2005,"July 18, 2005",1832025,1,0.018153464351,False,0.000021902926
07292005,07/29/2005,"July 29, 2005",2278481,1,0.022527206482,False,0.000021902926
08062005,08/06/2005,"August 06, 2005",1628053,1,0.016148728461,False,0.000021902926
08082005,08/08/2005,"August 08, 2005",3104805,1,0.030571019102,False,0.000021902926
08102005,08/10/2005,"August 10, 2005",6262235,1,0.060701877326,False,0.000021902926
08142005,08/14/2005,"August 14, 2005",5390368,1,0.052476642430,False,0.000021902926
08232005,08/23/2005,"August 23, 2005",2903405,1,0.028616621697,False,0.000021902926
08262005,08/26/2005,"August 26, 2005",2288811,1,0.022628174208,False,0.000021902926
09232005,09/23/2005,"September 23, 2005",8835639,1,0.084565443110,False,0.000021902926
09252005,09/25/2005,"September 25, 2005",8074112,1,0.077567550119,False,0.000021902926
09282005,09/28/2005,"September 28, 2005",3536637,1,0.034748297796,False,0.000021902926
09302005,09/30/2005,"September 30, 2005",1743552,1,0.017284410875,False,0.000021902926
10052005,10/05/2005,"October 05, 2005",7263309,1,0.070058037530,False,0.000021902926
10262005,10/26/2005,"October 26, 2005",1781976,1,0.017661936982,False,0.000021902926
10292005,10/29/2005,"October 29, 2005",1924425,1,0.019060271550,False,0.000021902926
11012005,11/01/2005,"November 01, 2005",9991074,1,0.095081822527,False,0.000021902926
11022005,11/02/2005,"November 02, 2005",3785252,1,0.037145077728,False,0.000021902926
11102005,11/10/2005,"November 10, 2005",1591255,1,0.015786624247,False,0.000021902926
11112005,11/11/2005,"November 11, 2005",8825213,1,0.084469994927,False,0.000021902926
11162005,11/16/2005,"November 16, 2005",8156810,1,0.078330067977,False,0.000021902926
11242005,11/24/2005,"November 24, 2005",7260459,1,0.070031533806,False,0.000021902926
12022005,12/02/2005,"December 02, 2005",8193028,1,0.078663817954,False,0.000021902926
12122005,12/12/2005,"December 12, 2005",7970916,1,0.076615145381,False,0.000021902926
01052006,01/05/2006,"January 05, 2006",3295050,1,0.032413556062,False,0.000021902926
01242006,01/24/2006,"January 24, 2006",3536800,1,0.034749871155,False,0.000021902926
01312006,01/31/2006,"January 31, 2006",8703886,1,0.083358535713,False,0.000021902926
03052006,03/05/2006,"March 05, 2006",3083546,1,0.030364906285,False,0.000021902926
03072006,03/07/2006,"March 07, 2006",1468821,1,0.014580874457,False,0.000021902926
03082006,03/08/2006,"March 08, 2006",2422583,1,0.023934749949,False,0.000021902926
03112006,03/11/2006,"March 11, 2006",9257260,1,0.088416982328,False,0.000021902926
03142006,03/14/2006,"March 14, 2006",2599621,1,0.025661227652,False,0.000021902926
03162006,03/16/2006,"March 16, 2006",372947,1,0.003722534164,False,0.000021902926
03292006,03/29/2006,"March 29, 2006",1269615,1,0.012615903894,False,0.000021902926
04132006,04/13/2006,"April 13, 2006",8485328,1,0.081352951557,False,0.000021902926
04142006,04/14/2006,"April 14, 2006",1549308,1,0.015373689657,False,0.000021902926
05252006,05/25/2006,"May 25, 2006",8962451,1,0.085725588235,False,0.000021902926
05312006,05/31/2006,"May 31, 2006",3850580,2,0.037773886182,False,0.000021902926
06252006,06/25/2006,"June 25, 2006",8594084,1,0.082351492266,False,0.000021902926
07092006,07/09/2006,"July 09, 2006",745414,1,0.007426436800,False,0.000021902926
07142006,07/14/2006,"July 14, 2006",8037421,1,0.077229038327,False,0.000021902926
07222006,07/22/2006,"July 22, 2006",6131937,1,0.059477192950,False,0.000021902926
07242006,07/24/2006,"July 24, 2006",4866899,1,0.047503646646,False,0.000021902926
07262006,07/26/2006,"July 26, 2006",1743529,1,0.017284184850,False,0.000021902926
07312006,07/31/2006,"July 31, 2006",267524,1,0.002671674734,False,0.000021902926
09022006,09/02/2006,"September 02, 2006",651004,1,0.006488905598,False,0.000021902926
09072006,09/07/2006,"September 07, 2006",4866712,1,0.047501865476,False,0.000021902926
09092006,09/09/2006,"September 09, 2006",839100,1,0.008355903820,False,0.000021902926
09162006,09/16/2006,"September 16, 2006",5721834,1,0.055612160774,False,0.000021902926
09202006,09/20/2006,"September 20, 2006",4943490,1,0.048232893830,False,0.000021902926
10052006,10/05/2006,"October 05, 2006",9296464,1,0.088774289294,False,0.000021902926
10142006,10/14/2006,"October 14, 2006",3057144,1,0.030108869427,False,0.000021902926
10162006,10/16/2006,"October 16, 2006",3645486,1,0.035798393019,False,0.000021902926
10182006,10/18/2006,"October 18, 2006",3485449,1,0.034254078270,False,0.000021902926
10242006,10/24/2006,"October 24, 2006",627450,1,0.006254866431,False,0.000021902926
10262006,10/26/2006,"October 26, 2006",5681290,1,0.055229190534,False,0.000021902926
11032006,11/03/2006,"November 03, 2006",5543616,1,0.053927590981,False,0.000021902926
12052006,12/05/2006,"December 05, 2006",7009387,1,0.067693709772,False,0.000021902926
12132006,12/13/2006,"December 13, 2006",3343483,1,0.032882073742,False,0.000021902926
12142006,12/14/2006,"December 14, 2006",9556212,1,0.091138108561,False,0.000021902926
01242007,01/24/2007,"January 24, 2007",9376519,1,0.089503479128,False,0.000021902926
02052007,02/05/2007,"February 05, 2007",8819591,1,0.084418522383,False,0.000021902926
02082007,02/08/2007,"February 08, 2007",9767140,1,0.093053132419,False,0.000021902926
02172007,02/17/2007,"February 17, 2007",4802883,1,0.046893701363,False,0.000021902926
02212007,02/21/2007,"February 21, 2007",4529632,1,0.044285767365,False,0.000021902926
02242007,02/24/2007,"February 24, 2007",2485193,1,0.024545673138,False,0.000021902926
02282007,02/28/2007,"February 28, 2007",2622395,1,0.025883098300,False,0.000021902926
03022007,03/02/2007,"March 02, 2007",9136351,1,0.087314129816,False,0.000021902926
03072007,03/07/2007,"March 07, 2007",6737720,1,0.065157497752,False,0.000021902926
03212007,03/21/2007,"March 21, 2007",5243389,1,0.051082958099,False,0.000021902926
03252007,03/25/2007,"March 25, 2007",244711,1,0.002444128267,False,0.000021902926
03292007,03/29/2007,"March 29, 2007",1328552,1,0.013197667011,False,0.000021902926
03312007,03/31/2007,"March 31, 2007",6127588,1,0.059436288723,False,0.000021902926
04072007,04/07/2007,"April 07, 2007",7245944,1,0.069896539085,False,0.000021902926
04242007,04/24/2007,"April 24, 2007",3399588,1,0.033424523075,False,0.000021902926
04272007,04/27/2007,"April 27, 2007",1847145,1,0.018301908326,False,0.000021902926
05252007,05/25/2007,"May 25, 2007",3054076,1,0.030079112710,False,0.000021902926
05272007,05/27/2007,"May 27, 2007",2752230,1,0.027147022307,False,0.000021902926
05282007,05/28/2007,"May 28, 2007",5996988,1,0.058207110025,False,0.000021902926
06232007,06/23/2007,"June 23, 2007",2721261,1,0.026845692808,False,0.000021902926
07012007,07/01/2007,"July 01, 2007",7049041,1,0.068063333222,False,0.000021902926
07142007,07/14/2007,"July 14, 2007",5659207,1,0.055020533756,False,0.000021902926
07172007,07/17/2007,"July 17, 2007",6169148,1,0.059827105788,False,0.000021902926
08252007,08/25/2007,"August 25, 2007",9163132,1,0.087558523494,False,0.000021902926
08282007,08/28/2007,"August 28, 2007",1753091,1,0.017378147645,False,0.000021902926
08292007,08/29/2007,"August 29, 2007",5781480,1,0.056175282394,False,0.000021902926
09292007,09/29/2007,"September 29, 2007",4819688,1,0.047053857421,False,0.000021902926
10042007,10/04/2007,"October 04, 2007",1657143,1,0.016434889174,False,0.000021902926
10072007,10/07/2007,"October 07, 2007",2065371,1,0.020441892975,False,0.000021902926
11212007,11/21/2007,"November 21, 2007",5552948,1,0.054015874339,False,0.000021902926
12022007,12/02/2007,"December 02, 2007",77190,1,0.000771612162,False,0.000021902926
12042007,12/04/2007,"December 04, 2007",2970897,1,0.029272006583,False,0.000021902926
01082008,01/08/2008,"January 08, 2008",5532373,1,0.053821218079,False,0.000021902926
01122008,01/12/2008,"January 12, 2008",5407425,1,0.052638247708,False,0.000021902926
01222008,01/22/2008,"January 22, 2008",5671656,1,0.055138166929,False,0.000021902926
02092008,02/09/2008,"February 09, 2008",9330131,1,0.089081020020,False,0.000021902926
02162008,02/16/2008,"February 16, 2008",542083,1,0.005406173814,False,0.000021902926
02262008,02/26/2008,"February 26, 2008",757387,1,0.007545270520,False,0.000021902926
02282008,02/28/2008,"February 28, 2008",4319527,1,0.042275653020,False,0.000021902926
03182008,03/18/2008,"March 18, 2008",7236163,1,0.069805561215,False,0.000021902926
03212008,03/21/2008,"March 21, 2008",9217050,1,0.088050361088,False,0.000021902926
04082008,04/08/2008,"April 08, 2008",5871511,1,0.057024634836,False,0.000021902926
04142008,04/14/2008,"April 14, 2008",5380875,1,0.052386689767,False,0.000021902926
05172008,05/17/2008,"May 17, 2008",1022814,1,0.010176020457,False,0.000021902926
05272008,05/27/2008,"May 27, 2008",4401536,1,0.043060751218,False,0.000021902926
06192008,06/19/2008,"June 19, 2008",8319960,1,0.079832546506,False,0.000021902926
07052008,07/05/2008,"July 05, 2008",1889654,1,0.018719129688,False,0.000021902926
07092008,07/09/2008,"July 09, 2008",5709701,1,0.055497571245,False,0.000021902926
07102008,07/10/2008,"July 10, 2008",1716132,1,0.017014913311,False,0.000021902926
07162008,07/16/2008,"July 16, 2008",2706769,1,0.026704653065,False,0.000021902926
07192008,07/19/2008,"July 19, 2008",563677,1,0.005620923220,False,0.000021902926
08142008,08/14/2008,"August 14, 2008",2882284,1,0.028411434144,False,0.000021902926
08172008,08/17/2008,"August 17, 2008",6151916,1,0.059665081234,False,0.000021902926
09072008,09/07/2008,"September 07, 2008",9380552,1,0.089540198713,False,0.000021902926
09272008,09/27/2008,"September 27, 2008",6789514,1,0.065641564713,False,0.000021902926
10022008,10/02/2008,"October 02, 2008",131157,1,0.001310720268,False,0.000021902926
10042008,10/04/2008,"October 04, 2008",7809552,1,0.075123931812,False,0.000021902926
10122008,10/12/2008,"October 12, 2008",8984759,1,0.085929521826,False,0.000021902926
11112008,11/11/2008,"November 11, 2008",8249030,1,0.079179640199,False,0.000021902926
11202008,11/20/2008,"November 20, 2008",6417170,1,0.062156052084,False,0.000021902926
11212008,11/21/2008,"November 21, 2008",509637,1,0.005083415540,False,0.000021902926
11252008,11/25/2008,"November 25, 2008",4200270,1,0.041132818365,False,0.000021902926
12022008,12/02/2008,"December 02, 2008",6955773,1,0.067193729055,False,0.000021902926
12102008,12/10/2008,"December 10, 2008",2821983,1,0.027825379836,False,0.000021902926
12122008,12/12/2008,"December 12, 2008",4004286,1,0.039251749394,False,0.000021902926
12152008,12/15/2008,"December 15, 2008",2207827,1,0.021836338814,False,0.000021902926
12252008,12/25/2008,"December 25, 2008",2535080,1,0.025032176682,False,0.000021902926
12262008,12/26/2008,"December 26, 2008",7893016,1,0.075895548325,False,0.000021902926
02222009,02/22/2009,"February 22, 2009",216685,1,0.002164514075,False,0.000021902926
02282009,02/28/2009,"February 28, 2009",2990274,1,0.029460086325,False,0.000021902926
03182009,03/18/2009,"March 18, 2009",6001013,1,0.058245016426,False,0.000021902926
04102009,04/10/2009,"April 10, 2009",1887365,1,0.018696667911,False,0.000021902926
04122009,04/12/2009,"April 12, 2009",6479620,1,0.062741552793,False,0.000021902926
04182009,04/18/2009,"April 18, 2009",7414881,1,0.071466501487,False,0.000021902926
04272009,04/27/2009,"April 27, 2009",67898,1,0.000678759545,False,0.000021902926
05012009,05/01/2009,"May 01, 2009",3214682,1,0.031635613615,False,0.000021902926
05052009,05/05/2009,"May 05, 2009",5651522,1,0.054947909293,False,0.000021902926
05102009,05/10/2009,"May 10, 2009",8729731,1,0.083595411090,False,0.000021902926
05232009,05/23/2009,"May 23, 2009",3618462,1,0.035537791964,False,0.000021902926
05272009,05/27/2009,"May 27, 2009",4609518,1,0.045048944368,False,0.000021902926
06082009,06/08/2009,"June 08, 2009",971077,1,0.009663782722,False,0.000021902926
06282009,06/28/2009,"June 28, 2009",617349,1,0.006154483164,False,0.000021902926
07122009,07/12/2009,"July 12, 2009",3700226,1,0.036326052551,False,0.000021902926
07152009,07/15/2009,"July 15, 2009",3389495,1,0.033326961688,False,0.000021902926
08062009,08/06/2009,"August 06, 2009",805814,1,0.008025770222,False,0.000021902926
08082009,08/08/2009,"August 08, 2009",7871964,1,0.075700985375,False,0.000021902926
08132009,08/13/2009,"August 13, 2009",9943558,1,0.094651739430,False,0.000021902926
09062009,09/06/2009,"September 06, 2009",6363733,1,0.061654762483,False,0.000021902926
09112009,09/11/2009,"September 11, 2009",931682,1,0.009273562907,False,0.000021902926
10022009,10/02/2009,"October 02, 2009",551438,1,0.005499213715,False,0.000021902926
10042009,10/04/2009,"October 04, 2009",9844574,1,0.093755145830,False,0.000021902926
10122009,10/12/2009,"October 12, 2009",3935983,1,0.038595305350,False,0.000021902926
10132009,10/13/2009,"October 13, 2009",6414079,1,0.062127062879,False,0.000021902926
10242009,10/24/2009,"October 24, 2009",6109303,1,0.059264290922,False,0.000021902926
11012009,11/01/2009,"November 01, 2009",8287483,1,0.079533655186,False,0.000021902926
11042009,11/04/2009,"November 04, 2009",2883061,1,0.028418983358,False,0.000021902926
11092009,11/09/2009,"November 09, 2009",7127330,1,0.068792651601,False,0.000021902926
11242009,11/24/2009,"November 24, 2009",4064089,1,0.039826133909,False,0.000021902926
12212009,12/21/2009,"December 21, 2009",932427,1,0.009280943792,False,0.000021902926
01112010,01/11/2010,"January 11, 2010",7147547,1,0.068980894764,False,0.000021902926
02052010,02/05/2010,"February 05, 2010",4003202,1,0.039241334826,False,0.000021902926
02132010,02/13/2010,"February 13, 2010",2412958,1,0.023840799146,False,0.000021902926
02262010,02/26/2010,"February 26, 2010",4244884,1,0.041560511961,False,0.000021902926
04232010,04/23/2010,"April 23, 2010",8310360,1,0.079744206189,False,0.000021902926
05022010,05/02/2010,"May 02, 2010",2088550,1,0.020668918438,False,0.000021902926
05172010,05/17/2010,"May 17, 2010",1571755,1,0.015594683923,False,0.000021902926
05232010,05/23/2010,"May 23, 2010",2376699,1,0.023486789402,False,0.000021902926
06042010,06/04/2010,"June 04, 2010",5551488,1,0.054002062870,False,0.000021902926
06052010,06/05/2010,"June 05, 2010",9425766,1,0.089951760963,False,0.000021902926
06082010,06/08/2010,"June 08, 2010",7281736,1,0.070229382150,False,0.000021902926
06122010,06/12/2010,"June 12, 2010",1970114,1,0.019508350738,False,0.000021902926
06152010,06/15/2010,"June 15, 2010",7621727,1,0.073385150898,False,0.000021902926
07132010,07/13/2010,"July 13, 2010",8801816,1,0.084255763309,False,0.000021902926
07202010,07/20/2010,"July 20, 2010",4185764,1,0.040993715001,False,0.000021902926
07232010,07/23/2010,"July 23, 2010",4041487,1,0.039609090883,False,0.000021902926
07302010,07/30/2010,"July 30, 2010",3093812,1,0.030464443915,False,0.000021902926
08192010,08/19/2010,"August 19, 2010",8301412,1,0.079661858016,False,0.000021902926
08202010,08/20/2010,"August 20, 2010",8244853,1,0.079141176728,False,0.000021902926
08212010,08/21/2010,"August 21, 2010",1690969,1,0.016767533649,False,0.000021902926
09202010,09/20/2010,"September 20, 2010",9237203,1,0.088234127783,False,0.000021902926
09212010,09/21/2010,"September 21, 2010",8320708,1,0.079839429333,False,0.000021902926
10172010,10/17/2010,"October 17, 2010",5235273,1,0.051005940866,False,0.000021902926
10182010,10/18/2010,"October 18, 2010",5106031,1,0.049778649035,False,0.000021902926
11032010,11/03/2010,"November 03, 2010",6723491,1,0.065024469547,False,0.000021902926
11052010,11/05/2010,"November 05, 2010",7716061,1,0.074258851595,False,0.000021902926
11092010,11/09/2010,"November 09, 2010",4454998,1,0.043572213354,False,0.000021902926
11252010,11/25/2010,"November 25, 2010",7496536,1,0.072224386055,False,0.000021902926
11302010,11/30/2010,"November 30, 2010",3608501,1,0.035441717097,False,0.000021902926
12042010,12/04/2010,"December 04, 2010",6406402,1,0.062055059609,False,0.000021902926
12052010,12/05/2010,"December 05, 2010",952972,1,0.009484466116,False,0.000021902926
12102010,12/10/2010,"December 10, 2010",5344537,1,0.052042283468,False,0.000021902926
12162010,12/16/2010,"December 16, 2010",6666818,1,0.064494440681,False,0.000021902926
12242010,12/24/2010,"December 24, 2010",1017342,1,0.010121855806,False,0.000021902926
12262010,12/26/2010,"December 26, 2010",4182379,1,0.040961252089,False,0.000021902926
01022011,01/02/2011,"January 02, 2011",2163285,1,0.021400548104,False,0.000021902926
01282011,01/28/2011,"January 28, 2011",5155036,1,0.050244190934,False,0.000021902926
02242011,02/24/2011,"February 24, 2011",7285566,1,0.070264991683,False,0.000021902926
03042011,03/04/2011,"March 04, 2011",7557460,1,0.072789451928,False,0.000021902926
03292011,03/29/2011,"March 29, 2011",7383388,2,0.071174032378,False,0.000021902926
04072011,04/07/2011,"April 07, 2011",1071893,1,0.010661696980,False,0.000021902926
04082011,04/08/2011,"April 08, 2011",9779824,1,0.093168162266,False,0.000021902926
05062011,05/06/2011,"May 06, 2011",1065943,1,0.010602829599,False,0.000021902926
05082011,05/08/2011,"May 08, 2011",4276147,1,0.041860102068,False,0.000021902926
05122011,05/12/2011,"May 12, 2011",7321369,1,0.070597805129,False,0.000021902926
05132011,05/13/2011,"May 13, 2011",3455290,1,0.033962775030,False,0.000021902926
05252011,05/25/2011,"May 25, 2011",1375580,1,0.013661631312,False,0.000021902926
06042011,06/04/2011,"June 04, 2011",5176435,1,0.050447407437,False,0.000021902926
06082011,06/08/2011,"June 08, 2011",3830254,1,0.037578284221,False,0.000021902926
06122011,06/12/2011,"June 12, 2011",1371209,1,0.013618517519,False,0.000021902926
06162011,06/16/2011,"June 16, 2011",8838352,1,0.084590278513,False,0.000021902926
06272011,06/27/2011,"June 27, 2011",930569,2,0.009262536060,False,0.000021902926
07062011,07/06/2011,"July 06, 2011",8923659,1,0.085370854102,False,0.000021902926
07082011,07/08/2011,"July 08, 2011",8704842,1,0.083367298763,False,0.000021902926
07102011,07/10/2011,"July 10, 2011",8475361,1,0.081261385442,False,0.000021902926
07172011,07/17/2011,"July 17, 2011",6214648,1,0.060254787154,False,0.000021902926
08022011,08/02/2011,"August 02, 2011",8805272,1,0.084287410883,False,0.000021902926
08062011,08/06/2011,"August 06, 2011",5405575,1,0.052620721353,False,0.000021902926
08122011,08/12/2011,"August 12, 2011",7404053,1,0.071365954435,False,0.000021902926
08212011,08/21/2011,"August 21, 2011",8265702,1,0.079333146574,False,0.000021902926
08222011,08/22/2011,"August 22, 2011",764115,1,0.007612040629,False,0.000021902926
08272011,08/27/2011,"August 27, 2011",330435,1,0.003298906644,False,0.000021902926
08312011,08/31/2011,"August 31, 2011",2791549,1,0.027529463182,False,0.000021902926
09012011,09/01/2011,"September 01, 2011",1821373,1,0.018048872487,False,0.000021902926
09082011,09/08/2011,"September 08, 2011",6809494,1,0.065828230881,False,0.000021902926
09192011,09/19/2011,"September 19, 2011",1329695,1,0.013208946097,False,0.000021902926
10252011,10/25/2011,"October 25, 2011",7653620,1,0.073680629054,False,0.000021902926
11172011,11/17/2011,"November 17, 2011",3654034,1,0.035880809451,False,0.000021902926
12022011,12/02/2011,"December 02, 2011",1863526,1,0.018462707122,False,0.000021902926
12062011,12/06/2011,"December 06, 2011",2717485,2,0.026808945808,False,0.000021902926
12302011,12/30/2011,"December 30, 2011",4120347,1,0.040366156611,False,0.000021902926
01022012,01/02/2012,"January 02, 2012",3204854,1,0.031540438085,False,0.000021902926
02042012,02/04/2012,"February 04, 2012",2055217,1,0.020342423593,False,0.000021902926
02062012,02/06/2012,"February 06, 2012",1506473,1,0.014951834628,False,0.000021902926
02282012,02/28/2012,"February 28, 2012",2250728,1,0.022255890808,False,0.000021902926
03042012,03/04/2012,"March 04, 2012",2057263,1,0.020362467183,False,0.000021902926
03142012,03/14/2012,"March 14, 2012",9770791,1,0.093086244445,False,0.000021902926
03202012,03/20/2012,"March 20, 2012",1497132,1,0.014859816981,False,0.000021902926
03312012,03/31/2012,"March 31, 2012",4725277,1,0.046153746594,False,0.000021902926
04042012,04/04/2012,"April 04, 2012",5466379,1,0.053196590762,False,0.000021902926
04052012,04/05/2012,"April 05, 2012",2830664,1,0.027909770653,False,0.000021902926
04132012,04/13/2012,"April 13, 2012",2565420,1,0.025327937054,False,0.000021902926
04172012,04/17/2012,"April 17, 2012",5104742,2,0.049766400602,False,0.000021902926
05232012,05/23/2012,"May 23, 2012",7704717,1,0.074153829561,False,0.000021902926
06132012,06/13/2012,"June 13, 2012",8051382,1,0.077357857390,False,0.000021902926
07102012,07/10/2012,"July 10, 2012",4752742,1,0.046415684498,False,0.000021902926
07212012,07/21/2012,"July 21, 2012",573443,1,0.005718029539,False,0.000021902926
08072012,08/07/2012,"August 07, 2012",4555943,1,0.044537192262,False,0.000021902926
08152012,08/15/2012,"August 15, 2012",8979373,1,0.085880288663,False,0.000021902926
08252012,08/25/2012,"August 25, 2012",7823537,1,0.075253266687,False,0.000021902926
09052012,09/05/2012,"September 05, 2012",2829951,1,0.027902839625,False,0.000021902926
09272012,09/27/2012,"September 27, 2012",5594787,1,0.054411581856,False,0.000021902926
09282012,09/28/2012,"September 28, 2012",2239136,2,0.022142544140,False,0.000021902926
10092012,10/09/2012,"October 09, 2012",1617943,1,0.016049256068,False,0.000021902926
10132012,10/13/2012,"October 13, 2012",8372388,1,0.080314845462,False,0.000021902926
10182012,10/18/2012,"October 18, 2012",3225675,1,0.031742060062,False,0.000021902926
10312012,10/31/2012,"October 31, 2012",1896149,2,0.018782861811,False,0.000021902926
11012012,11/01/2012,"November 01, 2012",8496348,1,0.081454180885,False,0.000021902926
11082012,11/08/2012,"November 08, 2012",6111477,1,0.059284742295,False,0.000021902926
11102012,11/10/2012,"November 10, 2012",276089,1,0.002757092248,False,0.000021902926
11162012,11/16/2012,"November 16, 2012",4119235,1,0.040355485423,False,0.000021902926
11302012,11/30/2012,"November 30, 2012",1535662,1,0.015239318381,False,0.000021902926
12092012,12/09/2012,"December 09, 2012",4479099,1,0.043802694242,False,0.000021902926
12202012,12/20/2012,"December 20, 2012",2639787,1,0.026052501982,False,0.000021902926
01062013,01/06/2013,"January 06, 2013",5420674,1,0.052763755353,False,0.000021902926
01082013,01/08/2013,"January 08, 2013",5861491,1,0.056930143970,False,0.000021902926
01272013,01/27/2013,"January 27, 2013",5605337,1,0.054511336173,False,0.000021902926
01302013,01/30/2013,"January 30, 2013",6796953,1,0.065711069052,False,0.000021902926
02042013,02/04/2013,"February 04, 2013",3389944,1,0.033331302040,False,0.000021902926
02282013,02/28/2013,"February 28, 2013",6861303,1,0.066312090586,False,0.000021902926
03122013,03/12/2013,"March 12, 2013",4424010,1,0.043275789583,False,0.000021902926
03162013,03/16/2013,"March 16, 2013",3334836,2,0.032798443438,False,0.000021902926
04142013,04/14/2013,"April 14, 2013",1409151,1,0.013992699394,False,0.000021902926
04252013,04/25/2013,"April 25, 2013",351590,1,0.003509736461,False,0.000021902926
04292013,04/29/2013,"April 29, 2013",1867033,1,0.018497129031,False,0.000021902926
05162013,05/16/2013,"May 16, 2013",3761652,1,0.036917817148,False,0.000021902926
05262013,05/26/2013,"May 26, 2013",3206299,1,0.031554432225,False,0.000021902926
06202013,06/20/2013,"June 20, 2013",9518649,1,0.090796648638,False,0.000021902926
06252013,06/25/2013,"June 25, 2013",2333681,1,0.023066622577,False,0.000021902926
07162013,07/16/2013,"July 16, 2013",3711533,1,0.036435009005,False,0.000021902926
07282013,07/28/2013,"July 28, 2013",9677821,1,0.092242694655,False,0.000021902926
08052013,08/05/2013,"August 05, 2013",1704828,1,0.016903790395,False,0.000021902926
09062013,09/06/2013,"September 06, 2013",4606174,1,0.045017010271,False,0.000021902926
09082013,09/08/2013,"September 08, 2013",4289966,1,0.041992498274,False,0.000021902926
09152013,09/15/2013,"September 15, 2013",434273,1,0.004333323983,False,0.000021902926
09262013,09/26/2013,"September 26, 2013",1883227,1,0.018656060739,False,0.000021902926
10152013,10/15/2013,"October 15, 2013",2274749,1,0.022490726517,False,0.000021902926
10172013,10/17/2013,"October 17, 2013",8321665,1,0.079848235227,False,0.000021902926
11042013,11/04/2013,"November 04, 2013",2847885,2,0.028077159900,False,0.000021902926
11052013,11/05/2013,"November 05, 2013",3028776,1,0.029833691679,False,0.000021902926
12132013,12/13/2013,"December 13, 2013",7026946,1,0.067857399064,False,0.000021902926
12192013,12/19/2013,"December 19, 2013",4596418,1,0.044923837584,False,0.000021902926
01152014,01/15/2014,"January 15, 2014",9482422,1,0.090467211867,False,0.000021902926
01222014,01/22/2014,"January 22, 2014",9079586,1,0.086795896603,False,0.000021902926
01262014,01/26/2014,"January 26, 2014",8658015,1,0.082937966650,False,0.000021902926
02122014,02/12/2014,"February 12, 2014",5979035,1,0.058038014767,False,0.000021902926
03012014,03/01/2014,"March 01, 2014",5700875,1,0.055414205781,False,0.000021902926
03192014,03/19/2014,"March 19, 2014",7369466,1,0.071044712224,False,0.000021902926
03222014,03/22/2014,"March 22, 2014",9326816,2,0.089050822555,False,0.000021902926
03272014,03/27/2014,"March 27, 2014",4534870,1,0.044335826366,False,0.000021902926
03302014,03/30/2014,"March 30, 2014",8998698,1,0.086056925231,False,0.000021902926
04062014,04/06/2014,"April 06, 2014",6500536,1,0.062937569272,False,0.000021902926
04132014,04/13/2014,"April 13, 2014",1860283,1,0.018430875351,False,0.000021902926
04212014,04/21/2014,"April 21, 2014",1214475,1,0.012071310167,False,0.000021902926
05032014,05/03/2014,"May 03, 2014",323867,1,0.003233441165,False,0.000021902926
05102014,05/10/2014,"May 10, 2014",8459193,1,0.081112831772,False,0.000021902926
05262014,05/26/2014,"May 26, 2014",3615191,1,0.035506243889,False,0.000021902926
05282014,05/28/2014,"May 28, 2014",1774039,1,0.017583965715,False,0.000021902926
05312014,05/31/2014,"May 31, 2014",2977051,1,0.029331743346,False,0.000021902926
06182014,06/18/2014,"June 18, 2014",1910321,1,0.018921910052,False,0.000021902926
06192014,06/19/2014,"June 19, 2014",7201255,1,0.069480792255,False,0.000021902926
06212014,06/21/2014,"June 21, 2014",9153026,1,0.087466307498,False,0.000021902926
07012014,07/01/2014,"July 01, 2014",2522426,1,0.024908796446,False,0.000021902926
07092014,07/09/2014,"July 09, 2014",8297060,1,0.079621804028,False,0.000021902926
07122014,07/12/2014,"July 12, 2014",2673865,1,0.026384347267,False,0.000021902926
08012014,08/01/2014,"August 01, 2014",9966408,1,0.094858587877,False,0.000021902926
08022014,08/02/2014,"August 02, 2014",7075117,1,0.068306313349,False,0.000021902926
08042014,08/04/2014,"August 04, 2014",4711227,2,0.046019721779,False,0.000021902926
08072014,08/07/2014,"August 07, 2014",3386594,1,0.033298918096,False,0.000021902926
08252014,08/25/2014,"August 25, 2014",791988,1,0.007888610382,False,0.000021902926
09132014,09/13/2014,"September 13, 2014",7545828,1,0.072681592523,False,0.000021902926
09262014,09/26/2014,"September 26, 2014",8227295,2,0.078979478140,False,0.000021902926
09282014,09/28/2014,"September 28, 2014",3661664,1,0.035954368940,False,0.000021902926
09292014,09/29/2014,"September 29, 2014",6795152,1,0.065694242357,False,0.000021902926
10222014,10/22/2014,"October 22, 2014",8125553,1,0.078041936575,False,0.000021902926
10242014,10/24/2014,"October 24, 2014",1244139,1,0.012364325875,False,0.000021902926
11162014,11/16/2014,"November 16, 2014",6552443,1,0.063423844057,False,0.000021902926
11262014,11/26/2014,"November 26, 2014",9543556,1,0.091023075719,False,0.000021902926
12132014,12/13/2014,"December 13, 2014",3241941,1,0.031899544091,False,0.000021902926
12152014,12/15/2014,"December 15, 2014",5770918,1,0.056075590362,False,0.000021902926
12232014,12/23/2014,"December 23, 2014",2429993,1,0.024007073705,False,0.000021902926
12272014,12/27/2014,"December 27, 2014",1007269,1,0.010022140357,False,0.000021902926
01042015,01/04/2015,"January 04, 2015",1952193,1,0.019332621082,False,0.000021902926
02022015,02/02/2015,"February 02, 2015",8889286,1,0.085056414585,False,0.000021902926
03052015,03/05/2015,"March 05, 2015",4133549,1,0.040492839110,False,0.000021902926
03112015,03/11/2015,"March 11, 2015",102545,1,0.001024934406,False,0.000021902926
03122015,03/12/2015,"March 12, 2015",8944212,1,0.085558818516,False,0.000021902926
04092015,04/09/2015,"April 09, 2015",3204950,1,0.031541367806,False,0.000021902926
04282015,04/28/2015,"April 28, 2015",3726723,1,0.036581363413,False,0.000021902926
05022015,05/02/2015,"May 02, 2015",705613,1,0.007031303964,False,0.000021902926
05112015,05/11/2015,"May 11, 2015",1426491,1,0.014163658239,False,0.000021902926
05252015,05/25/2015,"May 25, 2015",243413,1,0.002431179908,False,0.000021902926
05292015,05/29/2015,"May 29, 2015",7465100,1,0.071932684663,False,0.000021902926
06212015,06/21/2015,"June 21, 2015",8990287,1,0.085980050245,False,0.000021902926
06242015,06/24/2015,"June 24, 2015",3183202,2,0.031330724516,False,0.000021902926
06292015,06/29/2015,"June 29, 2015",4089522,1,0.040070303880,False,0.000021902926
07012015,07/01/2015,"July 01, 2015",2417935,1,0.023889381381,False,0.000021902926
09182015,09/18/2015,"September 18, 2015",9967720,1,0.094870463254,False,0.000021902926
09222015,09/22/2015,"September 22, 2015",6915110,1,0.066814344908,False,0.000021902926
10082015,10/08/2015,"October 08, 2015",2989778,1,0.029455272435,False,0.000021902926
12142015,12/14/2015,"December 14, 2015",2602046,1,0.025684855081,False,0.000021902926
12182015,12/18/2015,"December 18, 2015",7554155,1,0.072758807113,False,0.000021902926
12212015,12/21/2015,"December 21, 2015",8359940,1,0.080200355927,False,0.000021902926
12222015,12/22/2015,"December 22, 2015",1102147,1,0.010960966121,False,0.000021902926
12232015,12/23/2015,"December 23, 2015",4000573,1,0.039216076149,False,0.000021902926
12272015,12/27/2015,"December 27, 2015",7671048,1,0.073842053928,False,0.000021902926
12292015,12/29/2015,"December 29, 2015",3905445,2,0.038301666748,False,0.000021902926
01052016,01/05/2016,"January 05, 2016",155009,1,0.001548899231,False,0.000021902926
02072016,02/07/2016,"February 07, 2016",8377508,1,0.080361932137,False,0.000021902926
02122016,02/12/2016,"February 12, 2016",8515744,1,0.081632324757,False,0.000021902926
02182016,02/18/2016,"February 18, 2016",5157180,1,0.050264553480,False,0.000021902926
03052016,03/05/2016,"March 05, 2016",2052196,1,0.020312827691,False,0.000021902926
03302016,03/30/2016,"March 30, 2016",9696693,1,0.092413990451,False,0.000021902926
04012016,04/01/2016,"April 01, 2016",352652,1,0.003520319131,False,0.000021902926
04162016,04/16/2016,"April 16, 2016",667495,1,0.006652732006,False,0.000021902926
04182016,04/18/2016,"April 18, 2016",8277660,1,0.079443233335,False,0.000021902926
04272016,04/27/2016,"April 27, 2016",783779,1,0.007807164614,False,0.000021902926
05012016,05/01/2016,"May 01, 2016",5584099,1,0.054310511964,False,0.000021902926
05162016,05/16/2016,"May 16, 2016",2443310,1,0.024137038030,False,0.000021902926
05182016,05/18/2016,"May 18, 2016",6647005,1,0.064309070600,False,0.000021902926
05192016,05/19/2016,"May 19, 2016",9755240,1,0.092945199319,False,0.000021902926
06142016,06/14/2016,"June 14, 2016",9333474,1,0.089111471533,False,0.000021902926
07112016,07/11/2016,"July 11, 2016",4830913,1,0.047160819623,False,0.000021902926
08112016,08/11/2016,"August 11, 2016",1976665,1,0.019572580642,False,0.000021902926
09092016,09/09/2016,"September 09, 2016",1974335,1,0.019549736417,False,0.000021902926
09272016,09/27/2016,"September 27, 2016",8325355,1,0.079882188201,False,0.000021902926
09302016,09/30/2016,"September 30, 2016",7382435,1,0.071165180624,False,0.000021902926
10112016,10/11/2016,"October 11, 2016",7205998,1,0.069524925735,False,0.000021902926
11172016,11/17/2016,"November 17, 2016",3985461,1,0.039070871509,False,0.000021902926
12032016,12/03/2016,"December 03, 2016",4555429,1,0.044532281170,False,0.000021902926
12132016,12/13/2016,"December 13, 2016",7884416,1,0.075816071924,False,0.000021902926
01072017,01/07/2017,"January 07, 2017",4150655,2,0.040656958369,False,0.000021902926
01102017,01/10/2017,"January 10, 2017",6628635,1,0.064137168386,False,0.000021902926
01192017,01/19/2017,"January 19, 2017",4550898,1,0.044488987947,False,0.000021902926
01232017,01/23/2017,"January 23, 2017",3371840,1,0.033156280495,False,0.000021902926
02032017,02/03/2017,"February 03, 2017",6588130,1,0.063758020360,False,0.000021902926
02102017,02/10/2017,"February 10, 2017",1079166,1,0.010733648939,False,0.000021902926
03072017,03/07/2017,"March 07, 2017",1440206,1,0.014298856423,False,0.000021902926
03212017,03/21/2017,"March 21, 2017",605556,1,0.006037272050,False,0.000021902926
03302017,03/30/2017,"March 30, 2017",2085795,1,0.020641937495,False,0.000021902926
04022017,04/02/2017,"April 02, 2017",729461,1,0.007268078907,False,0.000021902926
04092017,04/09/2017,"April 09, 2017",55129,1,0.000551148068,False,0.000021902926
04302017,04/30/2017,"April 30, 2017",3756106,1,0.036864403129,False,0.000021902926
05222017,05/22/2017,"May 22, 2017",7422217,1,0.071534616207,False,0.000021902926
05242017,05/24/2017,"May 24, 2017",2303984,1,0.022776459586,False,0.000021902926
05272017,05/27/2017,"May 27, 2017",1926967,1,0.019085206721,False,0.000021902926
06032017,06/03/2017,"June 03, 2017",1807178,1,0.017909474629,False,0.000021902926
06062017,06/06/2017,"June 06, 2017",5873355,1,0.057042023142,False,0.000021902926
06172017,06/17/2017,"June 17, 2017",4098325,1,0.040154802772,False,0.000021902926
06242017,06/24/2017,"June 24, 2017",5188762,1,0.050564451572,False,0.000021902926
06272017,06/27/2017,"June 27, 2017",1197511,1,0.011903703727,False,0.000021902926
07112017,07/11/2017,"July 11, 2017",1786768,1,0.017709009494,False,0.000021902926
07132017,07/13/2017,"July 13, 2017",8072246,1,0.077550337368,False,0.000021902926
07272017,07/27/2017,"July 27, 2017",910852,1,0.009067173094,False,0.000021902926
08102017,08/10/2017,"August 10, 2017",8260232,1,0.079282784719,False,0.000021902926
08172017,08/17/2017,"August 17, 2017",5101501,1,0.049735603032,False,0.000021902926
08192017,08/19/2017,"August 19, 2017",8787514,1,0.084124784201,False,0.000021902926
08252017,08/25/2017,"August 25, 2017",6798626,1,0.065726699575,False,0.000021902926
09102017,09/10/2017,"September 10, 2017",8069846,1,0.077528198311,False,0.000021902926
09182017,09/18/2017,"September 18, 2017",8894032,1,0.085099836777,False,0.000021902926
09232017,09/23/2017,"September 23, 2017",2494620,1,0.024637624884,False,0.000021902926
09252017,09/25/2017,"September 25, 2017",191167,1,0.001909853923,False,0.000021902926
10192017,10/19/2017,"October 19, 2017",6487401,1,0.062814478037,False,0.000021902926
10212017,10/21/2017,"October 21, 2017",6714310,1,0.064938625502,False,0.000021902926
10302017,10/30/2017,"October 30, 2017",5596908,1,0.054431637574,False,0.000021902926
11062017,11/06/2017,"November 06, 2017",8344130,1,0.080054924106,False,0.000021902926
11102017,11/10/2017,"November 10, 2017",667933,1,0.006657082857,False,0.000021902926
11232017,11/23/2017,"November 23, 2017",3014056,1,0.029690872686,False,0.000021902926
11252017,11/25/2017,"November 25, 2017",7611218,1,0.073287767825,False,0.000021902926
12092017,12/09/2017,"December 09, 2017",3262366,1,0.032097258419,False,0.000021902926
12102017,12/10/2017,"December 10, 2017",7257400,1,0.070003085635,False,0.000021902926
12122017,12/12/2017,"December 12, 2017",4832190,1,0.047172987302,False,0.000021902926
12262017,12/26/2017,"December 26, 2017",2358620,1,0.023310229617,False,0.000021902926
01192018,01/19/2018,"January 19, 2018",9837620,1,0.093692123371,False,0.000021902926
02022018,02/02/2018,"February 02, 2018",2993122,1,0.029487726909,False,0.000021902926
02042018,02/04/2018,"February 04, 2018",1727081,1,0.017122534458,False,0.000021902926
02152018,02/15/2018,"February 15, 2018",2249310,1,0.022242026298,False,0.000021902926
02242018,02/24/2018,"February 24, 2018",744258,1,0.007414962584,False,0.000021902926
02262018,02/26/2018,"February 26, 2018",2060928,1,0.020398370241,False,0.000021902926
03062018,03/06/2018,"March 06, 2018",6909764,1,0.066764455469,False,0.000021902926
03092018,03/09/2018,"March 09, 2018",31775,1,0.000317709523,False,0.000021902926
04132018,04/13/2018,"April 13, 2018",2209043,1,0.021848233212,False,0.000021902926
04152018,04/15/2018,"April 15, 2018",3125312,1,0.030769799523,False,0.000021902926
05162018,05/16/2018,"May 16, 2018",4344008,1,0.042510084823,False,0.000021902926
06022018,06/02/2018,"June 02, 2018",3760728,1,0.036908918228,False,0.000021902926
06072018,06/07/2018,"June 07, 2018",1473949,1,0.014631405454,False,0.000021902926
06122018,06/12/2018,"June 12, 2018",6613581,1,0.063996272989,False,0.000021902926
06242018,06/24/2018,"June 24, 2018",7499405,1,0.072251003556,False,0.000021902926
07252018,07/25/2018,"July 25, 2018",6633219,1,0.064180067355,False,0.000021902926
08062018,08/06/2018,"August 06, 2018",2130967,1,0.021084233219,False,0.000021902926
08092018,08/09/2018,"August 09, 2018",6406652,1,0.062057404468,False,0.000021902926
08132018,08/13/2018,"August 13, 2018",9899513,1,0.094252890955,False,0.000021902926
08292018,08/29/2018,"August 29, 2018",2171148,1,0.021477492354,False,0.000021902926
09132018,09/13/2018,"September 13, 2018",5765443,1,0.056023909085,False,0.000021902926
10142018,10/14/2018,"October 14, 2018",6555904,2,0.063456258397,False,0.000021902926
10312018,10/31/2018,"October 31, 2018",3684912,1,0.036178464220,False,0.000021902926
11152018,11/15/2018,"November 15, 2018",1951970,1,0.019330434191,False,0.000021902926
12202018,12/20/2018,"December 20, 2018",6247961,1,0.060567792342,False,0.000021902926
01042019,01/04/2019,"January 04, 2019",7108690,1,0.068619058371,False,0.000021902926
01192019,01/19/2019,"January 19, 2019",9962526,1,0.094823449605,False,0.000021902926
02062019,02/06/2019,"February 06, 2019",5952699,1,0.057789906987,False,0.000021902926
02212019,02/21/2019,"February 21, 2019",6329224,1,0.061330893043,False,0.000021902926
02262019,02/26/2019,"February 26, 2019",1152024,1,0.011454146122,False,0.000021902926
03242019,03/24/2019,"March 24, 2019",8143783,1,0.078209994213,False,0.000021902926
04072019,04/07/2019,"April 07, 2019",9722524,1,0.092648398720,False,0.000021902926
05082019,05/08/2019,"May 08, 2019",6383510,1,0.061840320673,False,0.000021902926
05212019,05/21/2019,"May 21, 2019",9298667,1,0.088794363375,False,0.000021902926
05252019,05/25/2019,"May 25, 2019",1241223,1,0.012335525998,False,0.000021902926
05282019,05/28/2019,"May 28, 2019",7522880,1,0.072468767074,False,0.000021902926
06082019,06/08/2019,"June 08, 2019",5531466,1,0.053812636198,False,0.000021902926
06212019,06/21/2019,"June 21, 2019",3191742,1,0.031413445341,False,0.000021902926
06222019,06/22/2019,"June 22, 2019",8922856,1,0.085363509601,False,0.000021902926
06232019,06/23/2019,"June 23, 2019",8340467,1,0.080021225900,False,0.000021902926
07032019,07/03/2019,"July 03, 2019",7285920,1,0.070268282939,False,0.000021902926
07102019,07/10/2019,"July 10, 2019",9467573,1,0.090332145314,False,0.000021902926
07242019,07/24/2019,"July 24, 2019",7412839,1,0.071447540639,False,0.000021902926
07292019,07/29/2019,"July 29, 2019",3016748,1,0.029716993056,False,0.000021902926
08012019,08/01/2019,"August 01, 2019",6459846,1,0.062556200981,False,0.000021902926
08082019,08/08/2019,"August 08, 2019",6010968,1,0.058338763469,False,0.000021902926
08132019,08/13/2019,"August 13, 2019",672872,2,0.006706142853,False,0.000021902926
08142019,08/14/2019,"August 14, 2019",9697273,1,0.092419254435,False,0.000021902926
08242019,08/24/2019,"August 24, 2019",1249119,1,0.012413508907,False,0.000021902926
08312019,08/31/2019,"August 31, 2019",8023667,1,0.077102111679,False,0.000021902926
09172019,09/17/2019,"September 17, 2019",938895,1,0.009345021429,False,0.000021902926
09212019,09/21/2019,"September 21, 2019",5384,1,0.000053848551,False,0.000021902926
10092019,10/09/2019,"October 09, 2019",5570212,1,0.054179174944,False,0.000021902926
10142019,10/14/2019,"October 14, 2019",620511,1,0.006185908063,False,0.000021902926
11062019,11/06/2019,"November 06, 2019",1095732,1,0.010897517231,False,0.000021902926
11282019,11/28/2019,"November 28, 2019",8412384,1,0.080682609190,False,0.000021902926
12022019,12/02/2019,"December 02, 2019",4452640,1,0.043549660520,False,0.000021902926
12052019,12/05/2019,"December 05, 2019",3176642,1,0.031267177726,False,0.000021902926
12072019,12/07/2019,"December 07, 2019",1779888,1,0.017641425549,False,0.000021902926
12112019,12/11/2019,"December 11, 2019",53217,1,0.000532038423,False,0.000021902926
12212019,12/21/2019,"December 21, 2019",7781229,2,0.074861942060,False,0.000021902926
12222019,12/22/2019,"December 22, 2019",1989185,2,0.019695322473,False,0.000021902926
12232019,12/23/2019,"December 23, 2019",4139843,1,0.040553228590,False,0.000021902926
01152020,01/15/2020,"January 15, 2020",2749290,1,0.027118420009,False,0.000021902926
01262020,01/26/2020,"January 26, 2020",5896168,1,0.057257115612,False,0.000021902926
01272020,01/27/2020,"January 27, 2020",7647796,2,0.073626678642,False,0.000021902926
02072020,02/07/2020,"February 07, 2020",8719688,1,0.083503371955,False,0.000021902926
02092020,02/09/2020,"February 09, 2020",348497,1,0.003478914540,False,0.000021902926
02232020,02/23/2020,"February 23, 2020",9932611,1,0.094552625530,False,0.000021902926
03192020,03/19/2020,"March 19, 2020",2755148,1,0.027175409743,False,0.000021902926
03202020,03/20/2020,"March 20, 2020",5153888,2,0.050233287674,False,0.000021902926
03292020,03/29/2020,"March 29, 2020",3459058,1,0.033999174627,False,0.000021902926
04022020,04/02/2020,"April 02, 2020",292796,1,0.002923687706,False,0.000021902926
05012020,05/01/2020,"May 01, 2020",632663,1,0.006306669015,False,0.000021902926
05052020,05/05/2020,"May 05, 2020",384032,1,0.003832965402,False,0.000021902926
05152020,05/15/2020,"May 15, 2020",2398845,1,0.023703024075,False,0.000021902926
06072020,06/07/2020,"June 07, 2020",1401864,1,0.013920846423,False,0.000021902926
06242020,06/24/2020,"June 24, 2020",71180,2,0.000711556730,False,0.000021902926
06272020,06/27/2020,"June 27, 2020",7188789,1,0.069364786499,False,0.000021902926
08022020,08/02/2020,"August 02, 2020",4573096,1,0.044701068743,False,0.000021902926
08042020,08/04/2020,"August 04, 2020",2862884,1,0.028222927676,False,0.000021902926
08102020,08/10/2020,"August 10, 2020",4288987,1,0.041983119334,False,0.000021902926
08112020,08/11/2020,"August 11, 2020",1280056,1,0.012718991287,False,0.000021902926
08212020,08/21/2020,"August 21, 2020",2170295,1,0.021469145522,False,0.000021902926
09132020,09/13/2020,"September 13, 2020",9388862,1,0.089615854779,False,0.000021902926
09152020,09/15/2020,"September 15, 2020",6464039,1,0.062595507176,False,0.000021902926
09212020,09/21/2020,"September 21, 2020",9835715,1,0.093674858042,False,0.000021902926
09282020,09/28/2020,"September 28, 2020",1296306,1,0.012879411418,False,0.000021902926
10152020,10/15/2020,"October 15, 2020",1637945,1,0.016246046216,False,0.000021902926
10172020,10/17/2020,"October 17, 2020",9389833,1,0.089624694567,False,0.000021902926
10212020,10/21/2020,"October 21, 2020",9119417,1,0.087159562502,False,0.000021902926
11132020,11/13/2020,"November 13, 2020",5953807,1,0.057800346617,False,0.000021902926
11162020,11/16/2020,"November 16, 2020",5613424,1,0.054587794750,False,0.000021902926
11202020,11/20/2020,"November 20, 2020",5532662,1,0.053823952532,False,0.000021902926
11252020,11/25/2020,"November 25, 2020",1478259,1,0.014673873926,False,0.000021902926
11262020,11/26/2020,"November 26, 2020",4363718,1,0.042698787490,False,0.000021902926
12032020,12/03/2020,"December 03, 2020",5280916,1,0.051438991393,False,0.000021902926
12222020,12/22/2020,"December 22, 2020",4369312,1,0.042752337423,False,0.000021902926
01092021,01/09/2021,"January 09, 2021",3316848,1,0.032624447572,False,0.000021902926
01102021,01/10/2021,"January 10, 2021",9547250,1,0.091056652707,False,0.000021902926
01132021,01/13/2021,"January 13, 2021",2478718,1,0.024482510425,False,0.000021902926
01202021,01/20/2021,"January 20, 2021",1121322,1,0.011150596176,False,0.000021902926
01302021,01/30/2021,"January 30, 2021",7228888,1,0.069737887107,False,0.000021902926
03032021,03/03/2021,"March 03, 2021",5591282,1,0.054378438401,False,0.000021902926
03062021,03/06/2021,"March 06, 2021",8301222,1,0.079660109371,False,0.000021902926
03142021,03/14/2021,"March 14, 2021",589239,1,0.005875073917,False,0.000021902926
03272021,03/27/2021,"March 27, 2021",5763189,1,0.056002631624,False,0.000021902926
04022021,04/02/2021,"April 02, 2021",2397113,1,0.023686114465,False,0.000021902926
04122021,04/12/2021,"April 12, 2021",6792140,2,0.065666100643,False,0.000021902926
05062021,05/06/2021,"May 06, 2021",8366672,1,0.080262274756,False,0.000021902926
05142021,05/14/2021,"May 14, 2021",6765886,1,0.065420768415,False,0.000021902926
05212021,05/21/2021,"May 21, 2021",4091087,1,0.040085326662,False,0.000021902926
06062021,06/06/2021,"June 06, 2021",6286427,1,0.060929084846,False,0.000021902926
06162021,06/16/2021,"June 16, 2021",3605853,1,0.035416175255,False,0.000021902926
07042021,07/04/2021,"July 04, 2021",4073524,1,0.039916722041,False,0.000021902926
07072021,07/07/2021,"July 07, 2021",3217651,1,0.031664363927,False,0.000021902926
07122021,07/12/2021,"July 12, 2021",535819,1,0.005343870505,False,0.000021902926
07132021,07/13/2021,"July 13, 2021",8207702,1,0.078799004907,False,0.000021902926
07302021,07/30/2021,"July 30, 2021",2333785,1,0.023067638587,False,0.000021902926
08232021,08/23/2021,"August 23, 2021",2345779,1,0.023184804829,False,0.000021902926
08312021,08/31/2021,"August 31, 2021",7019118,1,0.067784428084,False,0.000021902926
09062021,09/06/2021,"September 06, 2021",3718220,1,0.036499440442,False,0.000021902926
09182021,09/18/2021,"September 18, 2021",3861468,1,0.037878647659,False,0.000021902926
09232021,09/23/2021,"September 23, 2021",8553861,1,0.081982312261,False,0.000021902926
10182021,10/18/2021,"October 18, 2021",4215308,1,0.041277001972,False,0.000021902926
11052021,11/05/2021,"November 05, 2021",5183603,1,0.050515468928,False,0.000021902926
11142021,11/14/2021,"November 14, 2021",1234999,1,0.012274051848,False,0.000021902926
11232021,11/23/2021,"November 23, 2021",3582304,1,0.035188998660,False,0.000021902926
12012021,12/01/2021,"December 01, 2021",9958976,1,0.094791315266,False,0.000021902926
12022021,12/02/2021,"December 02, 2021",2811441,1,0.027722887785,False,0.000021902926
12032021,12/03/2021,"December 03, 2021",1606562,1,0.015937266260,False,0.000021902926
12102021,12/10/2021,"December 10, 2021",7098485,1,0.068524006095,False,0.000021902926
12292021,12/29/2021,"December 29, 2021",8457478,1,0.081097072722,False,0.000021902926
01192022,01/19/2022,"January 19, 2022",726393,1,0.007237621424,False,0.000021902926
01222022,01/22/2022,"January 22, 2022",7706602,1,0.074171281597,False,0.000021902926
02072022,02/07/2022,"February 07, 2022",4156693,1,0.040714881753,False,0.000021902926
02262022,02/26/2022,"February 26, 2022",9932606,1,0.094552580258,False,0.000021902926
03072022,03/07/2022,"March 07, 2022",5003868,1,0.048807378331,False,0.000021902926
03132022,03/13/2022,"March 13, 2022",391597,1,0.003908322588,False,0.000021902926
03182022,03/18/2022,"March 18, 2022",9539171,1,0.090983216207,False,0.000021902926
04052022,04/05/2022,"April 05, 2022",9336244,1,0.089136702796,False,0.000021902926
04122022,04/12/2022,"April 12, 2022",9705311,1,0.092492202844,False,0.000021902926
04162022,04/16/2022,"April 16, 2022",8994500,1,0.086018557095,False,0.000021902926
04232022,04/23/2022,"April 23, 2022",4933785,1,0.048140520349,False,0.000021902926
04252022,04/25/2022,"April 25, 2022",449717,1,0.004487082873,False,0.000021902926
04262022,04/26/2022,"April 26, 2022",5050887,1,0.049254514466,False,0.000021902926
05012022,05/01/2022,"May 01, 2022",6012596,1,0.058354093590,False,0.000021902926
05092022,05/09/2022,"May 09, 2022",510881,1,0.005095792225,False,0.000021902926
05112022,05/11/2022,"May 11, 2022",1098917,1,0.010929019643,False,0.000021902926
06132022,06/13/2022,"June 13, 2022",9769708,1,0.093076422516,False,0.000021902926
07062022,07/06/2022,"July 06, 2022",4550516,1,0.044485337888,False,0.000021902926
07122022,07/12/2022,"July 12, 2022",1445691,1,0.014352920649,False,0.000021902926
07182022,07/18/2022,"July 18, 2022",2764631,1,0.027267658326,False,0.000021902926
07222022,07/22/2022,"July 22, 2022",9777438,1,0.093146525000,False,0.000021902926
07312022,07/31/2022,"July 31, 2022",3713087,1,0.036449982689,False,0.000021902926
08072022,08/07/2022,"August 07, 2022",7929869,1,0.076236045797,False,0.000021902926
08312022,08/31/2022,"August 31, 2022",7460911,1,0.071893807109,False,0.000021902926
09012022,09/01/2022,"September 01, 2022",8216573,1,0.078880721024,False,0.000021902926
09212022,09/21/2022,"September 21, 2022",5123682,1,0.049946357805,False,0.000021902926
10092022,10/09/2022,"October 09, 2022",9926490,1,0.094497201400,False,0.000021902926
10162022,10/16/2022,"October 16, 2022",1826980,1,0.018103928943,False,0.000021902926
10192022,10/19/2022,"October 19, 2022",3036507,1,0.029908692338,False,0.000021902926
10262022,10/26/2022,"October 26, 2022",7917772,1,0.076124291311,False,0.000021902926
10292022,10/29/2022,"October 29, 2022",1490805,2,0.014797485189,False,0.000021902926
10302022,10/30/2022,"October 30, 2022",1928062,1,0.019095947679,False,0.000021902926
11102022,11/10/2022,"November 10, 2022",4611502,1,0.045067890409,False,0.000021902926
11302022,11/30/2022,"November 30, 2022",990793,2,0.009859018166,False,0.000021902926
01022023,01/02/2023,"January 02, 2023",4646505,1,0.045402086806,False,0.000021902926
01052023,01/05/2023,"January 05, 2023",6342076,1,0.061451523046,False,0.000021902926
01092023,01/09/2023,"January 09, 2023",1860610,1,0.018434085077,False,0.000021902926
02022023,02/02/2023,"February 02, 2023",1164878,1,0.011581205642,False,0.000021902926
02062023,02/06/2023,"February 06, 2023",2066919,1,0.020457056417,False,0.000021902926
02102023,02/10/2023,"February 10, 2023",994869,1,0.009899375490,False,0.000021902926
02122023,02/12/2023,"February 12, 2023",3876017,1,0.038018616513,False,0.000021902926
03082023,03/08/2023,"March 08, 2023",8191399,1,0.078648809265,False,0.000021902926
03162023,03/16/2023,"March 16, 2023",478829,1,0.004776854415,False,0.000021902926
03222023,03/22/2023,"March 22, 2023",8530685,1,0.081769527823,False,0.000021902926
03312023,03/31/2023,"March 31, 2023",6773942,1,0.065496055086,False,0.000021902926
04102023,04/10/2023,"April 10, 2023",1623769,2,0.016106579369,False,0.000021902926
05132023,05/13/2023,"May 13, 2023",1238587,1,0.012309490819,False,0.000021902926
06032023,06/03/2023,"June 03, 2023",1031786,1,0.010264823481,False,0.000021902926
06092023,06/09/2023,"June 09, 2023",3142671,1,0.030938033592,False,0.000021902926
06112023,06/11/2023,"June 11, 2023",2107159,1,0.020851145205,False,0.000021902926
06202023,06/20/2023,"June 20, 2023",8199842,1,0.078726595663,False,0.000021902926
07142023,07/14/2023,"July 14, 2023",4743358,1,0.046326195946,False,0.000021902926
07302023,07/30/2023,"July 30, 2023",5273065,1,0.051364516944,False,0.000021902926
08072023,08/07/2023,"August 07, 2023",3347847,1,0.032924277848,False,0.000021902926
08292023,08/29/2023,"August 29, 2023",4634586,1,0.045288301499,False,0.000021902926
10172023,10/17/2023,"October 17, 2023",3902376,2,0.038272151773,False,0.000021902926
11262023,11/26/2023,"November 26, 2023",9186052,1,0.087767631118,False,0.000021902926
11272023,11/27/2023,"November 27, 2023",5176147,2,0.050444672722,False,0.000021902926
12112023,12/11/2023,"December 11, 2023",3102750,1,0.030551097132,False,0.000021902926
12302023,12/30/2023,"December 30, 2023",5203661,1,0.050705897439,False,0.000021902926
01122024,01/12/2024,"January 12, 2024",1200046,1,0.011928751651,False,0.000021902926
01172024,01/17/2024,"January 17, 2024",9602420,1,0.091557978453,False,0.000021902926
01182024,01/18/2024,"January 18, 2024",1927443,1,0.019089875864,False,0.000021902926
01202024,01/20/2024,"January 20, 2024",8357431,1,0.080177277865,False,0.000021902926
02012024,02/01/2024,"February 01, 2024",3851858,1,0.037786183353,False,0.000021902926
02172024,02/17/2024,"February 17, 2024",9606054,1,0.091590990637,False,0.000021902926
02182024,02/18/2024,"February 18, 2024",2812974,1,0.027737792679,False,0.000021902926
02202024,02/20/2024,"February 20, 2024",5782259,1,0.056182634760,False,0.000021902926
02222024,02/22/2024,"February 22, 2024",1410300,1,0.014004028553,False,0.000021902926
02242024,02/24/2024,"February 24, 2024",9011470,1,0.086173646588,False,0.000021902926
03122024,03/12/2024,"March 12, 2024",7530861,1,0.072542790389,False,0.000021902926
03232024,03/23/2024,"March 23, 2024",6899238,1,0.066666217924,False,0.000021902926
04082024,04/08/2024,"April 08, 2024",8587286,1,0.082289108400,False,0.000021902926
04172024,04/17/2024,"April 17, 2024",2449357,1,0.024196046680,False,0.000021902926
04252024,04/25/2024,"April 25, 2024",2284310,1,0.022584181711,False,0.000021902926
04272024,04/27/2024,"April 27, 2024",5798868,1,0.056339380371,False,0.000021902926
04282024,04/28/2024,"April 28, 2024",5037841,1,0.049130472118,False,0.000021902926
04302024,04/30/2024,"April 30, 2024",4595128,1,0.044911517022,False,0.000021902926
05062024,05/06/2024,"May 06, 2024",4331296,1,0.042388360968,False,0.000021902926
05272024,05/27/2024,"May 27, 2024",1236576,1,0.012289628163,False,0.000021902926
05282024,05/28/2024,"May 28, 2024",2639962,1,0.026054206389,False,0.000021902926
06172024,06/17/2024,"June 17, 2024",5875294,1,0.057060306920,False,0.000021902926
06302024,06/30/2024,"June 30, 2024",2012744,1,0.019926245251,False,0.000021902926
07072024,07/07/2024,"July 07, 2024",2107358,1,0.020853093710,False,0.000021902926
08092024,08/09/2024,"August 09, 2024",5964283,1,0.057899046284,False,0.000021902926
08142024,08/14/2024,"August 14, 2024",9407036,1,0.089781292962,False,0.000021902926
08172024,08/17/2024,"August 17, 2024",8320460,1,0.079837147332,False,0.000021902926
08312024,08/31/2024,"August 31, 2024",3660521,1,0.035943349835,False,0.000021902926
09082024,09/08/2024,"September 08, 2024",7502517,1,0.072279874656,False,0.000021902926
09192024,09/19/2024,"September 19, 2024",2759589,1,0.027218611924,False,0.000021902926
09202024,09/20/2024,"September 20, 2024",503109,1,0.005018465264,False,0.000021902926
10042024,10/04/2024,"October 04, 2024",5570957,1,0.054186221283,False,0.000021902926
10122024,10/12/2024,"October 12, 2024",6786898,1,0.065617121576,False,0.000021902926
10152024,10/15/2024,"October 15, 2024",4462634,1,0.043645243392,False,0.000021902926
10282024,10/28/2024,"October 28, 2024",848001,1,0.008444166134,False,0.000021902926
11152024,11/15/2024,"November 15, 2024",839613,1,0.008360990941,False,0.000021902926
11242024,11/24/2024,"November 24, 2024",935302,1,0.009309426555,False,0.000021902926
12062024,12/06/2024,"December 06, 2024",2883784,1,0.028426007863,False,0.000021902926
12072024,12/07/2024,"December 07, 2024",2755305,1,0.027176937076,False,0.000021902926
12252024,12/25/2024,"December 25, 2024",7337801,1,0.070750511952,False,0.000021902926
